{"type": "FeatureCollection", "features": [{"type": "Feature", "geometry": {"type": "Point", "coordinates": [-17.451745, 14.688667]}, "properties": {"id": "hotelerie-1", "type": "hotelerie", "type_label": "Hôtellerie", "nom": "HOTEL WAKOLA", "region": {"nom": "DAKAR", "code": 1}, "departement": {"nom": "DAKAR", "code": 11}, "commune": {"nom": "DAKAR", "code": 11301}, "communaute_rurale": {"nom": "GUEULE TAPEE FASS COLOBANE", "code": 1130114}, "quartier_village": "FASS BATIMENT (FASS LOUVEAU)", "milieu": "URBAIN", "thematique": null, "type_qvh": null}}, {"type": "Feature", "geometry": {"type": "Point", "coordinates": [-17.456059, 14.6884]}, "properties": {"id": "hotelerie-2", "type": "hotelerie", "type_label": "Hôtellerie", "nom": "HOTEL WAKOIA", "region": {"nom": "DAKAR", "code": 1}, "departement": {"nom": "DAKAR", "code": 11}, "commune": {"nom": "DAKAR", "code": 11301}, "communaute_rurale": {"nom": "GUEULE TAPEE FASS COLOBANE", "code": 1130114}, "quartier_village": "FASS DELORME", "milieu": "URBAIN", "thematique": null, "type_qvh": null}}, {"type": "Feature", "geometry": {"type": "Point", "coordinates": [-17.445418, 14.684959]}, "properties": {"id": "hotelerie-3", "type": "hotelerie", "type_label": "Hôtellerie", "nom": "Auberge du lion", "region": {"nom": "DAKAR", "code": 1}, "departement": {"nom": "DAKAR", "code": 11}, "commune": {"nom": "DAKAR", "code": 11301}, "communaute_rurale": {"nom": "MEDINA", "code": 1130113}, "quartier_village": "BOULEVARD GENERAL DE GAULLE", "milieu": "URBAIN", "thematique": null, "type_qvh": null}}, {"type": "Feature", "geometry": {"type": "Point", "coordinates": [-17.44609, 14.686359]}, "properties": {"id": "hotelerie-4", "type": "hotelerie", "type_label": "Hôtellerie", "nom": "AUBERGE LE PALACE", "region": {"nom": "DAKAR", "code": 1}, "departement": {"nom": "DAKAR", "code": 11}, "commune": {"nom": "DAKAR", "code": 11301}, "communaute_rurale": {"nom": "MEDINA", "code": 1130113}, "quartier_village": "BOULEVARD GENERAL DE GAULLE", "milieu": "URBAIN", "thematique": null, "type_qvh": null}}, {"type": "Feature", "geometry": {"type": "Point", "coordinates": [-17.448377, 14.67651]}, "properties": {"id": "hotelerie-5", "type": "hotelerie", "type_label": "Hôtellerie", "nom": "HOTEL RESIDENCE MILLENAIRE", "region": {"nom": "DAKAR", "code": 1}, "departement": {"nom": "DAKAR", "code": 11}, "commune": {"nom": "DAKAR", "code": 11301}, "communaute_rurale": {"nom": "MEDINA", "code": 1130113}, "quartier_village": "ABATTOIRS I", "milieu": "URBAIN", "thematique": null, "type_qvh": null}}, {"type": "Feature", "geometry": {"type": "Point", "coordinates": [-17.47523, 14.710365]}, "properties": {"id": "hotelerie-6", "type": "hotelerie", "type_label": "Hôtellerie", "nom": "HOTEL RESIDENCE YAMA", "region": {"nom": "DAKAR", "code": 1}, "departement": {"nom": "DAKAR", "code": 11}, "commune": {"nom": "DAKAR", "code": 11301}, "communaute_rurale": {"nom": "MERMOZ SACRE COEUR", "code": 1130134}, "quartier_village": "MERMOZ PYROTECHNIQUE", "milieu": "URBAIN", "thematique": null, "type_qvh": null}}, {"type": "Feature", "geometry": {"type": "Point", "coordinates": [-17.479553, 14.708946]}, "properties": {"id": "hotelerie-7", "type": "hotelerie", "type_label": "Hôtellerie", "nom": "HOTEL  DAHLIA", "region": {"nom": "DAKAR", "code": 1}, "departement": {"nom": "DAKAR", "code": 11}, "commune": {"nom": "DAKAR", "code": 11301}, "communaute_rurale": {"nom": "MERMOZ SACRE COEUR", "code": 1130134}, "quartier_village": "MERMOZ PYROTECHNIQUE", "milieu": "URBAIN", "thematique": null, "type_qvh": null}}, {"type": "Feature", "geometry": {"type": "Point", "coordinates": [-17.464623, 14.703412]}, "properties": {"id": "hotelerie-8", "type": "hotelerie", "type_label": "Hôtellerie", "nom": "HOTEL CASA MARA", "region": {"nom": "DAKAR", "code": 1}, "departement": {"nom": "DAKAR", "code": 11}, "commune": {"nom": "DAKAR", "code": 11301}, "communaute_rurale": {"nom": "MERMOZ SACRE COEUR", "code": 1130134}, "quartier_village": "AMITIE III", "milieu": "URBAIN", "thematique": null, "type_qvh": null}}, {"type": "Feature", "geometry": {"type": "Point", "coordinates": [-17.468319, 14.712243]}, "properties": {"id": "hotelerie-9", "type": "hotelerie", "type_label": "Hôtellerie", "nom": "HETEL AMSY", "region": {"nom": "DAKAR", "code": 1}, "departement": {"nom": "DAKAR", "code": 11}, "commune": {"nom": "DAKAR", "code": 11301}, "communaute_rurale": {"nom": "MERMOZ SACRE COEUR", "code": 1130134}, "quartier_village": "TERANGA", "milieu": "URBAIN", "thematique": null, "type_qvh": null}}, {"type": "Feature", "geometry": {"type": "Point", "coordinates": [-17.475538, 14.708917]}, "properties": {"id": "hotelerie-10", "type": "hotelerie", "type_label": "Hôtellerie", "nom": "LA MAISON BLANCHE HETEL-RESTAURANT-BAR", "region": {"nom": "DAKAR", "code": 1}, "departement": {"nom": "DAKAR", "code": 11}, "commune": {"nom": "DAKAR", "code": 11301}, "communaute_rurale": {"nom": "MERMOZ SACRE COEUR", "code": 1130134}, "quartier_village": "MERMOZ PYROTECHNIQUE", "milieu": "URBAIN", "thematique": null, "type_qvh": null}}, {"type": "Feature", "geometry": {"type": "Point", "coordinates": [-17.467704, 14.716808]}, "properties": {"id": "hotelerie-11", "type": "hotelerie", "type_label": "Hôtellerie", "nom": "HETEL FERLO", "region": {"nom": "DAKAR", "code": 1}, "departement": {"nom": "DAKAR", "code": 11}, "commune": {"nom": "DAKAR", "code": 11301}, "communaute_rurale": {"nom": "MERMOZ SACRE COEUR", "code": 1130134}, "quartier_village": "SACRE CÅ?UR III PYROTECHNIQUE", "milieu": "URBAIN", "thematique": null, "type_qvh": null}}, {"type": "Feature", "geometry": {"type": "Point", "coordinates": [-17.484197, 14.706166]}, "properties": {"id": "hotelerie-12", "type": "hotelerie", "type_label": "Hôtellerie", "nom": "HOTE", "region": {"nom": "DAKAR", "code": 1}, "departement": {"nom": "DAKAR", "code": 11}, "commune": {"nom": "DAKAR", "code": 11301}, "communaute_rurale": {"nom": "MERMOZ SACRE COEUR", "code": 1130134}, "quartier_village": "FENETRE MERMOZ", "milieu": "URBAIN", "thematique": null, "type_qvh": null}}, {"type": "Feature", "geometry": {"type": "Point", "coordinates": [-17.487201, 14.708087]}, "properties": {"id": "hotelerie-13", "type": "hotelerie", "type_label": "Hôtellerie", "nom": "AUBERGE", "region": {"nom": "DAKAR", "code": 1}, "departement": {"nom": "DAKAR", "code": 11}, "commune": {"nom": "DAKAR", "code": 11301}, "communaute_rurale": {"nom": "MERMOZ SACRE COEUR", "code": 1130134}, "quartier_village": "FENETRE MERMOZ", "milieu": "URBAIN", "thematique": null, "type_qvh": null}}, {"type": "Feature", "geometry": {"type": "Point", "coordinates": [-17.484225, 14.705787]}, "properties": {"id": "hotelerie-14", "type": "hotelerie", "type_label": "Hôtellerie", "nom": "AUBERGE FENETRE MERMOZ", "region": {"nom": "DAKAR", "code": 1}, "departement": {"nom": "DAKAR", "code": 11}, "commune": {"nom": "DAKAR", "code": 11301}, "communaute_rurale": {"nom": "MERMOZ SACRE COEUR", "code": 1130134}, "quartier_village": "FENETRE MERMOZ", "milieu": "URBAIN", "thematique": null, "type_qvh": null}}, {"type": "Feature", "geometry": {"type": "Point", "coordinates": [-17.484918, 14.706837]}, "properties": {"id": "hotelerie-15", "type": "hotelerie", "type_label": "Hôtellerie", "nom": "HOTEL", "region": {"nom": "DAKAR", "code": 1}, "departement": {"nom": "DAKAR", "code": 11}, "commune": {"nom": "DAKAR", "code": 11301}, "communaute_rurale": {"nom": "MERMOZ SACRE COEUR", "code": 1130134}, "quartier_village": "FENETRE MERMOZ", "milieu": "URBAIN", "thematique": null, "type_qvh": null}}, {"type": "Feature", "geometry": {"type": "Point", "coordinates": [-17.480991, 14.703746]}, "properties": {"id": "hotelerie-16", "type": "hotelerie", "type_label": "Hôtellerie", "nom": "HETEL", "region": {"nom": "DAKAR", "code": 1}, "departement": {"nom": "DAKAR", "code": 11}, "commune": {"nom": "DAKAR", "code": 11301}, "communaute_rurale": {"nom": "MERMOZ SACRE COEUR", "code": 1130134}, "quartier_village": "FENETRE MERMOZ", "milieu": "URBAIN", "thematique": null, "type_qvh": null}}, {"type": "Feature", "geometry": {"type": "Point", "coordinates": [-17.467901, 14.709119]}, "properties": {"id": "hotelerie-17", "type": "hotelerie", "type_label": "Hôtellerie", "nom": "SUITES HETEL", "region": {"nom": "DAKAR", "code": 1}, "departement": {"nom": "DAKAR", "code": 11}, "commune": {"nom": "DAKAR", "code": 11301}, "communaute_rurale": {"nom": "MERMOZ SACRE COEUR", "code": 1130134}, "quartier_village": "SACRE CÅ?UR III PYROTECHNIQUE", "milieu": "URBAIN", "thematique": null, "type_qvh": null}}, {"type": "Feature", "geometry": {"type": "Point", "coordinates": [-17.468741, 14.708073]}, "properties": {"id": "hotelerie-18", "type": "hotelerie", "type_label": "Hôtellerie", "nom": "HETEL", "region": {"nom": "DAKAR", "code": 1}, "departement": {"nom": "DAKAR", "code": 11}, "commune": {"nom": "DAKAR", "code": 11301}, "communaute_rurale": {"nom": "MERMOZ SACRE COEUR", "code": 1130134}, "quartier_village": "SACRE CÅ?UR III PYROTECHNIQUE", "milieu": "URBAIN", "thematique": null, "type_qvh": null}}, {"type": "Feature", "geometry": {"type": "Point", "coordinates": [-17.468263, 14.712185]}, "properties": {"id": "hotelerie-19", "type": "hotelerie", "type_label": "Hôtellerie", "nom": "RESTAURANT HETEL AMSY", "region": {"nom": "DAKAR", "code": 1}, "departement": {"nom": "DAKAR", "code": 11}, "commune": {"nom": "DAKAR", "code": 11301}, "communaute_rurale": {"nom": "MERMOZ SACRE COEUR", "code": 1130134}, "quartier_village": "TERANGA", "milieu": "URBAIN", "thematique": null, "type_qvh": null}}, {"type": "Feature", "geometry": {"type": "Point", "coordinates": [-17.461149, 14.714727]}, "properties": {"id": "hotelerie-20", "type": "hotelerie", "type_label": "Hôtellerie", "nom": "HOTERL DE MR YANG", "region": {"nom": "DAKAR", "code": 1}, "departement": {"nom": "DAKAR", "code": 11}, "commune": {"nom": "DAKAR", "code": 11301}, "communaute_rurale": {"nom": "MERMOZ SACRE COEUR", "code": 1130134}, "quartier_village": "SACRE CÅ?UR I", "milieu": "URBAIN", "thematique": null, "type_qvh": null}}, {"type": "Feature", "geometry": {"type": "Point", "coordinates": [-17.506419, 14.73849]}, "properties": {"id": "hotelerie-21", "type": "hotelerie", "type_label": "Hôtellerie", "nom": "HETEL", "region": {"nom": "DAKAR", "code": 1}, "departement": {"nom": "DAKAR", "code": 11}, "commune": {"nom": "DAKAR", "code": 11301}, "communaute_rurale": {"nom": "NGOR", "code": 1130132}, "quartier_village": "ALMADIES EST", "milieu": "URBAIN", "thematique": null, "type_qvh": null}}, {"type": "Feature", "geometry": {"type": "Point", "coordinates": [-17.506958, 14.745886]}, "properties": {"id": "hotelerie-22", "type": "hotelerie", "type_label": "Hôtellerie", "nom": "HETEL", "region": {"nom": "DAKAR", "code": 1}, "departement": {"nom": "DAKAR", "code": 11}, "commune": {"nom": "DAKAR", "code": 11301}, "communaute_rurale": {"nom": "NGOR", "code": 1130132}, "quartier_village": "ALMADIES (STATION SCHELL)", "milieu": "URBAIN", "thematique": null, "type_qvh": null}}, {"type": "Feature", "geometry": {"type": "Point", "coordinates": [-17.517657, 14.741958]}, "properties": {"id": "hotelerie-23", "type": "hotelerie", "type_label": "Hôtellerie", "nom": "HOTEL", "region": {"nom": "DAKAR", "code": 1}, "departement": {"nom": "DAKAR", "code": 11}, "commune": {"nom": "DAKAR", "code": 11301}, "communaute_rurale": {"nom": "NGOR", "code": 1130132}, "quartier_village": "ALMADIES OUEST", "milieu": "URBAIN", "thematique": null, "type_qvh": null}}, {"type": "Feature", "geometry": {"type": "Point", "coordinates": [-17.522443, 14.742644]}, "properties": {"id": "hotelerie-24", "type": "hotelerie", "type_label": "Hôtellerie", "nom": "LA RESIDENCE DAKAR", "region": {"nom": "DAKAR", "code": 1}, "departement": {"nom": "DAKAR", "code": 11}, "commune": {"nom": "DAKAR", "code": 11301}, "communaute_rurale": {"nom": "NGOR", "code": 1130132}, "quartier_village": "ALMADIES OUEST", "milieu": "URBAIN", "thematique": null, "type_qvh": null}}, {"type": "Feature", "geometry": {"type": "Point", "coordinates": [-17.520321, 14.742502]}, "properties": {"id": "hotelerie-25", "type": "hotelerie", "type_label": "Hôtellerie", "nom": "YAAS HETELS", "region": {"nom": "DAKAR", "code": 1}, "departement": {"nom": "DAKAR", "code": 11}, "commune": {"nom": "DAKAR", "code": 11301}, "communaute_rurale": {"nom": "NGOR", "code": 1130132}, "quartier_village": "ALMADIES OUEST", "milieu": "URBAIN", "thematique": null, "type_qvh": null}}, {"type": "Feature", "geometry": {"type": "Point", "coordinates": [-17.50591, 14.747674]}, "properties": {"id": "hotelerie-26", "type": "hotelerie", "type_label": "Hôtellerie", "nom": "LES ORCHIDEES", "region": {"nom": "DAKAR", "code": 1}, "departement": {"nom": "DAKAR", "code": 11}, "commune": {"nom": "DAKAR", "code": 11301}, "communaute_rurale": {"nom": "NGOR", "code": 1130132}, "quartier_village": "ALMADIES (STATION SCHELL)", "milieu": "URBAIN", "thematique": null, "type_qvh": null}}, {"type": "Feature", "geometry": {"type": "Point", "coordinates": [-17.523098, 14.744249]}, "properties": {"id": "hotelerie-27", "type": "hotelerie", "type_label": "Hôtellerie", "nom": "NE FONCTIONNE PAS", "region": {"nom": "DAKAR", "code": 1}, "departement": {"nom": "DAKAR", "code": 11}, "commune": {"nom": "DAKAR", "code": 11301}, "communaute_rurale": {"nom": "NGOR", "code": 1130132}, "quartier_village": "ALMADIES OUEST", "milieu": "URBAIN", "thematique": null, "type_qvh": null}}, {"type": "Feature", "geometry": {"type": "Point", "coordinates": [-17.51222, 14.749862]}, "properties": {"id": "hotelerie-28", "type": "hotelerie", "type_label": "Hôtellerie", "nom": "HOTEL", "region": {"nom": "DAKAR", "code": 1}, "departement": {"nom": "DAKAR", "code": 11}, "commune": {"nom": "DAKAR", "code": 11301}, "communaute_rurale": {"nom": "NGOR", "code": 1130132}, "quartier_village": "PETIT NGOR", "milieu": "URBAIN", "thematique": null, "type_qvh": null}}, {"type": "Feature", "geometry": {"type": "Point", "coordinates": [-17.508793, 14.750641]}, "properties": {"id": "hotelerie-29", "type": "hotelerie", "type_label": "Hôtellerie", "nom": "HETEL NGOR DIARAMA", "region": {"nom": "DAKAR", "code": 1}, "departement": {"nom": "DAKAR", "code": 11}, "commune": {"nom": "DAKAR", "code": 11301}, "communaute_rurale": {"nom": "NGOR", "code": 1130132}, "quartier_village": "NGOR VIRAGE", "milieu": "URBAIN", "thematique": null, "type_qvh": null}}, {"type": "Feature", "geometry": {"type": "Point", "coordinates": [-17.50778, 14.748695]}, "properties": {"id": "hotelerie-30", "type": "hotelerie", "type_label": "Hôtellerie", "nom": "SAO BRAST", "region": {"nom": "DAKAR", "code": 1}, "departement": {"nom": "DAKAR", "code": 11}, "commune": {"nom": "DAKAR", "code": 11301}, "communaute_rurale": {"nom": "NGOR", "code": 1130132}, "quartier_village": "NGOR VIRAGE", "milieu": "URBAIN", "thematique": null, "type_qvh": null}}, {"type": "Feature", "geometry": {"type": "Point", "coordinates": [-17.502987, 14.750661]}, "properties": {"id": "hotelerie-31", "type": "hotelerie", "type_label": "Hôtellerie", "nom": "BOMA", "region": {"nom": "DAKAR", "code": 1}, "departement": {"nom": "DAKAR", "code": 11}, "commune": {"nom": "DAKAR", "code": 11301}, "communaute_rurale": {"nom": "NGOR", "code": 1130132}, "quartier_village": "NGOR VIRAGE", "milieu": "URBAIN", "thematique": null, "type_qvh": null}}, {"type": "Feature", "geometry": {"type": "Point", "coordinates": [-17.506427, 14.748451]}, "properties": {"id": "hotelerie-32", "type": "hotelerie", "type_label": "Hôtellerie", "nom": "VILLA MALAKA", "region": {"nom": "DAKAR", "code": 1}, "departement": {"nom": "DAKAR", "code": 11}, "commune": {"nom": "DAKAR", "code": 11301}, "communaute_rurale": {"nom": "NGOR", "code": 1130132}, "quartier_village": "NGOR VIRAGE", "milieu": "URBAIN", "thematique": null, "type_qvh": null}}, {"type": "Feature", "geometry": {"type": "Point", "coordinates": [-17.506681, 14.752817]}, "properties": {"id": "hotelerie-33", "type": "hotelerie", "type_label": "Hôtellerie", "nom": "LE CALAO", "region": {"nom": "DAKAR", "code": 1}, "departement": {"nom": "DAKAR", "code": 11}, "commune": {"nom": "DAKAR", "code": 11301}, "communaute_rurale": {"nom": "NGOR", "code": 1130132}, "quartier_village": "NGOR VIRAGE", "milieu": "URBAIN", "thematique": null, "type_qvh": null}}, {"type": "Feature", "geometry": {"type": "Point", "coordinates": [-17.503255, 14.752182]}, "properties": {"id": "hotelerie-34", "type": "hotelerie", "type_label": "Hôtellerie", "nom": "AUBERGE", "region": {"nom": "DAKAR", "code": 1}, "departement": {"nom": "DAKAR", "code": 11}, "commune": {"nom": "DAKAR", "code": 11301}, "communaute_rurale": {"nom": "NGOR", "code": 1130132}, "quartier_village": "NGOR VIRAGE", "milieu": "URBAIN", "thematique": null, "type_qvh": null}}, {"type": "Feature", "geometry": {"type": "Point", "coordinates": [-17.502901, 14.751182]}, "properties": {"id": "hotelerie-35", "type": "hotelerie", "type_label": "Hôtellerie", "nom": "HOTEL CASINO", "region": {"nom": "DAKAR", "code": 1}, "departement": {"nom": "DAKAR", "code": 11}, "commune": {"nom": "DAKAR", "code": 11301}, "communaute_rurale": {"nom": "NGOR", "code": 1130132}, "quartier_village": "NGOR VIRAGE", "milieu": "URBAIN", "thematique": null, "type_qvh": null}}, {"type": "Feature", "geometry": {"type": "Point", "coordinates": [-17.50262, 14.752583]}, "properties": {"id": "hotelerie-36", "type": "hotelerie", "type_label": "Hôtellerie", "nom": "CAMPEMENT", "region": {"nom": "DAKAR", "code": 1}, "departement": {"nom": "DAKAR", "code": 11}, "commune": {"nom": "DAKAR", "code": 11301}, "communaute_rurale": {"nom": "NGOR", "code": 1130132}, "quartier_village": "NGOR VIRAGE", "milieu": "URBAIN", "thematique": null, "type_qvh": null}}, {"type": "Feature", "geometry": {"type": "Point", "coordinates": [-17.502032, 14.751537]}, "properties": {"id": "hotelerie-37", "type": "hotelerie", "type_label": "Hôtellerie", "nom": "CAMPEMENT", "region": {"nom": "DAKAR", "code": 1}, "departement": {"nom": "DAKAR", "code": 11}, "commune": {"nom": "DAKAR", "code": 11301}, "communaute_rurale": {"nom": "NGOR", "code": 1130132}, "quartier_village": "NGOR VIRAGE", "milieu": "URBAIN", "thematique": null, "type_qvh": null}}, {"type": "Feature", "geometry": {"type": "Point", "coordinates": [-17.505251, 14.74768]}, "properties": {"id": "hotelerie-38", "type": "hotelerie", "type_label": "Hôtellerie", "nom": "JADE", "region": {"nom": "DAKAR", "code": 1}, "departement": {"nom": "DAKAR", "code": 11}, "commune": {"nom": "DAKAR", "code": 11301}, "communaute_rurale": {"nom": "NGOR", "code": 1130132}, "quartier_village": "ALMADIES (STATION SCHELL)", "milieu": "URBAIN", "thematique": null, "type_qvh": null}}, {"type": "Feature", "geometry": {"type": "Point", "coordinates": [-17.506512, 14.748345]}, "properties": {"id": "hotelerie-39", "type": "hotelerie", "type_label": "Hôtellerie", "nom": "AUBERGE", "region": {"nom": "DAKAR", "code": 1}, "departement": {"nom": "DAKAR", "code": 11}, "commune": {"nom": "DAKAR", "code": 11301}, "communaute_rurale": {"nom": "NGOR", "code": 1130132}, "quartier_village": "ALMADIES (STATION SCHELL)", "milieu": "URBAIN", "thematique": null, "type_qvh": null}}, {"type": "Feature", "geometry": {"type": "Point", "coordinates": [-17.506746, 14.746244]}, "properties": {"id": "hotelerie-40", "type": "hotelerie", "type_label": "Hôtellerie", "nom": "HETEL-BAR", "region": {"nom": "DAKAR", "code": 1}, "departement": {"nom": "DAKAR", "code": 11}, "commune": {"nom": "DAKAR", "code": 11301}, "communaute_rurale": {"nom": "NGOR", "code": 1130132}, "quartier_village": "ALMADIES (STATION SCHELL)", "milieu": "URBAIN", "thematique": null, "type_qvh": null}}, {"type": "Feature", "geometry": {"type": "Point", "coordinates": [-17.511306, 14.738642]}, "properties": {"id": "hotelerie-41", "type": "hotelerie", "type_label": "Hôtellerie", "nom": "FANA HETEL", "region": {"nom": "DAKAR", "code": 1}, "departement": {"nom": "DAKAR", "code": 11}, "commune": {"nom": "DAKAR", "code": 11301}, "communaute_rurale": {"nom": "NGOR", "code": 1130132}, "quartier_village": "ALMADIES OUEST", "milieu": "URBAIN", "thematique": null, "type_qvh": null}}, {"type": "Feature", "geometry": {"type": "Point", "coordinates": [-17.51039, 14.738812]}, "properties": {"id": "hotelerie-42", "type": "hotelerie", "type_label": "Hôtellerie", "nom": "HETEL LE MIRAGE", "region": {"nom": "DAKAR", "code": 1}, "departement": {"nom": "DAKAR", "code": 11}, "commune": {"nom": "DAKAR", "code": 11301}, "communaute_rurale": {"nom": "NGOR", "code": 1130132}, "quartier_village": "ALMADIES OUEST", "milieu": "URBAIN", "thematique": null, "type_qvh": null}}, {"type": "Feature", "geometry": {"type": "Point", "coordinates": [-17.514362, 14.739497]}, "properties": {"id": "hotelerie-43", "type": "hotelerie", "type_label": "Hôtellerie", "nom": "HETEL FLEUR DE LYS", "region": {"nom": "DAKAR", "code": 1}, "departement": {"nom": "DAKAR", "code": 11}, "commune": {"nom": "DAKAR", "code": 11301}, "communaute_rurale": {"nom": "NGOR", "code": 1130132}, "quartier_village": "ALMADIES OUEST", "milieu": "URBAIN", "thematique": null, "type_qvh": null}}, {"type": "Feature", "geometry": {"type": "Point", "coordinates": [-17.51491, 14.739768]}, "properties": {"id": "hotelerie-44", "type": "hotelerie", "type_label": "Hôtellerie", "nom": "HETEL LE LODGE DES ALMADIES", "region": {"nom": "DAKAR", "code": 1}, "departement": {"nom": "DAKAR", "code": 11}, "commune": {"nom": "DAKAR", "code": 11301}, "communaute_rurale": {"nom": "NGOR", "code": 1130132}, "quartier_village": "ALMADIES OUEST", "milieu": "URBAIN", "thematique": null, "type_qvh": null}}, {"type": "Feature", "geometry": {"type": "Point", "coordinates": [-17.512709, 14.742876]}, "properties": {"id": "hotelerie-45", "type": "hotelerie", "type_label": "Hôtellerie", "nom": "HETEL", "region": {"nom": "DAKAR", "code": 1}, "departement": {"nom": "DAKAR", "code": 11}, "commune": {"nom": "DAKAR", "code": 11301}, "communaute_rurale": {"nom": "NGOR", "code": 1130132}, "quartier_village": "ALMADIES OUEST", "milieu": "URBAIN", "thematique": null, "type_qvh": null}}, {"type": "Feature", "geometry": {"type": "Point", "coordinates": [-17.519566, 14.742698]}, "properties": {"id": "hotelerie-46", "type": "hotelerie", "type_label": "Hôtellerie", "nom": "THE PALMS LUXURY BOUTIQUE HETEL", "region": {"nom": "DAKAR", "code": 1}, "departement": {"nom": "DAKAR", "code": 11}, "commune": {"nom": "DAKAR", "code": 11301}, "communaute_rurale": {"nom": "NGOR", "code": 1130132}, "quartier_village": "ALMADIES OUEST", "milieu": "URBAIN", "thematique": null, "type_qvh": null}}, {"type": "Feature", "geometry": {"type": "Point", "coordinates": [-17.518813, 14.744028]}, "properties": {"id": "hotelerie-47", "type": "hotelerie", "type_label": "Hôtellerie", "nom": "HETEL", "region": {"nom": "DAKAR", "code": 1}, "departement": {"nom": "DAKAR", "code": 11}, "commune": {"nom": "DAKAR", "code": 11301}, "communaute_rurale": {"nom": "NGOR", "code": 1130132}, "quartier_village": "ALMADIES OUEST", "milieu": "URBAIN", "thematique": null, "type_qvh": null}}, {"type": "Feature", "geometry": {"type": "Point", "coordinates": [-17.517932, 14.745887]}, "properties": {"id": "hotelerie-48", "type": "hotelerie", "type_label": "Hôtellerie", "nom": "HETEL", "region": {"nom": "DAKAR", "code": 1}, "departement": {"nom": "DAKAR", "code": 11}, "commune": {"nom": "DAKAR", "code": 11301}, "communaute_rurale": {"nom": "NGOR", "code": 1130132}, "quartier_village": "ALMADIES OUEST", "milieu": "URBAIN", "thematique": null, "type_qvh": null}}, {"type": "Feature", "geometry": {"type": "Point", "coordinates": [-17.511028, 14.745765]}, "properties": {"id": "hotelerie-49", "type": "hotelerie", "type_label": "Hôtellerie", "nom": "Hôtellerie", "region": {"nom": "DAKAR", "code": 1}, "departement": {"nom": "DAKAR", "code": 11}, "commune": {"nom": "DAKAR", "code": 11301}, "communaute_rurale": {"nom": "NGOR", "code": 1130132}, "quartier_village": "ZONE EXTENSION EST", "milieu": "URBAIN", "thematique": null, "type_qvh": null}}, {"type": "Feature", "geometry": {"type": "Point", "coordinates": [-17.516926, 14.748304]}, "properties": {"id": "hotelerie-50", "type": "hotelerie", "type_label": "Hôtellerie", "nom": "AUBERGE", "region": {"nom": "DAKAR", "code": 1}, "departement": {"nom": "DAKAR", "code": 11}, "commune": {"nom": "DAKAR", "code": 11301}, "communaute_rurale": {"nom": "NGOR", "code": 1130132}, "quartier_village": "NDIONGORANE", "milieu": "URBAIN", "thematique": null, "type_qvh": null}}, {"type": "Feature", "geometry": {"type": "Point", "coordinates": [-17.512077, 14.745977]}, "properties": {"id": "hotelerie-51", "type": "hotelerie", "type_label": "Hôtellerie", "nom": "OBERGE", "region": {"nom": "DAKAR", "code": 1}, "departement": {"nom": "DAKAR", "code": 11}, "commune": {"nom": "DAKAR", "code": 11301}, "communaute_rurale": {"nom": "NGOR", "code": 1130132}, "quartier_village": "ZONE EXTENSION EST", "milieu": "URBAIN", "thematique": null, "type_qvh": null}}, {"type": "Feature", "geometry": {"type": "Point", "coordinates": [-17.51166, 14.747045]}, "properties": {"id": "hotelerie-52", "type": "hotelerie", "type_label": "Hôtellerie", "nom": "OBERGE", "region": {"nom": "DAKAR", "code": 1}, "departement": {"nom": "DAKAR", "code": 11}, "commune": {"nom": "DAKAR", "code": 11301}, "communaute_rurale": {"nom": "NGOR", "code": 1130132}, "quartier_village": "ZONE EXTENSION EST", "milieu": "URBAIN", "thematique": null, "type_qvh": null}}, {"type": "Feature", "geometry": {"type": "Point", "coordinates": [-17.511642, 14.747186]}, "properties": {"id": "hotelerie-53", "type": "hotelerie", "type_label": "Hôtellerie", "nom": "OBERGE", "region": {"nom": "DAKAR", "code": 1}, "departement": {"nom": "DAKAR", "code": 11}, "commune": {"nom": "DAKAR", "code": 11301}, "communaute_rurale": {"nom": "NGOR", "code": 1130132}, "quartier_village": "ZONE EXTENSION EST", "milieu": "URBAIN", "thematique": null, "type_qvh": null}}, {"type": "Feature", "geometry": {"type": "Point", "coordinates": [-17.508594, 14.748499]}, "properties": {"id": "hotelerie-54", "type": "hotelerie", "type_label": "Hôtellerie", "nom": "ANCIEN HETEL NGOR DIARAMA", "region": {"nom": "DAKAR", "code": 1}, "departement": {"nom": "DAKAR", "code": 11}, "commune": {"nom": "DAKAR", "code": 11301}, "communaute_rurale": {"nom": "NGOR", "code": 1130132}, "quartier_village": "PETIT NGOR/(RESIDENCE NORD)", "milieu": "URBAIN", "thematique": null, "type_qvh": null}}, {"type": "Feature", "geometry": {"type": "Point", "coordinates": [-17.510267, 14.749089]}, "properties": {"id": "hotelerie-55", "type": "hotelerie", "type_label": "Hôtellerie", "nom": "HOTEL", "region": {"nom": "DAKAR", "code": 1}, "departement": {"nom": "DAKAR", "code": 11}, "commune": {"nom": "DAKAR", "code": 11301}, "communaute_rurale": {"nom": "NGOR", "code": 1130132}, "quartier_village": "PETIT NGOR/(RESIDENCE NORD)", "milieu": "URBAIN", "thematique": null, "type_qvh": null}}, {"type": "Feature", "geometry": {"type": "Point", "coordinates": [-17.511082, 14.749478]}, "properties": {"id": "hotelerie-56", "type": "hotelerie", "type_label": "Hôtellerie", "nom": "AUBERGE", "region": {"nom": "DAKAR", "code": 1}, "departement": {"nom": "DAKAR", "code": 11}, "commune": {"nom": "DAKAR", "code": 11301}, "communaute_rurale": {"nom": "NGOR", "code": 1130132}, "quartier_village": "PETIT NGOR/(RESIDENCE NORD)", "milieu": "URBAIN", "thematique": null, "type_qvh": null}}, {"type": "Feature", "geometry": {"type": "Point", "coordinates": [-17.510558, 14.750058]}, "properties": {"id": "hotelerie-57", "type": "hotelerie", "type_label": "Hôtellerie", "nom": "HETELS MADRIAGUE", "region": {"nom": "DAKAR", "code": 1}, "departement": {"nom": "DAKAR", "code": 11}, "commune": {"nom": "DAKAR", "code": 11301}, "communaute_rurale": {"nom": "NGOR", "code": 1130132}, "quartier_village": "PETIT NGOR/(RESIDENCE NORD)", "milieu": "URBAIN", "thematique": null, "type_qvh": null}}, {"type": "Feature", "geometry": {"type": "Point", "coordinates": [-17.5116, 14.749797]}, "properties": {"id": "hotelerie-58", "type": "hotelerie", "type_label": "Hôtellerie", "nom": "HETEL", "region": {"nom": "DAKAR", "code": 1}, "departement": {"nom": "DAKAR", "code": 11}, "commune": {"nom": "DAKAR", "code": 11301}, "communaute_rurale": {"nom": "NGOR", "code": 1130132}, "quartier_village": "PETIT NGOR/(RESIDENCE NORD)", "milieu": "URBAIN", "thematique": null, "type_qvh": null}}, {"type": "Feature", "geometry": {"type": "Point", "coordinates": [-17.511315, 14.74985]}, "properties": {"id": "hotelerie-59", "type": "hotelerie", "type_label": "Hôtellerie", "nom": "LA CABANE DES PECHEURS", "region": {"nom": "DAKAR", "code": 1}, "departement": {"nom": "DAKAR", "code": 11}, "commune": {"nom": "DAKAR", "code": 11301}, "communaute_rurale": {"nom": "NGOR", "code": 1130132}, "quartier_village": "PETIT NGOR/(RESIDENCE NORD)", "milieu": "URBAIN", "thematique": null, "type_qvh": null}}, {"type": "Feature", "geometry": {"type": "Point", "coordinates": [-17.514408, 14.75519]}, "properties": {"id": "hotelerie-60", "type": "hotelerie", "type_label": "Hôtellerie", "nom": "HETEL", "region": {"nom": "DAKAR", "code": 1}, "departement": {"nom": "DAKAR", "code": 11}, "commune": {"nom": "DAKAR", "code": 11301}, "communaute_rurale": {"nom": "NGOR", "code": 1130132}, "quartier_village": "ILE DE NGOR", "milieu": "URBAIN", "thematique": null, "type_qvh": null}}, {"type": "Feature", "geometry": {"type": "Point", "coordinates": [-17.511579, 14.755973]}, "properties": {"id": "hotelerie-61", "type": "hotelerie", "type_label": "Hôtellerie", "nom": "HOTEL", "region": {"nom": "DAKAR", "code": 1}, "departement": {"nom": "DAKAR", "code": 11}, "commune": {"nom": "DAKAR", "code": 11301}, "communaute_rurale": {"nom": "NGOR", "code": 1130132}, "quartier_village": "ILE DE NGOR", "milieu": "URBAIN", "thematique": null, "type_qvh": null}}, {"type": "Feature", "geometry": {"type": "Point", "coordinates": [-17.524785, 14.747425]}, "properties": {"id": "hotelerie-62", "type": "hotelerie", "type_label": "Hôtellerie", "nom": "HATEL KING FAT PALACE", "region": {"nom": "DAKAR", "code": 1}, "departement": {"nom": "DAKAR", "code": 11}, "commune": {"nom": "DAKAR", "code": 11301}, "communaute_rurale": {"nom": "NGOR", "code": 1130132}, "quartier_village": "ALMADIES OUEST", "milieu": "URBAIN", "thematique": null, "type_qvh": null}}, {"type": "Feature", "geometry": {"type": "Point", "coordinates": [-17.498905, 14.722996]}, "properties": {"id": "hotelerie-63", "type": "hotelerie", "type_label": "Hôtellerie", "nom": "HOTEL COLONIA", "region": {"nom": "DAKAR", "code": 1}, "departement": {"nom": "DAKAR", "code": 11}, "commune": {"nom": "DAKAR", "code": 11301}, "communaute_rurale": {"nom": "OUAKAM", "code": 1130131}, "quartier_village": "CITE EL HADJI MALICK SY", "milieu": "URBAIN", "thematique": null, "type_qvh": null}}, {"type": "Feature", "geometry": {"type": "Point", "coordinates": [-17.49989, 14.719806]}, "properties": {"id": "hotelerie-64", "type": "hotelerie", "type_label": "Hôtellerie", "nom": "HOTEL KHARAFI", "region": {"nom": "DAKAR", "code": 1}, "departement": {"nom": "DAKAR", "code": 11}, "commune": {"nom": "DAKAR", "code": 11301}, "communaute_rurale": {"nom": "OUAKAM", "code": 1130131}, "quartier_village": "MAMELLES AVIATION", "milieu": "URBAIN", "thematique": null, "type_qvh": null}}, {"type": "Feature", "geometry": {"type": "Point", "coordinates": [-17.471825, 14.724156]}, "properties": {"id": "hotelerie-65", "type": "hotelerie", "type_label": "Hôtellerie", "nom": "HOTEL VDN", "region": {"nom": "DAKAR", "code": 1}, "departement": {"nom": "DAKAR", "code": 11}, "commune": {"nom": "DAKAR", "code": 11301}, "communaute_rurale": {"nom": "OUAKAM", "code": 1130131}, "quartier_village": "SACRE CÅ?UR III VDN", "milieu": "URBAIN", "thematique": null, "type_qvh": null}}, {"type": "Feature", "geometry": {"type": "Point", "coordinates": [-17.472385, 14.718882]}, "properties": {"id": "hotelerie-66", "type": "hotelerie", "type_label": "Hôtellerie", "nom": "HETEL", "region": {"nom": "DAKAR", "code": 1}, "departement": {"nom": "DAKAR", "code": 11}, "commune": {"nom": "DAKAR", "code": 11301}, "communaute_rurale": {"nom": "OUAKAM", "code": 1130131}, "quartier_village": "SACRE CÅ?UR III VDN", "milieu": "URBAIN", "thematique": null, "type_qvh": null}}, {"type": "Feature", "geometry": {"type": "Point", "coordinates": [-17.501506, 14.730118]}, "properties": {"id": "hotelerie-67", "type": "hotelerie", "type_label": "Hôtellerie", "nom": "HOTEL DU PHARE", "region": {"nom": "DAKAR", "code": 1}, "departement": {"nom": "DAKAR", "code": 11}, "commune": {"nom": "DAKAR", "code": 11301}, "communaute_rurale": {"nom": "OUAKAM", "code": 1130131}, "quartier_village": "MAMELLES AVIATION", "milieu": "URBAIN", "thematique": null, "type_qvh": null}}, {"type": "Feature", "geometry": {"type": "Point", "coordinates": [-17.472507, 14.720224]}, "properties": {"id": "hotelerie-68", "type": "hotelerie", "type_label": "Hôtellerie", "nom": "Auberge", "region": {"nom": "DAKAR", "code": 1}, "departement": {"nom": "DAKAR", "code": 11}, "commune": {"nom": "DAKAR", "code": 11301}, "communaute_rurale": {"nom": "OUAKAM", "code": 1130131}, "quartier_village": "SACRE CÅ?UR III VDN", "milieu": "URBAIN", "thematique": null, "type_qvh": null}}, {"type": "Feature", "geometry": {"type": "Point", "coordinates": [-17.492277, 14.719991]}, "properties": {"id": "hotelerie-69", "type": "hotelerie", "type_label": "Hôtellerie", "nom": "HOTEL", "region": {"nom": "DAKAR", "code": 1}, "departement": {"nom": "DAKAR", "code": 11}, "commune": {"nom": "DAKAR", "code": 11301}, "communaute_rurale": {"nom": "OUAKAM", "code": 1130131}, "quartier_village": "SINTHIA", "milieu": "URBAIN", "thematique": null, "type_qvh": null}}, {"type": "Feature", "geometry": {"type": "Point", "coordinates": [-17.471855, 14.724336]}, "properties": {"id": "hotelerie-70", "type": "hotelerie", "type_label": "Hôtellerie", "nom": "HETEL VDN", "region": {"nom": "DAKAR", "code": 1}, "departement": {"nom": "DAKAR", "code": 11}, "commune": {"nom": "DAKAR", "code": 11301}, "communaute_rurale": {"nom": "OUAKAM", "code": 1130131}, "quartier_village": "SACRE CÅ?UR III VDN", "milieu": "URBAIN", "thematique": null, "type_qvh": null}}, {"type": "Feature", "geometry": {"type": "Point", "coordinates": [-17.444882, 14.764995]}, "properties": {"id": "hotelerie-71", "type": "hotelerie", "type_label": "Hôtellerie", "nom": "Hotel", "region": {"nom": "DAKAR", "code": 1}, "departement": {"nom": "DAKAR", "code": 11}, "commune": {"nom": "DAKAR", "code": 11301}, "communaute_rurale": {"nom": "PARCELLES ASSAINIES", "code": 1130143}, "quartier_village": "UNITE XV", "milieu": "URBAIN", "thematique": null, "type_qvh": null}}, {"type": "Feature", "geometry": {"type": "Point", "coordinates": [-17.431875, 14.752617]}, "properties": {"id": "hotelerie-72", "type": "hotelerie", "type_label": "Hôtellerie", "nom": "AUBERGE LE PAYS", "region": {"nom": "DAKAR", "code": 1}, "departement": {"nom": "DAKAR", "code": 11}, "commune": {"nom": "DAKAR", "code": 11301}, "communaute_rurale": {"nom": "PATTE Dâ??OIE", "code": 1130142}, "quartier_village": "CITE SOPRIM EXTENSION", "milieu": "URBAIN", "thematique": null, "type_qvh": null}}, {"type": "Feature", "geometry": {"type": "Point", "coordinates": [-17.440512, 14.747385]}, "properties": {"id": "hotelerie-73", "type": "hotelerie", "type_label": "Hôtellerie", "nom": "AUBERGE", "region": {"nom": "DAKAR", "code": 1}, "departement": {"nom": "DAKAR", "code": 11}, "commune": {"nom": "DAKAR", "code": 11301}, "communaute_rurale": {"nom": "PATTE Dâ??OIE", "code": 1130142}, "quartier_village": "CITE IMPOTS ET DOMAINES", "milieu": "URBAIN", "thematique": null, "type_qvh": null}}, {"type": "Feature", "geometry": {"type": "Point", "coordinates": [-17.439572, 14.750271]}, "properties": {"id": "hotelerie-74", "type": "hotelerie", "type_label": "Hôtellerie", "nom": "MOTEL", "region": {"nom": "DAKAR", "code": 1}, "departement": {"nom": "DAKAR", "code": 11}, "commune": {"nom": "DAKAR", "code": 11301}, "communaute_rurale": {"nom": "PATTE Dâ??OIE", "code": 1130142}, "quartier_village": "CITE IMPOTS ET DOMAINES", "milieu": "URBAIN", "thematique": null, "type_qvh": null}}, {"type": "Feature", "geometry": {"type": "Point", "coordinates": [-17.469229, 14.725255]}, "properties": {"id": "hotelerie-75", "type": "hotelerie", "type_label": "Hôtellerie", "nom": "HOTEL", "region": {"nom": "DAKAR", "code": 1}, "departement": {"nom": "DAKAR", "code": 11}, "commune": {"nom": "DAKAR", "code": 11301}, "communaute_rurale": {"nom": "SICAP LIBERTE", "code": 1130125}, "quartier_village": "LIBERTE VI EXTENSION", "milieu": "URBAIN", "thematique": null, "type_qvh": null}}, {"type": "Feature", "geometry": {"type": "Point", "coordinates": [-17.461684, 14.726572]}, "properties": {"id": "hotelerie-76", "type": "hotelerie", "type_label": "Hôtellerie", "nom": "ECOLE HETELIERE SAINTE MARTHE", "region": {"nom": "DAKAR", "code": 1}, "departement": {"nom": "DAKAR", "code": 11}, "commune": {"nom": "DAKAR", "code": 11301}, "communaute_rurale": {"nom": "SICAP LIBERTE", "code": 1130125}, "quartier_village": "LIBERTE VI", "milieu": "URBAIN", "thematique": null, "type_qvh": null}}, {"type": "Feature", "geometry": {"type": "Point", "coordinates": [-17.4691, 14.725513]}, "properties": {"id": "hotelerie-77", "type": "hotelerie", "type_label": "Hôtellerie", "nom": "AUBERGE", "region": {"nom": "DAKAR", "code": 1}, "departement": {"nom": "DAKAR", "code": 11}, "commune": {"nom": "DAKAR", "code": 11301}, "communaute_rurale": {"nom": "SICAP LIBERTE", "code": 1130125}, "quartier_village": "LIBERTE VI EXTENSION", "milieu": "URBAIN", "thematique": null, "type_qvh": null}}, {"type": "Feature", "geometry": {"type": "Point", "coordinates": [-17.448817, 14.709139]}, "properties": {"id": "hotelerie-78", "type": "hotelerie", "type_label": "Hôtellerie", "nom": "Auberge la petite côte", "region": {"nom": "DAKAR", "code": 1}, "departement": {"nom": "DAKAR", "code": 11}, "commune": {"nom": "DAKAR", "code": 11301}, "communaute_rurale": {"nom": "BISCUITERIE", "code": 1130122}, "quartier_village": "OUAGOU NIAYE II", "milieu": "URBAIN", "thematique": null, "type_qvh": null}}, {"type": "Feature", "geometry": {"type": "Point", "coordinates": [-17.451511, 14.706292]}, "properties": {"id": "hotelerie-79", "type": "hotelerie", "type_label": "Hôtellerie", "nom": "Hotel Fouta", "region": {"nom": "DAKAR", "code": 1}, "departement": {"nom": "DAKAR", "code": 11}, "commune": {"nom": "DAKAR", "code": 11301}, "communaute_rurale": {"nom": "BISCUITERIE", "code": 1130122}, "quartier_village": "GRAND DAKAR X (NIARY TALLY)", "milieu": "URBAIN", "thematique": null, "type_qvh": null}}, {"type": "Feature", "geometry": {"type": "Point", "coordinates": [-17.420554, 14.773786]}, "properties": {"id": "hotelerie-80", "type": "hotelerie", "type_label": "Hôtellerie", "nom": "AUBERGE 7 LITS LILAS", "region": {"nom": "DAKAR", "code": 1}, "departement": {"nom": "DAKAR", "code": 11}, "commune": {"nom": "DAKAR", "code": 11301}, "communaute_rurale": {"nom": "CAMBERENE", "code": 1130144}, "quartier_village": "CITE DES NATIONS UNIES", "milieu": "URBAIN", "thematique": null, "type_qvh": null}}, {"type": "Feature", "geometry": {"type": "Point", "coordinates": [-17.452801, 14.717328]}, "properties": {"id": "hotelerie-81", "type": "hotelerie", "type_label": "Hôtellerie", "nom": "AUBERGE FATILANE", "region": {"nom": "DAKAR", "code": 1}, "departement": {"nom": "DAKAR", "code": 11}, "commune": {"nom": "DAKAR", "code": 11301}, "communaute_rurale": {"nom": "DIEUPPEUL DERKLE", "code": 1130126}, "quartier_village": "SICAP DIEUPEUL I", "milieu": "URBAIN", "thematique": null, "type_qvh": null}}, {"type": "Feature", "geometry": {"type": "Point", "coordinates": [-17.399928, 14.669743]}, "properties": {"id": "hotelerie-82", "type": "hotelerie", "type_label": "Hôtellerie", "nom": "Auberge", "region": {"nom": "DAKAR", "code": 1}, "departement": {"nom": "DAKAR", "code": 11}, "commune": {"nom": "DAKAR", "code": 11301}, "communaute_rurale": {"nom": "GOREE", "code": 1130111}, "quartier_village": "PONTY", "milieu": "URBAIN", "thematique": null, "type_qvh": null}}, {"type": "Feature", "geometry": {"type": "Point", "coordinates": [-17.40014, 14.669917]}, "properties": {"id": "hotelerie-83", "type": "hotelerie", "type_label": "Hôtellerie", "nom": "AUBERGE", "region": {"nom": "DAKAR", "code": 1}, "departement": {"nom": "DAKAR", "code": 11}, "commune": {"nom": "DAKAR", "code": 11301}, "communaute_rurale": {"nom": "GOREE", "code": 1130111}, "quartier_village": "PONTY", "milieu": "URBAIN", "thematique": null, "type_qvh": null}}, {"type": "Feature", "geometry": {"type": "Point", "coordinates": [-17.399878, 14.669466]}, "properties": {"id": "hotelerie-84", "type": "hotelerie", "type_label": "Hôtellerie", "nom": "Auberge Chevalier de Bouffers", "region": {"nom": "DAKAR", "code": 1}, "departement": {"nom": "DAKAR", "code": 11}, "commune": {"nom": "DAKAR", "code": 11301}, "communaute_rurale": {"nom": "GOREE", "code": 1130111}, "quartier_village": "PONTY", "milieu": "URBAIN", "thematique": null, "type_qvh": null}}, {"type": "Feature", "geometry": {"type": "Point", "coordinates": [-17.399568, 14.668957]}, "properties": {"id": "hotelerie-85", "type": "hotelerie", "type_label": "Hôtellerie", "nom": "HOSTELLERIE DU CHEVALIER DE BOUFFLER", "region": {"nom": "DAKAR", "code": 1}, "departement": {"nom": "DAKAR", "code": 11}, "commune": {"nom": "DAKAR", "code": 11301}, "communaute_rurale": {"nom": "GOREE", "code": 1130111}, "quartier_village": "PONTY", "milieu": "URBAIN", "thematique": null, "type_qvh": null}}, {"type": "Feature", "geometry": {"type": "Point", "coordinates": [-17.400068, 14.668854]}, "properties": {"id": "hotelerie-86", "type": "hotelerie", "type_label": "Hôtellerie", "nom": "Auberge", "region": {"nom": "DAKAR", "code": 1}, "departement": {"nom": "DAKAR", "code": 11}, "commune": {"nom": "DAKAR", "code": 11301}, "communaute_rurale": {"nom": "GOREE", "code": 1130111}, "quartier_village": "PONTY", "milieu": "URBAIN", "thematique": null, "type_qvh": null}}, {"type": "Feature", "geometry": {"type": "Point", "coordinates": [-17.398575, 14.666587]}, "properties": {"id": "hotelerie-87", "type": "hotelerie", "type_label": "Hôtellerie", "nom": "VILLA CASTEL", "region": {"nom": "DAKAR", "code": 1}, "departement": {"nom": "DAKAR", "code": 11}, "commune": {"nom": "DAKAR", "code": 11301}, "communaute_rurale": {"nom": "GOREE", "code": 1130111}, "quartier_village": "TONGHOR", "milieu": "URBAIN", "thematique": null, "type_qvh": null}}, {"type": "Feature", "geometry": {"type": "Point", "coordinates": [-17.398821, 14.666598]}, "properties": {"id": "hotelerie-88", "type": "hotelerie", "type_label": "Hôtellerie", "nom": "VILLA DENISE", "region": {"nom": "DAKAR", "code": 1}, "departement": {"nom": "DAKAR", "code": 11}, "commune": {"nom": "DAKAR", "code": 11301}, "communaute_rurale": {"nom": "GOREE", "code": 1130111}, "quartier_village": "TONGHOR", "milieu": "URBAIN", "thematique": null, "type_qvh": null}}, {"type": "Feature", "geometry": {"type": "Point", "coordinates": [-17.397451, 14.667208]}, "properties": {"id": "hotelerie-89", "type": "hotelerie", "type_label": "Hôtellerie", "nom": "AUBERGE LA MAISON DU MARIN", "region": {"nom": "DAKAR", "code": 1}, "departement": {"nom": "DAKAR", "code": 11}, "commune": {"nom": "DAKAR", "code": 11301}, "communaute_rurale": {"nom": "GOREE", "code": 1130111}, "quartier_village": "TONGHOR", "milieu": "URBAIN", "thematique": null, "type_qvh": null}}, {"type": "Feature", "geometry": {"type": "Point", "coordinates": [-17.397133, 14.666535]}, "properties": {"id": "hotelerie-90", "type": "hotelerie", "type_label": "Hôtellerie", "nom": "MAISON AUGUSTIN LY", "region": {"nom": "DAKAR", "code": 1}, "departement": {"nom": "DAKAR", "code": 11}, "commune": {"nom": "DAKAR", "code": 11301}, "communaute_rurale": {"nom": "GOREE", "code": 1130111}, "quartier_village": "MBAMBARA", "milieu": "URBAIN", "thematique": null, "type_qvh": null}}, {"type": "Feature", "geometry": {"type": "Point", "coordinates": [-17.400106, 14.669472]}, "properties": {"id": "hotelerie-91", "type": "hotelerie", "type_label": "Hôtellerie", "nom": "GALLE NIWA", "region": {"nom": "DAKAR", "code": 1}, "departement": {"nom": "DAKAR", "code": 11}, "commune": {"nom": "DAKAR", "code": 11301}, "communaute_rurale": {"nom": "GOREE", "code": 1130111}, "quartier_village": "PONTY", "milieu": "URBAIN", "thematique": null, "type_qvh": null}}, {"type": "Feature", "geometry": {"type": "Point", "coordinates": [-17.398279, 14.668301]}, "properties": {"id": "hotelerie-92", "type": "hotelerie", "type_label": "Hôtellerie", "nom": "AUBERGE", "region": {"nom": "DAKAR", "code": 1}, "departement": {"nom": "DAKAR", "code": 11}, "commune": {"nom": "DAKAR", "code": 11301}, "communaute_rurale": {"nom": "GOREE", "code": 1130111}, "quartier_village": "TONGHOR", "milieu": "URBAIN", "thematique": null, "type_qvh": null}}, {"type": "Feature", "geometry": {"type": "Point", "coordinates": [-17.398356, 14.668085]}, "properties": {"id": "hotelerie-93", "type": "hotelerie", "type_label": "Hôtellerie", "nom": "HOTEL", "region": {"nom": "DAKAR", "code": 1}, "departement": {"nom": "DAKAR", "code": 11}, "commune": {"nom": "DAKAR", "code": 11301}, "communaute_rurale": {"nom": "GOREE", "code": 1130111}, "quartier_village": "TONGHOR", "milieu": "URBAIN", "thematique": null, "type_qvh": null}}, {"type": "Feature", "geometry": {"type": "Point", "coordinates": [-17.446913, 14.675998]}, "properties": {"id": "hotelerie-94", "type": "hotelerie", "type_label": "Hôtellerie", "nom": "AU PARADIS DU SOMMEIL", "region": {"nom": "DAKAR", "code": 1}, "departement": {"nom": "DAKAR", "code": 11}, "commune": {"nom": "DAKAR", "code": 11301}, "communaute_rurale": {"nom": "DAKAR PLATEAU", "code": 1130112}, "quartier_village": "REUBEUSS", "milieu": "URBAIN", "thematique": null, "type_qvh": null}}, {"type": "Feature", "geometry": {"type": "Point", "coordinates": [-17.431104, 14.66774]}, "properties": {"id": "hotelerie-95", "type": "hotelerie", "type_label": "Hôtellerie", "nom": "HETEL TERANGA", "region": {"nom": "DAKAR", "code": 1}, "departement": {"nom": "DAKAR", "code": 11}, "commune": {"nom": "DAKAR", "code": 11301}, "communaute_rurale": {"nom": "DAKAR PLATEAU", "code": 1130112}, "quartier_village": "SANDIAL", "milieu": "URBAIN", "thematique": null, "type_qvh": null}}, {"type": "Feature", "geometry": {"type": "Point", "coordinates": [-17.426871, 14.668798]}, "properties": {"id": "hotelerie-96", "type": "hotelerie", "type_label": "Hôtellerie", "nom": "IBIS HOTELS/ NOVOTEL", "region": {"nom": "DAKAR", "code": 1}, "departement": {"nom": "DAKAR", "code": 11}, "commune": {"nom": "DAKAR", "code": 11301}, "communaute_rurale": {"nom": "DAKAR PLATEAU", "code": 1130112}, "quartier_village": "SANDIAL", "milieu": "URBAIN", "thematique": null, "type_qvh": null}}, {"type": "Feature", "geometry": {"type": "Point", "coordinates": [-17.435116, 14.672022]}, "properties": {"id": "hotelerie-97", "type": "hotelerie", "type_label": "Hôtellerie", "nom": "Hôtel Blanchot", "region": {"nom": "DAKAR", "code": 1}, "departement": {"nom": "DAKAR", "code": 11}, "commune": {"nom": "DAKAR", "code": 11301}, "communaute_rurale": {"nom": "DAKAR PLATEAU", "code": 1130112}, "quartier_village": "SANDIAL", "milieu": "URBAIN", "thematique": null, "type_qvh": null}}, {"type": "Feature", "geometry": {"type": "Point", "coordinates": [-17.430815, 14.667529]}, "properties": {"id": "hotelerie-98", "type": "hotelerie", "type_label": "Hôtellerie", "nom": "HETEL TERANGA PULLMAN", "region": {"nom": "DAKAR", "code": 1}, "departement": {"nom": "DAKAR", "code": 11}, "commune": {"nom": "DAKAR", "code": 11301}, "communaute_rurale": {"nom": "DAKAR PLATEAU", "code": 1130112}, "quartier_village": "SANDIAL", "milieu": "URBAIN", "thematique": null, "type_qvh": null}}, {"type": "Feature", "geometry": {"type": "Point", "coordinates": [-17.434436, 14.670986]}, "properties": {"id": "hotelerie-99", "type": "hotelerie", "type_label": "Hôtellerie", "nom": "HOTEL. FARID", "region": {"nom": "DAKAR", "code": 1}, "departement": {"nom": "DAKAR", "code": 11}, "commune": {"nom": "DAKAR", "code": 11301}, "communaute_rurale": {"nom": "DAKAR PLATEAU", "code": 1130112}, "quartier_village": "SANDIAL", "milieu": "URBAIN", "thematique": null, "type_qvh": null}}, {"type": "Feature", "geometry": {"type": "Point", "coordinates": [-17.433522, 14.667122]}, "properties": {"id": "hotelerie-100", "type": "hotelerie", "type_label": "Hôtellerie", "nom": "HETEL MIRAMAR", "region": {"nom": "DAKAR", "code": 1}, "departement": {"nom": "DAKAR", "code": 11}, "commune": {"nom": "DAKAR", "code": 11301}, "communaute_rurale": {"nom": "DAKAR PLATEAU", "code": 1130112}, "quartier_village": "SANDIAL", "milieu": "URBAIN", "thematique": null, "type_qvh": null}}, {"type": "Feature", "geometry": {"type": "Point", "coordinates": [-17.432419, 14.671046]}, "properties": {"id": "hotelerie-101", "type": "hotelerie", "type_label": "Hôtellerie", "nom": "HETEL PROVENEAL", "region": {"nom": "DAKAR", "code": 1}, "departement": {"nom": "DAKAR", "code": 11}, "commune": {"nom": "DAKAR", "code": 11301}, "communaute_rurale": {"nom": "DAKAR PLATEAU", "code": 1130112}, "quartier_village": "SANDIAL", "milieu": "URBAIN", "thematique": null, "type_qvh": null}}, {"type": "Feature", "geometry": {"type": "Point", "coordinates": [-17.433109, 14.668261]}, "properties": {"id": "hotelerie-102", "type": "hotelerie", "type_label": "Hôtellerie", "nom": "HETEL NINA", "region": {"nom": "DAKAR", "code": 1}, "departement": {"nom": "DAKAR", "code": 11}, "commune": {"nom": "DAKAR", "code": 11301}, "communaute_rurale": {"nom": "DAKAR PLATEAU", "code": 1130112}, "quartier_village": "SANDIAL", "milieu": "URBAIN", "thematique": null, "type_qvh": null}}, {"type": "Feature", "geometry": {"type": "Point", "coordinates": [-17.425997, 14.669272]}, "properties": {"id": "hotelerie-103", "type": "hotelerie", "type_label": "Hôtellerie", "nom": "IBIS HOTEL", "region": {"nom": "DAKAR", "code": 1}, "departement": {"nom": "DAKAR", "code": 11}, "commune": {"nom": "DAKAR", "code": 11301}, "communaute_rurale": {"nom": "DAKAR PLATEAU", "code": 1130112}, "quartier_village": "SANDIAL", "milieu": "URBAIN", "thematique": null, "type_qvh": null}}, {"type": "Feature", "geometry": {"type": "Point", "coordinates": [-17.428418, 14.6711]}, "properties": {"id": "hotelerie-104", "type": "hotelerie", "type_label": "Hôtellerie", "nom": "Hotel Oceanic", "region": {"nom": "DAKAR", "code": 1}, "departement": {"nom": "DAKAR", "code": 11}, "commune": {"nom": "DAKAR", "code": 11301}, "communaute_rurale": {"nom": "DAKAR PLATEAU", "code": 1130112}, "quartier_village": "SANDIAL", "milieu": "URBAIN", "thematique": null, "type_qvh": null}}, {"type": "Feature", "geometry": {"type": "Point", "coordinates": [-17.428014, 14.670126]}, "properties": {"id": "hotelerie-105", "type": "hotelerie", "type_label": "Hôtellerie", "nom": "HOTEL DAYS ET SUITES", "region": {"nom": "DAKAR", "code": 1}, "departement": {"nom": "DAKAR", "code": 11}, "commune": {"nom": "DAKAR", "code": 11301}, "communaute_rurale": {"nom": "DAKAR PLATEAU", "code": 1130112}, "quartier_village": "SANDIAL", "milieu": "URBAIN", "thematique": null, "type_qvh": null}}, {"type": "Feature", "geometry": {"type": "Point", "coordinates": [-17.427731, 14.671617]}, "properties": {"id": "hotelerie-106", "type": "hotelerie", "type_label": "Hôtellerie", "nom": "HOTEL LES ARCADES", "region": {"nom": "DAKAR", "code": 1}, "departement": {"nom": "DAKAR", "code": 11}, "commune": {"nom": "DAKAR", "code": 11301}, "communaute_rurale": {"nom": "DAKAR PLATEAU", "code": 1130112}, "quartier_village": "SANDIAL", "milieu": "URBAIN", "thematique": null, "type_qvh": null}}, {"type": "Feature", "geometry": {"type": "Point", "coordinates": [-17.436402, 14.667185]}, "properties": {"id": "hotelerie-107", "type": "hotelerie", "type_label": "Hôtellerie", "nom": "HOTEL FLEURS DE LYS", "region": {"nom": "DAKAR", "code": 1}, "departement": {"nom": "DAKAR", "code": 11}, "commune": {"nom": "DAKAR", "code": 11301}, "communaute_rurale": {"nom": "DAKAR PLATEAU", "code": 1130112}, "quartier_village": "LAMBINASSE", "milieu": "URBAIN", "thematique": null, "type_qvh": null}}, {"type": "Feature", "geometry": {"type": "Point", "coordinates": [-17.436489, 14.66661]}, "properties": {"id": "hotelerie-108", "type": "hotelerie", "type_label": "Hôtellerie", "nom": "HETEL ALAFIFA", "region": {"nom": "DAKAR", "code": 1}, "departement": {"nom": "DAKAR", "code": 11}, "commune": {"nom": "DAKAR", "code": 11301}, "communaute_rurale": {"nom": "DAKAR PLATEAU", "code": 1130112}, "quartier_village": "LAMBINASSE", "milieu": "URBAIN", "thematique": null, "type_qvh": null}}, {"type": "Feature", "geometry": {"type": "Point", "coordinates": [-17.436189, 14.666241]}, "properties": {"id": "hotelerie-109", "type": "hotelerie", "type_label": "Hôtellerie", "nom": "HETEL LA VILLA RACINE", "region": {"nom": "DAKAR", "code": 1}, "departement": {"nom": "DAKAR", "code": 11}, "commune": {"nom": "DAKAR", "code": 11301}, "communaute_rurale": {"nom": "DAKAR PLATEAU", "code": 1130112}, "quartier_village": "LAMBINASSE", "milieu": "URBAIN", "thematique": null, "type_qvh": null}}, {"type": "Feature", "geometry": {"type": "Point", "coordinates": [-17.436725, 14.667156]}, "properties": {"id": "hotelerie-110", "type": "hotelerie", "type_label": "Hôtellerie", "nom": "Hotel ST LOUIS SUN", "region": {"nom": "DAKAR", "code": 1}, "departement": {"nom": "DAKAR", "code": 11}, "commune": {"nom": "DAKAR", "code": 11301}, "communaute_rurale": {"nom": "DAKAR PLATEAU", "code": 1130112}, "quartier_village": "LAMBINASSE", "milieu": "URBAIN", "thematique": null, "type_qvh": null}}, {"type": "Feature", "geometry": {"type": "Point", "coordinates": [-17.437064, 14.659632]}, "properties": {"id": "hotelerie-111", "type": "hotelerie", "type_label": "Hôtellerie", "nom": "HETEL RYSARA", "region": {"nom": "DAKAR", "code": 1}, "departement": {"nom": "DAKAR", "code": 11}, "commune": {"nom": "DAKAR", "code": 11301}, "communaute_rurale": {"nom": "DAKAR PLATEAU", "code": 1130112}, "quartier_village": "HOCK SANS FILS", "milieu": "URBAIN", "thematique": null, "type_qvh": null}}, {"type": "Feature", "geometry": {"type": "Point", "coordinates": [-17.437716, 14.668032]}, "properties": {"id": "hotelerie-112", "type": "hotelerie", "type_label": "Hôtellerie", "nom": "AUBERGE DU PLATEAU", "region": {"nom": "DAKAR", "code": 1}, "departement": {"nom": "DAKAR", "code": 11}, "commune": {"nom": "DAKAR", "code": 11301}, "communaute_rurale": {"nom": "DAKAR PLATEAU", "code": 1130112}, "quartier_village": "HOCK SANS FILS", "milieu": "URBAIN", "thematique": null, "type_qvh": null}}, {"type": "Feature", "geometry": {"type": "Point", "coordinates": [-17.431415, 14.654151]}, "properties": {"id": "hotelerie-113", "type": "hotelerie", "type_label": "Hôtellerie", "nom": "Hôtel SAVANA", "region": {"nom": "DAKAR", "code": 1}, "departement": {"nom": "DAKAR", "code": 11}, "commune": {"nom": "DAKAR", "code": 11301}, "communaute_rurale": {"nom": "DAKAR PLATEAU", "code": 1130112}, "quartier_village": "HOCK SANS FILS", "milieu": "URBAIN", "thematique": null, "type_qvh": null}}, {"type": "Feature", "geometry": {"type": "Point", "coordinates": [-17.433337, 14.654326]}, "properties": {"id": "hotelerie-114", "type": "hotelerie", "type_label": "Hôtellerie", "nom": "Petit palais", "region": {"nom": "DAKAR", "code": 1}, "departement": {"nom": "DAKAR", "code": 11}, "commune": {"nom": "DAKAR", "code": 11301}, "communaute_rurale": {"nom": "DAKAR PLATEAU", "code": 1130112}, "quartier_village": "HOCK SANS FILS", "milieu": "URBAIN", "thematique": null, "type_qvh": null}}, {"type": "Feature", "geometry": {"type": "Point", "coordinates": [-17.431042, 14.66979]}, "properties": {"id": "hotelerie-115", "type": "hotelerie", "type_label": "Hôtellerie", "nom": "NOUVELLE SOCIETE HETELIERE LA CROIX DU SUD", "region": {"nom": "DAKAR", "code": 1}, "departement": {"nom": "DAKAR", "code": 11}, "commune": {"nom": "DAKAR", "code": 11301}, "communaute_rurale": {"nom": "DAKAR PLATEAU", "code": 1130112}, "quartier_village": "SANDIAL", "milieu": "URBAIN", "thematique": null, "type_qvh": null}}, {"type": "Feature", "geometry": {"type": "Point", "coordinates": [-17.439525, 14.667262]}, "properties": {"id": "hotelerie-116", "type": "hotelerie", "type_label": "Hôtellerie", "nom": "HETEL LE NDIAMBOUR", "region": {"nom": "DAKAR", "code": 1}, "departement": {"nom": "DAKAR", "code": 11}, "commune": {"nom": "DAKAR", "code": 11301}, "communaute_rurale": {"nom": "DAKAR PLATEAU", "code": 1130112}, "quartier_village": "HOCK SANS FILS", "milieu": "URBAIN", "thematique": null, "type_qvh": null}}, {"type": "Feature", "geometry": {"type": "Point", "coordinates": [-17.442347, 14.663645]}, "properties": {"id": "hotelerie-117", "type": "hotelerie", "type_label": "Hôtellerie", "nom": "Hotel Sokhamon", "region": {"nom": "DAKAR", "code": 1}, "departement": {"nom": "DAKAR", "code": 11}, "commune": {"nom": "DAKAR", "code": 11301}, "communaute_rurale": {"nom": "DAKAR PLATEAU", "code": 1130112}, "quartier_village": "HOCK SANS FILS", "milieu": "URBAIN", "thematique": null, "type_qvh": null}}, {"type": "Feature", "geometry": {"type": "Point", "coordinates": [-17.44018, 14.666465]}, "properties": {"id": "hotelerie-118", "type": "hotelerie", "type_label": "Hôtellerie", "nom": "HOTEL DES DEPUTES /ASSEMBLEE NATIONALE", "region": {"nom": "DAKAR", "code": 1}, "departement": {"nom": "DAKAR", "code": 11}, "commune": {"nom": "DAKAR", "code": 11301}, "communaute_rurale": {"nom": "DAKAR PLATEAU", "code": 1130112}, "quartier_village": "HOCK SANS FILS", "milieu": "URBAIN", "thematique": null, "type_qvh": null}}, {"type": "Feature", "geometry": {"type": "Point", "coordinates": [-17.437939, 14.666415]}, "properties": {"id": "hotelerie-119", "type": "hotelerie", "type_label": "Hôtellerie", "nom": "Hotel", "region": {"nom": "DAKAR", "code": 1}, "departement": {"nom": "DAKAR", "code": 11}, "commune": {"nom": "DAKAR", "code": 11301}, "communaute_rurale": {"nom": "DAKAR PLATEAU", "code": 1130112}, "quartier_village": "HOCK SANS FILS", "milieu": "URBAIN", "thematique": null, "type_qvh": null}}, {"type": "Feature", "geometry": {"type": "Point", "coordinates": [-17.441835, 14.670652]}, "properties": {"id": "hotelerie-120", "type": "hotelerie", "type_label": "Hôtellerie", "nom": "AUBERGE", "region": {"nom": "DAKAR", "code": 1}, "departement": {"nom": "DAKAR", "code": 11}, "commune": {"nom": "DAKAR", "code": 11301}, "communaute_rurale": {"nom": "DAKAR PLATEAU", "code": 1130112}, "quartier_village": "NIAYE THIOCKER", "milieu": "URBAIN", "thematique": null, "type_qvh": null}}, {"type": "Feature", "geometry": {"type": "Point", "coordinates": [-17.435532, 14.671523]}, "properties": {"id": "hotelerie-121", "type": "hotelerie", "type_label": "Hôtellerie", "nom": "Hotel Al baraka", "region": {"nom": "DAKAR", "code": 1}, "departement": {"nom": "DAKAR", "code": 11}, "commune": {"nom": "DAKAR", "code": 11301}, "communaute_rurale": {"nom": "DAKAR PLATEAU", "code": 1130112}, "quartier_village": "DIECKO", "milieu": "URBAIN", "thematique": null, "type_qvh": null}}, {"type": "Feature", "geometry": {"type": "Point", "coordinates": [-17.436241, 14.66847]}, "properties": {"id": "hotelerie-122", "type": "hotelerie", "type_label": "Hôtellerie", "nom": "Hôtel Ganalé", "region": {"nom": "DAKAR", "code": 1}, "departement": {"nom": "DAKAR", "code": 11}, "commune": {"nom": "DAKAR", "code": 11301}, "communaute_rurale": {"nom": "DAKAR PLATEAU", "code": 1130112}, "quartier_village": "SANDIAL", "milieu": "URBAIN", "thematique": null, "type_qvh": null}}, {"type": "Feature", "geometry": {"type": "Point", "coordinates": [-17.439968, 14.670624]}, "properties": {"id": "hotelerie-123", "type": "hotelerie", "type_label": "Hôtellerie", "nom": "Hotel des députés", "region": {"nom": "DAKAR", "code": 1}, "departement": {"nom": "DAKAR", "code": 11}, "commune": {"nom": "DAKAR", "code": 11301}, "communaute_rurale": {"nom": "DAKAR PLATEAU", "code": 1130112}, "quartier_village": "THIEDEME", "milieu": "URBAIN", "thematique": null, "type_qvh": null}}, {"type": "Feature", "geometry": {"type": "Point", "coordinates": [-17.43643, 14.674888]}, "properties": {"id": "hotelerie-124", "type": "hotelerie", "type_label": "Hôtellerie", "nom": "AXIL Hotel (ex Faidherbe)", "region": {"nom": "DAKAR", "code": 1}, "departement": {"nom": "DAKAR", "code": 11}, "commune": {"nom": "DAKAR", "code": 11301}, "communaute_rurale": {"nom": "DAKAR PLATEAU", "code": 1130112}, "quartier_village": "DAROU SALAM I", "milieu": "URBAIN", "thematique": null, "type_qvh": null}}, {"type": "Feature", "geometry": {"type": "Point", "coordinates": [-17.441221, 14.679769]}, "properties": {"id": "hotelerie-125", "type": "hotelerie", "type_label": "Hôtellerie", "nom": "AUBERGE", "region": {"nom": "DAKAR", "code": 1}, "departement": {"nom": "DAKAR", "code": 11}, "commune": {"nom": "DAKAR", "code": 11301}, "communaute_rurale": {"nom": "DAKAR PLATEAU", "code": 1130112}, "quartier_village": "CITE CAP VERDIENNE", "milieu": "URBAIN", "thematique": null, "type_qvh": null}}, {"type": "Feature", "geometry": {"type": "Point", "coordinates": [-17.438011, 14.678809]}, "properties": {"id": "hotelerie-126", "type": "hotelerie", "type_label": "Hôtellerie", "nom": "LE PACHA HOTEL", "region": {"nom": "DAKAR", "code": 1}, "departement": {"nom": "DAKAR", "code": 11}, "commune": {"nom": "DAKAR", "code": 11301}, "communaute_rurale": {"nom": "DAKAR PLATEAU", "code": 1130112}, "quartier_village": "KAYES FINDIW", "milieu": "URBAIN", "thematique": null, "type_qvh": null}}, {"type": "Feature", "geometry": {"type": "Point", "coordinates": [-17.438721, 14.674419]}, "properties": {"id": "hotelerie-127", "type": "hotelerie", "type_label": "Hôtellerie", "nom": "AUBERGE", "region": {"nom": "DAKAR", "code": 1}, "departement": {"nom": "DAKAR", "code": 11}, "commune": {"nom": "DAKAR", "code": 11301}, "communaute_rurale": {"nom": "DAKAR PLATEAU", "code": 1130112}, "quartier_village": "YAKHA DIEUF", "milieu": "URBAIN", "thematique": null, "type_qvh": null}}, {"type": "Feature", "geometry": {"type": "Point", "coordinates": [-17.443297, 14.671798]}, "properties": {"id": "hotelerie-128", "type": "hotelerie", "type_label": "Hôtellerie", "nom": "LE SALOUM", "region": {"nom": "DAKAR", "code": 1}, "departement": {"nom": "DAKAR", "code": 11}, "commune": {"nom": "DAKAR", "code": 11301}, "communaute_rurale": {"nom": "DAKAR PLATEAU", "code": 1130112}, "quartier_village": "REUBEUSS", "milieu": "URBAIN", "thematique": null, "type_qvh": null}}, {"type": "Feature", "geometry": {"type": "Point", "coordinates": [-17.455837, 14.739506]}, "properties": {"id": "hotelerie-129", "type": "hotelerie", "type_label": "Hôtellerie", "nom": "Hôtellerie", "region": {"nom": "DAKAR", "code": 1}, "departement": {"nom": "DAKAR", "code": 11}, "commune": {"nom": "DAKAR", "code": 11301}, "communaute_rurale": {"nom": "GRAND YOFF", "code": 1130141}, "quartier_village": "HLM GRAND YOFF", "milieu": "URBAIN", "thematique": null, "type_qvh": null}}, {"type": "Feature", "geometry": {"type": "Point", "coordinates": [-17.463284, 14.739157]}, "properties": {"id": "hotelerie-130", "type": "hotelerie", "type_label": "Hôtellerie", "nom": "AUBERGE", "region": {"nom": "DAKAR", "code": 1}, "departement": {"nom": "DAKAR", "code": 11}, "commune": {"nom": "DAKAR", "code": 11301}, "communaute_rurale": {"nom": "GRAND YOFF", "code": 1130141}, "quartier_village": "SUD FOIRE (CITE SONATEL I)", "milieu": "URBAIN", "thematique": null, "type_qvh": null}}, {"type": "Feature", "geometry": {"type": "Point", "coordinates": [-17.45966, 14.739551]}, "properties": {"id": "hotelerie-131", "type": "hotelerie", "type_label": "Hôtellerie", "nom": "AUBERGE LE COUMBASSOU", "region": {"nom": "DAKAR", "code": 1}, "departement": {"nom": "DAKAR", "code": 11}, "commune": {"nom": "DAKAR", "code": 11301}, "communaute_rurale": {"nom": "GRAND YOFF", "code": 1130141}, "quartier_village": "SCAT URBAM (ILOT H)", "milieu": "URBAIN", "thematique": null, "type_qvh": null}}, {"type": "Feature", "geometry": {"type": "Point", "coordinates": [-17.45499, 14.742854]}, "properties": {"id": "hotelerie-132", "type": "hotelerie", "type_label": "Hôtellerie", "nom": "LA RESIDENCE PANAFRICAINE", "region": {"nom": "DAKAR", "code": 1}, "departement": {"nom": "DAKAR", "code": 11}, "commune": {"nom": "DAKAR", "code": 11301}, "communaute_rurale": {"nom": "GRAND YOFF", "code": 1130141}, "quartier_village": "HLM GRAND YOFF III", "milieu": "URBAIN", "thematique": null, "type_qvh": null}}, {"type": "Feature", "geometry": {"type": "Point", "coordinates": [-17.461271, 14.740108]}, "properties": {"id": "hotelerie-133", "type": "hotelerie", "type_label": "Hôtellerie", "nom": "Sousoum Hotel", "region": {"nom": "DAKAR", "code": 1}, "departement": {"nom": "DAKAR", "code": 11}, "commune": {"nom": "DAKAR", "code": 11301}, "communaute_rurale": {"nom": "GRAND YOFF", "code": 1130141}, "quartier_village": "SCAT URBAM (ILOT F)", "milieu": "URBAIN", "thematique": null, "type_qvh": null}}, {"type": "Feature", "geometry": {"type": "Point", "coordinates": [-17.444363, 14.73792]}, "properties": {"id": "hotelerie-134", "type": "hotelerie", "type_label": "Hôtellerie", "nom": "HOTEL", "region": {"nom": "DAKAR", "code": 1}, "departement": {"nom": "DAKAR", "code": 11}, "commune": {"nom": "DAKAR", "code": 11301}, "communaute_rurale": {"nom": "GRAND YOFF", "code": 1130141}, "quartier_village": "SANTHIABA", "milieu": "URBAIN", "thematique": null, "type_qvh": null}}, {"type": "Feature", "geometry": {"type": "Point", "coordinates": [-17.451745, 14.738239]}, "properties": {"id": "hotelerie-135", "type": "hotelerie", "type_label": "Hôtellerie", "nom": "HEINEKEN", "region": {"nom": "DAKAR", "code": 1}, "departement": {"nom": "DAKAR", "code": 11}, "commune": {"nom": "DAKAR", "code": 11301}, "communaute_rurale": {"nom": "GRAND YOFF", "code": 1130141}, "quartier_village": "ARAFAT I A", "milieu": "URBAIN", "thematique": null, "type_qvh": null}}, {"type": "Feature", "geometry": {"type": "Point", "coordinates": [-17.467645, 14.745203]}, "properties": {"id": "hotelerie-136", "type": "hotelerie", "type_label": "Hôtellerie", "nom": "HOTEL", "region": {"nom": "DAKAR", "code": 1}, "departement": {"nom": "DAKAR", "code": 11}, "commune": {"nom": "DAKAR", "code": 11301}, "communaute_rurale": {"nom": "GRAND YOFF", "code": 1130141}, "quartier_village": "CITE FOIRE MAGISTRAT", "milieu": "URBAIN", "thematique": null, "type_qvh": null}}, {"type": "Feature", "geometry": {"type": "Point", "coordinates": [-17.473597, 14.694957]}, "properties": {"id": "hotelerie-137", "type": "hotelerie", "type_label": "Hôtellerie", "nom": "RADISSON BLU", "region": {"nom": "DAKAR", "code": 1}, "departement": {"nom": "DAKAR", "code": 11}, "commune": {"nom": "DAKAR", "code": 11301}, "communaute_rurale": {"nom": "FANN POINT E AMITIE", "code": 1130115}, "quartier_village": "FANN RESIDENCE", "milieu": "URBAIN", "thematique": null, "type_qvh": null}}, {"type": "Feature", "geometry": {"type": "Point", "coordinates": [-17.464411, 14.698356]}, "properties": {"id": "hotelerie-138", "type": "hotelerie", "type_label": "Hôtellerie", "nom": "AUBERGE", "region": {"nom": "DAKAR", "code": 1}, "departement": {"nom": "DAKAR", "code": 11}, "commune": {"nom": "DAKAR", "code": 11301}, "communaute_rurale": {"nom": "FANN POINT E AMITIE", "code": 1130115}, "quartier_village": "POINT E", "milieu": "URBAIN", "thematique": null, "type_qvh": null}}, {"type": "Feature", "geometry": {"type": "Point", "coordinates": [-17.457987, 14.691839]}, "properties": {"id": "hotelerie-139", "type": "hotelerie", "type_label": "Hôtellerie", "nom": "HOTEL FLEUR DE LYS POINT E", "region": {"nom": "DAKAR", "code": 1}, "departement": {"nom": "DAKAR", "code": 11}, "commune": {"nom": "DAKAR", "code": 11301}, "communaute_rurale": {"nom": "FANN POINT E AMITIE", "code": 1130115}, "quartier_village": "POINT E", "milieu": "URBAIN", "thematique": null, "type_qvh": null}}, {"type": "Feature", "geometry": {"type": "Point", "coordinates": [-17.464259, 14.695534]}, "properties": {"id": "hotelerie-140", "type": "hotelerie", "type_label": "Hôtellerie", "nom": "RESIDENCE HETELIERE OLYMPUS", "region": {"nom": "DAKAR", "code": 1}, "departement": {"nom": "DAKAR", "code": 11}, "commune": {"nom": "DAKAR", "code": 11301}, "communaute_rurale": {"nom": "FANN POINT E AMITIE", "code": 1130115}, "quartier_village": "POINT E", "milieu": "URBAIN", "thematique": null, "type_qvh": null}}, {"type": "Feature", "geometry": {"type": "Point", "coordinates": [-17.462758, 14.679556]}, "properties": {"id": "hotelerie-141", "type": "hotelerie", "type_label": "Hôtellerie", "nom": "LE DJOLOFF", "region": {"nom": "DAKAR", "code": 1}, "departement": {"nom": "DAKAR", "code": 11}, "commune": {"nom": "DAKAR", "code": 11301}, "communaute_rurale": {"nom": "FANN POINT E AMITIE", "code": 1130115}, "quartier_village": "FANN HOCK", "milieu": "URBAIN", "thematique": null, "type_qvh": null}}, {"type": "Feature", "geometry": {"type": "Point", "coordinates": [-17.465217, 14.677046]}, "properties": {"id": "hotelerie-142", "type": "hotelerie", "type_label": "Hôtellerie", "nom": "TERROU BI", "region": {"nom": "DAKAR", "code": 1}, "departement": {"nom": "DAKAR", "code": 11}, "commune": {"nom": "DAKAR", "code": 11301}, "communaute_rurale": {"nom": "FANN POINT E AMITIE", "code": 1130115}, "quartier_village": "FANN HOCK", "milieu": "URBAIN", "thematique": null, "type_qvh": null}}, {"type": "Feature", "geometry": {"type": "Point", "coordinates": [-17.467327, 14.677096]}, "properties": {"id": "hotelerie-143", "type": "hotelerie", "type_label": "Hôtellerie", "nom": "TERROU BI", "region": {"nom": "DAKAR", "code": 1}, "departement": {"nom": "DAKAR", "code": 11}, "commune": {"nom": "DAKAR", "code": 11301}, "communaute_rurale": {"nom": "FANN POINT E AMITIE", "code": 1130115}, "quartier_village": "FANN HOCK", "milieu": "URBAIN", "thematique": null, "type_qvh": null}}, {"type": "Feature", "geometry": {"type": "Point", "coordinates": [-17.457725, 14.695152]}, "properties": {"id": "hotelerie-144", "type": "hotelerie", "type_label": "Hôtellerie", "nom": "LE PYRAMIDE", "region": {"nom": "DAKAR", "code": 1}, "departement": {"nom": "DAKAR", "code": 11}, "commune": {"nom": "DAKAR", "code": 11301}, "communaute_rurale": {"nom": "FANN POINT E AMITIE", "code": 1130115}, "quartier_village": "POINT E", "milieu": "URBAIN", "thematique": null, "type_qvh": null}}, {"type": "Feature", "geometry": {"type": "Point", "coordinates": [-17.453743, 14.701183]}, "properties": {"id": "hotelerie-145", "type": "hotelerie", "type_label": "Hôtellerie", "nom": "Hotel Le Fouta", "region": {"nom": "DAKAR", "code": 1}, "departement": {"nom": "DAKAR", "code": 11}, "commune": {"nom": "DAKAR", "code": 11301}, "communaute_rurale": {"nom": "GRAND DAKAR", "code": 1130121}, "quartier_village": "GRAND DAKAR VII B (ZONE A)", "milieu": "URBAIN", "thematique": null, "type_qvh": null}}, {"type": "Feature", "geometry": {"type": "Point", "coordinates": [-17.430185, 14.742447]}, "properties": {"id": "hotelerie-146", "type": "hotelerie", "type_label": "Hôtellerie", "nom": "NOMAD HOTEL", "region": {"nom": "DAKAR", "code": 1}, "departement": {"nom": "DAKAR", "code": 11}, "commune": {"nom": "GRAND DAKAR", "code": 11301}, "communaute_rurale": {"nom": "HANN BEL AIR", "code": 1130124}, "quartier_village": "CITE SCAT URBAM MARISTE II", "milieu": "URBAIN", "thematique": null, "type_qvh": null}}, {"type": "Feature", "geometry": {"type": "Point", "coordinates": [-17.423809, 14.740097]}, "properties": {"id": "hotelerie-147", "type": "hotelerie", "type_label": "Hôtellerie", "nom": "AUBERGE", "region": {"nom": "DAKAR", "code": 1}, "departement": {"nom": "DAKAR", "code": 11}, "commune": {"nom": "GRAND DAKAR", "code": 11301}, "communaute_rurale": {"nom": "HANN BEL AIR", "code": 1130124}, "quartier_village": "CITE SCAT URBAM MARISTE I", "milieu": "URBAIN", "thematique": null, "type_qvh": null}}, {"type": "Feature", "geometry": {"type": "Point", "coordinates": [-17.437251, 14.732222]}, "properties": {"id": "hotelerie-148", "type": "hotelerie", "type_label": "Hôtellerie", "nom": "CARREFOUR DES AMIS", "region": {"nom": "DAKAR", "code": 1}, "departement": {"nom": "DAKAR", "code": 11}, "commune": {"nom": "GRAND DAKAR", "code": 11301}, "communaute_rurale": {"nom": "HANN BEL AIR", "code": 1130124}, "quartier_village": "HANN MARISTE", "milieu": "URBAIN", "thematique": null, "type_qvh": null}}, {"type": "Feature", "geometry": {"type": "Point", "coordinates": [-17.424168, 14.705688]}, "properties": {"id": "hotelerie-149", "type": "hotelerie", "type_label": "Hôtellerie", "nom": "Hostel", "region": {"nom": "DAKAR", "code": 1}, "departement": {"nom": "DAKAR", "code": 11}, "commune": {"nom": "GRAND DAKAR", "code": 11301}, "communaute_rurale": {"nom": "HANN BEL AIR", "code": 1130124}, "quartier_village": "CITE ISRA", "milieu": "URBAIN", "thematique": null, "type_qvh": null}}, {"type": "Feature", "geometry": {"type": "Point", "coordinates": [-17.422912, 14.699256]}, "properties": {"id": "hotelerie-150", "type": "hotelerie", "type_label": "Hôtellerie", "nom": "MONACO PLAGE", "region": {"nom": "DAKAR", "code": 1}, "departement": {"nom": "DAKAR", "code": 11}, "commune": {"nom": "GRAND DAKAR", "code": 11301}, "communaute_rurale": {"nom": "HANN BEL AIR", "code": 1130124}, "quartier_village": "PORT", "milieu": "URBAIN", "thematique": null, "type_qvh": null}}, {"type": "Feature", "geometry": {"type": "Point", "coordinates": [-17.432448, 14.712088]}, "properties": {"id": "hotelerie-151", "type": "hotelerie", "type_label": "Hôtellerie", "nom": "Hotel GaÃndE", "region": {"nom": "DAKAR", "code": 1}, "departement": {"nom": "DAKAR", "code": 11}, "commune": {"nom": "GRAND DAKAR", "code": 11301}, "communaute_rurale": {"nom": "HANN BEL AIR", "code": 1130124}, "quartier_village": "HANN III", "milieu": "URBAIN", "thematique": null, "type_qvh": null}}, {"type": "Feature", "geometry": {"type": "Point", "coordinates": [-17.431516, 14.719911]}, "properties": {"id": "hotelerie-152", "type": "hotelerie", "type_label": "Hôtellerie", "nom": "Auberge", "region": {"nom": "DAKAR", "code": 1}, "departement": {"nom": "DAKAR", "code": 11}, "commune": {"nom": "GRAND DAKAR", "code": 11301}, "communaute_rurale": {"nom": "HANN BEL AIR", "code": 1130124}, "quartier_village": "HANN III", "milieu": "URBAIN", "thematique": null, "type_qvh": null}}, {"type": "Feature", "geometry": {"type": "Point", "coordinates": [-17.424948, 14.74412]}, "properties": {"id": "hotelerie-153", "type": "hotelerie", "type_label": "Hôtellerie", "nom": "AUBERGE", "region": {"nom": "DAKAR", "code": 1}, "departement": {"nom": "DAKAR", "code": 11}, "commune": {"nom": "GRAND DAKAR", "code": 11301}, "communaute_rurale": {"nom": "HANN BEL AIR", "code": 1130124}, "quartier_village": "HLM HANN MARISTE", "milieu": "URBAIN", "thematique": null, "type_qvh": null}}, {"type": "Feature", "geometry": {"type": "Point", "coordinates": [-17.433609, 14.741327]}, "properties": {"id": "hotelerie-154", "type": "hotelerie", "type_label": "Hôtellerie", "nom": "CHAMBRE MEUBLEE", "region": {"nom": "DAKAR", "code": 1}, "departement": {"nom": "DAKAR", "code": 11}, "commune": {"nom": "GRAND DAKAR", "code": 11301}, "communaute_rurale": {"nom": "HANN BEL AIR", "code": 1130124}, "quartier_village": "CITE SCAT URBAM MARISTE II", "milieu": "URBAIN", "thematique": null, "type_qvh": null}}, {"type": "Feature", "geometry": {"type": "Point", "coordinates": [-17.412778, 14.77645]}, "properties": {"id": "hotelerie-155", "type": "hotelerie", "type_label": "Hôtellerie", "nom": "AUBERGE BAHIA", "region": {"nom": "DAKAR", "code": 1}, "departement": {"nom": "GUEDIAWAYE", "code": 14}, "commune": {"nom": "VILLE DE GUEDIAWAYE", "code": 14301}, "communaute_rurale": {"nom": "GOLF SUD", "code": 1430111}, "quartier_village": "STATION X", "milieu": "URBAIN", "thematique": null, "type_qvh": null}}, {"type": "Feature", "geometry": {"type": "Point", "coordinates": [-17.403142, 14.77755]}, "properties": {"id": "hotelerie-156", "type": "hotelerie", "type_label": "Hôtellerie", "nom": "OBERGE DI MARIA", "region": {"nom": "DAKAR", "code": 1}, "departement": {"nom": "GUEDIAWAYE", "code": 14}, "commune": {"nom": "VILLE DE GUEDIAWAYE", "code": 14301}, "communaute_rurale": {"nom": "GOLF SUD", "code": 1430111}, "quartier_village": "CITE SHS", "milieu": "URBAIN", "thematique": null, "type_qvh": null}}, {"type": "Feature", "geometry": {"type": "Point", "coordinates": [-17.429056, 14.761108]}, "properties": {"id": "hotelerie-157", "type": "hotelerie", "type_label": "Hôtellerie", "nom": "HOTEL", "region": {"nom": "DAKAR", "code": 1}, "departement": {"nom": "GUEDIAWAYE", "code": 14}, "commune": {"nom": "VILLE DE GUEDIAWAYE", "code": 14301}, "communaute_rurale": {"nom": "GOLF SUD", "code": 1430111}, "quartier_village": "PARCELLES ASSAINIES UNITE V", "milieu": "URBAIN", "thematique": null, "type_qvh": null}}, {"type": "Feature", "geometry": {"type": "Point", "coordinates": [-17.424692, 14.752555]}, "properties": {"id": "hotelerie-158", "type": "hotelerie", "type_label": "Hôtellerie", "nom": "Hotel", "region": {"nom": "DAKAR", "code": 1}, "departement": {"nom": "GUEDIAWAYE", "code": 14}, "commune": {"nom": "VILLE DE GUEDIAWAYE", "code": 14301}, "communaute_rurale": {"nom": "GOLF SUD", "code": 1430111}, "quartier_village": "TECHNOPOLE NIAYES", "milieu": "URBAIN", "thematique": null, "type_qvh": null}}, {"type": "Feature", "geometry": {"type": "Point", "coordinates": [-17.366693, 14.788419]}, "properties": {"id": "hotelerie-159", "type": "hotelerie", "type_label": "Hôtellerie", "nom": "RESIDENCE COTE OUEST", "region": {"nom": "DAKAR", "code": 1}, "departement": {"nom": "GUEDIAWAYE", "code": 14}, "commune": {"nom": "VILLE DE GUEDIAWAYE", "code": 14301}, "communaute_rurale": {"nom": "WAKHINANE NIMZATT", "code": 1430123}, "quartier_village": "CITE CAISSE DE SECURITE SOCIALE", "milieu": "URBAIN", "thematique": null, "type_qvh": null}}, {"type": "Feature", "geometry": {"type": "Point", "coordinates": [-17.281698, 14.775417]}, "properties": {"id": "hotelerie-160", "type": "hotelerie", "type_label": "Hôtellerie", "nom": "AUBERGE METRAF", "region": {"nom": "DAKAR", "code": 1}, "departement": {"nom": "KEUR MASSAR", "code": 15}, "commune": {"nom": "JAXAAY", "code": 15203}, "communaute_rurale": {"nom": "JAXAAY PARCELLES", "code": 1520301}, "quartier_village": "PARCELLES ASSAINIES UNITE 21", "milieu": "URBAIN", "thematique": null, "type_qvh": null}}, {"type": "Feature", "geometry": {"type": "Point", "coordinates": [-17.300067, 14.794449]}, "properties": {"id": "hotelerie-161", "type": "hotelerie", "type_label": "Hôtellerie", "nom": "AUBERGE", "region": {"nom": "DAKAR", "code": 1}, "departement": {"nom": "KEUR MASSAR", "code": 15}, "commune": {"nom": "MALIKA", "code": 15202}, "communaute_rurale": {"nom": "KEUR MASSAR NORD", "code": 1520201}, "quartier_village": "NIMZAT SANT YALLA", "milieu": "URBAIN", "thematique": null, "type_qvh": null}}, {"type": "Feature", "geometry": {"type": "Point", "coordinates": [-17.313724, 14.766089]}, "properties": {"id": "hotelerie-162", "type": "hotelerie", "type_label": "Hôtellerie", "nom": "HOTEL TOUKI", "region": {"nom": "DAKAR", "code": 1}, "departement": {"nom": "KEUR MASSAR", "code": 15}, "commune": {"nom": "JAXAAY", "code": 15203}, "communaute_rurale": {"nom": "KEUR MASSAR SUD", "code": 1520302}, "quartier_village": "CITE MUNICIPALE", "milieu": "URBAIN", "thematique": null, "type_qvh": null}}, {"type": "Feature", "geometry": {"type": "Point", "coordinates": [-17.340412, 14.802871]}, "properties": {"id": "hotelerie-163", "type": "hotelerie", "type_label": "Hôtellerie", "nom": "AUBERGE CHEZ MARIE", "region": {"nom": "DAKAR", "code": 1}, "departement": {"nom": "KEUR MASSAR", "code": 15}, "commune": {"nom": "MALIKA", "code": 15202}, "communaute_rurale": {"nom": "MALIKA", "code": 1520202}, "quartier_village": "MALIKA SUR MER", "milieu": "URBAIN", "thematique": null, "type_qvh": null}}, {"type": "Feature", "geometry": {"type": "Point", "coordinates": [-17.342137, 14.803916]}, "properties": {"id": "hotelerie-164", "type": "hotelerie", "type_label": "Hôtellerie", "nom": "AUBERGE", "region": {"nom": "DAKAR", "code": 1}, "departement": {"nom": "KEUR MASSAR", "code": 15}, "commune": {"nom": "MALIKA", "code": 15202}, "communaute_rurale": {"nom": "MALIKA", "code": 1520202}, "quartier_village": "MALIKA SUR MER", "milieu": "URBAIN", "thematique": null, "type_qvh": null}}, {"type": "Feature", "geometry": {"type": "Point", "coordinates": [-17.342755, 14.803226]}, "properties": {"id": "hotelerie-165", "type": "hotelerie", "type_label": "Hôtellerie", "nom": "AUBERGE", "region": {"nom": "DAKAR", "code": 1}, "departement": {"nom": "KEUR MASSAR", "code": 15}, "commune": {"nom": "MALIKA", "code": 15202}, "communaute_rurale": {"nom": "MALIKA", "code": 1520202}, "quartier_village": "MALIKA SUR MER", "milieu": "URBAIN", "thematique": null, "type_qvh": null}}, {"type": "Feature", "geometry": {"type": "Point", "coordinates": [-17.33801, 14.805368]}, "properties": {"id": "hotelerie-166", "type": "hotelerie", "type_label": "Hôtellerie", "nom": "AUBERGE", "region": {"nom": "DAKAR", "code": 1}, "departement": {"nom": "KEUR MASSAR", "code": 15}, "commune": {"nom": "MALIKA", "code": 15202}, "communaute_rurale": {"nom": "MALIKA", "code": 1520202}, "quartier_village": "MALIKA SUR MER", "milieu": "URBAIN", "thematique": null, "type_qvh": null}}, {"type": "Feature", "geometry": {"type": "Point", "coordinates": [-17.336644, 14.733602]}, "properties": {"id": "hotelerie-167", "type": "hotelerie", "type_label": "Hôtellerie", "nom": "AUBERGE LA MADELEINE", "region": {"nom": "DAKAR", "code": 1}, "departement": {"nom": "PIKINE", "code": 12}, "commune": {"nom": "VILLE DE PIKINE", "code": 12301}, "communaute_rurale": {"nom": "MBAO", "code": 1230135}, "quartier_village": "PETIT MBAO PEULH(PETIT MBAO)", "milieu": "URBAIN", "thematique": null, "type_qvh": null}}, {"type": "Feature", "geometry": {"type": "Point", "coordinates": [-17.327706, 14.730384]}, "properties": {"id": "hotelerie-168", "type": "hotelerie", "type_label": "Hôtellerie", "nom": "AUBERGE DE LA PLAGE", "region": {"nom": "DAKAR", "code": 1}, "departement": {"nom": "PIKINE", "code": 12}, "commune": {"nom": "VILLE DE PIKINE", "code": 12301}, "communaute_rurale": {"nom": "MBAO", "code": 1230135}, "quartier_village": "AB GOKH (GRAND MBAO)", "milieu": "URBAIN", "thematique": null, "type_qvh": null}}, {"type": "Feature", "geometry": {"type": "Point", "coordinates": [-17.328532, 14.730942]}, "properties": {"id": "hotelerie-169", "type": "hotelerie", "type_label": "Hôtellerie", "nom": "HOTEL", "region": {"nom": "DAKAR", "code": 1}, "departement": {"nom": "PIKINE", "code": 12}, "commune": {"nom": "VILLE DE PIKINE", "code": 12301}, "communaute_rurale": {"nom": "MBAO", "code": 1230135}, "quartier_village": "AB GOKH (GRAND MBAO)", "milieu": "URBAIN", "thematique": null, "type_qvh": null}}, {"type": "Feature", "geometry": {"type": "Point", "coordinates": [-17.293948, 14.749186]}, "properties": {"id": "hotelerie-170", "type": "hotelerie", "type_label": "Hôtellerie", "nom": "HOTEL ALIOUNE SITOE DIATTA", "region": {"nom": "DAKAR", "code": 1}, "departement": {"nom": "PIKINE", "code": 12}, "commune": {"nom": "VILLE DE PIKINE", "code": 12301}, "communaute_rurale": {"nom": "MBAO", "code": 1230135}, "quartier_village": "CITE MANTOR DIOUF", "milieu": "URBAIN", "thematique": null, "type_qvh": null}}, {"type": "Feature", "geometry": {"type": "Point", "coordinates": [-17.330765, 14.747277]}, "properties": {"id": "hotelerie-171", "type": "hotelerie", "type_label": "Hôtellerie", "nom": "NABU DAVID", "region": {"nom": "DAKAR", "code": 1}, "departement": {"nom": "PIKINE", "code": 12}, "commune": {"nom": "VILLE DE PIKINE", "code": 12301}, "communaute_rurale": {"nom": "MBAO", "code": 1230135}, "quartier_village": "MBAO VILLENEUVE", "milieu": "URBAIN", "thematique": null, "type_qvh": null}}, {"type": "Feature", "geometry": {"type": "Point", "coordinates": [-17.335033, 14.733209]}, "properties": {"id": "hotelerie-172", "type": "hotelerie", "type_label": "Hôtellerie", "nom": "GALL GUI", "region": {"nom": "DAKAR", "code": 1}, "departement": {"nom": "PIKINE", "code": 12}, "commune": {"nom": "VILLE DE PIKINE", "code": 12301}, "communaute_rurale": {"nom": "MBAO", "code": 1230135}, "quartier_village": "MBAO PEULH", "milieu": "URBAIN", "thematique": null, "type_qvh": null}}, {"type": "Feature", "geometry": {"type": "Point", "coordinates": [-17.310852, 14.73296]}, "properties": {"id": "hotelerie-173", "type": "hotelerie", "type_label": "Hôtellerie", "nom": "HOTEL", "region": {"nom": "DAKAR", "code": 1}, "departement": {"nom": "PIKINE", "code": 12}, "commune": {"nom": "VILLE DE PIKINE", "code": 12301}, "communaute_rurale": {"nom": "MBAO", "code": 1230135}, "quartier_village": "LOTISSEMENT BAOBAB", "milieu": "URBAIN", "thematique": null, "type_qvh": null}}, {"type": "Feature", "geometry": {"type": "Point", "coordinates": [-17.419119, 14.737089]}, "properties": {"id": "hotelerie-174", "type": "hotelerie", "type_label": "Hôtellerie", "nom": "Hotel Hacienda", "region": {"nom": "DAKAR", "code": 1}, "departement": {"nom": "PIKINE", "code": 12}, "commune": {"nom": "VILLE DE PIKINE", "code": 12301}, "communaute_rurale": {"nom": "DALIFORT", "code": 1230124}, "quartier_village": "CITE MARINE III", "milieu": "URBAIN", "thematique": null, "type_qvh": null}}, {"type": "Feature", "geometry": {"type": "Point", "coordinates": [-17.420963, 14.744238]}, "properties": {"id": "hotelerie-175", "type": "hotelerie", "type_label": "Hôtellerie", "nom": "AUBERGE RESIDENCE AICHA", "region": {"nom": "DAKAR", "code": 1}, "departement": {"nom": "PIKINE", "code": 12}, "commune": {"nom": "VILLE DE PIKINE", "code": 12301}, "communaute_rurale": {"nom": "DALIFORT", "code": 1230124}, "quartier_village": "CITE SHELL", "milieu": "URBAIN", "thematique": null, "type_qvh": null}}, {"type": "Feature", "geometry": {"type": "Point", "coordinates": [-17.421304, 14.744359]}, "properties": {"id": "hotelerie-176", "type": "hotelerie", "type_label": "Hôtellerie", "nom": "HETEL SOGUI", "region": {"nom": "DAKAR", "code": 1}, "departement": {"nom": "PIKINE", "code": 12}, "commune": {"nom": "VILLE DE PIKINE", "code": 12301}, "communaute_rurale": {"nom": "DALIFORT", "code": 1230124}, "quartier_village": "CITE SHELL", "milieu": "URBAIN", "thematique": null, "type_qvh": null}}, {"type": "Feature", "geometry": {"type": "Point", "coordinates": [-17.342544, 14.772676]}, "properties": {"id": "hotelerie-177", "type": "hotelerie", "type_label": "Hôtellerie", "nom": "HETELLERIE/RESTAURATION", "region": {"nom": "DAKAR", "code": 1}, "departement": {"nom": "KEUR MASSAR", "code": 15}, "commune": {"nom": "YEUMBEUL NORD", "code": 15201}, "communaute_rurale": {"nom": "YEUMBEUL NORD", "code": 1520101}, "quartier_village": "COMICO II", "milieu": "URBAIN", "thematique": null, "type_qvh": null}}, {"type": "Feature", "geometry": {"type": "Point", "coordinates": [-17.228121, 14.693005]}, "properties": {"id": "hotelerie-178", "type": "hotelerie", "type_label": "Hôtellerie", "nom": "CAMPEMENT", "region": {"nom": "DAKAR", "code": 1}, "departement": {"nom": "RUFISQUE", "code": 13}, "commune": {"nom": "BARGNY", "code": 13101}, "communaute_rurale": {"nom": "BARGNY", "code": 1310100}, "quartier_village": "CITE II", "milieu": "URBAIN", "thematique": null, "type_qvh": null}}, {"type": "Feature", "geometry": {"type": "Point", "coordinates": [-17.179919, 14.721672]}, "properties": {"id": "hotelerie-179", "type": "hotelerie", "type_label": "Hôtellerie", "nom": "LE COLOMBIA", "region": {"nom": "DAKAR", "code": 1}, "departement": {"nom": "RUFISQUE", "code": 13}, "commune": {"nom": "DIAMNIADIO", "code": 13201}, "communaute_rurale": {"nom": "DIAMNIADIO", "code": 1320101}, "quartier_village": "DIAMNIADIO NORD", "milieu": "URBAIN", "thematique": null, "type_qvh": null}}, {"type": "Feature", "geometry": {"type": "Point", "coordinates": [-17.180043, 14.721824]}, "properties": {"id": "hotelerie-180", "type": "hotelerie", "type_label": "Hôtellerie", "nom": "COLOMBIA", "region": {"nom": "DAKAR", "code": 1}, "departement": {"nom": "RUFISQUE", "code": 13}, "commune": {"nom": "DIAMNIADIO", "code": 13201}, "communaute_rurale": {"nom": "DIAMNIADIO", "code": 1320101}, "quartier_village": "DIAMNIADIO NORD", "milieu": "URBAIN", "thematique": null, "type_qvh": null}}, {"type": "Feature", "geometry": {"type": "Point", "coordinates": [-17.265158, 14.726899]}, "properties": {"id": "hotelerie-181", "type": "hotelerie", "type_label": "Hôtellerie", "nom": "AUBERGE", "region": {"nom": "DAKAR", "code": 1}, "departement": {"nom": "RUFISQUE", "code": 13}, "commune": {"nom": "RUFISQUE", "code": 13301}, "communaute_rurale": {"nom": "RUFISQUE NORD", "code": 1330111}, "quartier_village": "GOUYE ALDIANA", "milieu": "URBAIN", "thematique": null, "type_qvh": null}}, {"type": "Feature", "geometry": {"type": "Point", "coordinates": [-17.285537, 14.724553]}, "properties": {"id": "hotelerie-182", "type": "hotelerie", "type_label": "Hôtellerie", "nom": "AUBERGE KEUR JOKKO", "region": {"nom": "DAKAR", "code": 1}, "departement": {"nom": "RUFISQUE", "code": 13}, "commune": {"nom": "RUFISQUE", "code": 13301}, "communaute_rurale": {"nom": "RUFISQUE OUEST", "code": 1330113}, "quartier_village": "CITE MILLIONNAIRE", "milieu": "URBAIN", "thematique": null, "type_qvh": null}}, {"type": "Feature", "geometry": {"type": "Point", "coordinates": [-17.204988, 14.789713]}, "properties": {"id": "hotelerie-183", "type": "hotelerie", "type_label": "Hôtellerie", "nom": "Campement Le Verger", "region": {"nom": "DAKAR", "code": 1}, "departement": {"nom": "RUFISQUE", "code": 13}, "commune": {"nom": "SANGALKAM", "code": 13202}, "communaute_rurale": {"nom": "SANGALKAM", "code": 1320202}, "quartier_village": "NDIAKHIRATE NDIAYENE", "milieu": "URBAIN", "thematique": null, "type_qvh": null}}, {"type": "Feature", "geometry": {"type": "Point", "coordinates": [-17.266636, 14.749324]}, "properties": {"id": "hotelerie-184", "type": "hotelerie", "type_label": "Hôtellerie", "nom": "CAMPEMENT", "region": {"nom": "DAKAR", "code": 1}, "departement": {"nom": "RUFISQUE", "code": 13}, "commune": {"nom": "SANGALKAM", "code": 13202}, "communaute_rurale": {"nom": "SANGALKAM", "code": 1320202}, "quartier_village": "KOUNOUNE LOTA6", "milieu": "URBAIN", "thematique": null, "type_qvh": null}}, {"type": "Feature", "geometry": {"type": "Point", "coordinates": [-17.265401, 14.750609]}, "properties": {"id": "hotelerie-185", "type": "hotelerie", "type_label": "Hôtellerie", "nom": "HOTEL", "region": {"nom": "DAKAR", "code": 1}, "departement": {"nom": "RUFISQUE", "code": 13}, "commune": {"nom": "SANGALKAM", "code": 13202}, "communaute_rurale": {"nom": "SANGALKAM", "code": 1320202}, "quartier_village": "KOUNOUNE LOTA6", "milieu": "URBAIN", "thematique": null, "type_qvh": null}}, {"type": "Feature", "geometry": {"type": "Point", "coordinates": [-17.2007, 14.668839]}, "properties": {"id": "hotelerie-186", "type": "hotelerie", "type_label": "Hôtellerie", "nom": "Hotelerie", "region": {"nom": "DAKAR", "code": 1}, "departement": {"nom": "RUFISQUE", "code": 13}, "commune": {"nom": "SENDOU", "code": 13106}, "communaute_rurale": {"nom": "SENDOU", "code": 1310600}, "quartier_village": "SENDOU EST EXTENSION", "milieu": "URBAIN", "thematique": null, "type_qvh": null}}, {"type": "Feature", "geometry": {"type": "Point", "coordinates": [-17.201831, 14.667719]}, "properties": {"id": "hotelerie-187", "type": "hotelerie", "type_label": "Hôtellerie", "nom": "HETEL LEPAYS SENDOU", "region": {"nom": "DAKAR", "code": 1}, "departement": {"nom": "RUFISQUE", "code": 13}, "commune": {"nom": "SENDOU", "code": 13106}, "communaute_rurale": {"nom": "SENDOU", "code": 1310600}, "quartier_village": "SENDOU THIOSSANE", "milieu": "URBAIN", "thematique": null, "type_qvh": null}}, {"type": "Feature", "geometry": {"type": "Point", "coordinates": [-17.201154, 14.667595]}, "properties": {"id": "hotelerie-188", "type": "hotelerie", "type_label": "Hôtellerie", "nom": "HETEL CABANO", "region": {"nom": "DAKAR", "code": 1}, "departement": {"nom": "RUFISQUE", "code": 13}, "commune": {"nom": "SENDOU", "code": 13106}, "communaute_rurale": {"nom": "SENDOU", "code": 1310600}, "quartier_village": "SENDOU THIOSSANE", "milieu": "URBAIN", "thematique": null, "type_qvh": null}}, {"type": "Feature", "geometry": {"type": "Point", "coordinates": [-17.19561, 14.66275]}, "properties": {"id": "hotelerie-189", "type": "hotelerie", "type_label": "Hôtellerie", "nom": "AUBERGE ROYALE", "region": {"nom": "DAKAR", "code": 1}, "departement": {"nom": "RUFISQUE", "code": 13}, "commune": {"nom": "SENDOU", "code": 13106}, "communaute_rurale": {"nom": "SENDOU", "code": 1310600}, "quartier_village": "SENDOU THIOSSANE", "milieu": "URBAIN", "thematique": null, "type_qvh": null}}, {"type": "Feature", "geometry": {"type": "Point", "coordinates": [-17.195731, 14.662864]}, "properties": {"id": "hotelerie-190", "type": "hotelerie", "type_label": "Hôtellerie", "nom": "AUBERGE", "region": {"nom": "DAKAR", "code": 1}, "departement": {"nom": "RUFISQUE", "code": 13}, "commune": {"nom": "SENDOU", "code": 13106}, "communaute_rurale": {"nom": "SENDOU", "code": 1310600}, "quartier_village": "SENDOU THIOSSANE", "milieu": "URBAIN", "thematique": null, "type_qvh": null}}, {"type": "Feature", "geometry": {"type": "Point", "coordinates": [-17.195217, 14.662409]}, "properties": {"id": "hotelerie-191", "type": "hotelerie", "type_label": "Hôtellerie", "nom": "AUBERGE DE SENDOU", "region": {"nom": "DAKAR", "code": 1}, "departement": {"nom": "RUFISQUE", "code": 13}, "commune": {"nom": "SENDOU", "code": 13106}, "communaute_rurale": {"nom": "SENDOU", "code": 1310600}, "quartier_village": "SENDOU THIOSSANE", "milieu": "URBAIN", "thematique": null, "type_qvh": null}}, {"type": "Feature", "geometry": {"type": "Point", "coordinates": [-17.199823, 14.666898]}, "properties": {"id": "hotelerie-192", "type": "hotelerie", "type_label": "Hôtellerie", "nom": "AUBERGE", "region": {"nom": "DAKAR", "code": 1}, "departement": {"nom": "RUFISQUE", "code": 13}, "commune": {"nom": "SENDOU", "code": 13106}, "communaute_rurale": {"nom": "SENDOU", "code": 1310600}, "quartier_village": "SENDOU EST EXTENSION", "milieu": "URBAIN", "thematique": null, "type_qvh": null}}, {"type": "Feature", "geometry": {"type": "Point", "coordinates": [-17.194704, 14.661505]}, "properties": {"id": "hotelerie-193", "type": "hotelerie", "type_label": "Hôtellerie", "nom": "AUBERGE", "region": {"nom": "DAKAR", "code": 1}, "departement": {"nom": "RUFISQUE", "code": 13}, "commune": {"nom": "SENDOU", "code": 13106}, "communaute_rurale": {"nom": "SENDOU", "code": 1310600}, "quartier_village": "SENDOU THIOSSANE", "milieu": "URBAIN", "thematique": null, "type_qvh": null}}, {"type": "Feature", "geometry": {"type": "Point", "coordinates": [-17.198955, 14.665245]}, "properties": {"id": "hotelerie-194", "type": "hotelerie", "type_label": "Hôtellerie", "nom": "AUBERGE CABANO", "region": {"nom": "DAKAR", "code": 1}, "departement": {"nom": "RUFISQUE", "code": 13}, "commune": {"nom": "SENDOU", "code": 13106}, "communaute_rurale": {"nom": "SENDOU", "code": 1310600}, "quartier_village": "SENDOU THIOSSANE", "milieu": "URBAIN", "thematique": null, "type_qvh": null}}, {"type": "Feature", "geometry": {"type": "Point", "coordinates": [-17.146499, 14.591866]}, "properties": {"id": "hotelerie-195", "type": "hotelerie", "type_label": "Hôtellerie", "nom": "Auberge", "region": {"nom": "DAKAR", "code": 1}, "departement": {"nom": "RUFISQUE", "code": 13}, "commune": {"nom": "DIAMNIADIO", "code": 13201}, "communaute_rurale": {"nom": "YENE", "code": 1320103}, "quartier_village": "TOUBAB DIALAW", "milieu": "RURAL", "thematique": null, "type_qvh": null}}, {"type": "Feature", "geometry": {"type": "Point", "coordinates": [-17.14714, 14.595589]}, "properties": {"id": "hotelerie-196", "type": "hotelerie", "type_label": "Hôtellerie", "nom": "Hôtel IRIS", "region": {"nom": "DAKAR", "code": 1}, "departement": {"nom": "RUFISQUE", "code": 13}, "commune": {"nom": "DIAMNIADIO", "code": 13201}, "communaute_rurale": {"nom": "YENE", "code": 1320103}, "quartier_village": "TOUBAB DIALAW", "milieu": "RURAL", "thematique": null, "type_qvh": null}}, {"type": "Feature", "geometry": {"type": "Point", "coordinates": [-17.148001, 14.600197]}, "properties": {"id": "hotelerie-197", "type": "hotelerie", "type_label": "Hôtellerie", "nom": "HETEL", "region": {"nom": "DAKAR", "code": 1}, "departement": {"nom": "RUFISQUE", "code": 13}, "commune": {"nom": "DIAMNIADIO", "code": 13201}, "communaute_rurale": {"nom": "YENE", "code": 1320103}, "quartier_village": "TOUBAB DIALAW", "milieu": "RURAL", "thematique": null, "type_qvh": null}}, {"type": "Feature", "geometry": {"type": "Point", "coordinates": [-17.151202, 14.605696]}, "properties": {"id": "hotelerie-198", "type": "hotelerie", "type_label": "Hôtellerie", "nom": "Hôtel SOBO BODE", "region": {"nom": "DAKAR", "code": 1}, "departement": {"nom": "RUFISQUE", "code": 13}, "commune": {"nom": "DIAMNIADIO", "code": 13201}, "communaute_rurale": {"nom": "YENE", "code": 1320103}, "quartier_village": "TOUBAB DIALAW", "milieu": "RURAL", "thematique": null, "type_qvh": null}}, {"type": "Feature", "geometry": {"type": "Point", "coordinates": [-17.15169, 14.607586]}, "properties": {"id": "hotelerie-199", "type": "hotelerie", "type_label": "Hôtellerie", "nom": "HOTEL", "region": {"nom": "DAKAR", "code": 1}, "departement": {"nom": "RUFISQUE", "code": 13}, "commune": {"nom": "DIAMNIADIO", "code": 13201}, "communaute_rurale": {"nom": "YENE", "code": 1320103}, "quartier_village": "TOUBAB DIALAW", "milieu": "RURAL", "thematique": null, "type_qvh": null}}, {"type": "Feature", "geometry": {"type": "Point", "coordinates": [-17.150456, 14.608394]}, "properties": {"id": "hotelerie-200", "type": "hotelerie", "type_label": "Hôtellerie", "nom": "HOTEL CHEZ PAOLO", "region": {"nom": "DAKAR", "code": 1}, "departement": {"nom": "RUFISQUE", "code": 13}, "commune": {"nom": "DIAMNIADIO", "code": 13201}, "communaute_rurale": {"nom": "YENE", "code": 1320103}, "quartier_village": "TOUBAB DIALAW", "milieu": "RURAL", "thematique": null, "type_qvh": null}}, {"type": "Feature", "geometry": {"type": "Point", "coordinates": [-17.150548, 14.608896]}, "properties": {"id": "hotelerie-201", "type": "hotelerie", "type_label": "Hôtellerie", "nom": "AU PBERGE", "region": {"nom": "DAKAR", "code": 1}, "departement": {"nom": "RUFISQUE", "code": 13}, "commune": {"nom": "DIAMNIADIO", "code": 13201}, "communaute_rurale": {"nom": "YENE", "code": 1320103}, "quartier_village": "TOUBAB DIALAW", "milieu": "RURAL", "thematique": null, "type_qvh": null}}, {"type": "Feature", "geometry": {"type": "Point", "coordinates": [-17.151134, 14.608042]}, "properties": {"id": "hotelerie-202", "type": "hotelerie", "type_label": "Hôtellerie", "nom": "AUBERGE", "region": {"nom": "DAKAR", "code": 1}, "departement": {"nom": "RUFISQUE", "code": 13}, "commune": {"nom": "DIAMNIADIO", "code": 13201}, "communaute_rurale": {"nom": "YENE", "code": 1320103}, "quartier_village": "TOUBAB DIALAW", "milieu": "RURAL", "thematique": null, "type_qvh": null}}, {"type": "Feature", "geometry": {"type": "Point", "coordinates": [-17.153269, 14.609768]}, "properties": {"id": "hotelerie-203", "type": "hotelerie", "type_label": "Hôtellerie", "nom": "HOTEL LA ROCHE FLEURIE", "region": {"nom": "DAKAR", "code": 1}, "departement": {"nom": "RUFISQUE", "code": 13}, "commune": {"nom": "DIAMNIADIO", "code": 13201}, "communaute_rurale": {"nom": "YENE", "code": 1320103}, "quartier_village": "TOUBAB DIALAW", "milieu": "RURAL", "thematique": null, "type_qvh": null}}, {"type": "Feature", "geometry": {"type": "Point", "coordinates": [-17.151377, 14.606288]}, "properties": {"id": "hotelerie-204", "type": "hotelerie", "type_label": "Hôtellerie", "nom": "HETEL ET RESTAURANT LA MIMOSA", "region": {"nom": "DAKAR", "code": 1}, "departement": {"nom": "RUFISQUE", "code": 13}, "commune": {"nom": "DIAMNIADIO", "code": 13201}, "communaute_rurale": {"nom": "YENE", "code": 1320103}, "quartier_village": "TOUBAB DIALAW", "milieu": "RURAL", "thematique": null, "type_qvh": null}}, {"type": "Feature", "geometry": {"type": "Point", "coordinates": [-17.153346, 14.614529]}, "properties": {"id": "hotelerie-205", "type": "hotelerie", "type_label": "Hôtellerie", "nom": "Hôtel BLACK AND WHITE", "region": {"nom": "DAKAR", "code": 1}, "departement": {"nom": "RUFISQUE", "code": 13}, "commune": {"nom": "DIAMNIADIO", "code": 13201}, "communaute_rurale": {"nom": "YENE", "code": 1320103}, "quartier_village": "KELLE", "milieu": "RURAL", "thematique": null, "type_qvh": null}}, {"type": "Feature", "geometry": {"type": "Point", "coordinates": [-17.151068, 14.611124]}, "properties": {"id": "hotelerie-206", "type": "hotelerie", "type_label": "Hôtellerie", "nom": "HETEL", "region": {"nom": "DAKAR", "code": 1}, "departement": {"nom": "RUFISQUE", "code": 13}, "commune": {"nom": "DIAMNIADIO", "code": 13201}, "communaute_rurale": {"nom": "YENE", "code": 1320103}, "quartier_village": "KELLE", "milieu": "RURAL", "thematique": null, "type_qvh": null}}, {"type": "Feature", "geometry": {"type": "Point", "coordinates": [-17.172968, 14.640863]}, "properties": {"id": "hotelerie-207", "type": "hotelerie", "type_label": "Hôtellerie", "nom": "Hôtel communautaire de Yenne", "region": {"nom": "DAKAR", "code": 1}, "departement": {"nom": "RUFISQUE", "code": 13}, "commune": {"nom": "DIAMNIADIO", "code": 13201}, "communaute_rurale": {"nom": "YENE", "code": 1320103}, "quartier_village": "YENE GUEDJI", "milieu": "RURAL", "thematique": null, "type_qvh": null}}, {"type": "Feature", "geometry": {"type": "Point", "coordinates": [-17.149798, 14.610004]}, "properties": {"id": "hotelerie-208", "type": "hotelerie", "type_label": "Hôtellerie", "nom": "AUBERGE", "region": {"nom": "DAKAR", "code": 1}, "departement": {"nom": "RUFISQUE", "code": 13}, "commune": {"nom": "DIAMNIADIO", "code": 13201}, "communaute_rurale": {"nom": "YENE", "code": 1320103}, "quartier_village": "TOUBAB DIALAW", "milieu": "RURAL", "thematique": null, "type_qvh": null}}, {"type": "Feature", "geometry": {"type": "Point", "coordinates": [-17.166836, 14.62982]}, "properties": {"id": "hotelerie-209", "type": "hotelerie", "type_label": "Hôtellerie", "nom": "Hôtel", "region": {"nom": "DAKAR", "code": 1}, "departement": {"nom": "RUFISQUE", "code": 13}, "commune": {"nom": "DIAMNIADIO", "code": 13201}, "communaute_rurale": {"nom": "YENE", "code": 1320103}, "quartier_village": "NDITAKH", "milieu": "RURAL", "thematique": null, "type_qvh": null}}, {"type": "Feature", "geometry": {"type": "Point", "coordinates": [-17.154386, 14.611343]}, "properties": {"id": "hotelerie-210", "type": "hotelerie", "type_label": "Hôtellerie", "nom": "AUBERGE", "region": {"nom": "DAKAR", "code": 1}, "departement": {"nom": "RUFISQUE", "code": 13}, "commune": {"nom": "DIAMNIADIO", "code": 13201}, "communaute_rurale": {"nom": "YENE", "code": 1320103}, "quartier_village": "KELLE", "milieu": "RURAL", "thematique": null, "type_qvh": null}}, {"type": "Feature", "geometry": {"type": "Point", "coordinates": [-17.154309, 14.611622]}, "properties": {"id": "hotelerie-211", "type": "hotelerie", "type_label": "Hôtellerie", "nom": "HETELS", "region": {"nom": "DAKAR", "code": 1}, "departement": {"nom": "RUFISQUE", "code": 13}, "commune": {"nom": "DIAMNIADIO", "code": 13201}, "communaute_rurale": {"nom": "YENE", "code": 1320103}, "quartier_village": "KELLE", "milieu": "RURAL", "thematique": null, "type_qvh": null}}, {"type": "Feature", "geometry": {"type": "Point", "coordinates": [-17.145395, 14.596563]}, "properties": {"id": "hotelerie-212", "type": "hotelerie", "type_label": "Hôtellerie", "nom": "HETEL PARADIALAW", "region": {"nom": "DAKAR", "code": 1}, "departement": {"nom": "RUFISQUE", "code": 13}, "commune": {"nom": "DIAMNIADIO", "code": 13201}, "communaute_rurale": {"nom": "YENE", "code": 1320103}, "quartier_village": "TOUBAB DIALAW", "milieu": "RURAL", "thematique": null, "type_qvh": null}}, {"type": "Feature", "geometry": {"type": "Point", "coordinates": [-17.153733, 14.616762]}, "properties": {"id": "hotelerie-213", "type": "hotelerie", "type_label": "Hôtellerie", "nom": "HOTEL", "region": {"nom": "DAKAR", "code": 1}, "departement": {"nom": "RUFISQUE", "code": 13}, "commune": {"nom": "DIAMNIADIO", "code": 13201}, "communaute_rurale": {"nom": "YENE", "code": 1320103}, "quartier_village": "KELLE", "milieu": "RURAL", "thematique": null, "type_qvh": null}}, {"type": "Feature", "geometry": {"type": "Point", "coordinates": [-17.190754, 14.657236]}, "properties": {"id": "hotelerie-214", "type": "hotelerie", "type_label": "Hôtellerie", "nom": "AUBERGE", "region": {"nom": "DAKAR", "code": 1}, "departement": {"nom": "RUFISQUE", "code": 13}, "commune": {"nom": "DIAMNIADIO", "code": 13201}, "communaute_rurale": {"nom": "YENE", "code": 1320103}, "quartier_village": "YENE TODD", "milieu": "RURAL", "thematique": null, "type_qvh": null}}, {"type": "Feature", "geometry": {"type": "Point", "coordinates": [-17.270643, 14.712255]}, "properties": {"id": "hotelerie-215", "type": "hotelerie", "type_label": "Hôtellerie", "nom": "Hôtel le Koussan", "region": {"nom": "DAKAR", "code": 1}, "departement": {"nom": "RUFISQUE", "code": 13}, "commune": {"nom": "RUFISQUE", "code": 13301}, "communaute_rurale": {"nom": "RUFISQUE EST", "code": 1330112}, "quartier_village": "KEURY KAW", "milieu": "URBAIN", "thematique": null, "type_qvh": null}}, {"type": "Feature", "geometry": {"type": "Point", "coordinates": [-17.356446, 14.73861]}, "properties": {"id": "hotelerie-216", "type": "hotelerie", "type_label": "Hôtellerie", "nom": "AUBERGE", "region": {"nom": "DAKAR", "code": 1}, "departement": {"nom": "PIKINE", "code": 12}, "commune": {"nom": "VILLE DE PIKINE", "code": 12301}, "communaute_rurale": {"nom": "THIAROYE SUR MER", "code": 1230131}, "quartier_village": "MBATAL", "milieu": "URBAIN", "thematique": null, "type_qvh": null}}, {"type": "Feature", "geometry": {"type": "Point", "coordinates": [-17.351919, 14.737682]}, "properties": {"id": "hotelerie-217", "type": "hotelerie", "type_label": "Hôtellerie", "nom": "HETEL STELLA DI MARE", "region": {"nom": "DAKAR", "code": 1}, "departement": {"nom": "PIKINE", "code": 12}, "commune": {"nom": "VILLE DE PIKINE", "code": 12301}, "communaute_rurale": {"nom": "THIAROYE SUR MER", "code": 1230131}, "quartier_village": "MBATAL KEUR NGADIEL", "milieu": "URBAIN", "thematique": null, "type_qvh": null}}, {"type": "Feature", "geometry": {"type": "Point", "coordinates": [-17.245286, 14.827499]}, "properties": {"id": "hotelerie-218", "type": "hotelerie", "type_label": "Hôtellerie", "nom": "CAMPEMENT", "region": {"nom": "DAKAR", "code": 1}, "departement": {"nom": "RUFISQUE", "code": 13}, "commune": {"nom": "SANGALKAM", "code": 13202}, "communaute_rurale": {"nom": "TIVAOUANE PEULH NIAGHA", "code": 1320203}, "quartier_village": "NIAGHA PEULH", "milieu": "RURAL", "thematique": null, "type_qvh": null}}, {"type": "Feature", "geometry": {"type": "Point", "coordinates": [-17.244903, 14.827485]}, "properties": {"id": "hotelerie-219", "type": "hotelerie", "type_label": "Hôtellerie", "nom": "CAMPEMENT", "region": {"nom": "DAKAR", "code": 1}, "departement": {"nom": "RUFISQUE", "code": 13}, "commune": {"nom": "SANGALKAM", "code": 13202}, "communaute_rurale": {"nom": "TIVAOUANE PEULH NIAGHA", "code": 1320203}, "quartier_village": "NIAGHA PEULH", "milieu": "RURAL", "thematique": null, "type_qvh": null}}, {"type": "Feature", "geometry": {"type": "Point", "coordinates": [-17.242149, 14.828299]}, "properties": {"id": "hotelerie-220", "type": "hotelerie", "type_label": "Hôtellerie", "nom": "HOTEL ANNEXE", "region": {"nom": "DAKAR", "code": 1}, "departement": {"nom": "RUFISQUE", "code": 13}, "commune": {"nom": "SANGALKAM", "code": 13202}, "communaute_rurale": {"nom": "TIVAOUANE PEULH NIAGHA", "code": 1320203}, "quartier_village": "NIAGHA PEULH", "milieu": "RURAL", "thematique": null, "type_qvh": null}}, {"type": "Feature", "geometry": {"type": "Point", "coordinates": [-17.235751, 14.83033]}, "properties": {"id": "hotelerie-221", "type": "hotelerie", "type_label": "Hôtellerie", "nom": "CAMPEMENT", "region": {"nom": "DAKAR", "code": 1}, "departement": {"nom": "RUFISQUE", "code": 13}, "commune": {"nom": "SANGALKAM", "code": 13202}, "communaute_rurale": {"nom": "TIVAOUANE PEULH NIAGHA", "code": 1320203}, "quartier_village": "NIAGHA PEULH", "milieu": "RURAL", "thematique": null, "type_qvh": null}}, {"type": "Feature", "geometry": {"type": "Point", "coordinates": [-17.233523, 14.830884]}, "properties": {"id": "hotelerie-222", "type": "hotelerie", "type_label": "Hôtellerie", "nom": "Campement", "region": {"nom": "DAKAR", "code": 1}, "departement": {"nom": "RUFISQUE", "code": 13}, "commune": {"nom": "SANGALKAM", "code": 13202}, "communaute_rurale": {"nom": "TIVAOUANE PEULH NIAGHA", "code": 1320203}, "quartier_village": "NIAGHA PEULH", "milieu": "RURAL", "thematique": null, "type_qvh": null}}, {"type": "Feature", "geometry": {"type": "Point", "coordinates": [-17.229038, 14.829399]}, "properties": {"id": "hotelerie-223", "type": "hotelerie", "type_label": "Hôtellerie", "nom": "Hotel EN CONSTRUCTION", "region": {"nom": "DAKAR", "code": 1}, "departement": {"nom": "RUFISQUE", "code": 13}, "commune": {"nom": "SANGALKAM", "code": 13202}, "communaute_rurale": {"nom": "TIVAOUANE PEULH NIAGHA", "code": 1320203}, "quartier_village": "NIAGHA PEULH", "milieu": "RURAL", "thematique": null, "type_qvh": null}}, {"type": "Feature", "geometry": {"type": "Point", "coordinates": [-17.225536, 14.830523]}, "properties": {"id": "hotelerie-224", "type": "hotelerie", "type_label": "Hôtellerie", "nom": "HOTEL", "region": {"nom": "DAKAR", "code": 1}, "departement": {"nom": "RUFISQUE", "code": 13}, "commune": {"nom": "SANGALKAM", "code": 13202}, "communaute_rurale": {"nom": "TIVAOUANE PEULH NIAGHA", "code": 1320203}, "quartier_village": "NIAGHA PEULH", "milieu": "RURAL", "thematique": null, "type_qvh": null}}, {"type": "Feature", "geometry": {"type": "Point", "coordinates": [-17.246579, 14.827776]}, "properties": {"id": "hotelerie-225", "type": "hotelerie", "type_label": "Hôtellerie", "nom": "CAMPEMENT", "region": {"nom": "DAKAR", "code": 1}, "departement": {"nom": "RUFISQUE", "code": 13}, "commune": {"nom": "SANGALKAM", "code": 13202}, "communaute_rurale": {"nom": "TIVAOUANE PEULH NIAGHA", "code": 1320203}, "quartier_village": "NIAGHA PEULH", "milieu": "RURAL", "thematique": null, "type_qvh": null}}, {"type": "Feature", "geometry": {"type": "Point", "coordinates": [-17.23733, 14.827461]}, "properties": {"id": "hotelerie-226", "type": "hotelerie", "type_label": "Hôtellerie", "nom": "AUBERGE", "region": {"nom": "DAKAR", "code": 1}, "departement": {"nom": "RUFISQUE", "code": 13}, "commune": {"nom": "SANGALKAM", "code": 13202}, "communaute_rurale": {"nom": "TIVAOUANE PEULH NIAGHA", "code": 1320203}, "quartier_village": "NIAGHA PEULH", "milieu": "RURAL", "thematique": null, "type_qvh": null}}, {"type": "Feature", "geometry": {"type": "Point", "coordinates": [-17.23974, 14.829581]}, "properties": {"id": "hotelerie-227", "type": "hotelerie", "type_label": "Hôtellerie", "nom": "HOTEL", "region": {"nom": "DAKAR", "code": 1}, "departement": {"nom": "RUFISQUE", "code": 13}, "commune": {"nom": "SANGALKAM", "code": 13202}, "communaute_rurale": {"nom": "TIVAOUANE PEULH NIAGHA", "code": 1320203}, "quartier_village": "NIAGHA PEULH", "milieu": "RURAL", "thematique": null, "type_qvh": null}}, {"type": "Feature", "geometry": {"type": "Point", "coordinates": [-17.242106, 14.829822]}, "properties": {"id": "hotelerie-228", "type": "hotelerie", "type_label": "Hôtellerie", "nom": "CAMPEMENT", "region": {"nom": "DAKAR", "code": 1}, "departement": {"nom": "RUFISQUE", "code": 13}, "commune": {"nom": "SANGALKAM", "code": 13202}, "communaute_rurale": {"nom": "TIVAOUANE PEULH NIAGHA", "code": 1320203}, "quartier_village": "NIAGHA PEULH", "milieu": "RURAL", "thematique": null, "type_qvh": null}}, {"type": "Feature", "geometry": {"type": "Point", "coordinates": [-17.243908, 14.831228]}, "properties": {"id": "hotelerie-229", "type": "hotelerie", "type_label": "Hôtellerie", "nom": "HOTEL", "region": {"nom": "DAKAR", "code": 1}, "departement": {"nom": "RUFISQUE", "code": 13}, "commune": {"nom": "SANGALKAM", "code": 13202}, "communaute_rurale": {"nom": "TIVAOUANE PEULH NIAGHA", "code": 1320203}, "quartier_village": "NIAGHA PEULH", "milieu": "RURAL", "thematique": null, "type_qvh": null}}, {"type": "Feature", "geometry": {"type": "Point", "coordinates": [-17.244933, 14.83151]}, "properties": {"id": "hotelerie-230", "type": "hotelerie", "type_label": "Hôtellerie", "nom": "HOTEL", "region": {"nom": "DAKAR", "code": 1}, "departement": {"nom": "RUFISQUE", "code": 13}, "commune": {"nom": "SANGALKAM", "code": 13202}, "communaute_rurale": {"nom": "TIVAOUANE PEULH NIAGHA", "code": 1320203}, "quartier_village": "NIAGHA PEULH", "milieu": "RURAL", "thematique": null, "type_qvh": null}}, {"type": "Feature", "geometry": {"type": "Point", "coordinates": [-17.25001, 14.834209]}, "properties": {"id": "hotelerie-231", "type": "hotelerie", "type_label": "Hôtellerie", "nom": "Campement LES CRISTAUX", "region": {"nom": "DAKAR", "code": 1}, "departement": {"nom": "RUFISQUE", "code": 13}, "commune": {"nom": "SANGALKAM", "code": 13202}, "communaute_rurale": {"nom": "TIVAOUANE PEULH NIAGHA", "code": 1320203}, "quartier_village": "NIAGHA PEULH", "milieu": "RURAL", "thematique": null, "type_qvh": null}}, {"type": "Feature", "geometry": {"type": "Point", "coordinates": [-17.251314, 14.834159]}, "properties": {"id": "hotelerie-232", "type": "hotelerie", "type_label": "Hôtellerie", "nom": "Campement LES CRISTAUX", "region": {"nom": "DAKAR", "code": 1}, "departement": {"nom": "RUFISQUE", "code": 13}, "commune": {"nom": "SANGALKAM", "code": 13202}, "communaute_rurale": {"nom": "TIVAOUANE PEULH NIAGHA", "code": 1320203}, "quartier_village": "NIAGHA PEULH", "milieu": "RURAL", "thematique": null, "type_qvh": null}}, {"type": "Feature", "geometry": {"type": "Point", "coordinates": [-17.248841, 14.829481]}, "properties": {"id": "hotelerie-233", "type": "hotelerie", "type_label": "Hôtellerie", "nom": "LES JARDINS DU LAC", "region": {"nom": "DAKAR", "code": 1}, "departement": {"nom": "RUFISQUE", "code": 13}, "commune": {"nom": "SANGALKAM", "code": 13202}, "communaute_rurale": {"nom": "TIVAOUANE PEULH NIAGHA", "code": 1320203}, "quartier_village": "NIAGHA PEULH", "milieu": "RURAL", "thematique": null, "type_qvh": null}}, {"type": "Feature", "geometry": {"type": "Point", "coordinates": [-17.231491, 14.829368]}, "properties": {"id": "hotelerie-234", "type": "hotelerie", "type_label": "Hôtellerie", "nom": "Campement", "region": {"nom": "DAKAR", "code": 1}, "departement": {"nom": "RUFISQUE", "code": 13}, "commune": {"nom": "SANGALKAM", "code": 13202}, "communaute_rurale": {"nom": "TIVAOUANE PEULH NIAGHA", "code": 1320203}, "quartier_village": "NIAGHA PEULH", "milieu": "RURAL", "thematique": null, "type_qvh": null}}, {"type": "Feature", "geometry": {"type": "Point", "coordinates": [-17.228106, 14.830922]}, "properties": {"id": "hotelerie-235", "type": "hotelerie", "type_label": "Hôtellerie", "nom": "HOTEL", "region": {"nom": "DAKAR", "code": 1}, "departement": {"nom": "RUFISQUE", "code": 13}, "commune": {"nom": "SANGALKAM", "code": 13202}, "communaute_rurale": {"nom": "TIVAOUANE PEULH NIAGHA", "code": 1320203}, "quartier_village": "NIAGHA PEULH", "milieu": "RURAL", "thematique": null, "type_qvh": null}}, {"type": "Feature", "geometry": {"type": "Point", "coordinates": [-17.248488, 14.80644]}, "properties": {"id": "hotelerie-236", "type": "hotelerie", "type_label": "Hôtellerie", "nom": "AUBERGE", "region": {"nom": "DAKAR", "code": 1}, "departement": {"nom": "RUFISQUE", "code": 13}, "commune": {"nom": "SANGALKAM", "code": 13202}, "communaute_rurale": {"nom": "TIVAOUANE PEULH NIAGHA", "code": 1320203}, "quartier_village": "TAWFEKH CFI INVEST", "milieu": "RURAL", "thematique": null, "type_qvh": null}}, {"type": "Feature", "geometry": {"type": "Point", "coordinates": [-17.235819, 14.829633]}, "properties": {"id": "hotelerie-237", "type": "hotelerie", "type_label": "Hôtellerie", "nom": "CAMPEMENT", "region": {"nom": "DAKAR", "code": 1}, "departement": {"nom": "RUFISQUE", "code": 13}, "commune": {"nom": "SANGALKAM", "code": 13202}, "communaute_rurale": {"nom": "TIVAOUANE PEULH NIAGHA", "code": 1320203}, "quartier_village": "NIAGHA PEULH", "milieu": "RURAL", "thematique": null, "type_qvh": null}}, {"type": "Feature", "geometry": {"type": "Point", "coordinates": [-17.233304, 14.830535]}, "properties": {"id": "hotelerie-238", "type": "hotelerie", "type_label": "Hôtellerie", "nom": "CAMPEMENT", "region": {"nom": "DAKAR", "code": 1}, "departement": {"nom": "RUFISQUE", "code": 13}, "commune": {"nom": "SANGALKAM", "code": 13202}, "communaute_rurale": {"nom": "TIVAOUANE PEULH NIAGHA", "code": 1320203}, "quartier_village": "NIAGHA PEULH", "milieu": "RURAL", "thematique": null, "type_qvh": null}}, {"type": "Feature", "geometry": {"type": "Point", "coordinates": [-17.255427, 14.835109]}, "properties": {"id": "hotelerie-239", "type": "hotelerie", "type_label": "Hôtellerie", "nom": "AUBERGE EN CONSTRUCTION", "region": {"nom": "DAKAR", "code": 1}, "departement": {"nom": "RUFISQUE", "code": 13}, "commune": {"nom": "SANGALKAM", "code": 13202}, "communaute_rurale": {"nom": "TIVAOUANE PEULH NIAGHA", "code": 1320203}, "quartier_village": "NIAGHA PEULH", "milieu": "RURAL", "thematique": null, "type_qvh": null}}, {"type": "Feature", "geometry": {"type": "Point", "coordinates": [-17.238125, 14.827806]}, "properties": {"id": "hotelerie-240", "type": "hotelerie", "type_label": "Hôtellerie", "nom": "HOTEL LE BARON", "region": {"nom": "DAKAR", "code": 1}, "departement": {"nom": "RUFISQUE", "code": 13}, "commune": {"nom": "SANGALKAM", "code": 13202}, "communaute_rurale": {"nom": "TIVAOUANE PEULH NIAGHA", "code": 1320203}, "quartier_village": "NIAGHA PEULH", "milieu": "RURAL", "thematique": null, "type_qvh": null}}, {"type": "Feature", "geometry": {"type": "Point", "coordinates": [-17.238771, 14.82929]}, "properties": {"id": "hotelerie-241", "type": "hotelerie", "type_label": "Hôtellerie", "nom": "HETEL", "region": {"nom": "DAKAR", "code": 1}, "departement": {"nom": "RUFISQUE", "code": 13}, "commune": {"nom": "SANGALKAM", "code": 13202}, "communaute_rurale": {"nom": "TIVAOUANE PEULH NIAGHA", "code": 1320203}, "quartier_village": "NIAGHA PEULH", "milieu": "RURAL", "thematique": null, "type_qvh": null}}, {"type": "Feature", "geometry": {"type": "Point", "coordinates": [-17.249456, 14.835469]}, "properties": {"id": "hotelerie-242", "type": "hotelerie", "type_label": "Hôtellerie", "nom": "PALAL HOTEL", "region": {"nom": "DAKAR", "code": 1}, "departement": {"nom": "RUFISQUE", "code": 13}, "commune": {"nom": "SANGALKAM", "code": 13202}, "communaute_rurale": {"nom": "TIVAOUANE PEULH NIAGHA", "code": 1320203}, "quartier_village": "NIAGHA PEULH", "milieu": "RURAL", "thematique": null, "type_qvh": null}}, {"type": "Feature", "geometry": {"type": "Point", "coordinates": [-17.249714, 14.836455]}, "properties": {"id": "hotelerie-243", "type": "hotelerie", "type_label": "Hôtellerie", "nom": "HOTEL TRARZA", "region": {"nom": "DAKAR", "code": 1}, "departement": {"nom": "RUFISQUE", "code": 13}, "commune": {"nom": "SANGALKAM", "code": 13202}, "communaute_rurale": {"nom": "TIVAOUANE PEULH NIAGHA", "code": 1320203}, "quartier_village": "NIAGHA PEULH", "milieu": "RURAL", "thematique": null, "type_qvh": null}}, {"type": "Feature", "geometry": {"type": "Point", "coordinates": [-17.249331, 14.837652]}, "properties": {"id": "hotelerie-244", "type": "hotelerie", "type_label": "Hôtellerie", "nom": "CAMPING LE NOMADE", "region": {"nom": "DAKAR", "code": 1}, "departement": {"nom": "RUFISQUE", "code": 13}, "commune": {"nom": "SANGALKAM", "code": 13202}, "communaute_rurale": {"nom": "TIVAOUANE PEULH NIAGHA", "code": 1320203}, "quartier_village": "NIAGHA PEULH", "milieu": "RURAL", "thematique": null, "type_qvh": null}}, {"type": "Feature", "geometry": {"type": "Point", "coordinates": [-17.249772, 14.83793]}, "properties": {"id": "hotelerie-245", "type": "hotelerie", "type_label": "Hôtellerie", "nom": "AUBERGE LE NOMADE", "region": {"nom": "DAKAR", "code": 1}, "departement": {"nom": "RUFISQUE", "code": 13}, "commune": {"nom": "SANGALKAM", "code": 13202}, "communaute_rurale": {"nom": "TIVAOUANE PEULH NIAGHA", "code": 1320203}, "quartier_village": "NIAGHA PEULH", "milieu": "RURAL", "thematique": null, "type_qvh": null}}, {"type": "Feature", "geometry": {"type": "Point", "coordinates": [-17.235782, 14.851048]}, "properties": {"id": "hotelerie-246", "type": "hotelerie", "type_label": "Hôtellerie", "nom": "AUBERGE", "region": {"nom": "DAKAR", "code": 1}, "departement": {"nom": "RUFISQUE", "code": 13}, "commune": {"nom": "SANGALKAM", "code": 13202}, "communaute_rurale": {"nom": "TIVAOUANE PEULH NIAGHA", "code": 1320203}, "quartier_village": "NIAGHA PEULH", "milieu": "RURAL", "thematique": null, "type_qvh": null}}, {"type": "Feature", "geometry": {"type": "Point", "coordinates": [-17.240874, 14.843812]}, "properties": {"id": "hotelerie-247", "type": "hotelerie", "type_label": "Hôtellerie", "nom": "HOTEL NAKAMOU", "region": {"nom": "DAKAR", "code": 1}, "departement": {"nom": "RUFISQUE", "code": 13}, "commune": {"nom": "SANGALKAM", "code": 13202}, "communaute_rurale": {"nom": "TIVAOUANE PEULH NIAGHA", "code": 1320203}, "quartier_village": "NIAGHA PEULH", "milieu": "RURAL", "thematique": null, "type_qvh": null}}, {"type": "Feature", "geometry": {"type": "Point", "coordinates": [-17.218311, 14.848039]}, "properties": {"id": "hotelerie-248", "type": "hotelerie", "type_label": "Hôtellerie", "nom": "CAMPEMENT", "region": {"nom": "DAKAR", "code": 1}, "departement": {"nom": "RUFISQUE", "code": 13}, "commune": {"nom": "SANGALKAM", "code": 13202}, "communaute_rurale": {"nom": "TIVAOUANE PEULH NIAGHA", "code": 1320203}, "quartier_village": "NIAGHA PEULH", "milieu": "RURAL", "thematique": null, "type_qvh": null}}, {"type": "Feature", "geometry": {"type": "Point", "coordinates": [-17.217557, 14.849205]}, "properties": {"id": "hotelerie-249", "type": "hotelerie", "type_label": "Hôtellerie", "nom": "HETEL ENTREE LAC ET MER", "region": {"nom": "DAKAR", "code": 1}, "departement": {"nom": "RUFISQUE", "code": 13}, "commune": {"nom": "SANGALKAM", "code": 13202}, "communaute_rurale": {"nom": "TIVAOUANE PEULH NIAGHA", "code": 1320203}, "quartier_village": "KEUR BALLA", "milieu": "RURAL", "thematique": null, "type_qvh": null}}, {"type": "Feature", "geometry": {"type": "Point", "coordinates": [-17.225065, 14.844667]}, "properties": {"id": "hotelerie-250", "type": "hotelerie", "type_label": "Hôtellerie", "nom": "CAMPEMENT TOURISTIQUES", "region": {"nom": "DAKAR", "code": 1}, "departement": {"nom": "RUFISQUE", "code": 13}, "commune": {"nom": "SANGALKAM", "code": 13202}, "communaute_rurale": {"nom": "TIVAOUANE PEULH NIAGHA", "code": 1320203}, "quartier_village": "KEUR BALLA", "milieu": "RURAL", "thematique": null, "type_qvh": null}}, {"type": "Feature", "geometry": {"type": "Point", "coordinates": [-17.24918, 14.832156]}, "properties": {"id": "hotelerie-251", "type": "hotelerie", "type_label": "Hôtellerie", "nom": "HOTEL SALIM", "region": {"nom": "DAKAR", "code": 1}, "departement": {"nom": "RUFISQUE", "code": 13}, "commune": {"nom": "SANGALKAM", "code": 13202}, "communaute_rurale": {"nom": "TIVAOUANE PEULH NIAGHA", "code": 1320203}, "quartier_village": "NIAGHA PEULH", "milieu": "RURAL", "thematique": null, "type_qvh": null}}, {"type": "Feature", "geometry": {"type": "Point", "coordinates": [-17.253075, 14.835705]}, "properties": {"id": "hotelerie-252", "type": "hotelerie", "type_label": "Hôtellerie", "nom": "AUBERGE EN CONSTRUCTION", "region": {"nom": "DAKAR", "code": 1}, "departement": {"nom": "RUFISQUE", "code": 13}, "commune": {"nom": "SANGALKAM", "code": 13202}, "communaute_rurale": {"nom": "TIVAOUANE PEULH NIAGHA", "code": 1320203}, "quartier_village": "NIAGHA PEULH", "milieu": "RURAL", "thematique": null, "type_qvh": null}}, {"type": "Feature", "geometry": {"type": "Point", "coordinates": [-17.241663, 14.827995]}, "properties": {"id": "hotelerie-253", "type": "hotelerie", "type_label": "Hôtellerie", "nom": "HOTEL ROBERT CHANU", "region": {"nom": "DAKAR", "code": 1}, "departement": {"nom": "RUFISQUE", "code": 13}, "commune": {"nom": "SANGALKAM", "code": 13202}, "communaute_rurale": {"nom": "TIVAOUANE PEULH NIAGHA", "code": 1320203}, "quartier_village": "NIAGHA PEULH", "milieu": "RURAL", "thematique": null, "type_qvh": null}}, {"type": "Feature", "geometry": {"type": "Point", "coordinates": [-17.200552, 14.872498]}, "properties": {"id": "hotelerie-254", "type": "hotelerie", "type_label": "Hôtellerie", "nom": "AUBERGE", "region": {"nom": "DAKAR", "code": 1}, "departement": {"nom": "RUFISQUE", "code": 13}, "commune": {"nom": "SANGALKAM", "code": 13202}, "communaute_rurale": {"nom": "TIVAOUANE PEULH NIAGHA", "code": 1320203}, "quartier_village": "DENY GUEDJ NORD", "milieu": "RURAL", "thematique": null, "type_qvh": null}}, {"type": "Feature", "geometry": {"type": "Point", "coordinates": [-17.293608, 14.817529]}, "properties": {"id": "hotelerie-255", "type": "hotelerie", "type_label": "Hôtellerie", "nom": "HETEL", "region": {"nom": "DAKAR", "code": 1}, "departement": {"nom": "RUFISQUE", "code": 13}, "commune": {"nom": "SANGALKAM", "code": 13202}, "communaute_rurale": {"nom": "TIVAOUANE PEULH NIAGHA", "code": 1320203}, "quartier_village": "CITE APIX", "milieu": "RURAL", "thematique": null, "type_qvh": null}}, {"type": "Feature", "geometry": {"type": "Point", "coordinates": [-17.490822, 14.755358]}, "properties": {"id": "hotelerie-256", "type": "hotelerie", "type_label": "Hôtellerie", "nom": "HOTEL DE CAPITAL", "region": {"nom": "DAKAR", "code": 1}, "departement": {"nom": "DAKAR", "code": 11}, "commune": {"nom": "DAKAR", "code": 11301}, "communaute_rurale": {"nom": "YOFF", "code": 1130133}, "quartier_village": "TOUNDEUP REYA", "milieu": "URBAIN", "thematique": null, "type_qvh": null}}, {"type": "Feature", "geometry": {"type": "Point", "coordinates": [-17.474155, 14.740678]}, "properties": {"id": "hotelerie-257", "type": "hotelerie", "type_label": "Hôtellerie", "nom": "AUBERGE", "region": {"nom": "DAKAR", "code": 1}, "departement": {"nom": "DAKAR", "code": 11}, "commune": {"nom": "DAKAR", "code": 11301}, "communaute_rurale": {"nom": "YOFF", "code": 1130133}, "quartier_village": "CITE TOBAGO", "milieu": "URBAIN", "thematique": null, "type_qvh": null}}, {"type": "Feature", "geometry": {"type": "Point", "coordinates": [-17.491481, 14.752503]}, "properties": {"id": "hotelerie-258", "type": "hotelerie", "type_label": "Hôtellerie", "nom": "HOTEL RESIDENCE", "region": {"nom": "DAKAR", "code": 1}, "departement": {"nom": "DAKAR", "code": 11}, "commune": {"nom": "DAKAR", "code": 11301}, "communaute_rurale": {"nom": "YOFF", "code": 1130133}, "quartier_village": "TOUNDEUP REYA", "milieu": "URBAIN", "thematique": null, "type_qvh": null}}, {"type": "Feature", "geometry": {"type": "Point", "coordinates": [-17.487899, 14.752693]}, "properties": {"id": "hotelerie-259", "type": "hotelerie", "type_label": "Hôtellerie", "nom": "OVE RESIDENCE", "region": {"nom": "DAKAR", "code": 1}, "departement": {"nom": "DAKAR", "code": 11}, "commune": {"nom": "DAKAR", "code": 11301}, "communaute_rurale": {"nom": "YOFF", "code": 1130133}, "quartier_village": "TOUNDEUP REYA", "milieu": "URBAIN", "thematique": null, "type_qvh": null}}, {"type": "Feature", "geometry": {"type": "Point", "coordinates": [-17.496034, 14.752786]}, "properties": {"id": "hotelerie-260", "type": "hotelerie", "type_label": "Hôtellerie", "nom": "HOTEL VILLA RIA", "region": {"nom": "DAKAR", "code": 1}, "departement": {"nom": "DAKAR", "code": 11}, "commune": {"nom": "DAKAR", "code": 11301}, "communaute_rurale": {"nom": "YOFF", "code": 1130133}, "quartier_village": "TOUNDEUP REYA", "milieu": "URBAIN", "thematique": null, "type_qvh": null}}, {"type": "Feature", "geometry": {"type": "Point", "coordinates": [-17.491737, 14.753647]}, "properties": {"id": "hotelerie-261", "type": "hotelerie", "type_label": "Hôtellerie", "nom": "RESIDENCE HETELIERE", "region": {"nom": "DAKAR", "code": 1}, "departement": {"nom": "DAKAR", "code": 11}, "commune": {"nom": "DAKAR", "code": 11301}, "communaute_rurale": {"nom": "YOFF", "code": 1130133}, "quartier_village": "TOUNDEUP REYA", "milieu": "URBAIN", "thematique": null, "type_qvh": null}}, {"type": "Feature", "geometry": {"type": "Point", "coordinates": [-17.495485, 14.754377]}, "properties": {"id": "hotelerie-262", "type": "hotelerie", "type_label": "Hôtellerie", "nom": "LIAISON ENTRE LHOTEL ET LE GONDOLIER", "region": {"nom": "DAKAR", "code": 1}, "departement": {"nom": "DAKAR", "code": 11}, "commune": {"nom": "DAKAR", "code": 11301}, "communaute_rurale": {"nom": "YOFF", "code": 1130133}, "quartier_village": "TOUNDEUP REYA", "milieu": "URBAIN", "thematique": null, "type_qvh": null}}, {"type": "Feature", "geometry": {"type": "Point", "coordinates": [-17.464583, 14.761742]}, "properties": {"id": "hotelerie-263", "type": "hotelerie", "type_label": "Hôtellerie", "nom": "HETELS", "region": {"nom": "DAKAR", "code": 1}, "departement": {"nom": "DAKAR", "code": 11}, "commune": {"nom": "DAKAR", "code": 11301}, "communaute_rurale": {"nom": "YOFF", "code": 1130133}, "quartier_village": "CITE APECSY I", "milieu": "URBAIN", "thematique": null, "type_qvh": null}}, {"type": "Feature", "geometry": {"type": "Point", "coordinates": [-17.48984, 14.754722]}, "properties": {"id": "hotelerie-264", "type": "hotelerie", "type_label": "Hôtellerie", "nom": "HOTEL CLAUDIA", "region": {"nom": "DAKAR", "code": 1}, "departement": {"nom": "DAKAR", "code": 11}, "commune": {"nom": "DAKAR", "code": 11301}, "communaute_rurale": {"nom": "YOFF", "code": 1130133}, "quartier_village": "TOUNDEUP REYA", "milieu": "URBAIN", "thematique": null, "type_qvh": null}}, {"type": "Feature", "geometry": {"type": "Point", "coordinates": [-17.471828, 14.750559]}, "properties": {"id": "hotelerie-265", "type": "hotelerie", "type_label": "Hôtellerie", "nom": "Hôtellerie", "region": {"nom": "DAKAR", "code": 1}, "departement": {"nom": "DAKAR", "code": 11}, "commune": {"nom": "DAKAR", "code": 11301}, "communaute_rurale": {"nom": "YOFF", "code": 1130133}, "quartier_village": "CITE SONATEL III", "milieu": "URBAIN", "thematique": null, "type_qvh": null}}, {"type": "Feature", "geometry": {"type": "Point", "coordinates": [-17.495556, 14.754576]}, "properties": {"id": "hotelerie-266", "type": "hotelerie", "type_label": "Hôtellerie", "nom": "Le virage (Hotel)", "region": {"nom": "DAKAR", "code": 1}, "departement": {"nom": "DAKAR", "code": 11}, "commune": {"nom": "DAKAR", "code": 11301}, "communaute_rurale": {"nom": "YOFF", "code": 1130133}, "quartier_village": "TOUNDEUP REYA", "milieu": "URBAIN", "thematique": null, "type_qvh": null}}, {"type": "Feature", "geometry": {"type": "Point", "coordinates": [-17.491719, 14.754541]}, "properties": {"id": "hotelerie-267", "type": "hotelerie", "type_label": "Hôtellerie", "nom": "Hotel", "region": {"nom": "DAKAR", "code": 1}, "departement": {"nom": "DAKAR", "code": 11}, "commune": {"nom": "DAKAR", "code": 11301}, "communaute_rurale": {"nom": "YOFF", "code": 1130133}, "quartier_village": "TOUNDEUP REYA", "milieu": "URBAIN", "thematique": null, "type_qvh": null}}, {"type": "Feature", "geometry": {"type": "Point", "coordinates": [-17.49059, 14.757587]}, "properties": {"id": "hotelerie-268", "type": "hotelerie", "type_label": "Hôtellerie", "nom": "RESIDENCE HETELIERE", "region": {"nom": "DAKAR", "code": 1}, "departement": {"nom": "DAKAR", "code": 11}, "commune": {"nom": "DAKAR", "code": 11301}, "communaute_rurale": {"nom": "YOFF", "code": 1130133}, "quartier_village": "TOUNDEUP REYA", "milieu": "URBAIN", "thematique": null, "type_qvh": null}}, {"type": "Feature", "geometry": {"type": "Point", "coordinates": [-17.485492, 14.756301]}, "properties": {"id": "hotelerie-269", "type": "hotelerie", "type_label": "Hôtellerie", "nom": "Hotel ONOMO", "region": {"nom": "DAKAR", "code": 1}, "departement": {"nom": "DAKAR", "code": 11}, "commune": {"nom": "DAKAR", "code": 11301}, "communaute_rurale": {"nom": "YOFF", "code": 1130133}, "quartier_village": "CITE ASECNA EXTENSION", "milieu": "URBAIN", "thematique": null, "type_qvh": null}}, {"type": "Feature", "geometry": {"type": "Point", "coordinates": [-17.483642, 14.761618]}, "properties": {"id": "hotelerie-270", "type": "hotelerie", "type_label": "Hôtellerie", "nom": "ANNEXE HOTEL OCEAN", "region": {"nom": "DAKAR", "code": 1}, "departement": {"nom": "DAKAR", "code": 11}, "commune": {"nom": "DAKAR", "code": 11301}, "communaute_rurale": {"nom": "YOFF", "code": 1130133}, "quartier_village": "TONGHOR", "milieu": "URBAIN", "thematique": null, "type_qvh": null}}, {"type": "Feature", "geometry": {"type": "Point", "coordinates": [-17.482325, 14.760131]}, "properties": {"id": "hotelerie-271", "type": "hotelerie", "type_label": "Hôtellerie", "nom": "Hotel Tahiti", "region": {"nom": "DAKAR", "code": 1}, "departement": {"nom": "DAKAR", "code": 11}, "commune": {"nom": "DAKAR", "code": 11301}, "communaute_rurale": {"nom": "YOFF", "code": 1130133}, "quartier_village": "TONGHOR", "milieu": "URBAIN", "thematique": null, "type_qvh": null}}, {"type": "Feature", "geometry": {"type": "Point", "coordinates": [-17.472998, 14.7508]}, "properties": {"id": "hotelerie-272", "type": "hotelerie", "type_label": "Hôtellerie", "nom": "HOTEL CHEZ AMIGAYTON", "region": {"nom": "DAKAR", "code": 1}, "departement": {"nom": "DAKAR", "code": 11}, "commune": {"nom": "DAKAR", "code": 11301}, "communaute_rurale": {"nom": "YOFF", "code": 1130133}, "quartier_village": "CITE SONATEL III", "milieu": "URBAIN", "thematique": null, "type_qvh": null}}, {"type": "Feature", "geometry": {"type": "Point", "coordinates": [-17.467413, 14.748939]}, "properties": {"id": "hotelerie-273", "type": "hotelerie", "type_label": "Hôtellerie", "nom": "AUBERGE", "region": {"nom": "DAKAR", "code": 1}, "departement": {"nom": "DAKAR", "code": 11}, "commune": {"nom": "DAKAR", "code": 11301}, "communaute_rurale": {"nom": "YOFF", "code": 1130133}, "quartier_village": "CITE A. EL. MAS", "milieu": "URBAIN", "thematique": null, "type_qvh": null}}, {"type": "Feature", "geometry": {"type": "Point", "coordinates": [-17.468014, 14.749946]}, "properties": {"id": "hotelerie-274", "type": "hotelerie", "type_label": "Hôtellerie", "nom": "AUBERGE", "region": {"nom": "DAKAR", "code": 1}, "departement": {"nom": "DAKAR", "code": 11}, "commune": {"nom": "DAKAR", "code": 11301}, "communaute_rurale": {"nom": "YOFF", "code": 1130133}, "quartier_village": "CITE BARA MBOUP", "milieu": "URBAIN", "thematique": null, "type_qvh": null}}, {"type": "Feature", "geometry": {"type": "Point", "coordinates": [-17.464203, 14.751484]}, "properties": {"id": "hotelerie-275", "type": "hotelerie", "type_label": "Hôtellerie", "nom": "AUBERGE", "region": {"nom": "DAKAR", "code": 1}, "departement": {"nom": "DAKAR", "code": 11}, "commune": {"nom": "DAKAR", "code": 11301}, "communaute_rurale": {"nom": "YOFF", "code": 1130133}, "quartier_village": "CITE BCEAO II", "milieu": "URBAIN", "thematique": null, "type_qvh": null}}, {"type": "Feature", "geometry": {"type": "Point", "coordinates": [-17.453822, 14.762239]}, "properties": {"id": "hotelerie-276", "type": "hotelerie", "type_label": "Hôtellerie", "nom": "HOTEL", "region": {"nom": "DAKAR", "code": 1}, "departement": {"nom": "DAKAR", "code": 11}, "commune": {"nom": "DAKAR", "code": 11301}, "communaute_rurale": {"nom": "YOFF", "code": 1130133}, "quartier_village": "CITE LA POSTE (DIAMALAYE)", "milieu": "URBAIN", "thematique": null, "type_qvh": null}}, {"type": "Feature", "geometry": {"type": "Point", "coordinates": [-17.457185, 14.76265]}, "properties": {"id": "hotelerie-277", "type": "hotelerie", "type_label": "Hôtellerie", "nom": "AUBERGE", "region": {"nom": "DAKAR", "code": 1}, "departement": {"nom": "DAKAR", "code": 11}, "commune": {"nom": "DAKAR", "code": 11301}, "communaute_rurale": {"nom": "YOFF", "code": 1130133}, "quartier_village": "CITE DJILY MBAYE", "milieu": "URBAIN", "thematique": null, "type_qvh": null}}, {"type": "Feature", "geometry": {"type": "Point", "coordinates": [-17.450828, 14.763387]}, "properties": {"id": "hotelerie-278", "type": "hotelerie", "type_label": "Hôtellerie", "nom": "HOTEL", "region": {"nom": "DAKAR", "code": 1}, "departement": {"nom": "DAKAR", "code": 11}, "commune": {"nom": "DAKAR", "code": 11301}, "communaute_rurale": {"nom": "YOFF", "code": 1130133}, "quartier_village": "DIAMALAYE II", "milieu": "URBAIN", "thematique": null, "type_qvh": null}}, {"type": "Feature", "geometry": {"type": "Point", "coordinates": [-17.460234, 14.762169]}, "properties": {"id": "hotelerie-279", "type": "hotelerie", "type_label": "Hôtellerie", "nom": "HETEL", "region": {"nom": "DAKAR", "code": 1}, "departement": {"nom": "DAKAR", "code": 11}, "commune": {"nom": "DAKAR", "code": 11301}, "communaute_rurale": {"nom": "YOFF", "code": 1130133}, "quartier_village": "CITE BCEAO OCEAN", "milieu": "URBAIN", "thematique": null, "type_qvh": null}}, {"type": "Feature", "geometry": {"type": "Point", "coordinates": [-17.459804, 14.755793]}, "properties": {"id": "hotelerie-280", "type": "hotelerie", "type_label": "Hôtellerie", "nom": "AUBERGE", "region": {"nom": "DAKAR", "code": 1}, "departement": {"nom": "DAKAR", "code": 11}, "commune": {"nom": "DAKAR", "code": 11301}, "communaute_rurale": {"nom": "YOFF", "code": 1130133}, "quartier_village": "CITE AZUR II", "milieu": "URBAIN", "thematique": null, "type_qvh": null}}, {"type": "Feature", "geometry": {"type": "Point", "coordinates": [-17.468471, 14.755056]}, "properties": {"id": "hotelerie-281", "type": "hotelerie", "type_label": "Hôtellerie", "nom": "Hôtellerie", "region": {"nom": "DAKAR", "code": 1}, "departement": {"nom": "DAKAR", "code": 11}, "commune": {"nom": "DAKAR", "code": 11301}, "communaute_rurale": {"nom": "YOFF", "code": 1130133}, "quartier_village": "SICAP LAYENE", "milieu": "URBAIN", "thematique": null, "type_qvh": null}}, {"type": "Feature", "geometry": {"type": "Point", "coordinates": [-17.468371, 14.754835]}, "properties": {"id": "hotelerie-282", "type": "hotelerie", "type_label": "Hôtellerie", "nom": "HONK KONG", "region": {"nom": "DAKAR", "code": 1}, "departement": {"nom": "DAKAR", "code": 11}, "commune": {"nom": "DAKAR", "code": 11301}, "communaute_rurale": {"nom": "YOFF", "code": 1130133}, "quartier_village": "SICAP LAYENE", "milieu": "URBAIN", "thematique": null, "type_qvh": null}}, {"type": "Feature", "geometry": {"type": "Point", "coordinates": [-17.46228, 14.759066]}, "properties": {"id": "hotelerie-283", "type": "hotelerie", "type_label": "Hôtellerie", "nom": "AUBERGE", "region": {"nom": "DAKAR", "code": 1}, "departement": {"nom": "DAKAR", "code": 11}, "commune": {"nom": "DAKAR", "code": 11301}, "communaute_rurale": {"nom": "YOFF", "code": 1130133}, "quartier_village": "CITE APECSY II EST", "milieu": "URBAIN", "thematique": null, "type_qvh": null}}, {"type": "Feature", "geometry": {"type": "Point", "coordinates": [-17.464103, 14.758687]}, "properties": {"id": "hotelerie-284", "type": "hotelerie", "type_label": "Hôtellerie", "nom": "Hôtellerie", "region": {"nom": "DAKAR", "code": 1}, "departement": {"nom": "DAKAR", "code": 11}, "commune": {"nom": "DAKAR", "code": 11301}, "communaute_rurale": {"nom": "YOFF", "code": 1130133}, "quartier_village": "CITE APECSY II OUEST", "milieu": "URBAIN", "thematique": null, "type_qvh": null}}, {"type": "Feature", "geometry": {"type": "Point", "coordinates": [-17.462641, 14.750956]}, "properties": {"id": "hotelerie-285", "type": "hotelerie", "type_label": "Hôtellerie", "nom": "AUBERGE", "region": {"nom": "DAKAR", "code": 1}, "departement": {"nom": "DAKAR", "code": 11}, "commune": {"nom": "DAKAR", "code": 11301}, "communaute_rurale": {"nom": "YOFF", "code": 1130133}, "quartier_village": "CITE IBRAHIMA NIANG", "milieu": "URBAIN", "thematique": null, "type_qvh": null}}, {"type": "Feature", "geometry": {"type": "Point", "coordinates": [-17.466162, 14.753809]}, "properties": {"id": "hotelerie-286", "type": "hotelerie", "type_label": "Hôtellerie", "nom": "Hôtellerie", "region": {"nom": "DAKAR", "code": 1}, "departement": {"nom": "DAKAR", "code": 11}, "commune": {"nom": "DAKAR", "code": 11301}, "communaute_rurale": {"nom": "YOFF", "code": 1130133}, "quartier_village": "CITE APECSY III", "milieu": "URBAIN", "thematique": null, "type_qvh": null}}, {"type": "Feature", "geometry": {"type": "Point", "coordinates": [-17.462972, 14.758901]}, "properties": {"id": "hotelerie-287", "type": "hotelerie", "type_label": "Hôtellerie", "nom": "HETEL", "region": {"nom": "DAKAR", "code": 1}, "departement": {"nom": "DAKAR", "code": 11}, "commune": {"nom": "DAKAR", "code": 11301}, "communaute_rurale": {"nom": "YOFF", "code": 1130133}, "quartier_village": "CITE APECSY II OUEST", "milieu": "URBAIN", "thematique": null, "type_qvh": null}}, {"type": "Feature", "geometry": {"type": "Point", "coordinates": [-17.462609, 14.758554]}, "properties": {"id": "hotelerie-288", "type": "hotelerie", "type_label": "Hôtellerie", "nom": "HETEL", "region": {"nom": "DAKAR", "code": 1}, "departement": {"nom": "DAKAR", "code": 11}, "commune": {"nom": "DAKAR", "code": 11301}, "communaute_rurale": {"nom": "YOFF", "code": 1130133}, "quartier_village": "CITE APECSY II OUEST", "milieu": "URBAIN", "thematique": null, "type_qvh": null}}, {"type": "Feature", "geometry": {"type": "Point", "coordinates": [-17.458806, 14.75446]}, "properties": {"id": "hotelerie-289", "type": "hotelerie", "type_label": "Hôtellerie", "nom": "Tam-Tam Auberge", "region": {"nom": "DAKAR", "code": 1}, "departement": {"nom": "DAKAR", "code": 11}, "commune": {"nom": "DAKAR", "code": 11301}, "communaute_rurale": {"nom": "YOFF", "code": 1130133}, "quartier_village": "CITE AZUR II", "milieu": "URBAIN", "thematique": null, "type_qvh": null}}, {"type": "Feature", "geometry": {"type": "Point", "coordinates": [-17.453906, 14.756194]}, "properties": {"id": "hotelerie-290", "type": "hotelerie", "type_label": "Hôtellerie", "nom": "Auberge chez Willy", "region": {"nom": "DAKAR", "code": 1}, "departement": {"nom": "DAKAR", "code": 11}, "commune": {"nom": "DAKAR", "code": 11301}, "communaute_rurale": {"nom": "YOFF", "code": 1130133}, "quartier_village": "DIAMALAYE III", "milieu": "URBAIN", "thematique": null, "type_qvh": null}}, {"type": "Feature", "geometry": {"type": "Point", "coordinates": [-17.468041, 14.75489]}, "properties": {"id": "hotelerie-291", "type": "hotelerie", "type_label": "Hôtellerie", "nom": "Hotel", "region": {"nom": "DAKAR", "code": 1}, "departement": {"nom": "DAKAR", "code": 11}, "commune": {"nom": "DAKAR", "code": 11301}, "communaute_rurale": {"nom": "YOFF", "code": 1130133}, "quartier_village": "SICAP LAYENE", "milieu": "URBAIN", "thematique": null, "type_qvh": null}}, {"type": "Feature", "geometry": {"type": "Point", "coordinates": [-17.463407, 14.759283]}, "properties": {"id": "hotelerie-292", "type": "hotelerie", "type_label": "Hôtellerie", "nom": "Hotel", "region": {"nom": "DAKAR", "code": 1}, "departement": {"nom": "DAKAR", "code": 11}, "commune": {"nom": "DAKAR", "code": 11301}, "communaute_rurale": {"nom": "YOFF", "code": 1130133}, "quartier_village": "CITE APECSY II OUEST", "milieu": "URBAIN", "thematique": null, "type_qvh": null}}, {"type": "Feature", "geometry": {"type": "Point", "coordinates": [-17.466012, 14.757518]}, "properties": {"id": "hotelerie-293", "type": "hotelerie", "type_label": "Hôtellerie", "nom": "Auberge Via-Via", "region": {"nom": "DAKAR", "code": 1}, "departement": {"nom": "DAKAR", "code": 11}, "commune": {"nom": "DAKAR", "code": 11301}, "communaute_rurale": {"nom": "YOFF", "code": 1130133}, "quartier_village": "SICAP LAYENE", "milieu": "URBAIN", "thematique": null, "type_qvh": null}}, {"type": "Feature", "geometry": {"type": "Point", "coordinates": [-17.455483, 14.753353]}, "properties": {"id": "hotelerie-294", "type": "hotelerie", "type_label": "Hôtellerie", "nom": "Auberbe le Pounon", "region": {"nom": "DAKAR", "code": 1}, "departement": {"nom": "DAKAR", "code": 11}, "commune": {"nom": "DAKAR", "code": 11301}, "communaute_rurale": {"nom": "YOFF", "code": 1130133}, "quartier_village": "DIAMALAYE III", "milieu": "URBAIN", "thematique": null, "type_qvh": null}}, {"type": "Feature", "geometry": {"type": "Point", "coordinates": [-17.467967, 14.754689]}, "properties": {"id": "hotelerie-295", "type": "hotelerie", "type_label": "Hôtellerie", "nom": "Hotel", "region": {"nom": "DAKAR", "code": 1}, "departement": {"nom": "DAKAR", "code": 11}, "commune": {"nom": "DAKAR", "code": 11301}, "communaute_rurale": {"nom": "YOFF", "code": 1130133}, "quartier_village": "SICAP LAYENE", "milieu": "URBAIN", "thematique": null, "type_qvh": null}}, {"type": "Feature", "geometry": {"type": "Point", "coordinates": [-17.505501, 14.734419]}, "properties": {"id": "hotelerie-296", "type": "hotelerie", "type_label": "Hôtellerie", "nom": "AUBERGE", "region": {"nom": "DAKAR", "code": 1}, "departement": {"nom": "DAKAR", "code": 11}, "commune": {"nom": "DAKAR", "code": 11301}, "communaute_rurale": {"nom": "YOFF", "code": 1130133}, "quartier_village": "CITE ASECNA", "milieu": "URBAIN", "thematique": null, "type_qvh": null}}, {"type": "Feature", "geometry": {"type": "Point", "coordinates": [-15.74518, 12.629429]}, "properties": {"id": "hotelerie-297", "type": "hotelerie", "type_label": "Hôtellerie", "nom": "CAMPEMENT", "region": {"nom": "SEDHIOU", "code": 14}, "departement": {"nom": "SEDHIOU", "code": 141}, "commune": {"nom": "DJIREDJI", "code": 141203}, "communaute_rurale": {"nom": "DJIREDJI", "code": 14120302}, "quartier_village": "MANECOUNDA", "milieu": "RURAL", "thematique": null, "type_qvh": null}}, {"type": "Feature", "geometry": {"type": "Point", "coordinates": [-15.772408, 12.618394]}, "properties": {"id": "hotelerie-298", "type": "hotelerie", "type_label": "Hôtellerie", "nom": "CAMPEMENT", "region": {"nom": "SEDHIOU", "code": 14}, "departement": {"nom": "SEDHIOU", "code": 141}, "commune": {"nom": "DJIREDJI", "code": 141203}, "communaute_rurale": {"nom": "DJIREDJI", "code": 14120302}, "quartier_village": "DJIREDJI (DJIREDJI SOUCOUTO)", "milieu": "RURAL", "thematique": null, "type_qvh": null}}, {"type": "Feature", "geometry": {"type": "Point", "coordinates": [-15.5613, 12.712867]}, "properties": {"id": "hotelerie-299", "type": "hotelerie", "type_label": "Hôtellerie", "nom": "AUBERGE DANSING", "region": {"nom": "SEDHIOU", "code": 14}, "departement": {"nom": "SEDHIOU", "code": 141}, "commune": {"nom": "SEDHIOU", "code": 141101}, "communaute_rurale": {"nom": "SEDHIOU", "code": 14110100}, "quartier_village": "MORICOUNDA", "milieu": "URBAIN", "thematique": null, "type_qvh": null}}, {"type": "Feature", "geometry": {"type": "Point", "coordinates": [-15.564037, 12.710488]}, "properties": {"id": "hotelerie-300", "type": "hotelerie", "type_label": "Hôtellerie", "nom": "AUBERGE LE MANSEDOU", "region": {"nom": "SEDHIOU", "code": 14}, "departement": {"nom": "SEDHIOU", "code": 141}, "commune": {"nom": "SEDHIOU", "code": 141101}, "communaute_rurale": {"nom": "SEDHIOU", "code": 14110100}, "quartier_village": "SANTASSOU III", "milieu": "URBAIN", "thematique": null, "type_qvh": null}}, {"type": "Feature", "geometry": {"type": "Point", "coordinates": [-15.565234, 12.707177]}, "properties": {"id": "hotelerie-301", "type": "hotelerie", "type_label": "Hôtellerie", "nom": "CAMPEMENT", "region": {"nom": "SEDHIOU", "code": 14}, "departement": {"nom": "SEDHIOU", "code": 141}, "commune": {"nom": "SEDHIOU", "code": 141101}, "communaute_rurale": {"nom": "SEDHIOU", "code": 14110100}, "quartier_village": "SANTASSOU II", "milieu": "URBAIN", "thematique": null, "type_qvh": null}}, {"type": "Feature", "geometry": {"type": "Point", "coordinates": [-15.55874, 12.70699]}, "properties": {"id": "hotelerie-302", "type": "hotelerie", "type_label": "Hôtellerie", "nom": "RSIDENCE MADAME GANO", "region": {"nom": "SEDHIOU", "code": 14}, "departement": {"nom": "SEDHIOU", "code": 141}, "commune": {"nom": "SEDHIOU", "code": 141101}, "communaute_rurale": {"nom": "SEDHIOU", "code": 14110100}, "quartier_village": "SANTASSOU I", "milieu": "URBAIN", "thematique": null, "type_qvh": null}}, {"type": "Feature", "geometry": {"type": "Point", "coordinates": [-15.550615, 12.703092]}, "properties": {"id": "hotelerie-303", "type": "hotelerie", "type_label": "Hôtellerie", "nom": "Hotel Palmarin", "region": {"nom": "SEDHIOU", "code": 14}, "departement": {"nom": "SEDHIOU", "code": 141}, "commune": {"nom": "SEDHIOU", "code": 141101}, "communaute_rurale": {"nom": "SEDHIOU", "code": 14110100}, "quartier_village": "DEMBAYA", "milieu": "URBAIN", "thematique": null, "type_qvh": null}}, {"type": "Feature", "geometry": {"type": "Point", "coordinates": [-15.55228, 12.710028]}, "properties": {"id": "hotelerie-304", "type": "hotelerie", "type_label": "Hôtellerie", "nom": "AUBERGE PCP SAF", "region": {"nom": "SEDHIOU", "code": 14}, "departement": {"nom": "SEDHIOU", "code": 141}, "commune": {"nom": "SEDHIOU", "code": 141101}, "communaute_rurale": {"nom": "SEDHIOU", "code": 14110100}, "quartier_village": "MANSACOUNDA", "milieu": "URBAIN", "thematique": null, "type_qvh": null}}, {"type": "Feature", "geometry": {"type": "Point", "coordinates": [-15.552519, 12.710185]}, "properties": {"id": "hotelerie-305", "type": "hotelerie", "type_label": "Hôtellerie", "nom": "Auberge SAFI", "region": {"nom": "SEDHIOU", "code": 14}, "departement": {"nom": "SEDHIOU", "code": 141}, "commune": {"nom": "SEDHIOU", "code": 141101}, "communaute_rurale": {"nom": "SEDHIOU", "code": 14110100}, "quartier_village": "MANSACOUNDA", "milieu": "URBAIN", "thematique": null, "type_qvh": null}}, {"type": "Feature", "geometry": {"type": "Point", "coordinates": [-15.555805, 12.718206]}, "properties": {"id": "hotelerie-306", "type": "hotelerie", "type_label": "Hôtellerie", "nom": "AUBERGE", "region": {"nom": "SEDHIOU", "code": 14}, "departement": {"nom": "SEDHIOU", "code": 141}, "commune": {"nom": "SEDHIOU", "code": 141101}, "communaute_rurale": {"nom": "SEDHIOU", "code": 14110100}, "quartier_village": "KABEUMB", "milieu": "URBAIN", "thematique": null, "type_qvh": null}}, {"type": "Feature", "geometry": {"type": "Point", "coordinates": [-15.555253, 12.717605]}, "properties": {"id": "hotelerie-307", "type": "hotelerie", "type_label": "Hôtellerie", "nom": "AUBERGE CHEZ NOUS", "region": {"nom": "SEDHIOU", "code": 14}, "departement": {"nom": "SEDHIOU", "code": 141}, "commune": {"nom": "SEDHIOU", "code": 141101}, "communaute_rurale": {"nom": "SEDHIOU", "code": 14110100}, "quartier_village": "KABEUMB", "milieu": "URBAIN", "thematique": null, "type_qvh": null}}, {"type": "Feature", "geometry": {"type": "Point", "coordinates": [-15.562073, 12.715358]}, "properties": {"id": "hotelerie-308", "type": "hotelerie", "type_label": "Hôtellerie", "nom": "GARDIEN AUBERGE FARADALA PCP", "region": {"nom": "SEDHIOU", "code": 14}, "departement": {"nom": "SEDHIOU", "code": 141}, "commune": {"nom": "SEDHIOU", "code": 141101}, "communaute_rurale": {"nom": "SEDHIOU", "code": 14110100}, "quartier_village": "KABEUMB", "milieu": "URBAIN", "thematique": null, "type_qvh": null}}, {"type": "Feature", "geometry": {"type": "Point", "coordinates": [-15.561762, 12.715974]}, "properties": {"id": "hotelerie-309", "type": "hotelerie", "type_label": "Hôtellerie", "nom": "Hâ??tel Faradala", "region": {"nom": "SEDHIOU", "code": 14}, "departement": {"nom": "SEDHIOU", "code": 141}, "commune": {"nom": "SEDHIOU", "code": 141101}, "communaute_rurale": {"nom": "SEDHIOU", "code": 14110100}, "quartier_village": "KABEUMB", "milieu": "URBAIN", "thematique": null, "type_qvh": null}}, {"type": "Feature", "geometry": {"type": "Point", "coordinates": [-15.160553, 12.848379]}, "properties": {"id": "hotelerie-310", "type": "hotelerie", "type_label": "Hôtellerie", "nom": "Dortoir", "region": {"nom": "SEDHIOU", "code": 14}, "departement": {"nom": "SEDHIOU", "code": 141}, "commune": {"nom": "DIENDE", "code": 141201}, "communaute_rurale": {"nom": "DIANNAH BA", "code": 14120103}, "quartier_village": "SARE SARABOUYA", "milieu": "RURAL", "thematique": null, "type_qvh": null}}, {"type": "Feature", "geometry": {"type": "Point", "coordinates": [-15.181111, 12.83772]}, "properties": {"id": "hotelerie-311", "type": "hotelerie", "type_label": "Hôtellerie", "nom": "Dortoir", "region": {"nom": "SEDHIOU", "code": 14}, "departement": {"nom": "SEDHIOU", "code": 141}, "commune": {"nom": "DIENDE", "code": 141201}, "communaute_rurale": {"nom": "DIANNAH BA", "code": 14120103}, "quartier_village": "SARE DANSA", "milieu": "RURAL", "thematique": null, "type_qvh": null}}, {"type": "Feature", "geometry": {"type": "Point", "coordinates": [-15.222861, 12.833607]}, "properties": {"id": "hotelerie-312", "type": "hotelerie", "type_label": "Hôtellerie", "nom": "Dortoir", "region": {"nom": "SEDHIOU", "code": 14}, "departement": {"nom": "SEDHIOU", "code": 141}, "commune": {"nom": "DIENDE", "code": 141201}, "communaute_rurale": {"nom": "DIANNAH BA", "code": 14120103}, "quartier_village": "DIANNAH BA", "milieu": "RURAL", "thematique": null, "type_qvh": null}}, {"type": "Feature", "geometry": {"type": "Point", "coordinates": [-15.222615, 12.831283]}, "properties": {"id": "hotelerie-313", "type": "hotelerie", "type_label": "Hôtellerie", "nom": "Dortoir", "region": {"nom": "SEDHIOU", "code": 14}, "departement": {"nom": "SEDHIOU", "code": 141}, "commune": {"nom": "DIENDE", "code": 141201}, "communaute_rurale": {"nom": "DIANNAH BA", "code": 14120103}, "quartier_village": "DIANNAH BA", "milieu": "RURAL", "thematique": null, "type_qvh": null}}, {"type": "Feature", "geometry": {"type": "Point", "coordinates": [-15.2278, 12.833979]}, "properties": {"id": "hotelerie-314", "type": "hotelerie", "type_label": "Hôtellerie", "nom": "Dortoir", "region": {"nom": "SEDHIOU", "code": 14}, "departement": {"nom": "SEDHIOU", "code": 141}, "commune": {"nom": "DIENDE", "code": 141201}, "communaute_rurale": {"nom": "DIANNAH BA", "code": 14120103}, "quartier_village": "DIANNAH BA", "milieu": "RURAL", "thematique": null, "type_qvh": null}}, {"type": "Feature", "geometry": {"type": "Point", "coordinates": [-15.225004, 12.833558]}, "properties": {"id": "hotelerie-315", "type": "hotelerie", "type_label": "Hôtellerie", "nom": "Dortoir", "region": {"nom": "SEDHIOU", "code": 14}, "departement": {"nom": "SEDHIOU", "code": 141}, "commune": {"nom": "DIENDE", "code": 141201}, "communaute_rurale": {"nom": "DIANNAH BA", "code": 14120103}, "quartier_village": "DIANNAH BA", "milieu": "RURAL", "thematique": null, "type_qvh": null}}, {"type": "Feature", "geometry": {"type": "Point", "coordinates": [-15.185793, 12.870733]}, "properties": {"id": "hotelerie-316", "type": "hotelerie", "type_label": "Hôtellerie", "nom": "DORTOIR", "region": {"nom": "SEDHIOU", "code": 14}, "departement": {"nom": "SEDHIOU", "code": 141}, "commune": {"nom": "DIENDE", "code": 141201}, "communaute_rurale": {"nom": "DIANNAH BA", "code": 14120103}, "quartier_village": "SAMETOULOU PEULH", "milieu": "RURAL", "thematique": null, "type_qvh": null}}, {"type": "Feature", "geometry": {"type": "Point", "coordinates": [-15.6348, 12.4995]}, "properties": {"id": "hotelerie-317", "type": "hotelerie", "type_label": "Hôtellerie", "nom": "HOBERG", "region": {"nom": "SEDHIOU", "code": 14}, "departement": {"nom": "GOUDOMP", "code": 143}, "commune": {"nom": "DJIBANAR", "code": 143201}, "communaute_rurale": {"nom": "SAMINE", "code": 14320107}, "quartier_village": "BAFOULABEING", "milieu": "URBAIN", "thematique": null, "type_qvh": null}}, {"type": "Feature", "geometry": {"type": "Point", "coordinates": [-15.773754, 12.558769]}, "properties": {"id": "hotelerie-318", "type": "hotelerie", "type_label": "Hôtellerie", "nom": "CAMPEMENT", "region": {"nom": "SEDHIOU", "code": 14}, "departement": {"nom": "GOUDOMP", "code": 143}, "commune": {"nom": "DJIBANAR", "code": 143201}, "communaute_rurale": {"nom": "SIMBANDI BALANTE", "code": 14320104}, "quartier_village": "SIMBANDI BALANTE", "milieu": "RURAL", "thematique": null, "type_qvh": null}}, {"type": "Feature", "geometry": {"type": "Point", "coordinates": [-15.432944, 12.656996]}, "properties": {"id": "hotelerie-319", "type": "hotelerie", "type_label": "Hôtellerie", "nom": "CASA", "region": {"nom": "SEDHIOU", "code": 14}, "departement": {"nom": "GOUDOMP", "code": 143}, "commune": {"nom": "SIMBANDI BRASSOU", "code": 143203}, "communaute_rurale": {"nom": "TANAFF", "code": 14320305}, "quartier_village": "MANSACOUNDA", "milieu": "URBAIN", "thematique": null, "type_qvh": null}}, {"type": "Feature", "geometry": {"type": "Point", "coordinates": [-15.652667, 13.225829]}, "properties": {"id": "hotelerie-320", "type": "hotelerie", "type_label": "Hôtellerie", "nom": "CAMPEMENT", "region": {"nom": "SEDHIOU", "code": 14}, "departement": {"nom": "BOUNKILING", "code": 142}, "commune": {"nom": "BOGHAL", "code": 142201}, "communaute_rurale": {"nom": "BOGHAL", "code": 14220101}, "quartier_village": "BOUFARAGHOR", "milieu": "RURAL", "thematique": null, "type_qvh": null}}, {"type": "Feature", "geometry": {"type": "Point", "coordinates": [-15.842433, 12.961025]}, "properties": {"id": "hotelerie-321", "type": "hotelerie", "type_label": "Hôtellerie", "nom": "CAMPEMENT VILLAGE", "region": {"nom": "SEDHIOU", "code": 14}, "departement": {"nom": "BOUNKILING", "code": 142}, "commune": {"nom": "BONA", "code": 142202}, "communaute_rurale": {"nom": "BONA", "code": 14220201}, "quartier_village": "BONA", "milieu": "RURAL", "thematique": null, "type_qvh": null}}, {"type": "Feature", "geometry": {"type": "Point", "coordinates": [-15.637466, 13.059553]}, "properties": {"id": "hotelerie-322", "type": "hotelerie", "type_label": "Hôtellerie", "nom": "HETEL JAMM MADINA WANDDIFA", "region": {"nom": "SEDHIOU", "code": 14}, "departement": {"nom": "BOUNKILING", "code": 142}, "commune": {"nom": "DIAROUME", "code": 142203}, "communaute_rurale": {"nom": "MADINA WANDIFA", "code": 14220304}, "quartier_village": "TOUBA", "milieu": "URBAIN", "thematique": null, "type_qvh": null}}, {"type": "Feature", "geometry": {"type": "Point", "coordinates": [-15.644329, 13.057911]}, "properties": {"id": "hotelerie-323", "type": "hotelerie", "type_label": "Hôtellerie", "nom": "HAUBERGE FOGNY KABADA", "region": {"nom": "SEDHIOU", "code": 14}, "departement": {"nom": "BOUNKILING", "code": 142}, "commune": {"nom": "DIAROUME", "code": 142203}, "communaute_rurale": {"nom": "MADINA WANDIFA", "code": 14220304}, "quartier_village": "ISLAM", "milieu": "URBAIN", "thematique": null, "type_qvh": null}}, {"type": "Feature", "geometry": {"type": "Point", "coordinates": [-15.638471, 13.313238]}, "properties": {"id": "hotelerie-324", "type": "hotelerie", "type_label": "Hôtellerie", "nom": "CANTONNEMENT", "region": {"nom": "SEDHIOU", "code": 14}, "departement": {"nom": "BOUNKILING", "code": 142}, "commune": {"nom": "BOGHAL", "code": 142201}, "communaute_rurale": {"nom": "NDIAMACOUTA", "code": 14220105}, "quartier_village": "NDIAMACOUTA", "milieu": "URBAIN", "thematique": null, "type_qvh": null}}, {"type": "Feature", "geometry": {"type": "Point", "coordinates": [-16.274187, 15.917015]}, "properties": {"id": "hotelerie-325", "type": "hotelerie", "type_label": "Hôtellerie", "nom": "AnCIENNE Hotel de ville", "region": {"nom": "SAINT-LOUIS", "code": 4}, "departement": {"nom": "SAINT LOUIS", "code": 43}, "commune": {"nom": "RAO", "code": 43201}, "communaute_rurale": {"nom": "MPAL", "code": 4320104}, "quartier_village": "00100", "milieu": "URBAIN", "thematique": null, "type_qvh": null}}, {"type": "Feature", "geometry": {"type": "Point", "coordinates": [-16.264927, 15.913742]}, "properties": {"id": "hotelerie-326", "type": "hotelerie", "type_label": "Hôtellerie", "nom": "HOTEL DE VILLE DE MPAL", "region": {"nom": "SAINT-LOUIS", "code": 4}, "departement": {"nom": "SAINT LOUIS", "code": 43}, "commune": {"nom": "RAO", "code": 43201}, "communaute_rurale": {"nom": "MPAL", "code": 4320104}, "quartier_village": "00100", "milieu": "URBAIN", "thematique": null, "type_qvh": null}}, {"type": "Feature", "geometry": {"type": "Point", "coordinates": [-14.989176, 16.586835]}, "properties": {"id": "hotelerie-327", "type": "hotelerie", "type_label": "Hôtellerie", "nom": "AUBERGE", "region": {"nom": "SAINT-LOUIS", "code": 4}, "departement": {"nom": "PODOR", "code": 42}, "commune": {"nom": "THILE BOUBACAR", "code": 42203}, "communaute_rurale": {"nom": "NIANDANE", "code": 4220303}, "quartier_village": "AYNOUMADY", "milieu": "URBAIN", "thematique": null, "type_qvh": null}}, {"type": "Feature", "geometry": {"type": "Point", "coordinates": [-14.951468, 16.639508]}, "properties": {"id": "hotelerie-328", "type": "hotelerie", "type_label": "Hôtellerie", "nom": "HAUBERGE FOOYRE LOBEL ALPHA AW", "region": {"nom": "SAINT-LOUIS", "code": 4}, "departement": {"nom": "PODOR", "code": 42}, "commune": {"nom": "PODOR", "code": 42101}, "communaute_rurale": {"nom": "PODOR", "code": 4210100}, "quartier_village": null, "milieu": "URBAIN", "thematique": null, "type_qvh": null}}, {"type": "Feature", "geometry": {"type": "Point", "coordinates": [-14.95583, 16.654547]}, "properties": {"id": "hotelerie-329", "type": "hotelerie", "type_label": "Hôtellerie", "nom": "HOTEL", "region": {"nom": "SAINT-LOUIS", "code": 4}, "departement": {"nom": "PODOR", "code": 42}, "commune": {"nom": "PODOR", "code": 42101}, "communaute_rurale": {"nom": "PODOR", "code": 4210100}, "quartier_village": null, "milieu": "URBAIN", "thematique": null, "type_qvh": null}}, {"type": "Feature", "geometry": {"type": "Point", "coordinates": [-14.955715, 16.654029]}, "properties": {"id": "hotelerie-330", "type": "hotelerie", "type_label": "Hôtellerie", "nom": "BAR", "region": {"nom": "SAINT-LOUIS", "code": 4}, "departement": {"nom": "PODOR", "code": 42}, "commune": {"nom": "PODOR", "code": 42101}, "communaute_rurale": {"nom": "PODOR", "code": 4210100}, "quartier_village": null, "milieu": "URBAIN", "thematique": null, "type_qvh": null}}, {"type": "Feature", "geometry": {"type": "Point", "coordinates": [-14.955896, 16.653224]}, "properties": {"id": "hotelerie-331", "type": "hotelerie", "type_label": "Hôtellerie", "nom": "RESTAURANT", "region": {"nom": "SAINT-LOUIS", "code": 4}, "departement": {"nom": "PODOR", "code": 42}, "commune": {"nom": "PODOR", "code": 42101}, "communaute_rurale": {"nom": "PODOR", "code": 4210100}, "quartier_village": null, "milieu": "URBAIN", "thematique": null, "type_qvh": null}}, {"type": "Feature", "geometry": {"type": "Point", "coordinates": [-14.956146, 16.651661]}, "properties": {"id": "hotelerie-332", "type": "hotelerie", "type_label": "Hôtellerie", "nom": "RESTAURANT", "region": {"nom": "SAINT-LOUIS", "code": 4}, "departement": {"nom": "PODOR", "code": 42}, "commune": {"nom": "PODOR", "code": 42101}, "communaute_rurale": {"nom": "PODOR", "code": 4210100}, "quartier_village": null, "milieu": "URBAIN", "thematique": null, "type_qvh": null}}, {"type": "Feature", "geometry": {"type": "Point", "coordinates": [-14.956596, 16.655213]}, "properties": {"id": "hotelerie-333", "type": "hotelerie", "type_label": "Hôtellerie", "nom": "Hotel de ville DE PODOR", "region": {"nom": "SAINT-LOUIS", "code": 4}, "departement": {"nom": "PODOR", "code": 42}, "commune": {"nom": "PODOR", "code": 42101}, "communaute_rurale": {"nom": "PODOR", "code": 4210100}, "quartier_village": null, "milieu": "URBAIN", "thematique": null, "type_qvh": null}}, {"type": "Feature", "geometry": {"type": "Point", "coordinates": [-14.958261, 16.655144]}, "properties": {"id": "hotelerie-334", "type": "hotelerie", "type_label": "Hôtellerie", "nom": "AUBERGE", "region": {"nom": "SAINT-LOUIS", "code": 4}, "departement": {"nom": "PODOR", "code": 42}, "commune": {"nom": "PODOR", "code": 42101}, "communaute_rurale": {"nom": "PODOR", "code": 4210100}, "quartier_village": null, "milieu": "URBAIN", "thematique": null, "type_qvh": null}}, {"type": "Feature", "geometry": {"type": "Point", "coordinates": [-14.958564, 16.656173]}, "properties": {"id": "hotelerie-335", "type": "hotelerie", "type_label": "Hôtellerie", "nom": "RESTAURANT", "region": {"nom": "SAINT-LOUIS", "code": 4}, "departement": {"nom": "PODOR", "code": 42}, "commune": {"nom": "PODOR", "code": 42101}, "communaute_rurale": {"nom": "PODOR", "code": 4210100}, "quartier_village": null, "milieu": "URBAIN", "thematique": null, "type_qvh": null}}, {"type": "Feature", "geometry": {"type": "Point", "coordinates": [-15.508598, 16.523804]}, "properties": {"id": "hotelerie-336", "type": "hotelerie", "type_label": "Hôtellerie", "nom": "HETEL FORT DAGANA", "region": {"nom": "SAINT-LOUIS", "code": 4}, "departement": {"nom": "DAGANA", "code": 41}, "commune": {"nom": "DAGANA", "code": 41101}, "communaute_rurale": {"nom": "DAGANA", "code": 4110100}, "quartier_village": null, "milieu": "URBAIN", "thematique": null, "type_qvh": null}}, {"type": "Feature", "geometry": {"type": "Point", "coordinates": [-15.510947, 16.512312]}, "properties": {"id": "hotelerie-337", "type": "hotelerie", "type_label": "Hôtellerie", "nom": "AUBERGE", "region": {"nom": "SAINT-LOUIS", "code": 4}, "departement": {"nom": "DAGANA", "code": 41}, "commune": {"nom": "DAGANA", "code": 41101}, "communaute_rurale": {"nom": "DAGANA", "code": 4110100}, "quartier_village": null, "milieu": "URBAIN", "thematique": null, "type_qvh": null}}, {"type": "Feature", "geometry": {"type": "Point", "coordinates": [-13.806178, 16.058287]}, "properties": {"id": "hotelerie-338", "type": "hotelerie", "type_label": "Hôtellerie", "nom": "AUBERGE", "region": {"nom": "SAINT-LOUIS", "code": 4}, "departement": {"nom": "PODOR", "code": 42}, "commune": {"nom": "SALDE", "code": 42202}, "communaute_rurale": {"nom": "MBOLO BIRANE", "code": 4220202}, "quartier_village": null, "milieu": "RURAL", "thematique": null, "type_qvh": null}}, {"type": "Feature", "geometry": {"type": "Point", "coordinates": [-16.02057, 16.402162]}, "properties": {"id": "hotelerie-339", "type": "hotelerie", "type_label": "Hôtellerie", "nom": "RESIDENCE DES PROFESSEURS", "region": {"nom": "SAINT-LOUIS", "code": 4}, "departement": {"nom": "DAGANA", "code": 41}, "commune": {"nom": "NDIAYE MBERESS", "code": 41202}, "communaute_rurale": {"nom": "RONKH", "code": 4120203}, "quartier_village": "KASSACK NORD", "milieu": "RURAL", "thematique": null, "type_qvh": null}}, {"type": "Feature", "geometry": {"type": "Point", "coordinates": [-15.883672, 16.347281]}, "properties": {"id": "hotelerie-340", "type": "hotelerie", "type_label": "Hôtellerie", "nom": "CAMPEMENT KEREKOU", "region": {"nom": "SAINT-LOUIS", "code": 4}, "departement": {"nom": "DAGANA", "code": 41}, "commune": {"nom": "NDIAYE MBERESS", "code": 41202}, "communaute_rurale": {"nom": "RONKH", "code": 4120203}, "quartier_village": "THIENEL DOCKY", "milieu": "RURAL", "thematique": null, "type_qvh": null}}, {"type": "Feature", "geometry": {"type": "Point", "coordinates": [-16.108583, 16.250534]}, "properties": {"id": "hotelerie-341", "type": "hotelerie", "type_label": "Hôtellerie", "nom": "CAMPEMENT", "region": {"nom": "SAINT-LOUIS", "code": 4}, "departement": {"nom": "DAGANA", "code": 41}, "commune": {"nom": "NDIAYE MBERESS", "code": 41202}, "communaute_rurale": {"nom": "ROSS BETHIO", "code": 4120204}, "quartier_village": null, "milieu": "URBAIN", "thematique": null, "type_qvh": null}}, {"type": "Feature", "geometry": {"type": "Point", "coordinates": [-14.700296, 16.519445]}, "properties": {"id": "hotelerie-342", "type": "hotelerie", "type_label": "Hôtellerie", "nom": "AUBERGE", "region": {"nom": "SAINT-LOUIS", "code": 4}, "departement": {"nom": "PODOR", "code": 42}, "commune": {"nom": "GAMADJI SARRE", "code": 42204}, "communaute_rurale": {"nom": "GAMADJI SARE", "code": 4220402}, "quartier_village": "GAMADJI SARRE", "milieu": "RURAL", "thematique": null, "type_qvh": null}}, {"type": "Feature", "geometry": {"type": "Point", "coordinates": [-14.015149, 16.204059]}, "properties": {"id": "hotelerie-343", "type": "hotelerie", "type_label": "Hôtellerie", "nom": "LA VILLA DES AMIS", "region": {"nom": "SAINT-LOUIS", "code": 4}, "departement": {"nom": "PODOR", "code": 42}, "commune": {"nom": "CAS CAS", "code": 42201}, "communaute_rurale": {"nom": "MERI", "code": 4220103}, "quartier_village": "SOUBALO MBOUMBA", "milieu": "RURAL", "thematique": null, "type_qvh": null}}, {"type": "Feature", "geometry": {"type": "Point", "coordinates": [-14.662019, 16.513384]}, "properties": {"id": "hotelerie-344", "type": "hotelerie", "type_label": "Hôtellerie", "nom": "HOTEL SAMASSA", "region": {"nom": "SAINT-LOUIS", "code": 4}, "departement": {"nom": "PODOR", "code": 42}, "commune": {"nom": "NDIOUM", "code": 42102}, "communaute_rurale": {"nom": "NDIOUM", "code": 4210200}, "quartier_village": "MEDINA NIANGA", "milieu": "URBAIN", "thematique": null, "type_qvh": null}}, {"type": "Feature", "geometry": {"type": "Point", "coordinates": [-14.663995, 16.513714]}, "properties": {"id": "hotelerie-345", "type": "hotelerie", "type_label": "Hôtellerie", "nom": "HOTEL MACINA TORO DE NDIOUM", "region": {"nom": "SAINT-LOUIS", "code": 4}, "departement": {"nom": "PODOR", "code": 42}, "commune": {"nom": "NDIOUM", "code": 42102}, "communaute_rurale": {"nom": "NDIOUM", "code": 4210200}, "quartier_village": "MEDINA NIANGA", "milieu": "URBAIN", "thematique": null, "type_qvh": null}}, {"type": "Feature", "geometry": {"type": "Point", "coordinates": [-16.509806, 15.879292]}, "properties": {"id": "hotelerie-346", "type": "hotelerie", "type_label": "Hôtellerie", "nom": "Campement", "region": {"nom": "SAINT-LOUIS", "code": 4}, "departement": {"nom": "SAINT LOUIS", "code": 43}, "commune": {"nom": "RAO", "code": 43201}, "communaute_rurale": {"nom": "NDIEBENE GANDIOLE", "code": 4320103}, "quartier_village": "TASSINERE", "milieu": "RURAL", "thematique": null, "type_qvh": null}}, {"type": "Feature", "geometry": {"type": "Point", "coordinates": [-16.507917, 15.876447]}, "properties": {"id": "hotelerie-347", "type": "hotelerie", "type_label": "Hôtellerie", "nom": "CAMPEMENT", "region": {"nom": "SAINT-LOUIS", "code": 4}, "departement": {"nom": "SAINT LOUIS", "code": 43}, "commune": {"nom": "RAO", "code": 43201}, "communaute_rurale": {"nom": "NDIEBENE GANDIOLE", "code": 4320103}, "quartier_village": "TASSINERE", "milieu": "RURAL", "thematique": null, "type_qvh": null}}, {"type": "Feature", "geometry": {"type": "Point", "coordinates": [-16.507729, 15.901708]}, "properties": {"id": "hotelerie-348", "type": "hotelerie", "type_label": "Hôtellerie", "nom": "CAMPEMENT SERGE JEAN COMPAOST", "region": {"nom": "SAINT-LOUIS", "code": 4}, "departement": {"nom": "SAINT LOUIS", "code": 43}, "commune": {"nom": "RAO", "code": 43201}, "communaute_rurale": {"nom": "NDIEBENE GANDIOLE", "code": 4320103}, "quartier_village": "PILOTTE BARR", "milieu": "RURAL", "thematique": null, "type_qvh": null}}, {"type": "Feature", "geometry": {"type": "Point", "coordinates": [-16.482511, 15.972989]}, "properties": {"id": "hotelerie-349", "type": "hotelerie", "type_label": "Hôtellerie", "nom": "Hotel COUMBA BANG", "region": {"nom": "SAINT-LOUIS", "code": 4}, "departement": {"nom": "SAINT LOUIS", "code": 43}, "commune": {"nom": "RAO", "code": 43201}, "communaute_rurale": {"nom": "NDIEBENE GANDIOLE", "code": 4320103}, "quartier_village": "KEUR BARKA", "milieu": "RURAL", "thematique": null, "type_qvh": null}}, {"type": "Feature", "geometry": {"type": "Point", "coordinates": [-16.509519, 16.005302]}, "properties": {"id": "hotelerie-350", "type": "hotelerie", "type_label": "Hôtellerie", "nom": "HETEL", "region": {"nom": "SAINT-LOUIS", "code": 4}, "departement": {"nom": "SAINT LOUIS", "code": 43}, "commune": {"nom": "SAINT LOUIS", "code": 43101}, "communaute_rurale": {"nom": "SAINT LOUIS", "code": 4310100}, "quartier_village": "HYDROBASE", "milieu": "URBAIN", "thematique": null, "type_qvh": null}}, {"type": "Feature", "geometry": {"type": "Point", "coordinates": [-16.508387, 16.001566]}, "properties": {"id": "hotelerie-351", "type": "hotelerie", "type_label": "Hôtellerie", "nom": "RESIDENCE ARC EN CIEL", "region": {"nom": "SAINT-LOUIS", "code": 4}, "departement": {"nom": "SAINT LOUIS", "code": 43}, "commune": {"nom": "SAINT LOUIS", "code": 43101}, "communaute_rurale": {"nom": "SAINT LOUIS", "code": 4310100}, "quartier_village": "HYDROBASE", "milieu": "URBAIN", "thematique": null, "type_qvh": null}}, {"type": "Feature", "geometry": {"type": "Point", "coordinates": [-16.509867, 15.99887]}, "properties": {"id": "hotelerie-352", "type": "hotelerie", "type_label": "Hôtellerie", "nom": "AUBERGE PELICAN", "region": {"nom": "SAINT-LOUIS", "code": 4}, "departement": {"nom": "SAINT LOUIS", "code": 43}, "commune": {"nom": "SAINT LOUIS", "code": 43101}, "communaute_rurale": {"nom": "SAINT LOUIS", "code": 4310100}, "quartier_village": "HYDROBASE", "milieu": "URBAIN", "thematique": null, "type_qvh": null}}, {"type": "Feature", "geometry": {"type": "Point", "coordinates": [-16.510029, 15.998268]}, "properties": {"id": "hotelerie-353", "type": "hotelerie", "type_label": "Hôtellerie", "nom": "HETEL", "region": {"nom": "SAINT-LOUIS", "code": 4}, "departement": {"nom": "SAINT LOUIS", "code": 43}, "commune": {"nom": "SAINT LOUIS", "code": 43101}, "communaute_rurale": {"nom": "SAINT LOUIS", "code": 4310100}, "quartier_village": "HYDROBASE", "milieu": "URBAIN", "thematique": null, "type_qvh": null}}, {"type": "Feature", "geometry": {"type": "Point", "coordinates": [-16.510302, 15.997597]}, "properties": {"id": "hotelerie-354", "type": "hotelerie", "type_label": "Hôtellerie", "nom": "HOTEL DIOR", "region": {"nom": "SAINT-LOUIS", "code": 4}, "departement": {"nom": "SAINT LOUIS", "code": 43}, "commune": {"nom": "SAINT LOUIS", "code": 43101}, "communaute_rurale": {"nom": "SAINT LOUIS", "code": 4310100}, "quartier_village": "HYDROBASE", "milieu": "URBAIN", "thematique": null, "type_qvh": null}}, {"type": "Feature", "geometry": {"type": "Point", "coordinates": [-16.504964, 16.034473]}, "properties": {"id": "hotelerie-355", "type": "hotelerie", "type_label": "Hôtellerie", "nom": "AUBERGE LE NABAB", "region": {"nom": "SAINT-LOUIS", "code": 4}, "departement": {"nom": "SAINT LOUIS", "code": 43}, "commune": {"nom": "SAINT LOUIS", "code": 43101}, "communaute_rurale": {"nom": "SAINT LOUIS", "code": 4310100}, "quartier_village": "HAUT NORD", "milieu": "URBAIN", "thematique": null, "type_qvh": null}}, {"type": "Feature", "geometry": {"type": "Point", "coordinates": [-16.502211, 16.036379]}, "properties": {"id": "hotelerie-356", "type": "hotelerie", "type_label": "Hôtellerie", "nom": "HOTEL KEUR DABA", "region": {"nom": "SAINT-LOUIS", "code": 4}, "departement": {"nom": "SAINT LOUIS", "code": 43}, "commune": {"nom": "SAINT LOUIS", "code": 43101}, "communaute_rurale": {"nom": "SAINT LOUIS", "code": 4310100}, "quartier_village": "HAUT NORD", "milieu": "URBAIN", "thematique": null, "type_qvh": null}}, {"type": "Feature", "geometry": {"type": "Point", "coordinates": [-16.504566, 16.038451]}, "properties": {"id": "hotelerie-357", "type": "hotelerie", "type_label": "Hôtellerie", "nom": "AUBERGE", "region": {"nom": "SAINT-LOUIS", "code": 4}, "departement": {"nom": "SAINT LOUIS", "code": 43}, "commune": {"nom": "SAINT LOUIS", "code": 43101}, "communaute_rurale": {"nom": "SAINT LOUIS", "code": 4310100}, "quartier_village": "HAUT NORD", "milieu": "URBAIN", "thematique": null, "type_qvh": null}}, {"type": "Feature", "geometry": {"type": "Point", "coordinates": [-16.503554, 16.038468]}, "properties": {"id": "hotelerie-358", "type": "hotelerie", "type_label": "Hôtellerie", "nom": "HOTEL", "region": {"nom": "SAINT-LOUIS", "code": 4}, "departement": {"nom": "SAINT LOUIS", "code": 43}, "commune": {"nom": "SAINT LOUIS", "code": 43101}, "communaute_rurale": {"nom": "SAINT LOUIS", "code": 4310100}, "quartier_village": "HAUT NORD", "milieu": "URBAIN", "thematique": null, "type_qvh": null}}, {"type": "Feature", "geometry": {"type": "Point", "coordinates": [-16.499339, 16.019648]}, "properties": {"id": "hotelerie-359", "type": "hotelerie", "type_label": "Hôtellerie", "nom": "HETEL DAROU SALAM", "region": {"nom": "SAINT-LOUIS", "code": 4}, "departement": {"nom": "SAINT LOUIS", "code": 43}, "commune": {"nom": "SAINT LOUIS", "code": 43101}, "communaute_rurale": {"nom": "SAINT LOUIS", "code": 4310100}, "quartier_village": "HLM", "milieu": "URBAIN", "thematique": null, "type_qvh": null}}, {"type": "Feature", "geometry": {"type": "Point", "coordinates": [-16.496522, 16.016158]}, "properties": {"id": "hotelerie-360", "type": "hotelerie", "type_label": "Hôtellerie", "nom": "AUBERGE", "region": {"nom": "SAINT-LOUIS", "code": 4}, "departement": {"nom": "SAINT LOUIS", "code": 43}, "commune": {"nom": "SAINT LOUIS", "code": 43101}, "communaute_rurale": {"nom": "SAINT LOUIS", "code": 4310100}, "quartier_village": "HLM", "milieu": "URBAIN", "thematique": null, "type_qvh": null}}, {"type": "Feature", "geometry": {"type": "Point", "coordinates": [-16.494136, 16.012996]}, "properties": {"id": "hotelerie-361", "type": "hotelerie", "type_label": "Hôtellerie", "nom": "AUBERGE", "region": {"nom": "SAINT-LOUIS", "code": 4}, "departement": {"nom": "SAINT LOUIS", "code": 43}, "commune": {"nom": "SAINT LOUIS", "code": 43101}, "communaute_rurale": {"nom": "SAINT LOUIS", "code": 4310100}, "quartier_village": "EAUX CLAIRES", "milieu": "URBAIN", "thematique": null, "type_qvh": null}}, {"type": "Feature", "geometry": {"type": "Point", "coordinates": [-16.489568, 15.984333]}, "properties": {"id": "hotelerie-362", "type": "hotelerie", "type_label": "Hôtellerie", "nom": "AUBERGE", "region": {"nom": "SAINT-LOUIS", "code": 4}, "departement": {"nom": "SAINT LOUIS", "code": 43}, "commune": {"nom": "SAINT LOUIS", "code": 43101}, "communaute_rurale": {"nom": "SAINT LOUIS", "code": 4310100}, "quartier_village": "PIKINE SOR DIAGNE", "milieu": "URBAIN", "thematique": null, "type_qvh": null}}, {"type": "Feature", "geometry": {"type": "Point", "coordinates": [-16.483556, 16.015712]}, "properties": {"id": "hotelerie-363", "type": "hotelerie", "type_label": "Hôtellerie", "nom": "HETEL", "region": {"nom": "SAINT-LOUIS", "code": 4}, "departement": {"nom": "SAINT LOUIS", "code": 43}, "commune": {"nom": "SAINT LOUIS", "code": 43101}, "communaute_rurale": {"nom": "SAINT LOUIS", "code": 4310100}, "quartier_village": "CITE NIAKH", "milieu": "URBAIN", "thematique": null, "type_qvh": null}}, {"type": "Feature", "geometry": {"type": "Point", "coordinates": [-16.489011, 16.021487]}, "properties": {"id": "hotelerie-364", "type": "hotelerie", "type_label": "Hôtellerie", "nom": "AUBERGE CHEZ PIERROT", "region": {"nom": "SAINT-LOUIS", "code": 4}, "departement": {"nom": "SAINT LOUIS", "code": 43}, "commune": {"nom": "SAINT LOUIS", "code": 43101}, "communaute_rurale": {"nom": "SAINT LOUIS", "code": 4310100}, "quartier_village": "NDIOLOFENE NORD", "milieu": "URBAIN", "thematique": null, "type_qvh": null}}, {"type": "Feature", "geometry": {"type": "Point", "coordinates": [-16.485841, 16.024385]}, "properties": {"id": "hotelerie-365", "type": "hotelerie", "type_label": "Hôtellerie", "nom": "AUBERGE DIDI", "region": {"nom": "SAINT-LOUIS", "code": 4}, "departement": {"nom": "SAINT LOUIS", "code": 43}, "commune": {"nom": "SAINT LOUIS", "code": 43101}, "communaute_rurale": {"nom": "SAINT LOUIS", "code": 4310100}, "quartier_village": "NDIOLOFENE NORD", "milieu": "URBAIN", "thematique": null, "type_qvh": null}}, {"type": "Feature", "geometry": {"type": "Point", "coordinates": [-16.484028, 16.025289]}, "properties": {"id": "hotelerie-366", "type": "hotelerie", "type_label": "Hôtellerie", "nom": "AUBERGE LE SAINT-LOUIS", "region": {"nom": "SAINT-LOUIS", "code": 4}, "departement": {"nom": "SAINT LOUIS", "code": 43}, "commune": {"nom": "SAINT LOUIS", "code": 43101}, "communaute_rurale": {"nom": "SAINT LOUIS", "code": 4310100}, "quartier_village": "NDIOLOFENE NORD", "milieu": "URBAIN", "thematique": null, "type_qvh": null}}, {"type": "Feature", "geometry": {"type": "Point", "coordinates": [-16.480663, 16.026159]}, "properties": {"id": "hotelerie-367", "type": "hotelerie", "type_label": "Hôtellerie", "nom": "MOTEL", "region": {"nom": "SAINT-LOUIS", "code": 4}, "departement": {"nom": "SAINT LOUIS", "code": 43}, "commune": {"nom": "SAINT LOUIS", "code": 43101}, "communaute_rurale": {"nom": "SAINT LOUIS", "code": 4310100}, "quartier_village": "NDIOLOFENE NORD", "milieu": "URBAIN", "thematique": null, "type_qvh": null}}, {"type": "Feature", "geometry": {"type": "Point", "coordinates": [-16.480347, 16.026585]}, "properties": {"id": "hotelerie-368", "type": "hotelerie", "type_label": "Hôtellerie", "nom": "AIRE UNIVERSAL INSTITUT ET UNE AUBERGE CHEZ FA", "region": {"nom": "SAINT-LOUIS", "code": 4}, "departement": {"nom": "SAINT LOUIS", "code": 43}, "commune": {"nom": "SAINT LOUIS", "code": 43101}, "communaute_rurale": {"nom": "SAINT LOUIS", "code": 4310100}, "quartier_village": "DAROU ROUTE DE KHOR", "milieu": "URBAIN", "thematique": null, "type_qvh": null}}, {"type": "Feature", "geometry": {"type": "Point", "coordinates": [-16.471279, 16.032038]}, "properties": {"id": "hotelerie-369", "type": "hotelerie", "type_label": "Hôtellerie", "nom": "RESIDENCE MEUBLEE", "region": {"nom": "SAINT-LOUIS", "code": 4}, "departement": {"nom": "SAINT LOUIS", "code": 43}, "commune": {"nom": "SAINT LOUIS", "code": 43101}, "communaute_rurale": {"nom": "SAINT LOUIS", "code": 4310100}, "quartier_village": "KHOR USINE", "milieu": "URBAIN", "thematique": null, "type_qvh": null}}, {"type": "Feature", "geometry": {"type": "Point", "coordinates": [-16.471391, 16.032129]}, "properties": {"id": "hotelerie-370", "type": "hotelerie", "type_label": "Hôtellerie", "nom": "RESIDENCE MARIE PARSINE", "region": {"nom": "SAINT-LOUIS", "code": 4}, "departement": {"nom": "SAINT LOUIS", "code": 43}, "commune": {"nom": "SAINT LOUIS", "code": 43101}, "communaute_rurale": {"nom": "SAINT LOUIS", "code": 4310100}, "quartier_village": "KHOR USINE", "milieu": "URBAIN", "thematique": null, "type_qvh": null}}, {"type": "Feature", "geometry": {"type": "Point", "coordinates": [-16.470536, 16.032513]}, "properties": {"id": "hotelerie-371", "type": "hotelerie", "type_label": "Hôtellerie", "nom": "RESIDENCE LA SUITE", "region": {"nom": "SAINT-LOUIS", "code": 4}, "departement": {"nom": "SAINT LOUIS", "code": 43}, "commune": {"nom": "SAINT LOUIS", "code": 43101}, "communaute_rurale": {"nom": "SAINT LOUIS", "code": 4310100}, "quartier_village": "KHOR USINE", "milieu": "URBAIN", "thematique": null, "type_qvh": null}}, {"type": "Feature", "geometry": {"type": "Point", "coordinates": [-16.47116, 16.031879]}, "properties": {"id": "hotelerie-372", "type": "hotelerie", "type_label": "Hôtellerie", "nom": "AUBERGE", "region": {"nom": "SAINT-LOUIS", "code": 4}, "departement": {"nom": "SAINT LOUIS", "code": 43}, "commune": {"nom": "SAINT LOUIS", "code": 43101}, "communaute_rurale": {"nom": "SAINT LOUIS", "code": 4310100}, "quartier_village": "KHOR USINE", "milieu": "URBAIN", "thematique": null, "type_qvh": null}}, {"type": "Feature", "geometry": {"type": "Point", "coordinates": [-16.471657, 16.032332]}, "properties": {"id": "hotelerie-373", "type": "hotelerie", "type_label": "Hôtellerie", "nom": "NARNIA RESIDENCE", "region": {"nom": "SAINT-LOUIS", "code": 4}, "departement": {"nom": "SAINT LOUIS", "code": 43}, "commune": {"nom": "SAINT LOUIS", "code": 43101}, "communaute_rurale": {"nom": "SAINT LOUIS", "code": 4310100}, "quartier_village": "KHOR MISSION", "milieu": "URBAIN", "thematique": null, "type_qvh": null}}, {"type": "Feature", "geometry": {"type": "Point", "coordinates": [-16.471663, 16.032687]}, "properties": {"id": "hotelerie-374", "type": "hotelerie", "type_label": "Hôtellerie", "nom": "AUBERGE", "region": {"nom": "SAINT-LOUIS", "code": 4}, "departement": {"nom": "SAINT LOUIS", "code": 43}, "commune": {"nom": "SAINT LOUIS", "code": 43101}, "communaute_rurale": {"nom": "SAINT LOUIS", "code": 4310100}, "quartier_village": "KHOR MISSION", "milieu": "URBAIN", "thematique": null, "type_qvh": null}}, {"type": "Feature", "geometry": {"type": "Point", "coordinates": [-16.471712, 16.033744]}, "properties": {"id": "hotelerie-375", "type": "hotelerie", "type_label": "Hôtellerie", "nom": "RESIDENCE", "region": {"nom": "SAINT-LOUIS", "code": 4}, "departement": {"nom": "SAINT LOUIS", "code": 43}, "commune": {"nom": "SAINT LOUIS", "code": 43101}, "communaute_rurale": {"nom": "SAINT LOUIS", "code": 4310100}, "quartier_village": "KHOR MISSION", "milieu": "URBAIN", "thematique": null, "type_qvh": null}}, {"type": "Feature", "geometry": {"type": "Point", "coordinates": [-16.468736, 16.035357]}, "properties": {"id": "hotelerie-376", "type": "hotelerie", "type_label": "Hôtellerie", "nom": "RESIDENCE BOULMAR", "region": {"nom": "SAINT-LOUIS", "code": 4}, "departement": {"nom": "SAINT LOUIS", "code": 43}, "commune": {"nom": "SAINT LOUIS", "code": 43101}, "communaute_rurale": {"nom": "SAINT LOUIS", "code": 4310100}, "quartier_village": "KHOR USINE", "milieu": "URBAIN", "thematique": null, "type_qvh": null}}, {"type": "Feature", "geometry": {"type": "Point", "coordinates": [-16.457201, 16.042199]}, "properties": {"id": "hotelerie-377", "type": "hotelerie", "type_label": "Hôtellerie", "nom": "HETEL LA PERLE", "region": {"nom": "SAINT-LOUIS", "code": 4}, "departement": {"nom": "SAINT LOUIS", "code": 43}, "commune": {"nom": "SAINT LOUIS", "code": 43101}, "communaute_rurale": {"nom": "SAINT LOUIS", "code": 4310100}, "quartier_village": "BANGO SUD", "milieu": "URBAIN", "thematique": null, "type_qvh": null}}, {"type": "Feature", "geometry": {"type": "Point", "coordinates": [-16.447064, 16.067644]}, "properties": {"id": "hotelerie-378", "type": "hotelerie", "type_label": "Hôtellerie", "nom": "HETEL", "region": {"nom": "SAINT-LOUIS", "code": 4}, "departement": {"nom": "SAINT LOUIS", "code": 43}, "commune": {"nom": "SAINT LOUIS", "code": 43101}, "communaute_rurale": {"nom": "SAINT LOUIS", "code": 4310100}, "quartier_village": "BANGO NORD", "milieu": "URBAIN", "thematique": null, "type_qvh": null}}, {"type": "Feature", "geometry": {"type": "Point", "coordinates": [-16.445969, 16.069576]}, "properties": {"id": "hotelerie-379", "type": "hotelerie", "type_label": "Hôtellerie", "nom": "HETEL", "region": {"nom": "SAINT-LOUIS", "code": 4}, "departement": {"nom": "SAINT LOUIS", "code": 43}, "commune": {"nom": "SAINT LOUIS", "code": 43101}, "communaute_rurale": {"nom": "SAINT LOUIS", "code": 4310100}, "quartier_village": "BANGO NORD", "milieu": "URBAIN", "thematique": null, "type_qvh": null}}, {"type": "Feature", "geometry": {"type": "Point", "coordinates": [-16.447539, 16.067846]}, "properties": {"id": "hotelerie-380", "type": "hotelerie", "type_label": "Hôtellerie", "nom": "HETEL", "region": {"nom": "SAINT-LOUIS", "code": 4}, "departement": {"nom": "SAINT LOUIS", "code": 43}, "commune": {"nom": "SAINT LOUIS", "code": 43101}, "communaute_rurale": {"nom": "SAINT LOUIS", "code": 4310100}, "quartier_village": "BANGO NORD", "milieu": "URBAIN", "thematique": null, "type_qvh": null}}, {"type": "Feature", "geometry": {"type": "Point", "coordinates": [-16.446147, 16.068878]}, "properties": {"id": "hotelerie-381", "type": "hotelerie", "type_label": "Hôtellerie", "nom": "HETEL", "region": {"nom": "SAINT-LOUIS", "code": 4}, "departement": {"nom": "SAINT LOUIS", "code": 43}, "commune": {"nom": "SAINT LOUIS", "code": 43101}, "communaute_rurale": {"nom": "SAINT LOUIS", "code": 4310100}, "quartier_village": "BANGO NORD", "milieu": "URBAIN", "thematique": null, "type_qvh": null}}, {"type": "Feature", "geometry": {"type": "Point", "coordinates": [-16.445567, 16.069056]}, "properties": {"id": "hotelerie-382", "type": "hotelerie", "type_label": "Hôtellerie", "nom": "HETEL", "region": {"nom": "SAINT-LOUIS", "code": 4}, "departement": {"nom": "SAINT LOUIS", "code": 43}, "commune": {"nom": "SAINT LOUIS", "code": 43101}, "communaute_rurale": {"nom": "SAINT LOUIS", "code": 4310100}, "quartier_village": "BANGO NORD", "milieu": "URBAIN", "thematique": null, "type_qvh": null}}, {"type": "Feature", "geometry": {"type": "Point", "coordinates": [-16.506338, 16.018985]}, "properties": {"id": "hotelerie-383", "type": "hotelerie", "type_label": "Hôtellerie", "nom": "HOTEL", "region": {"nom": "SAINT-LOUIS", "code": 4}, "departement": {"nom": "SAINT LOUIS", "code": 43}, "commune": {"nom": "SAINT LOUIS", "code": 43101}, "communaute_rurale": {"nom": "SAINT LOUIS", "code": 4310100}, "quartier_village": "SUD", "milieu": "URBAIN", "thematique": null, "type_qvh": null}}, {"type": "Feature", "geometry": {"type": "Point", "coordinates": [-16.506809, 16.01922]}, "properties": {"id": "hotelerie-384", "type": "hotelerie", "type_label": "Hôtellerie", "nom": "HETEL PALMERAIE", "region": {"nom": "SAINT-LOUIS", "code": 4}, "departement": {"nom": "SAINT LOUIS", "code": 43}, "commune": {"nom": "SAINT LOUIS", "code": 43101}, "communaute_rurale": {"nom": "SAINT LOUIS", "code": 4310100}, "quartier_village": "SUD", "milieu": "URBAIN", "thematique": null, "type_qvh": null}}, {"type": "Feature", "geometry": {"type": "Point", "coordinates": [-16.504428, 16.021189]}, "properties": {"id": "hotelerie-385", "type": "hotelerie", "type_label": "Hôtellerie", "nom": "HETEL", "region": {"nom": "SAINT-LOUIS", "code": 4}, "departement": {"nom": "SAINT LOUIS", "code": 43}, "commune": {"nom": "SAINT LOUIS", "code": 43101}, "communaute_rurale": {"nom": "SAINT LOUIS", "code": 4310100}, "quartier_village": "SUD", "milieu": "URBAIN", "thematique": null, "type_qvh": null}}, {"type": "Feature", "geometry": {"type": "Point", "coordinates": [-16.504424, 16.021042]}, "properties": {"id": "hotelerie-386", "type": "hotelerie", "type_label": "Hôtellerie", "nom": "HETEL SINDONE", "region": {"nom": "SAINT-LOUIS", "code": 4}, "departement": {"nom": "SAINT LOUIS", "code": 43}, "commune": {"nom": "SAINT LOUIS", "code": 43101}, "communaute_rurale": {"nom": "SAINT LOUIS", "code": 4310100}, "quartier_village": "SUD", "milieu": "URBAIN", "thematique": null, "type_qvh": null}}, {"type": "Feature", "geometry": {"type": "Point", "coordinates": [-16.504473, 16.021671]}, "properties": {"id": "hotelerie-387", "type": "hotelerie", "type_label": "Hôtellerie", "nom": "HETEL AU FIL DU FLEUVE", "region": {"nom": "SAINT-LOUIS", "code": 4}, "departement": {"nom": "SAINT LOUIS", "code": 43}, "commune": {"nom": "SAINT LOUIS", "code": 43101}, "communaute_rurale": {"nom": "SAINT LOUIS", "code": 4310100}, "quartier_village": "SUD", "milieu": "URBAIN", "thematique": null, "type_qvh": null}}, {"type": "Feature", "geometry": {"type": "Point", "coordinates": [-16.504081, 16.02275]}, "properties": {"id": "hotelerie-388", "type": "hotelerie", "type_label": "Hôtellerie", "nom": "HETEL", "region": {"nom": "SAINT-LOUIS", "code": 4}, "departement": {"nom": "SAINT LOUIS", "code": 43}, "commune": {"nom": "SAINT LOUIS", "code": 43101}, "communaute_rurale": {"nom": "SAINT LOUIS", "code": 4310100}, "quartier_village": "SUD", "milieu": "URBAIN", "thematique": null, "type_qvh": null}}, {"type": "Feature", "geometry": {"type": "Point", "coordinates": [-16.504006, 16.02337]}, "properties": {"id": "hotelerie-389", "type": "hotelerie", "type_label": "Hôtellerie", "nom": "AUBERGE", "region": {"nom": "SAINT-LOUIS", "code": 4}, "departement": {"nom": "SAINT LOUIS", "code": 43}, "commune": {"nom": "SAINT LOUIS", "code": 43101}, "communaute_rurale": {"nom": "SAINT LOUIS", "code": 4310100}, "quartier_village": "SUD", "milieu": "URBAIN", "thematique": null, "type_qvh": null}}, {"type": "Feature", "geometry": {"type": "Point", "coordinates": [-16.504154, 16.027632]}, "properties": {"id": "hotelerie-390", "type": "hotelerie", "type_label": "Hôtellerie", "nom": "HOTEL LA RESIDENCE", "region": {"nom": "SAINT-LOUIS", "code": 4}, "departement": {"nom": "SAINT LOUIS", "code": 43}, "commune": {"nom": "SAINT LOUIS", "code": 43101}, "communaute_rurale": {"nom": "SAINT LOUIS", "code": 4310100}, "quartier_village": "NORD CENTRE", "milieu": "URBAIN", "thematique": null, "type_qvh": null}}, {"type": "Feature", "geometry": {"type": "Point", "coordinates": [-16.503965, 16.027459]}, "properties": {"id": "hotelerie-391", "type": "hotelerie", "type_label": "Hôtellerie", "nom": "SAHEL DECOUVERTE", "region": {"nom": "SAINT-LOUIS", "code": 4}, "departement": {"nom": "SAINT LOUIS", "code": 43}, "commune": {"nom": "SAINT LOUIS", "code": 43101}, "communaute_rurale": {"nom": "SAINT LOUIS", "code": 4310100}, "quartier_village": "NORD CENTRE", "milieu": "URBAIN", "thematique": null, "type_qvh": null}}, {"type": "Feature", "geometry": {"type": "Point", "coordinates": [-16.503895, 16.027259]}, "properties": {"id": "hotelerie-392", "type": "hotelerie", "type_label": "Hôtellerie", "nom": "HETEL", "region": {"nom": "SAINT-LOUIS", "code": 4}, "departement": {"nom": "SAINT LOUIS", "code": 43}, "commune": {"nom": "SAINT LOUIS", "code": 43101}, "communaute_rurale": {"nom": "SAINT LOUIS", "code": 4310100}, "quartier_village": "NORD CENTRE", "milieu": "URBAIN", "thematique": null, "type_qvh": null}}, {"type": "Feature", "geometry": {"type": "Point", "coordinates": [-16.503698, 16.026386]}, "properties": {"id": "hotelerie-393", "type": "hotelerie", "type_label": "Hôtellerie", "nom": "HOTEL LA POSTE", "region": {"nom": "SAINT-LOUIS", "code": 4}, "departement": {"nom": "SAINT LOUIS", "code": 43}, "commune": {"nom": "SAINT LOUIS", "code": 43101}, "communaute_rurale": {"nom": "SAINT LOUIS", "code": 4310100}, "quartier_village": "NORD CENTRE", "milieu": "URBAIN", "thematique": null, "type_qvh": null}}, {"type": "Feature", "geometry": {"type": "Point", "coordinates": [-16.503895, 16.026408]}, "properties": {"id": "hotelerie-394", "type": "hotelerie", "type_label": "Hôtellerie", "nom": "AUBERGE CHEHAMA", "region": {"nom": "SAINT-LOUIS", "code": 4}, "departement": {"nom": "SAINT LOUIS", "code": 43}, "commune": {"nom": "SAINT LOUIS", "code": 43101}, "communaute_rurale": {"nom": "SAINT LOUIS", "code": 4310100}, "quartier_village": "NORD CENTRE", "milieu": "URBAIN", "thematique": null, "type_qvh": null}}, {"type": "Feature", "geometry": {"type": "Point", "coordinates": [-16.504119, 16.027938]}, "properties": {"id": "hotelerie-395", "type": "hotelerie", "type_label": "Hôtellerie", "nom": "AUBERGE", "region": {"nom": "SAINT-LOUIS", "code": 4}, "departement": {"nom": "SAINT LOUIS", "code": 43}, "commune": {"nom": "SAINT LOUIS", "code": 43101}, "communaute_rurale": {"nom": "SAINT LOUIS", "code": 4310100}, "quartier_village": "NORD CENTRE", "milieu": "URBAIN", "thematique": null, "type_qvh": null}}, {"type": "Feature", "geometry": {"type": "Point", "coordinates": [-16.504446, 16.027979]}, "properties": {"id": "hotelerie-396", "type": "hotelerie", "type_label": "Hôtellerie", "nom": "HETEL NDAR NDAR", "region": {"nom": "SAINT-LOUIS", "code": 4}, "departement": {"nom": "SAINT LOUIS", "code": 43}, "commune": {"nom": "SAINT LOUIS", "code": 43101}, "communaute_rurale": {"nom": "SAINT LOUIS", "code": 4310100}, "quartier_village": "NORD CENTRE", "milieu": "URBAIN", "thematique": null, "type_qvh": null}}, {"type": "Feature", "geometry": {"type": "Point", "coordinates": [-16.504251, 16.028016]}, "properties": {"id": "hotelerie-397", "type": "hotelerie", "type_label": "Hôtellerie", "nom": "HOTEL JAAM", "region": {"nom": "SAINT-LOUIS", "code": 4}, "departement": {"nom": "SAINT LOUIS", "code": 43}, "commune": {"nom": "SAINT LOUIS", "code": 43101}, "communaute_rurale": {"nom": "SAINT LOUIS", "code": 4310100}, "quartier_village": "NORD CENTRE", "milieu": "URBAIN", "thematique": null, "type_qvh": null}}, {"type": "Feature", "geometry": {"type": "Point", "coordinates": [-16.503503, 16.028218]}, "properties": {"id": "hotelerie-398", "type": "hotelerie", "type_label": "Hôtellerie", "nom": "HOTEL", "region": {"nom": "SAINT-LOUIS", "code": 4}, "departement": {"nom": "SAINT LOUIS", "code": 43}, "commune": {"nom": "SAINT LOUIS", "code": 43101}, "communaute_rurale": {"nom": "SAINT LOUIS", "code": 4310100}, "quartier_village": "NORD CENTRE", "milieu": "URBAIN", "thematique": null, "type_qvh": null}}, {"type": "Feature", "geometry": {"type": "Point", "coordinates": [-16.50576, 16.030577]}, "properties": {"id": "hotelerie-399", "type": "hotelerie", "type_label": "Hôtellerie", "nom": "SUNU KEUR MAISON D,HOTES", "region": {"nom": "SAINT-LOUIS", "code": 4}, "departement": {"nom": "SAINT LOUIS", "code": 43}, "commune": {"nom": "SAINT LOUIS", "code": 43101}, "communaute_rurale": {"nom": "SAINT LOUIS", "code": 4310100}, "quartier_village": "NORD CENTRE", "milieu": "URBAIN", "thematique": null, "type_qvh": null}}, {"type": "Feature", "geometry": {"type": "Point", "coordinates": [-16.503739, 16.02827]}, "properties": {"id": "hotelerie-400", "type": "hotelerie", "type_label": "Hôtellerie", "nom": "HOTEL", "region": {"nom": "SAINT-LOUIS", "code": 4}, "departement": {"nom": "SAINT LOUIS", "code": 43}, "commune": {"nom": "SAINT LOUIS", "code": 43101}, "communaute_rurale": {"nom": "SAINT LOUIS", "code": 4310100}, "quartier_village": "NORD CENTRE", "milieu": "URBAIN", "thematique": null, "type_qvh": null}}, {"type": "Feature", "geometry": {"type": "Point", "coordinates": [-16.503887, 16.030732]}, "properties": {"id": "hotelerie-401", "type": "hotelerie", "type_label": "Hôtellerie", "nom": "TERANGA NDAR", "region": {"nom": "SAINT-LOUIS", "code": 4}, "departement": {"nom": "SAINT LOUIS", "code": 43}, "commune": {"nom": "SAINT LOUIS", "code": 43101}, "communaute_rurale": {"nom": "SAINT LOUIS", "code": 4310100}, "quartier_village": "NORD CENTRE", "milieu": "URBAIN", "thematique": null, "type_qvh": null}}, {"type": "Feature", "geometry": {"type": "Point", "coordinates": [-16.42159, 16.058983]}, "properties": {"id": "hotelerie-402", "type": "hotelerie", "type_label": "Hôtellerie", "nom": "AUBERGE", "region": {"nom": "SAINT-LOUIS", "code": 4}, "departement": {"nom": "SAINT LOUIS", "code": 43}, "commune": {"nom": "RAO", "code": 43201}, "communaute_rurale": {"nom": "GANDON", "code": 4320101}, "quartier_village": "DIOUGOG PEULH(SANAR PEULH)", "milieu": "RURAL", "thematique": null, "type_qvh": null}}, {"type": "Feature", "geometry": {"type": "Point", "coordinates": [-16.354172, 16.091149]}, "properties": {"id": "hotelerie-403", "type": "hotelerie", "type_label": "Hôtellerie", "nom": "CAMPEMENT KEUR CHERIF CHEIKH", "region": {"nom": "SAINT-LOUIS", "code": 4}, "departement": {"nom": "SAINT LOUIS", "code": 43}, "commune": {"nom": "RAO", "code": 43201}, "communaute_rurale": {"nom": "GANDON", "code": 4320101}, "quartier_village": "H1 KEUR MOCTAR SAMBA BA", "milieu": "RURAL", "thematique": null, "type_qvh": null}}, {"type": "Feature", "geometry": {"type": "Point", "coordinates": [-16.373259, 15.997608]}, "properties": {"id": "hotelerie-404", "type": "hotelerie", "type_label": "Hôtellerie", "nom": "CAMPEMENT FERME", "region": {"nom": "SAINT-LOUIS", "code": 4}, "departement": {"nom": "SAINT LOUIS", "code": 43}, "commune": {"nom": "RAO", "code": 43201}, "communaute_rurale": {"nom": "GANDON", "code": 4320101}, "quartier_village": "H4 KEUR SIDY FALL", "milieu": "RURAL", "thematique": null, "type_qvh": null}}, {"type": "Feature", "geometry": {"type": "Point", "coordinates": [-16.465129, 15.979706]}, "properties": {"id": "hotelerie-405", "type": "hotelerie", "type_label": "Hôtellerie", "nom": "PETITE AUBERGE", "region": {"nom": "SAINT-LOUIS", "code": 4}, "departement": {"nom": "SAINT LOUIS", "code": 43}, "commune": {"nom": "RAO", "code": 43201}, "communaute_rurale": {"nom": "GANDON", "code": 4320101}, "quartier_village": "LEYBAR BOYE", "milieu": "RURAL", "thematique": null, "type_qvh": null}}, {"type": "Feature", "geometry": {"type": "Point", "coordinates": [-16.406222, 15.918442]}, "properties": {"id": "hotelerie-406", "type": "hotelerie", "type_label": "Hôtellerie", "nom": "Auberge", "region": {"nom": "SAINT-LOUIS", "code": 4}, "departement": {"nom": "SAINT LOUIS", "code": 43}, "commune": {"nom": "RAO", "code": 43201}, "communaute_rurale": {"nom": "GANDON", "code": 4320101}, "quartier_village": "RAO", "milieu": "RURAL", "thematique": null, "type_qvh": null}}, {"type": "Feature", "geometry": {"type": "Point", "coordinates": [-16.511662, 15.988522]}, "properties": {"id": "hotelerie-407", "type": "hotelerie", "type_label": "Hôtellerie", "nom": "HETEL OASIS", "region": {"nom": "SAINT-LOUIS", "code": 4}, "departement": {"nom": "SAINT LOUIS", "code": 43}, "commune": {"nom": "RAO", "code": 43201}, "communaute_rurale": {"nom": "GANDON", "code": 4320101}, "quartier_village": "FASS DIEYE", "milieu": "RURAL", "thematique": null, "type_qvh": null}}, {"type": "Feature", "geometry": {"type": "Point", "coordinates": [-16.512888, 15.978229]}, "properties": {"id": "hotelerie-408", "type": "hotelerie", "type_label": "Hôtellerie", "nom": "HETEL HOENIX", "region": {"nom": "SAINT-LOUIS", "code": 4}, "departement": {"nom": "SAINT LOUIS", "code": 43}, "commune": {"nom": "RAO", "code": 43201}, "communaute_rurale": {"nom": "GANDON", "code": 4320101}, "quartier_village": "FASS DIEYE", "milieu": "RURAL", "thematique": null, "type_qvh": null}}, {"type": "Feature", "geometry": {"type": "Point", "coordinates": [-16.512252, 15.983986]}, "properties": {"id": "hotelerie-409", "type": "hotelerie", "type_label": "Hôtellerie", "nom": "HETEL DIAMAREK", "region": {"nom": "SAINT-LOUIS", "code": 4}, "departement": {"nom": "SAINT LOUIS", "code": 43}, "commune": {"nom": "RAO", "code": 43201}, "communaute_rurale": {"nom": "GANDON", "code": 4320101}, "quartier_village": "FASS DIEYE", "milieu": "RURAL", "thematique": null, "type_qvh": null}}, {"type": "Feature", "geometry": {"type": "Point", "coordinates": [-16.511989, 15.986393]}, "properties": {"id": "hotelerie-410", "type": "hotelerie", "type_label": "Hôtellerie", "nom": "HETEL CAP SAINT LOUIS", "region": {"nom": "SAINT-LOUIS", "code": 4}, "departement": {"nom": "SAINT LOUIS", "code": 43}, "commune": {"nom": "RAO", "code": 43201}, "communaute_rurale": {"nom": "GANDON", "code": 4320101}, "quartier_village": "FASS DIEYE", "milieu": "RURAL", "thematique": null, "type_qvh": null}}, {"type": "Feature", "geometry": {"type": "Point", "coordinates": [-16.512662, 15.975682]}, "properties": {"id": "hotelerie-411", "type": "hotelerie", "type_label": "Hôtellerie", "nom": "HETEL LANGUE DE BARBERIE LA SAINT LOUISIENNE", "region": {"nom": "SAINT-LOUIS", "code": 4}, "departement": {"nom": "SAINT LOUIS", "code": 43}, "commune": {"nom": "RAO", "code": 43201}, "communaute_rurale": {"nom": "GANDON", "code": 4320101}, "quartier_village": "FASS DIEYE", "milieu": "RURAL", "thematique": null, "type_qvh": null}}, {"type": "Feature", "geometry": {"type": "Point", "coordinates": [-16.511581, 15.990859]}, "properties": {"id": "hotelerie-412", "type": "hotelerie", "type_label": "Hôtellerie", "nom": "AUBERG CAMPEMENT", "region": {"nom": "SAINT-LOUIS", "code": 4}, "departement": {"nom": "SAINT LOUIS", "code": 43}, "commune": {"nom": "RAO", "code": 43201}, "communaute_rurale": {"nom": "GANDON", "code": 4320101}, "quartier_village": "FASS DIEYE", "milieu": "URBAIN", "thematique": null, "type_qvh": null}}, {"type": "Feature", "geometry": {"type": "Point", "coordinates": [-16.511057, 15.972774]}, "properties": {"id": "hotelerie-413", "type": "hotelerie", "type_label": "Hôtellerie", "nom": "HETEL", "region": {"nom": "SAINT-LOUIS", "code": 4}, "departement": {"nom": "SAINT LOUIS", "code": 43}, "commune": {"nom": "RAO", "code": 43201}, "communaute_rurale": {"nom": "GANDON", "code": 4320101}, "quartier_village": "FASS DIEYE", "milieu": "RURAL", "thematique": null, "type_qvh": null}}, {"type": "Feature", "geometry": {"type": "Point", "coordinates": [-16.371859, 15.970121]}, "properties": {"id": "hotelerie-414", "type": "hotelerie", "type_label": "Hôtellerie", "nom": "MOTEL", "region": {"nom": "SAINT-LOUIS", "code": 4}, "departement": {"nom": "SAINT LOUIS", "code": 43}, "commune": {"nom": "RAO", "code": 43201}, "communaute_rurale": {"nom": "GANDON", "code": 4320101}, "quartier_village": "NGUIGALAKH PEULH", "milieu": "RURAL", "thematique": null, "type_qvh": null}}, {"type": "Feature", "geometry": {"type": "Point", "coordinates": [-16.28543, 16.07764]}, "properties": {"id": "hotelerie-415", "type": "hotelerie", "type_label": "Hôtellerie", "nom": "Campement", "region": {"nom": "SAINT-LOUIS", "code": 4}, "departement": {"nom": "SAINT LOUIS", "code": 43}, "commune": {"nom": "RAO", "code": 43201}, "communaute_rurale": {"nom": "GANDON", "code": 4320101}, "quartier_village": "GOBAG", "milieu": "RURAL", "thematique": null, "type_qvh": null}}, {"type": "Feature", "geometry": {"type": "Point", "coordinates": [-16.311018, 16.060041]}, "properties": {"id": "hotelerie-416", "type": "hotelerie", "type_label": "Hôtellerie", "nom": "CAMPEMENT DIAME AK SALAM", "region": {"nom": "SAINT-LOUIS", "code": 4}, "departement": {"nom": "SAINT LOUIS", "code": 43}, "commune": {"nom": "RAO", "code": 43201}, "communaute_rurale": {"nom": "GANDON", "code": 4320101}, "quartier_village": "SELGUIRE (THILLA 2)", "milieu": "RURAL", "thematique": null, "type_qvh": null}}, {"type": "Feature", "geometry": {"type": "Point", "coordinates": [-16.427532, 16.053919]}, "properties": {"id": "hotelerie-417", "type": "hotelerie", "type_label": "Hôtellerie", "nom": "Auberge", "region": {"nom": "SAINT-LOUIS", "code": 4}, "departement": {"nom": "SAINT LOUIS", "code": 43}, "commune": {"nom": "RAO", "code": 43201}, "communaute_rurale": {"nom": "GANDON", "code": 4320101}, "quartier_village": "DIOUGOG PEULH(SANAR PEULH)", "milieu": "RURAL", "thematique": null, "type_qvh": null}}, {"type": "Feature", "geometry": {"type": "Point", "coordinates": [-16.441523, 16.071935]}, "properties": {"id": "hotelerie-418", "type": "hotelerie", "type_label": "Hôtellerie", "nom": "HETEL", "region": {"nom": "SAINT-LOUIS", "code": 4}, "departement": {"nom": "SAINT LOUIS", "code": 43}, "commune": {"nom": "RAO", "code": 43201}, "communaute_rurale": {"nom": "GANDON", "code": 4320101}, "quartier_village": "SANAR WOLOF", "milieu": "RURAL", "thematique": null, "type_qvh": null}}, {"type": "Feature", "geometry": {"type": "Point", "coordinates": [-16.384862, 15.922874]}, "properties": {"id": "hotelerie-419", "type": "hotelerie", "type_label": "Hôtellerie", "nom": "HETEL", "region": {"nom": "SAINT-LOUIS", "code": 4}, "departement": {"nom": "SAINT LOUIS", "code": 43}, "commune": {"nom": "RAO", "code": 43201}, "communaute_rurale": {"nom": "GANDON", "code": 4320101}, "quartier_village": "RAO", "milieu": "RURAL", "thematique": null, "type_qvh": null}}, {"type": "Feature", "geometry": {"type": "Point", "coordinates": [-16.072638, 16.398846]}, "properties": {"id": "hotelerie-420", "type": "hotelerie", "type_label": "Hôtellerie", "nom": "Campement touristique", "region": {"nom": "SAINT-LOUIS", "code": 4}, "departement": {"nom": "DAGANA", "code": 41}, "commune": {"nom": "NDIAYE MBERESS", "code": 41202}, "communaute_rurale": {"nom": "DIAMA", "code": 4120201}, "quartier_village": "MBOUNDOUM BARRAGE", "milieu": "RURAL", "thematique": null, "type_qvh": null}}, {"type": "Feature", "geometry": {"type": "Point", "coordinates": [-16.261112, 16.204719]}, "properties": {"id": "hotelerie-421", "type": "hotelerie", "type_label": "Hôtellerie", "nom": "CAMPEMENT LAMPSAR LODGE", "region": {"nom": "SAINT-LOUIS", "code": 4}, "departement": {"nom": "DAGANA", "code": 41}, "commune": {"nom": "NDIAYE MBERESS", "code": 41202}, "communaute_rurale": {"nom": "DIAMA", "code": 4120201}, "quartier_village": "NDIAYE MBERESSE(NDIAYE NGAINTHE)", "milieu": "RURAL", "thematique": null, "type_qvh": null}}, {"type": "Feature", "geometry": {"type": "Point", "coordinates": [-16.260175, 16.200496]}, "properties": {"id": "hotelerie-422", "type": "hotelerie", "type_label": "Hôtellerie", "nom": "CAMACHO ENGENHARIA", "region": {"nom": "SAINT-LOUIS", "code": 4}, "departement": {"nom": "DAGANA", "code": 41}, "commune": {"nom": "NDIAYE MBERESS", "code": 41202}, "communaute_rurale": {"nom": "DIAMA", "code": 4120201}, "quartier_village": "NDIAYE MBERESSE(NDIAYE NGAINTHE)", "milieu": "RURAL", "thematique": null, "type_qvh": null}}, {"type": "Feature", "geometry": {"type": "Point", "coordinates": [-16.292086, 16.188644]}, "properties": {"id": "hotelerie-423", "type": "hotelerie", "type_label": "Hôtellerie", "nom": "HOTEL", "region": {"nom": "SAINT-LOUIS", "code": 4}, "departement": {"nom": "DAGANA", "code": 41}, "commune": {"nom": "NDIAYE MBERESS", "code": 41202}, "communaute_rurale": {"nom": "DIAMA", "code": 4120201}, "quartier_village": "H5 GARRAGE SOCAS", "milieu": "RURAL", "thematique": null, "type_qvh": null}}, {"type": "Feature", "geometry": {"type": "Point", "coordinates": [-16.273459, 16.358935]}, "properties": {"id": "hotelerie-424", "type": "hotelerie", "type_label": "Hôtellerie", "nom": "HETEL DE DJOUDJ", "region": {"nom": "SAINT-LOUIS", "code": 4}, "departement": {"nom": "DAGANA", "code": 41}, "commune": {"nom": "NDIAYE MBERESS", "code": 41202}, "communaute_rurale": {"nom": "DIAMA", "code": 4120201}, "quartier_village": "DIADIAM III", "milieu": "RURAL", "thematique": null, "type_qvh": null}}, {"type": "Feature", "geometry": {"type": "Point", "coordinates": [-15.810984, 16.500495]}, "properties": {"id": "hotelerie-425", "type": "hotelerie", "type_label": "Hôtellerie", "nom": "AUBERGE", "region": {"nom": "SAINT-LOUIS", "code": 4}, "departement": {"nom": "DAGANA", "code": 41}, "commune": {"nom": "NDIAYE", "code": 41202}, "communaute_rurale": {"nom": "ROSSO", "code": 4120205}, "quartier_village": "SANTHIABA III", "milieu": "URBAIN", "thematique": null, "type_qvh": null}}, {"type": "Feature", "geometry": {"type": "Point", "coordinates": [-15.703958, 16.468286]}, "properties": {"id": "hotelerie-426", "type": "hotelerie", "type_label": "Hôtellerie", "nom": "AUBERGE", "region": {"nom": "SAINT-LOUIS", "code": 4}, "departement": {"nom": "DAGANA", "code": 41}, "commune": {"nom": "RICHARD-TOLL", "code": 41102}, "communaute_rurale": {"nom": "RICHARD-TOLL", "code": 4110200}, "quartier_village": "ESCCALE", "milieu": "URBAIN", "thematique": null, "type_qvh": null}}, {"type": "Feature", "geometry": {"type": "Point", "coordinates": [-15.70411, 16.468595]}, "properties": {"id": "hotelerie-427", "type": "hotelerie", "type_label": "Hôtellerie", "nom": "HOTEL", "region": {"nom": "SAINT-LOUIS", "code": 4}, "departement": {"nom": "DAGANA", "code": 41}, "commune": {"nom": "RICHARD-TOLL", "code": 41102}, "communaute_rurale": {"nom": "RICHARD-TOLL", "code": 4110200}, "quartier_village": "ESCCALE", "milieu": "URBAIN", "thematique": null, "type_qvh": null}}, {"type": "Feature", "geometry": {"type": "Point", "coordinates": [-15.665064, 16.462331]}, "properties": {"id": "hotelerie-428", "type": "hotelerie", "type_label": "Hôtellerie", "nom": "AUBERGE", "region": {"nom": "SAINT-LOUIS", "code": 4}, "departement": {"nom": "DAGANA", "code": 41}, "commune": {"nom": "RICHARD-TOLL", "code": 41102}, "communaute_rurale": {"nom": "RICHARD-TOLL", "code": 4110200}, "quartier_village": "YAKH SABAR", "milieu": "URBAIN", "thematique": null, "type_qvh": null}}, {"type": "Feature", "geometry": {"type": "Point", "coordinates": [-15.669022, 16.463223]}, "properties": {"id": "hotelerie-429", "type": "hotelerie", "type_label": "Hôtellerie", "nom": "AUBERGE", "region": {"nom": "SAINT-LOUIS", "code": 4}, "departement": {"nom": "DAGANA", "code": 41}, "commune": {"nom": "RICHARD-TOLL", "code": 41102}, "communaute_rurale": {"nom": "RICHARD-TOLL", "code": 4110200}, "quartier_village": "YAKH SABAR", "milieu": "URBAIN", "thematique": null, "type_qvh": null}}, {"type": "Feature", "geometry": {"type": "Point", "coordinates": [-15.662294, 16.461576]}, "properties": {"id": "hotelerie-430", "type": "hotelerie", "type_label": "Hôtellerie", "nom": "AUBERGE", "region": {"nom": "SAINT-LOUIS", "code": 4}, "departement": {"nom": "DAGANA", "code": 41}, "commune": {"nom": "RICHARD-TOLL", "code": 41102}, "communaute_rurale": {"nom": "RICHARD-TOLL", "code": 4110200}, "quartier_village": "YAKH SABAR", "milieu": "URBAIN", "thematique": null, "type_qvh": null}}, {"type": "Feature", "geometry": {"type": "Point", "coordinates": [-15.68562, 16.450509]}, "properties": {"id": "hotelerie-431", "type": "hotelerie", "type_label": "Hôtellerie", "nom": "AUBERGE", "region": {"nom": "SAINT-LOUIS", "code": 4}, "departement": {"nom": "DAGANA", "code": 41}, "commune": {"nom": "RICHARD-TOLL", "code": 41102}, "communaute_rurale": {"nom": "RICHARD-TOLL", "code": 4110200}, "quartier_village": "THIABAKH", "milieu": "URBAIN", "thematique": null, "type_qvh": null}}, {"type": "Feature", "geometry": {"type": "Point", "coordinates": [-16.088733, 15.484267]}, "properties": {"id": "hotelerie-432", "type": "hotelerie", "type_label": "Hôtellerie", "nom": "Campement", "region": {"nom": "LOUGA", "code": 8}, "departement": {"nom": "LOUGA", "code": 83}, "commune": {"nom": "COKI", "code": 83201}, "communaute_rurale": {"nom": "GUET ARDO", "code": 8320104}, "quartier_village": "DIAMOYE GAYE", "milieu": "RURAL", "thematique": null, "type_qvh": "VILLAGE"}}, {"type": "Feature", "geometry": {"type": "Point", "coordinates": [-16.232414, 15.613686]}, "properties": {"id": "hotelerie-433", "type": "hotelerie", "type_label": "Hôtellerie", "nom": "HOTEL", "region": {"nom": "LOUGA", "code": 8}, "departement": {"nom": "LOUGA", "code": 83}, "commune": {"nom": "LOUGA", "code": 83101}, "communaute_rurale": {"nom": "LOUGA", "code": 8310100}, "quartier_village": "SANTHIABA SUD", "milieu": "URBAIN", "thematique": null, "type_qvh": null}}, {"type": "Feature", "geometry": {"type": "Point", "coordinates": [-16.226005, 15.62343]}, "properties": {"id": "hotelerie-434", "type": "hotelerie", "type_label": "Hôtellerie", "nom": "Hôtel", "region": {"nom": "LOUGA", "code": 8}, "departement": {"nom": "LOUGA", "code": 83}, "commune": {"nom": "LOUGA", "code": 83101}, "communaute_rurale": {"nom": "LOUGA", "code": 8310100}, "quartier_village": "SANTHIABA CENTRE", "milieu": "URBAIN", "thematique": null, "type_qvh": null}}, {"type": "Feature", "geometry": {"type": "Point", "coordinates": [-16.238087, 15.613008]}, "properties": {"id": "hotelerie-435", "type": "hotelerie", "type_label": "Hôtellerie", "nom": "HETELS", "region": {"nom": "LOUGA", "code": 8}, "departement": {"nom": "LOUGA", "code": 83}, "commune": {"nom": "LOUGA", "code": 83101}, "communaute_rurale": {"nom": "LOUGA", "code": 8310100}, "quartier_village": "SANTHIABA SUD", "milieu": "URBAIN", "thematique": null, "type_qvh": null}}, {"type": "Feature", "geometry": {"type": "Point", "coordinates": [-16.237933, 15.613014]}, "properties": {"id": "hotelerie-436", "type": "hotelerie", "type_label": "Hôtellerie", "nom": "HETELS", "region": {"nom": "LOUGA", "code": 8}, "departement": {"nom": "LOUGA", "code": 83}, "commune": {"nom": "LOUGA", "code": 83101}, "communaute_rurale": {"nom": "LOUGA", "code": 8310100}, "quartier_village": "SANTHIABA SUD", "milieu": "URBAIN", "thematique": null, "type_qvh": null}}, {"type": "Feature", "geometry": {"type": "Point", "coordinates": [-16.247973, 15.61068]}, "properties": {"id": "hotelerie-437", "type": "hotelerie", "type_label": "Hôtellerie", "nom": "HOTEL RESTO ART CULTURE", "region": {"nom": "LOUGA", "code": 8}, "departement": {"nom": "LOUGA", "code": 83}, "commune": {"nom": "LOUGA", "code": 83101}, "communaute_rurale": {"nom": "LOUGA", "code": 8310100}, "quartier_village": "SANTHIABA CENTRE", "milieu": "URBAIN", "thematique": null, "type_qvh": null}}, {"type": "Feature", "geometry": {"type": "Point", "coordinates": [-16.23448, 15.629706]}, "properties": {"id": "hotelerie-438", "type": "hotelerie", "type_label": "Hôtellerie", "nom": "AUBERGE LE NDIAMBOUR", "region": {"nom": "LOUGA", "code": 8}, "departement": {"nom": "LOUGA", "code": 83}, "commune": {"nom": "LOUGA", "code": 83101}, "communaute_rurale": {"nom": "LOUGA", "code": 8310100}, "quartier_village": "SANTHIABA CENTRE", "milieu": "URBAIN", "thematique": null, "type_qvh": null}}, {"type": "Feature", "geometry": {"type": "Point", "coordinates": [-16.238017, 15.6325]}, "properties": {"id": "hotelerie-439", "type": "hotelerie", "type_label": "Hôtellerie", "nom": "Hotel il Pelicano/PCP", "region": {"nom": "LOUGA", "code": 8}, "departement": {"nom": "LOUGA", "code": 83}, "commune": {"nom": "LOUGA", "code": 83101}, "communaute_rurale": {"nom": "LOUGA", "code": 8310100}, "quartier_village": "SANTHIABA NORD", "milieu": "URBAIN", "thematique": null, "type_qvh": null}}, {"type": "Feature", "geometry": {"type": "Point", "coordinates": [-16.235963, 15.632449]}, "properties": {"id": "hotelerie-440", "type": "hotelerie", "type_label": "Hôtellerie", "nom": "Auberge Agora/PCP", "region": {"nom": "LOUGA", "code": 8}, "departement": {"nom": "LOUGA", "code": 83}, "commune": {"nom": "LOUGA", "code": 83101}, "communaute_rurale": {"nom": "LOUGA", "code": 8310100}, "quartier_village": "SANTHIABA NORD", "milieu": "URBAIN", "thematique": null, "type_qvh": null}}, {"type": "Feature", "geometry": {"type": "Point", "coordinates": [-16.236194, 15.630895]}, "properties": {"id": "hotelerie-441", "type": "hotelerie", "type_label": "Hôtellerie", "nom": "Hotel Casa Italia", "region": {"nom": "LOUGA", "code": 8}, "departement": {"nom": "LOUGA", "code": 83}, "commune": {"nom": "LOUGA", "code": 83101}, "communaute_rurale": {"nom": "LOUGA", "code": 8310100}, "quartier_village": "SANTHIABA NORD", "milieu": "URBAIN", "thematique": null, "type_qvh": null}}, {"type": "Feature", "geometry": {"type": "Point", "coordinates": [-15.974361, 15.955113]}, "properties": {"id": "hotelerie-442", "type": "hotelerie", "type_label": "Hôtellerie", "nom": "CAMPEMENT DE CHASSE", "region": {"nom": "LOUGA", "code": 8}, "departement": {"nom": "LOUGA", "code": 83}, "commune": {"nom": "KEUR MOMAR SARR", "code": 83202}, "communaute_rurale": {"nom": "KEUR MOMAR SARR", "code": 8320202}, "quartier_village": "H3 KEUR YERIM", "milieu": "RURAL", "thematique": null, "type_qvh": null}}, {"type": "Feature", "geometry": {"type": "Point", "coordinates": [-16.545437, 15.738324]}, "properties": {"id": "hotelerie-443", "type": "hotelerie", "type_label": "Hôtellerie", "nom": "HOTEL", "region": {"nom": "LOUGA", "code": 8}, "departement": {"nom": "LOUGA", "code": 83}, "commune": {"nom": "SAKAL", "code": 83204}, "communaute_rurale": {"nom": "LEONA", "code": 8320401}, "quartier_village": "GNAYAME RAYETTE", "milieu": "RURAL", "thematique": null, "type_qvh": null}}, {"type": "Feature", "geometry": {"type": "Point", "coordinates": [-16.546445, 15.738128]}, "properties": {"id": "hotelerie-444", "type": "hotelerie", "type_label": "Hôtellerie", "nom": "HOTEL", "region": {"nom": "LOUGA", "code": 8}, "departement": {"nom": "LOUGA", "code": 83}, "commune": {"nom": "SAKAL", "code": 83204}, "communaute_rurale": {"nom": "LEONA", "code": 8320401}, "quartier_village": "GNAYAME RAYETTE", "milieu": "RURAL", "thematique": null, "type_qvh": null}}, {"type": "Feature", "geometry": {"type": "Point", "coordinates": [-16.545805, 15.738495]}, "properties": {"id": "hotelerie-445", "type": "hotelerie", "type_label": "Hôtellerie", "nom": "HOTEL", "region": {"nom": "LOUGA", "code": 8}, "departement": {"nom": "LOUGA", "code": 83}, "commune": {"nom": "SAKAL", "code": 83204}, "communaute_rurale": {"nom": "LEONA", "code": 8320401}, "quartier_village": "GNAYAME RAYETTE", "milieu": "RURAL", "thematique": null, "type_qvh": null}}, {"type": "Feature", "geometry": {"type": "Point", "coordinates": [-15.1172, 15.3944]}, "properties": {"id": "hotelerie-446", "type": "hotelerie", "type_label": "Hôtellerie", "nom": "Hotel Thiossane", "region": {"nom": "LOUGA", "code": 8}, "departement": {"nom": "LINGUERE", "code": 82}, "commune": {"nom": "LINGUERE", "code": 82101}, "communaute_rurale": {"nom": "LINGUERE", "code": 8210100}, "quartier_village": "ESCALE", "milieu": "URBAIN", "thematique": null, "type_qvh": null}}, {"type": "Feature", "geometry": {"type": "Point", "coordinates": [-15.119, 15.3961]}, "properties": {"id": "hotelerie-447", "type": "hotelerie", "type_label": "Hôtellerie", "nom": "HETEL", "region": {"nom": "LOUGA", "code": 8}, "departement": {"nom": "LINGUERE", "code": 82}, "commune": {"nom": "LINGUERE", "code": 82101}, "communaute_rurale": {"nom": "LINGUERE", "code": 8210100}, "quartier_village": "LINGUERE NDIAMBOUR", "milieu": "URBAIN", "thematique": null, "type_qvh": null}}, {"type": "Feature", "geometry": {"type": "Point", "coordinates": [-15.483744, 15.350269]}, "properties": {"id": "hotelerie-448", "type": "hotelerie", "type_label": "Hôtellerie", "nom": "AUBERGE MEDINA SABAKH", "region": {"nom": "LOUGA", "code": 8}, "departement": {"nom": "LINGUERE", "code": 82}, "commune": {"nom": "DAHRA", "code": 82102}, "communaute_rurale": {"nom": "DAHRA", "code": 8210200}, "quartier_village": "MEDINA NDIAYE", "milieu": "URBAIN", "thematique": null, "type_qvh": null}}, {"type": "Feature", "geometry": {"type": "Point", "coordinates": [-15.488866, 15.349712]}, "properties": {"id": "hotelerie-449", "type": "hotelerie", "type_label": "Hôtellerie", "nom": "AUBERGE", "region": {"nom": "LOUGA", "code": 8}, "departement": {"nom": "LINGUERE", "code": 82}, "commune": {"nom": "DAHRA", "code": 82102}, "communaute_rurale": {"nom": "DAHRA", "code": 8210200}, "quartier_village": "MONTAGNE", "milieu": "URBAIN", "thematique": null, "type_qvh": null}}, {"type": "Feature", "geometry": {"type": "Point", "coordinates": [-15.236155, 15.383697]}, "properties": {"id": "hotelerie-450", "type": "hotelerie", "type_label": "Hôtellerie", "nom": "HETEL VILLE", "region": {"nom": "LOUGA", "code": 8}, "departement": {"nom": "LINGUERE", "code": 82}, "commune": {"nom": "DODJI", "code": 82202}, "communaute_rurale": {"nom": "OUARKHOKH", "code": 8220203}, "quartier_village": "OUARKHOKH PARBA", "milieu": "RURAL", "thematique": null, "type_qvh": null}}, {"type": "Feature", "geometry": {"type": "Point", "coordinates": [-16.677162, 15.464215]}, "properties": {"id": "hotelerie-451", "type": "hotelerie", "type_label": "Hôtellerie", "nom": "COMPEMENT", "region": {"nom": "LOUGA", "code": 8}, "departement": {"nom": "KEBEMER", "code": 81}, "commune": {"nom": "NDANDE", "code": 81202}, "communaute_rurale": {"nom": "THIEPPE", "code": 8120205}, "quartier_village": "H3 SELEGNERE", "milieu": "RURAL", "thematique": null, "type_qvh": null}}, {"type": "Feature", "geometry": {"type": "Point", "coordinates": [-16.658482, 15.443125]}, "properties": {"id": "hotelerie-452", "type": "hotelerie", "type_label": "Hôtellerie", "nom": "CAMPEMENT", "region": {"nom": "LOUGA", "code": 8}, "departement": {"nom": "KEBEMER", "code": 81}, "commune": {"nom": "NDANDE", "code": 81202}, "communaute_rurale": {"nom": "THIEPPE", "code": 8120205}, "quartier_village": "WINDOU TCHINGOLY (COMMUNE DE DIOKOUL DIAWRIGNE)", "milieu": "RURAL", "thematique": null, "type_qvh": null}}, {"type": "Feature", "geometry": {"type": "Point", "coordinates": [-16.441, 15.372]}, "properties": {"id": "hotelerie-453", "type": "hotelerie", "type_label": "Hôtellerie", "nom": "Hotel Galayaabe", "region": {"nom": "LOUGA", "code": 8}, "departement": {"nom": "KEBEMER", "code": 81}, "commune": {"nom": "KEBEMER", "code": 81101}, "communaute_rurale": {"nom": "KEBEMER", "code": 8110100}, "quartier_village": "ESCALE", "milieu": "URBAIN", "thematique": null, "type_qvh": null}}, {"type": "Feature", "geometry": {"type": "Point", "coordinates": [-16.457199, 15.3723]}, "properties": {"id": "hotelerie-454", "type": "hotelerie", "type_label": "Hôtellerie", "nom": "HMD AUTHENTIQUE", "region": {"nom": "LOUGA", "code": 8}, "departement": {"nom": "KEBEMER", "code": 81}, "commune": {"nom": "KEBEMER", "code": 81101}, "communaute_rurale": {"nom": "KEBEMER", "code": 8110100}, "quartier_village": "GALLA DAROU SALAM", "milieu": "URBAIN", "thematique": null, "type_qvh": null}}, {"type": "Feature", "geometry": {"type": "Point", "coordinates": [-15.871097, 15.101155]}, "properties": {"id": "hotelerie-455", "type": "hotelerie", "type_label": "Hôtellerie", "nom": "HOTEL DE VILLE DA MBADIANE", "region": {"nom": "LOUGA", "code": 8}, "departement": {"nom": "KEBEMER", "code": 81}, "commune": {"nom": "DAROU MOUSTY", "code": 81201}, "communaute_rurale": {"nom": "MBADIANE", "code": 8120103}, "quartier_village": "MBADIANE", "milieu": "RURAL", "thematique": null, "type_qvh": null}}, {"type": "Feature", "geometry": {"type": "Point", "coordinates": [-16.585184, 15.185163]}, "properties": {"id": "hotelerie-456", "type": "hotelerie", "type_label": "Hôtellerie", "nom": "HOTEL COUMBA ANDAL", "region": {"nom": "LOUGA", "code": 8}, "departement": {"nom": "KEBEMER", "code": 81}, "commune": {"nom": "NDANDE", "code": 81202}, "communaute_rurale": {"nom": "NDANDE", "code": 8120204}, "quartier_village": "DAROU SAMB", "milieu": "RURAL", "thematique": null, "type_qvh": null}}, {"type": "Feature", "geometry": {"type": "Point", "coordinates": [-16.598453, 13.041239]}, "properties": {"id": "hotelerie-457", "type": "hotelerie", "type_label": "Hôtellerie", "nom": "CAMPEMENT", "region": {"nom": "ZIGUINCHOR", "code": 2}, "departement": {"nom": "BIGNONA", "code": 21}, "commune": {"nom": "KATABA I", "code": 21204}, "communaute_rurale": {"nom": "DIOULOULOU", "code": 2120404}, "quartier_village": "DOUMASSOU", "milieu": "URBAIN", "thematique": null, "type_qvh": null}}, {"type": "Feature", "geometry": {"type": "Point", "coordinates": [-16.597476, 13.050071]}, "properties": {"id": "hotelerie-458", "type": "hotelerie", "type_label": "Hôtellerie", "nom": "RELAIS MYRIANE", "region": {"nom": "ZIGUINCHOR", "code": 2}, "departement": {"nom": "BIGNONA", "code": 21}, "commune": {"nom": "KATABA I", "code": 21204}, "communaute_rurale": {"nom": "DIOULOULOU", "code": 2120404}, "quartier_village": "DOUMASSOU", "milieu": "URBAIN", "thematique": null, "type_qvh": null}}, {"type": "Feature", "geometry": {"type": "Point", "coordinates": [-16.336496, 12.788048]}, "properties": {"id": "hotelerie-459", "type": "hotelerie", "type_label": "Hôtellerie", "nom": "CAMP", "region": {"nom": "ZIGUINCHOR", "code": 2}, "departement": {"nom": "BIGNONA", "code": 21}, "commune": {"nom": "TENDOUCK", "code": 21202}, "communaute_rurale": {"nom": "BALINGORE", "code": 2120201}, "quartier_village": "BALINGHORE", "milieu": "RURAL", "thematique": null, "type_qvh": null}}, {"type": "Feature", "geometry": {"type": "Point", "coordinates": [-16.224326, 12.817645]}, "properties": {"id": "hotelerie-460", "type": "hotelerie", "type_label": "Hôtellerie", "nom": "HOTEL LE PALMIER", "region": {"nom": "ZIGUINCHOR", "code": 2}, "departement": {"nom": "BIGNONA", "code": 21}, "commune": {"nom": "BIGNONA", "code": 21101}, "communaute_rurale": {"nom": "BIGNONA", "code": 2110100}, "quartier_village": "BASSENE", "milieu": "URBAIN", "thematique": null, "type_qvh": null}}, {"type": "Feature", "geometry": {"type": "Point", "coordinates": [-16.238964, 12.810415]}, "properties": {"id": "hotelerie-461", "type": "hotelerie", "type_label": "Hôtellerie", "nom": "HETEL BIBIS", "region": {"nom": "ZIGUINCHOR", "code": 2}, "departement": {"nom": "BIGNONA", "code": 21}, "commune": {"nom": "BIGNONA", "code": 21101}, "communaute_rurale": {"nom": "BIGNONA", "code": 2110100}, "quartier_village": "MANGUILINE", "milieu": "URBAIN", "thematique": null, "type_qvh": null}}, {"type": "Feature", "geometry": {"type": "Point", "coordinates": [-16.723518, 13.088326]}, "properties": {"id": "hotelerie-462", "type": "hotelerie", "type_label": "Hôtellerie", "nom": "CAMPEMENT", "region": {"nom": "ZIGUINCHOR", "code": 2}, "departement": {"nom": "BIGNONA", "code": 21}, "commune": {"nom": "KATABA I", "code": 21204}, "communaute_rurale": {"nom": "KATABA I", "code": 2120403}, "quartier_village": "KATACK", "milieu": "RURAL", "thematique": null, "type_qvh": null}}, {"type": "Feature", "geometry": {"type": "Point", "coordinates": [-16.098385, 12.669139]}, "properties": {"id": "hotelerie-463", "type": "hotelerie", "type_label": "Hôtellerie", "nom": "CAMPEMENT", "region": {"nom": "ZIGUINCHOR", "code": 2}, "departement": {"nom": "BIGNONA", "code": 21}, "commune": {"nom": "TENGHORY", "code": 21203}, "communaute_rurale": {"nom": "COUBALAN", "code": 2120301}, "quartier_village": "COUBANAO", "milieu": "RURAL", "thematique": null, "type_qvh": null}}, {"type": "Feature", "geometry": {"type": "Point", "coordinates": [-16.111694, 12.663231]}, "properties": {"id": "hotelerie-464", "type": "hotelerie", "type_label": "Hôtellerie", "nom": "CAMPEMENT", "region": {"nom": "ZIGUINCHOR", "code": 2}, "departement": {"nom": "BIGNONA", "code": 21}, "commune": {"nom": "TENGHORY", "code": 21203}, "communaute_rurale": {"nom": "COUBALAN", "code": 2120301}, "quartier_village": "FINTHIOCK", "milieu": "RURAL", "thematique": null, "type_qvh": null}}, {"type": "Feature", "geometry": {"type": "Point", "coordinates": [-16.170683, 12.66198]}, "properties": {"id": "hotelerie-465", "type": "hotelerie", "type_label": "Hôtellerie", "nom": "CAMPEMENT", "region": {"nom": "ZIGUINCHOR", "code": 2}, "departement": {"nom": "BIGNONA", "code": 21}, "commune": {"nom": "TENGHORY", "code": 21203}, "communaute_rurale": {"nom": "COUBALAN", "code": 2120301}, "quartier_village": "COUBALAN", "milieu": "RURAL", "thematique": null, "type_qvh": null}}, {"type": "Feature", "geometry": {"type": "Point", "coordinates": [-16.171226, 12.661868]}, "properties": {"id": "hotelerie-466", "type": "hotelerie", "type_label": "Hôtellerie", "nom": "CAMPEMENT", "region": {"nom": "ZIGUINCHOR", "code": 2}, "departement": {"nom": "BIGNONA", "code": 21}, "commune": {"nom": "TENGHORY", "code": 21203}, "communaute_rurale": {"nom": "COUBALAN", "code": 2120301}, "quartier_village": "COUBALAN", "milieu": "RURAL", "thematique": null, "type_qvh": null}}, {"type": "Feature", "geometry": {"type": "Point", "coordinates": [-16.163647, 12.665277]}, "properties": {"id": "hotelerie-467", "type": "hotelerie", "type_label": "Hôtellerie", "nom": "CAMPEMENT DE COUBALAN", "region": {"nom": "ZIGUINCHOR", "code": 2}, "departement": {"nom": "BIGNONA", "code": 21}, "commune": {"nom": "TENGHORY", "code": 21203}, "communaute_rurale": {"nom": "COUBALAN", "code": 2120301}, "quartier_village": "COUBALAN", "milieu": "RURAL", "thematique": null, "type_qvh": null}}, {"type": "Feature", "geometry": {"type": "Point", "coordinates": [-16.199382, 12.664173]}, "properties": {"id": "hotelerie-468", "type": "hotelerie", "type_label": "Hôtellerie", "nom": "CAMPEMENT", "region": {"nom": "ZIGUINCHOR", "code": 2}, "departement": {"nom": "BIGNONA", "code": 21}, "commune": {"nom": "TENGHORY", "code": 21203}, "communaute_rurale": {"nom": "COUBALAN", "code": 2120301}, "quartier_village": "DJILACOUNE", "milieu": "RURAL", "thematique": null, "type_qvh": null}}, {"type": "Feature", "geometry": {"type": "Point", "coordinates": [-16.744937, 12.945322]}, "properties": {"id": "hotelerie-469", "type": "hotelerie", "type_label": "Hôtellerie", "nom": "Campement fouta djalon", "region": {"nom": "ZIGUINCHOR", "code": 2}, "departement": {"nom": "BIGNONA", "code": 21}, "commune": {"nom": "KATABA I", "code": 21204}, "communaute_rurale": {"nom": "KAFOUNTINE", "code": 2120402}, "quartier_village": "KAFOUNTINE", "milieu": "RURAL", "thematique": null, "type_qvh": null}}, {"type": "Feature", "geometry": {"type": "Point", "coordinates": [-16.746958, 12.935404]}, "properties": {"id": "hotelerie-470", "type": "hotelerie", "type_label": "Hôtellerie", "nom": "Campement", "region": {"nom": "ZIGUINCHOR", "code": 2}, "departement": {"nom": "BIGNONA", "code": 21}, "commune": {"nom": "KATABA I", "code": 21204}, "communaute_rurale": {"nom": "KAFOUNTINE", "code": 2120402}, "quartier_village": "KAFOUNTINE", "milieu": "RURAL", "thematique": null, "type_qvh": null}}, {"type": "Feature", "geometry": {"type": "Point", "coordinates": [-16.747401, 12.938982]}, "properties": {"id": "hotelerie-471", "type": "hotelerie", "type_label": "Hôtellerie", "nom": "Campement", "region": {"nom": "ZIGUINCHOR", "code": 2}, "departement": {"nom": "BIGNONA", "code": 21}, "commune": {"nom": "KATABA I", "code": 21204}, "communaute_rurale": {"nom": "KAFOUNTINE", "code": 2120402}, "quartier_village": "KAFOUNTINE", "milieu": "RURAL", "thematique": null, "type_qvh": null}}, {"type": "Feature", "geometry": {"type": "Point", "coordinates": [-16.744738, 12.946971]}, "properties": {"id": "hotelerie-472", "type": "hotelerie", "type_label": "Hôtellerie", "nom": "Campement", "region": {"nom": "ZIGUINCHOR", "code": 2}, "departement": {"nom": "BIGNONA", "code": 21}, "commune": {"nom": "KATABA I", "code": 21204}, "communaute_rurale": {"nom": "KAFOUNTINE", "code": 2120402}, "quartier_village": "KAFOUNTINE", "milieu": "RURAL", "thematique": null, "type_qvh": null}}, {"type": "Feature", "geometry": {"type": "Point", "coordinates": [-16.727709, 13.002269]}, "properties": {"id": "hotelerie-473", "type": "hotelerie", "type_label": "Hôtellerie", "nom": "Campements baye fal", "region": {"nom": "ZIGUINCHOR", "code": 2}, "departement": {"nom": "BIGNONA", "code": 21}, "commune": {"nom": "KATABA I", "code": 21204}, "communaute_rurale": {"nom": "KAFOUNTINE", "code": 2120402}, "quartier_village": "ABENE", "milieu": "RURAL", "thematique": null, "type_qvh": null}}, {"type": "Feature", "geometry": {"type": "Point", "coordinates": [-16.734653, 13.0066]}, "properties": {"id": "hotelerie-474", "type": "hotelerie", "type_label": "Hôtellerie", "nom": "CAMPEMENT", "region": {"nom": "ZIGUINCHOR", "code": 2}, "departement": {"nom": "BIGNONA", "code": 21}, "commune": {"nom": "KATABA I", "code": 21204}, "communaute_rurale": {"nom": "KAFOUNTINE", "code": 2120402}, "quartier_village": "ABENE", "milieu": "RURAL", "thematique": null, "type_qvh": null}}, {"type": "Feature", "geometry": {"type": "Point", "coordinates": [-16.734068, 13.005272]}, "properties": {"id": "hotelerie-475", "type": "hotelerie", "type_label": "Hôtellerie", "nom": "CAMPEMENT", "region": {"nom": "ZIGUINCHOR", "code": 2}, "departement": {"nom": "BIGNONA", "code": 21}, "commune": {"nom": "KATABA I", "code": 21204}, "communaute_rurale": {"nom": "KAFOUNTINE", "code": 2120402}, "quartier_village": "ABENE", "milieu": "RURAL", "thematique": null, "type_qvh": null}}, {"type": "Feature", "geometry": {"type": "Point", "coordinates": [-16.735882, 13.007234]}, "properties": {"id": "hotelerie-476", "type": "hotelerie", "type_label": "Hôtellerie", "nom": "CAMPEMENT", "region": {"nom": "ZIGUINCHOR", "code": 2}, "departement": {"nom": "BIGNONA", "code": 21}, "commune": {"nom": "KATABA I", "code": 21204}, "communaute_rurale": {"nom": "KAFOUNTINE", "code": 2120402}, "quartier_village": "ABENE", "milieu": "RURAL", "thematique": null, "type_qvh": null}}, {"type": "Feature", "geometry": {"type": "Point", "coordinates": [-16.736155, 13.005761]}, "properties": {"id": "hotelerie-477", "type": "hotelerie", "type_label": "Hôtellerie", "nom": "CAMPEMENT", "region": {"nom": "ZIGUINCHOR", "code": 2}, "departement": {"nom": "BIGNONA", "code": 21}, "commune": {"nom": "KATABA I", "code": 21204}, "communaute_rurale": {"nom": "KAFOUNTINE", "code": 2120402}, "quartier_village": "ABENE", "milieu": "RURAL", "thematique": null, "type_qvh": null}}, {"type": "Feature", "geometry": {"type": "Point", "coordinates": [-16.736513, 13.004239]}, "properties": {"id": "hotelerie-478", "type": "hotelerie", "type_label": "Hôtellerie", "nom": "CAMPEMENT", "region": {"nom": "ZIGUINCHOR", "code": 2}, "departement": {"nom": "BIGNONA", "code": 21}, "commune": {"nom": "KATABA I", "code": 21204}, "communaute_rurale": {"nom": "KAFOUNTINE", "code": 2120402}, "quartier_village": "ABENE", "milieu": "RURAL", "thematique": null, "type_qvh": null}}, {"type": "Feature", "geometry": {"type": "Point", "coordinates": [-16.734721, 13.005215]}, "properties": {"id": "hotelerie-479", "type": "hotelerie", "type_label": "Hôtellerie", "nom": "CAMPEMENT", "region": {"nom": "ZIGUINCHOR", "code": 2}, "departement": {"nom": "BIGNONA", "code": 21}, "commune": {"nom": "KATABA I", "code": 21204}, "communaute_rurale": {"nom": "KAFOUNTINE", "code": 2120402}, "quartier_village": "ABENE", "milieu": "RURAL", "thematique": null, "type_qvh": null}}, {"type": "Feature", "geometry": {"type": "Point", "coordinates": [-16.745184, 12.932574]}, "properties": {"id": "hotelerie-480", "type": "hotelerie", "type_label": "Hôtellerie", "nom": "Campement", "region": {"nom": "ZIGUINCHOR", "code": 2}, "departement": {"nom": "BIGNONA", "code": 21}, "commune": {"nom": "KATABA I", "code": 21204}, "communaute_rurale": {"nom": "KAFOUNTINE", "code": 2120402}, "quartier_village": "KAFOUNTINE", "milieu": "RURAL", "thematique": null, "type_qvh": null}}, {"type": "Feature", "geometry": {"type": "Point", "coordinates": [-16.744836, 12.946234]}, "properties": {"id": "hotelerie-481", "type": "hotelerie", "type_label": "Hôtellerie", "nom": "Campement", "region": {"nom": "ZIGUINCHOR", "code": 2}, "departement": {"nom": "BIGNONA", "code": 21}, "commune": {"nom": "KATABA I", "code": 21204}, "communaute_rurale": {"nom": "KAFOUNTINE", "code": 2120402}, "quartier_village": "KAFOUNTINE", "milieu": "RURAL", "thematique": null, "type_qvh": null}}, {"type": "Feature", "geometry": {"type": "Point", "coordinates": [-16.736402, 13.004696]}, "properties": {"id": "hotelerie-482", "type": "hotelerie", "type_label": "Hôtellerie", "nom": "CAMPEMENT", "region": {"nom": "ZIGUINCHOR", "code": 2}, "departement": {"nom": "BIGNONA", "code": 21}, "commune": {"nom": "KATABA I", "code": 21204}, "communaute_rurale": {"nom": "KAFOUNTINE", "code": 2120402}, "quartier_village": "ABENE", "milieu": "RURAL", "thematique": null, "type_qvh": null}}, {"type": "Feature", "geometry": {"type": "Point", "coordinates": [-16.737243, 12.965107]}, "properties": {"id": "hotelerie-483", "type": "hotelerie", "type_label": "Hôtellerie", "nom": "CAMPEMENT CRIME BASSO", "region": {"nom": "ZIGUINCHOR", "code": 2}, "departement": {"nom": "BIGNONA", "code": 21}, "commune": {"nom": "KATABA I", "code": 21204}, "communaute_rurale": {"nom": "KAFOUNTINE", "code": 2120402}, "quartier_village": "DIANAH", "milieu": "RURAL", "thematique": null, "type_qvh": null}}, {"type": "Feature", "geometry": {"type": "Point", "coordinates": [-16.744664, 12.937593]}, "properties": {"id": "hotelerie-484", "type": "hotelerie", "type_label": "Hôtellerie", "nom": "CAMPEMENT", "region": {"nom": "ZIGUINCHOR", "code": 2}, "departement": {"nom": "BIGNONA", "code": 21}, "commune": {"nom": "KATABA I", "code": 21204}, "communaute_rurale": {"nom": "KAFOUNTINE", "code": 2120402}, "quartier_village": "KAFOUNTINE", "milieu": "RURAL", "thematique": null, "type_qvh": null}}, {"type": "Feature", "geometry": {"type": "Point", "coordinates": [-16.74757, 12.937435]}, "properties": {"id": "hotelerie-485", "type": "hotelerie", "type_label": "Hôtellerie", "nom": "Campement", "region": {"nom": "ZIGUINCHOR", "code": 2}, "departement": {"nom": "BIGNONA", "code": 21}, "commune": {"nom": "KATABA I", "code": 21204}, "communaute_rurale": {"nom": "KAFOUNTINE", "code": 2120402}, "quartier_village": "KAFOUNTINE", "milieu": "RURAL", "thematique": null, "type_qvh": null}}, {"type": "Feature", "geometry": {"type": "Point", "coordinates": [-16.743035, 12.945107]}, "properties": {"id": "hotelerie-486", "type": "hotelerie", "type_label": "Hôtellerie", "nom": "Campement", "region": {"nom": "ZIGUINCHOR", "code": 2}, "departement": {"nom": "BIGNONA", "code": 21}, "commune": {"nom": "KATABA I", "code": 21204}, "communaute_rurale": {"nom": "KAFOUNTINE", "code": 2120402}, "quartier_village": "KAFOUNTINE", "milieu": "RURAL", "thematique": null, "type_qvh": null}}, {"type": "Feature", "geometry": {"type": "Point", "coordinates": [-16.743334, 12.94437]}, "properties": {"id": "hotelerie-487", "type": "hotelerie", "type_label": "Hôtellerie", "nom": "Campement", "region": {"nom": "ZIGUINCHOR", "code": 2}, "departement": {"nom": "BIGNONA", "code": 21}, "commune": {"nom": "KATABA I", "code": 21204}, "communaute_rurale": {"nom": "KAFOUNTINE", "code": 2120402}, "quartier_village": "KAFOUNTINE", "milieu": "RURAL", "thematique": null, "type_qvh": null}}, {"type": "Feature", "geometry": {"type": "Point", "coordinates": [-16.742888, 12.941723]}, "properties": {"id": "hotelerie-488", "type": "hotelerie", "type_label": "Hôtellerie", "nom": "CAMPEMENT LA TERANGA", "region": {"nom": "ZIGUINCHOR", "code": 2}, "departement": {"nom": "BIGNONA", "code": 21}, "commune": {"nom": "KATABA I", "code": 21204}, "communaute_rurale": {"nom": "KAFOUNTINE", "code": 2120402}, "quartier_village": "KAFOUNTINE", "milieu": "RURAL", "thematique": null, "type_qvh": null}}, {"type": "Feature", "geometry": {"type": "Point", "coordinates": [-16.74463, 12.947805]}, "properties": {"id": "hotelerie-489", "type": "hotelerie", "type_label": "Hôtellerie", "nom": "Campement", "region": {"nom": "ZIGUINCHOR", "code": 2}, "departement": {"nom": "BIGNONA", "code": 21}, "commune": {"nom": "KATABA I", "code": 21204}, "communaute_rurale": {"nom": "KAFOUNTINE", "code": 2120402}, "quartier_village": "KAFOUNTINE", "milieu": "RURAL", "thematique": null, "type_qvh": null}}, {"type": "Feature", "geometry": {"type": "Point", "coordinates": [-16.748985, 12.935501]}, "properties": {"id": "hotelerie-490", "type": "hotelerie", "type_label": "Hôtellerie", "nom": "Campement", "region": {"nom": "ZIGUINCHOR", "code": 2}, "departement": {"nom": "BIGNONA", "code": 21}, "commune": {"nom": "KATABA I", "code": 21204}, "communaute_rurale": {"nom": "KAFOUNTINE", "code": 2120402}, "quartier_village": "KAFOUNTINE", "milieu": "RURAL", "thematique": null, "type_qvh": null}}, {"type": "Feature", "geometry": {"type": "Point", "coordinates": [-16.746469, 12.933411]}, "properties": {"id": "hotelerie-491", "type": "hotelerie", "type_label": "Hôtellerie", "nom": "Campement", "region": {"nom": "ZIGUINCHOR", "code": 2}, "departement": {"nom": "BIGNONA", "code": 21}, "commune": {"nom": "KATABA I", "code": 21204}, "communaute_rurale": {"nom": "KAFOUNTINE", "code": 2120402}, "quartier_village": "KAFOUNTINE", "milieu": "RURAL", "thematique": null, "type_qvh": null}}, {"type": "Feature", "geometry": {"type": "Point", "coordinates": [-16.74203, 12.941404]}, "properties": {"id": "hotelerie-492", "type": "hotelerie", "type_label": "Hôtellerie", "nom": "CAMPEMENT LE KUMAAREE", "region": {"nom": "ZIGUINCHOR", "code": 2}, "departement": {"nom": "BIGNONA", "code": 21}, "commune": {"nom": "KATABA I", "code": 21204}, "communaute_rurale": {"nom": "KAFOUNTINE", "code": 2120402}, "quartier_village": "KAFOUNTINE", "milieu": "RURAL", "thematique": null, "type_qvh": null}}, {"type": "Feature", "geometry": {"type": "Point", "coordinates": [-16.742836, 12.93257]}, "properties": {"id": "hotelerie-493", "type": "hotelerie", "type_label": "Hôtellerie", "nom": "Auberge", "region": {"nom": "ZIGUINCHOR", "code": 2}, "departement": {"nom": "BIGNONA", "code": 21}, "commune": {"nom": "KATABA I", "code": 21204}, "communaute_rurale": {"nom": "KAFOUNTINE", "code": 2120402}, "quartier_village": "KAFOUNTINE", "milieu": "RURAL", "thematique": null, "type_qvh": null}}, {"type": "Feature", "geometry": {"type": "Point", "coordinates": [-16.745576, 12.933732]}, "properties": {"id": "hotelerie-494", "type": "hotelerie", "type_label": "Hôtellerie", "nom": "Campement KUNJA", "region": {"nom": "ZIGUINCHOR", "code": 2}, "departement": {"nom": "BIGNONA", "code": 21}, "commune": {"nom": "KATABA I", "code": 21204}, "communaute_rurale": {"nom": "KAFOUNTINE", "code": 2120402}, "quartier_village": "KAFOUNTINE", "milieu": "RURAL", "thematique": null, "type_qvh": null}}, {"type": "Feature", "geometry": {"type": "Point", "coordinates": [-16.744516, 12.948907]}, "properties": {"id": "hotelerie-495", "type": "hotelerie", "type_label": "Hôtellerie", "nom": "Campement", "region": {"nom": "ZIGUINCHOR", "code": 2}, "departement": {"nom": "BIGNONA", "code": 21}, "commune": {"nom": "KATABA I", "code": 21204}, "communaute_rurale": {"nom": "KAFOUNTINE", "code": 2120402}, "quartier_village": "KAFOUNTINE", "milieu": "RURAL", "thematique": null, "type_qvh": null}}, {"type": "Feature", "geometry": {"type": "Point", "coordinates": [-16.722044, 12.998927]}, "properties": {"id": "hotelerie-496", "type": "hotelerie", "type_label": "Hôtellerie", "nom": "CAMPEMENT YONOLE", "region": {"nom": "ZIGUINCHOR", "code": 2}, "departement": {"nom": "BIGNONA", "code": 21}, "commune": {"nom": "KATABA I", "code": 21204}, "communaute_rurale": {"nom": "KAFOUNTINE", "code": 2120402}, "quartier_village": "ABENE", "milieu": "RURAL", "thematique": null, "type_qvh": null}}, {"type": "Feature", "geometry": {"type": "Point", "coordinates": [-16.743685, 12.951648]}, "properties": {"id": "hotelerie-497", "type": "hotelerie", "type_label": "Hôtellerie", "nom": "Campement Esperanto", "region": {"nom": "ZIGUINCHOR", "code": 2}, "departement": {"nom": "BIGNONA", "code": 21}, "commune": {"nom": "KATABA I", "code": 21204}, "communaute_rurale": {"nom": "KAFOUNTINE", "code": 2120402}, "quartier_village": "KAFOUNTINE", "milieu": "RURAL", "thematique": null, "type_qvh": null}}, {"type": "Feature", "geometry": {"type": "Point", "coordinates": [-16.737441, 12.999065]}, "properties": {"id": "hotelerie-498", "type": "hotelerie", "type_label": "Hôtellerie", "nom": "CAMPEMENT", "region": {"nom": "ZIGUINCHOR", "code": 2}, "departement": {"nom": "BIGNONA", "code": 21}, "commune": {"nom": "KATABA I", "code": 21204}, "communaute_rurale": {"nom": "KAFOUNTINE", "code": 2120402}, "quartier_village": "ABENE", "milieu": "RURAL", "thematique": null, "type_qvh": null}}, {"type": "Feature", "geometry": {"type": "Point", "coordinates": [-16.73701, 12.99711]}, "properties": {"id": "hotelerie-499", "type": "hotelerie", "type_label": "Hôtellerie", "nom": "CAMPEMENT LE COSSEYE", "region": {"nom": "ZIGUINCHOR", "code": 2}, "departement": {"nom": "BIGNONA", "code": 21}, "commune": {"nom": "KATABA I", "code": 21204}, "communaute_rurale": {"nom": "KAFOUNTINE", "code": 2120402}, "quartier_village": "ABENE", "milieu": "RURAL", "thematique": null, "type_qvh": null}}, {"type": "Feature", "geometry": {"type": "Point", "coordinates": [-16.737682, 12.998262]}, "properties": {"id": "hotelerie-500", "type": "hotelerie", "type_label": "Hôtellerie", "nom": "CAMPEMENT", "region": {"nom": "ZIGUINCHOR", "code": 2}, "departement": {"nom": "BIGNONA", "code": 21}, "commune": {"nom": "KATABA I", "code": 21204}, "communaute_rurale": {"nom": "KAFOUNTINE", "code": 2120402}, "quartier_village": "ABENE", "milieu": "RURAL", "thematique": null, "type_qvh": null}}, {"type": "Feature", "geometry": {"type": "Point", "coordinates": [-16.744544, 12.932809]}, "properties": {"id": "hotelerie-501", "type": "hotelerie", "type_label": "Hôtellerie", "nom": "CAMPEMENT", "region": {"nom": "ZIGUINCHOR", "code": 2}, "departement": {"nom": "BIGNONA", "code": 21}, "commune": {"nom": "KATABA I", "code": 21204}, "communaute_rurale": {"nom": "KAFOUNTINE", "code": 2120402}, "quartier_village": "KAFOUNTINE", "milieu": "RURAL", "thematique": null, "type_qvh": null}}, {"type": "Feature", "geometry": {"type": "Point", "coordinates": [-16.744687, 12.944224]}, "properties": {"id": "hotelerie-502", "type": "hotelerie", "type_label": "Hôtellerie", "nom": "Campement", "region": {"nom": "ZIGUINCHOR", "code": 2}, "departement": {"nom": "BIGNONA", "code": 21}, "commune": {"nom": "KATABA I", "code": 21204}, "communaute_rurale": {"nom": "KAFOUNTINE", "code": 2120402}, "quartier_village": "KAFOUNTINE", "milieu": "RURAL", "thematique": null, "type_qvh": null}}, {"type": "Feature", "geometry": {"type": "Point", "coordinates": [-16.735967, 13.006809]}, "properties": {"id": "hotelerie-503", "type": "hotelerie", "type_label": "Hôtellerie", "nom": "CAMPEMENT", "region": {"nom": "ZIGUINCHOR", "code": 2}, "departement": {"nom": "BIGNONA", "code": 21}, "commune": {"nom": "KATABA I", "code": 21204}, "communaute_rurale": {"nom": "KAFOUNTINE", "code": 2120402}, "quartier_village": "ABENE", "milieu": "RURAL", "thematique": null, "type_qvh": null}}, {"type": "Feature", "geometry": {"type": "Point", "coordinates": [-16.734049, 13.006201]}, "properties": {"id": "hotelerie-504", "type": "hotelerie", "type_label": "Hôtellerie", "nom": "CAMPEMENT", "region": {"nom": "ZIGUINCHOR", "code": 2}, "departement": {"nom": "BIGNONA", "code": 21}, "commune": {"nom": "KATABA I", "code": 21204}, "communaute_rurale": {"nom": "KAFOUNTINE", "code": 2120402}, "quartier_village": "ABENE", "milieu": "RURAL", "thematique": null, "type_qvh": null}}, {"type": "Feature", "geometry": {"type": "Point", "coordinates": [-16.736155, 13.005222]}, "properties": {"id": "hotelerie-505", "type": "hotelerie", "type_label": "Hôtellerie", "nom": "CAMPEMENT", "region": {"nom": "ZIGUINCHOR", "code": 2}, "departement": {"nom": "BIGNONA", "code": 21}, "commune": {"nom": "KATABA I", "code": 21204}, "communaute_rurale": {"nom": "KAFOUNTINE", "code": 2120402}, "quartier_village": "ABENE", "milieu": "RURAL", "thematique": null, "type_qvh": null}}, {"type": "Feature", "geometry": {"type": "Point", "coordinates": [-16.73451, 13.014905]}, "properties": {"id": "hotelerie-506", "type": "hotelerie", "type_label": "Hôtellerie", "nom": "Hotel Kalissai", "region": {"nom": "ZIGUINCHOR", "code": 2}, "departement": {"nom": "BIGNONA", "code": 21}, "commune": {"nom": "KATABA I", "code": 21204}, "communaute_rurale": {"nom": "KAFOUNTINE", "code": 2120402}, "quartier_village": "ABENE", "milieu": "RURAL", "thematique": null, "type_qvh": null}}, {"type": "Feature", "geometry": {"type": "Point", "coordinates": [-16.731312, 12.999026]}, "properties": {"id": "hotelerie-507", "type": "hotelerie", "type_label": "Hôtellerie", "nom": "Campement petit Suisse", "region": {"nom": "ZIGUINCHOR", "code": 2}, "departement": {"nom": "BIGNONA", "code": 21}, "commune": {"nom": "KATABA I", "code": 21204}, "communaute_rurale": {"nom": "KAFOUNTINE", "code": 2120402}, "quartier_village": "ABENE", "milieu": "RURAL", "thematique": null, "type_qvh": null}}, {"type": "Feature", "geometry": {"type": "Point", "coordinates": [-16.736157, 12.998696]}, "properties": {"id": "hotelerie-508", "type": "hotelerie", "type_label": "Hôtellerie", "nom": "CAMPEMENT", "region": {"nom": "ZIGUINCHOR", "code": 2}, "departement": {"nom": "BIGNONA", "code": 21}, "commune": {"nom": "KATABA I", "code": 21204}, "communaute_rurale": {"nom": "KAFOUNTINE", "code": 2120402}, "quartier_village": "ABENE", "milieu": "RURAL", "thematique": null, "type_qvh": null}}, {"type": "Feature", "geometry": {"type": "Point", "coordinates": [-16.737617, 12.997304]}, "properties": {"id": "hotelerie-509", "type": "hotelerie", "type_label": "Hôtellerie", "nom": "CAMPEMENT", "region": {"nom": "ZIGUINCHOR", "code": 2}, "departement": {"nom": "BIGNONA", "code": 21}, "commune": {"nom": "KATABA I", "code": 21204}, "communaute_rurale": {"nom": "KAFOUNTINE", "code": 2120402}, "quartier_village": "ABENE", "milieu": "RURAL", "thematique": null, "type_qvh": null}}, {"type": "Feature", "geometry": {"type": "Point", "coordinates": [-16.733792, 12.996148]}, "properties": {"id": "hotelerie-510", "type": "hotelerie", "type_label": "Hôtellerie", "nom": "MAKOU BAR", "region": {"nom": "ZIGUINCHOR", "code": 2}, "departement": {"nom": "BIGNONA", "code": 21}, "commune": {"nom": "KATABA I", "code": 21204}, "communaute_rurale": {"nom": "KAFOUNTINE", "code": 2120402}, "quartier_village": "ABENE", "milieu": "RURAL", "thematique": null, "type_qvh": null}}, {"type": "Feature", "geometry": {"type": "Point", "coordinates": [-16.73352, 12.997258]}, "properties": {"id": "hotelerie-511", "type": "hotelerie", "type_label": "Hôtellerie", "nom": "CAMPEMENT", "region": {"nom": "ZIGUINCHOR", "code": 2}, "departement": {"nom": "BIGNONA", "code": 21}, "commune": {"nom": "KATABA I", "code": 21204}, "communaute_rurale": {"nom": "KAFOUNTINE", "code": 2120402}, "quartier_village": "ABENE", "milieu": "RURAL", "thematique": null, "type_qvh": null}}, {"type": "Feature", "geometry": {"type": "Point", "coordinates": [-16.728567, 12.997548]}, "properties": {"id": "hotelerie-512", "type": "hotelerie", "type_label": "Hôtellerie", "nom": "CAMPEMENT", "region": {"nom": "ZIGUINCHOR", "code": 2}, "departement": {"nom": "BIGNONA", "code": 21}, "commune": {"nom": "KATABA I", "code": 21204}, "communaute_rurale": {"nom": "KAFOUNTINE", "code": 2120402}, "quartier_village": "ABENE", "milieu": "RURAL", "thematique": null, "type_qvh": null}}, {"type": "Feature", "geometry": {"type": "Point", "coordinates": [-16.736138, 12.999154]}, "properties": {"id": "hotelerie-513", "type": "hotelerie", "type_label": "Hôtellerie", "nom": "CAMPEMENT", "region": {"nom": "ZIGUINCHOR", "code": 2}, "departement": {"nom": "BIGNONA", "code": 21}, "commune": {"nom": "KATABA I", "code": 21204}, "communaute_rurale": {"nom": "KAFOUNTINE", "code": 2120402}, "quartier_village": "ABENE", "milieu": "RURAL", "thematique": null, "type_qvh": null}}, {"type": "Feature", "geometry": {"type": "Point", "coordinates": [-16.734724, 13.005927]}, "properties": {"id": "hotelerie-514", "type": "hotelerie", "type_label": "Hôtellerie", "nom": "CAMPEMENT", "region": {"nom": "ZIGUINCHOR", "code": 2}, "departement": {"nom": "BIGNONA", "code": 21}, "commune": {"nom": "KATABA I", "code": 21204}, "communaute_rurale": {"nom": "KAFOUNTINE", "code": 2120402}, "quartier_village": "ABENE", "milieu": "RURAL", "thematique": null, "type_qvh": null}}, {"type": "Feature", "geometry": {"type": "Point", "coordinates": [-16.739225, 12.988065]}, "properties": {"id": "hotelerie-515", "type": "hotelerie", "type_label": "Hôtellerie", "nom": "CAMPEMENT", "region": {"nom": "ZIGUINCHOR", "code": 2}, "departement": {"nom": "BIGNONA", "code": 21}, "commune": {"nom": "KATABA I", "code": 21204}, "communaute_rurale": {"nom": "KAFOUNTINE", "code": 2120402}, "quartier_village": "ABENE", "milieu": "RURAL", "thematique": null, "type_qvh": null}}, {"type": "Feature", "geometry": {"type": "Point", "coordinates": [-16.728371, 13.003998]}, "properties": {"id": "hotelerie-516", "type": "hotelerie", "type_label": "Hôtellerie", "nom": "CAMPEMENT", "region": {"nom": "ZIGUINCHOR", "code": 2}, "departement": {"nom": "BIGNONA", "code": 21}, "commune": {"nom": "KATABA I", "code": 21204}, "communaute_rurale": {"nom": "KAFOUNTINE", "code": 2120402}, "quartier_village": "ABENE", "milieu": "RURAL", "thematique": null, "type_qvh": null}}, {"type": "Feature", "geometry": {"type": "Point", "coordinates": [-16.736207, 12.991232]}, "properties": {"id": "hotelerie-517", "type": "hotelerie", "type_label": "Hôtellerie", "nom": "Campement", "region": {"nom": "ZIGUINCHOR", "code": 2}, "departement": {"nom": "BIGNONA", "code": 21}, "commune": {"nom": "KATABA I", "code": 21204}, "communaute_rurale": {"nom": "KAFOUNTINE", "code": 2120402}, "quartier_village": "ABENE", "milieu": "RURAL", "thematique": null, "type_qvh": null}}, {"type": "Feature", "geometry": {"type": "Point", "coordinates": [-16.723554, 12.997205]}, "properties": {"id": "hotelerie-518", "type": "hotelerie", "type_label": "Hôtellerie", "nom": "Auberge", "region": {"nom": "ZIGUINCHOR", "code": 2}, "departement": {"nom": "BIGNONA", "code": 21}, "commune": {"nom": "KATABA I", "code": 21204}, "communaute_rurale": {"nom": "KAFOUNTINE", "code": 2120402}, "quartier_village": "ABENE", "milieu": "RURAL", "thematique": null, "type_qvh": null}}, {"type": "Feature", "geometry": {"type": "Point", "coordinates": [-16.734636, 12.994777]}, "properties": {"id": "hotelerie-519", "type": "hotelerie", "type_label": "Hôtellerie", "nom": "Campement DIABATALLO", "region": {"nom": "ZIGUINCHOR", "code": 2}, "departement": {"nom": "BIGNONA", "code": 21}, "commune": {"nom": "KATABA I", "code": 21204}, "communaute_rurale": {"nom": "KAFOUNTINE", "code": 2120402}, "quartier_village": "ABENE", "milieu": "RURAL", "thematique": null, "type_qvh": null}}, {"type": "Feature", "geometry": {"type": "Point", "coordinates": [-16.736025, 12.987114]}, "properties": {"id": "hotelerie-520", "type": "hotelerie", "type_label": "Hôtellerie", "nom": "Campement Sindéye", "region": {"nom": "ZIGUINCHOR", "code": 2}, "departement": {"nom": "BIGNONA", "code": 21}, "commune": {"nom": "KATABA I", "code": 21204}, "communaute_rurale": {"nom": "KAFOUNTINE", "code": 2120402}, "quartier_village": "ABENE", "milieu": "RURAL", "thematique": null, "type_qvh": null}}, {"type": "Feature", "geometry": {"type": "Point", "coordinates": [-16.736515, 12.992552]}, "properties": {"id": "hotelerie-521", "type": "hotelerie", "type_label": "Hôtellerie", "nom": "CAMPEMENT MAISON SUJATA", "region": {"nom": "ZIGUINCHOR", "code": 2}, "departement": {"nom": "BIGNONA", "code": 21}, "commune": {"nom": "KATABA I", "code": 21204}, "communaute_rurale": {"nom": "KAFOUNTINE", "code": 2120402}, "quartier_village": "ABENE", "milieu": "RURAL", "thematique": null, "type_qvh": null}}, {"type": "Feature", "geometry": {"type": "Point", "coordinates": [-16.739353, 12.985561]}, "properties": {"id": "hotelerie-522", "type": "hotelerie", "type_label": "Hôtellerie", "nom": "CAMPEMENT CHEZ FATOU", "region": {"nom": "ZIGUINCHOR", "code": 2}, "departement": {"nom": "BIGNONA", "code": 21}, "commune": {"nom": "KATABA I", "code": 21204}, "communaute_rurale": {"nom": "KAFOUNTINE", "code": 2120402}, "quartier_village": "ABENE", "milieu": "RURAL", "thematique": null, "type_qvh": null}}, {"type": "Feature", "geometry": {"type": "Point", "coordinates": [-16.736902, 12.998204]}, "properties": {"id": "hotelerie-523", "type": "hotelerie", "type_label": "Hôtellerie", "nom": "CAMPEMENT", "region": {"nom": "ZIGUINCHOR", "code": 2}, "departement": {"nom": "BIGNONA", "code": 21}, "commune": {"nom": "KATABA I", "code": 21204}, "communaute_rurale": {"nom": "KAFOUNTINE", "code": 2120402}, "quartier_village": "ABENE", "milieu": "RURAL", "thematique": null, "type_qvh": null}}, {"type": "Feature", "geometry": {"type": "Point", "coordinates": [-16.731962, 13.000786]}, "properties": {"id": "hotelerie-524", "type": "hotelerie", "type_label": "Hôtellerie", "nom": "CAMPEMENT", "region": {"nom": "ZIGUINCHOR", "code": 2}, "departement": {"nom": "BIGNONA", "code": 21}, "commune": {"nom": "KATABA I", "code": 21204}, "communaute_rurale": {"nom": "KAFOUNTINE", "code": 2120402}, "quartier_village": "ABENE", "milieu": "RURAL", "thematique": null, "type_qvh": null}}, {"type": "Feature", "geometry": {"type": "Point", "coordinates": [-16.730897, 13.001937]}, "properties": {"id": "hotelerie-525", "type": "hotelerie", "type_label": "Hôtellerie", "nom": "Hôtel les belles étoiles", "region": {"nom": "ZIGUINCHOR", "code": 2}, "departement": {"nom": "BIGNONA", "code": 21}, "commune": {"nom": "KATABA I", "code": 21204}, "communaute_rurale": {"nom": "KAFOUNTINE", "code": 2120402}, "quartier_village": "ABENE", "milieu": "RURAL", "thematique": null, "type_qvh": null}}, {"type": "Feature", "geometry": {"type": "Point", "coordinates": [-16.733285, 13.002199]}, "properties": {"id": "hotelerie-526", "type": "hotelerie", "type_label": "Hôtellerie", "nom": "AUBERGE", "region": {"nom": "ZIGUINCHOR", "code": 2}, "departement": {"nom": "BIGNONA", "code": 21}, "commune": {"nom": "KATABA I", "code": 21204}, "communaute_rurale": {"nom": "KAFOUNTINE", "code": 2120402}, "quartier_village": "ABENE", "milieu": "RURAL", "thematique": null, "type_qvh": null}}, {"type": "Feature", "geometry": {"type": "Point", "coordinates": [-16.726805, 12.995241]}, "properties": {"id": "hotelerie-527", "type": "hotelerie", "type_label": "Hôtellerie", "nom": "CAMPEMENT", "region": {"nom": "ZIGUINCHOR", "code": 2}, "departement": {"nom": "BIGNONA", "code": 21}, "commune": {"nom": "KATABA I", "code": 21204}, "communaute_rurale": {"nom": "KAFOUNTINE", "code": 2120402}, "quartier_village": "ABENE", "milieu": "RURAL", "thematique": null, "type_qvh": null}}, {"type": "Feature", "geometry": {"type": "Point", "coordinates": [-16.733949, 12.994109]}, "properties": {"id": "hotelerie-528", "type": "hotelerie", "type_label": "Hôtellerie", "nom": "Campement LE MAKOU", "region": {"nom": "ZIGUINCHOR", "code": 2}, "departement": {"nom": "BIGNONA", "code": 21}, "commune": {"nom": "KATABA I", "code": 21204}, "communaute_rurale": {"nom": "KAFOUNTINE", "code": 2120402}, "quartier_village": "ABENE", "milieu": "RURAL", "thematique": null, "type_qvh": null}}, {"type": "Feature", "geometry": {"type": "Point", "coordinates": [-16.736152, 12.99023]}, "properties": {"id": "hotelerie-529", "type": "hotelerie", "type_label": "Hôtellerie", "nom": "Campement", "region": {"nom": "ZIGUINCHOR", "code": 2}, "departement": {"nom": "BIGNONA", "code": 21}, "commune": {"nom": "KATABA I", "code": 21204}, "communaute_rurale": {"nom": "KAFOUNTINE", "code": 2120402}, "quartier_village": "ABENE", "milieu": "RURAL", "thematique": null, "type_qvh": null}}, {"type": "Feature", "geometry": {"type": "Point", "coordinates": [-16.732367, 12.988231]}, "properties": {"id": "hotelerie-530", "type": "hotelerie", "type_label": "Hôtellerie", "nom": "Campement Kansala", "region": {"nom": "ZIGUINCHOR", "code": 2}, "departement": {"nom": "BIGNONA", "code": 21}, "commune": {"nom": "KATABA I", "code": 21204}, "communaute_rurale": {"nom": "KAFOUNTINE", "code": 2120402}, "quartier_village": "ABENE", "milieu": "RURAL", "thematique": null, "type_qvh": null}}, {"type": "Feature", "geometry": {"type": "Point", "coordinates": [-16.738675, 12.989588]}, "properties": {"id": "hotelerie-531", "type": "hotelerie", "type_label": "Hôtellerie", "nom": "CAMPEMENT LA PASSERELLE", "region": {"nom": "ZIGUINCHOR", "code": 2}, "departement": {"nom": "BIGNONA", "code": 21}, "commune": {"nom": "KATABA I", "code": 21204}, "communaute_rurale": {"nom": "KAFOUNTINE", "code": 2120402}, "quartier_village": "ABENE", "milieu": "RURAL", "thematique": null, "type_qvh": null}}, {"type": "Feature", "geometry": {"type": "Point", "coordinates": [-16.737596, 12.992395]}, "properties": {"id": "hotelerie-532", "type": "hotelerie", "type_label": "Hôtellerie", "nom": "CAMPEMENT KAMEMBA", "region": {"nom": "ZIGUINCHOR", "code": 2}, "departement": {"nom": "BIGNONA", "code": 21}, "commune": {"nom": "KATABA I", "code": 21204}, "communaute_rurale": {"nom": "KAFOUNTINE", "code": 2120402}, "quartier_village": "ABENE", "milieu": "RURAL", "thematique": null, "type_qvh": null}}, {"type": "Feature", "geometry": {"type": "Point", "coordinates": [-16.735744, 12.988281]}, "properties": {"id": "hotelerie-533", "type": "hotelerie", "type_label": "Hôtellerie", "nom": "CAMPEMENT", "region": {"nom": "ZIGUINCHOR", "code": 2}, "departement": {"nom": "BIGNONA", "code": 21}, "commune": {"nom": "KATABA I", "code": 21204}, "communaute_rurale": {"nom": "KAFOUNTINE", "code": 2120402}, "quartier_village": "ABENE", "milieu": "RURAL", "thematique": null, "type_qvh": null}}, {"type": "Feature", "geometry": {"type": "Point", "coordinates": [-16.738901, 12.990411]}, "properties": {"id": "hotelerie-534", "type": "hotelerie", "type_label": "Hôtellerie", "nom": "CAMPEMENT LES BAOBABS", "region": {"nom": "ZIGUINCHOR", "code": 2}, "departement": {"nom": "BIGNONA", "code": 21}, "commune": {"nom": "KATABA I", "code": 21204}, "communaute_rurale": {"nom": "KAFOUNTINE", "code": 2120402}, "quartier_village": "ABENE", "milieu": "RURAL", "thematique": null, "type_qvh": null}}, {"type": "Feature", "geometry": {"type": "Point", "coordinates": [-16.738062, 12.993251]}, "properties": {"id": "hotelerie-535", "type": "hotelerie", "type_label": "Hôtellerie", "nom": "CAMPEMENT", "region": {"nom": "ZIGUINCHOR", "code": 2}, "departement": {"nom": "BIGNONA", "code": 21}, "commune": {"nom": "KATABA I", "code": 21204}, "communaute_rurale": {"nom": "KAFOUNTINE", "code": 2120402}, "quartier_village": "ABENE", "milieu": "RURAL", "thematique": null, "type_qvh": null}}, {"type": "Feature", "geometry": {"type": "Point", "coordinates": [-16.73605, 12.989273]}, "properties": {"id": "hotelerie-536", "type": "hotelerie", "type_label": "Hôtellerie", "nom": "Campement Santamba", "region": {"nom": "ZIGUINCHOR", "code": 2}, "departement": {"nom": "BIGNONA", "code": 21}, "commune": {"nom": "KATABA I", "code": 21204}, "communaute_rurale": {"nom": "KAFOUNTINE", "code": 2120402}, "quartier_village": "ABENE", "milieu": "RURAL", "thematique": null, "type_qvh": null}}, {"type": "Feature", "geometry": {"type": "Point", "coordinates": [-16.736359, 12.993929]}, "properties": {"id": "hotelerie-537", "type": "hotelerie", "type_label": "Hôtellerie", "nom": "CAMPEMENT LE CASAMAR", "region": {"nom": "ZIGUINCHOR", "code": 2}, "departement": {"nom": "BIGNONA", "code": 21}, "commune": {"nom": "KATABA I", "code": 21204}, "communaute_rurale": {"nom": "KAFOUNTINE", "code": 2120402}, "quartier_village": "ABENE", "milieu": "RURAL", "thematique": null, "type_qvh": null}}, {"type": "Feature", "geometry": {"type": "Point", "coordinates": [-16.738203, 12.991746]}, "properties": {"id": "hotelerie-538", "type": "hotelerie", "type_label": "Hôtellerie", "nom": "CAMPEMENT NYABINGHI", "region": {"nom": "ZIGUINCHOR", "code": 2}, "departement": {"nom": "BIGNONA", "code": 21}, "commune": {"nom": "KATABA I", "code": 21204}, "communaute_rurale": {"nom": "KAFOUNTINE", "code": 2120402}, "quartier_village": "ABENE", "milieu": "RURAL", "thematique": null, "type_qvh": null}}, {"type": "Feature", "geometry": {"type": "Point", "coordinates": [-16.72534, 12.994299]}, "properties": {"id": "hotelerie-539", "type": "hotelerie", "type_label": "Hôtellerie", "nom": "AUBERGE PAPE DJIRE", "region": {"nom": "ZIGUINCHOR", "code": 2}, "departement": {"nom": "BIGNONA", "code": 21}, "commune": {"nom": "KATABA I", "code": 21204}, "communaute_rurale": {"nom": "KAFOUNTINE", "code": 2120402}, "quartier_village": "ABENE", "milieu": "RURAL", "thematique": null, "type_qvh": null}}, {"type": "Feature", "geometry": {"type": "Point", "coordinates": [-16.727387, 12.991477]}, "properties": {"id": "hotelerie-540", "type": "hotelerie", "type_label": "Hôtellerie", "nom": "CAMPEMENT LITTOLE BAOBAB", "region": {"nom": "ZIGUINCHOR", "code": 2}, "departement": {"nom": "BIGNONA", "code": 21}, "commune": {"nom": "KATABA I", "code": 21204}, "communaute_rurale": {"nom": "KAFOUNTINE", "code": 2120402}, "quartier_village": "ABENE", "milieu": "RURAL", "thematique": null, "type_qvh": null}}, {"type": "Feature", "geometry": {"type": "Point", "coordinates": [-16.736663, 12.987426]}, "properties": {"id": "hotelerie-541", "type": "hotelerie", "type_label": "Hôtellerie", "nom": "CAMPEMENT BLACK SO", "region": {"nom": "ZIGUINCHOR", "code": 2}, "departement": {"nom": "BIGNONA", "code": 21}, "commune": {"nom": "KATABA I", "code": 21204}, "communaute_rurale": {"nom": "KAFOUNTINE", "code": 2120402}, "quartier_village": "ABENE", "milieu": "RURAL", "thematique": null, "type_qvh": null}}, {"type": "Feature", "geometry": {"type": "Point", "coordinates": [-16.734945, 12.994918]}, "properties": {"id": "hotelerie-542", "type": "hotelerie", "type_label": "Hôtellerie", "nom": "CAMPEMENT", "region": {"nom": "ZIGUINCHOR", "code": 2}, "departement": {"nom": "BIGNONA", "code": 21}, "commune": {"nom": "KATABA I", "code": 21204}, "communaute_rurale": {"nom": "KAFOUNTINE", "code": 2120402}, "quartier_village": "ABENE", "milieu": "RURAL", "thematique": null, "type_qvh": null}}, {"type": "Feature", "geometry": {"type": "Point", "coordinates": [-16.72085, 12.996844]}, "properties": {"id": "hotelerie-543", "type": "hotelerie", "type_label": "Hôtellerie", "nom": "CAMPEMENT", "region": {"nom": "ZIGUINCHOR", "code": 2}, "departement": {"nom": "BIGNONA", "code": 21}, "commune": {"nom": "KATABA I", "code": 21204}, "communaute_rurale": {"nom": "KAFOUNTINE", "code": 2120402}, "quartier_village": "ABENE", "milieu": "RURAL", "thematique": null, "type_qvh": null}}, {"type": "Feature", "geometry": {"type": "Point", "coordinates": [-16.739804, 12.966318]}, "properties": {"id": "hotelerie-544", "type": "hotelerie", "type_label": "Hôtellerie", "nom": "CAMPEMENT DIANH BOLONG", "region": {"nom": "ZIGUINCHOR", "code": 2}, "departement": {"nom": "BIGNONA", "code": 21}, "commune": {"nom": "KATABA I", "code": 21204}, "communaute_rurale": {"nom": "KAFOUNTINE", "code": 2120402}, "quartier_village": "DIANAH", "milieu": "RURAL", "thematique": null, "type_qvh": null}}, {"type": "Feature", "geometry": {"type": "Point", "coordinates": [-16.7392, 12.968274]}, "properties": {"id": "hotelerie-545", "type": "hotelerie", "type_label": "Hôtellerie", "nom": "CAMPEMENT OASIS", "region": {"nom": "ZIGUINCHOR", "code": 2}, "departement": {"nom": "BIGNONA", "code": 21}, "commune": {"nom": "KATABA I", "code": 21204}, "communaute_rurale": {"nom": "KAFOUNTINE", "code": 2120402}, "quartier_village": "DIANAH", "milieu": "RURAL", "thematique": null, "type_qvh": null}}, {"type": "Feature", "geometry": {"type": "Point", "coordinates": [-16.734018, 12.97057]}, "properties": {"id": "hotelerie-546", "type": "hotelerie", "type_label": "Hôtellerie", "nom": "CAMPEMENT SILINKA", "region": {"nom": "ZIGUINCHOR", "code": 2}, "departement": {"nom": "BIGNONA", "code": 21}, "commune": {"nom": "KATABA I", "code": 21204}, "communaute_rurale": {"nom": "KAFOUNTINE", "code": 2120402}, "quartier_village": "DIANAH", "milieu": "RURAL", "thematique": null, "type_qvh": null}}, {"type": "Feature", "geometry": {"type": "Point", "coordinates": [-16.734612, 12.981515]}, "properties": {"id": "hotelerie-547", "type": "hotelerie", "type_label": "Hôtellerie", "nom": "CAMPEMENT", "region": {"nom": "ZIGUINCHOR", "code": 2}, "departement": {"nom": "BIGNONA", "code": 21}, "commune": {"nom": "KATABA I", "code": 21204}, "communaute_rurale": {"nom": "KAFOUNTINE", "code": 2120402}, "quartier_village": "DIANAH", "milieu": "RURAL", "thematique": null, "type_qvh": null}}, {"type": "Feature", "geometry": {"type": "Point", "coordinates": [-16.663618, 13.004483]}, "properties": {"id": "hotelerie-548", "type": "hotelerie", "type_label": "Hôtellerie", "nom": "Campement", "region": {"nom": "ZIGUINCHOR", "code": 2}, "departement": {"nom": "BIGNONA", "code": 21}, "commune": {"nom": "KATABA I", "code": 21204}, "communaute_rurale": {"nom": "KAFOUNTINE", "code": 2120402}, "quartier_village": "KOLOMBA", "milieu": "RURAL", "thematique": null, "type_qvh": null}}, {"type": "Feature", "geometry": {"type": "Point", "coordinates": [-16.658725, 12.645876]}, "properties": {"id": "hotelerie-549", "type": "hotelerie", "type_label": "Hôtellerie", "nom": "CAMPEMENT", "region": {"nom": "ZIGUINCHOR", "code": 2}, "departement": {"nom": "BIGNONA", "code": 21}, "commune": {"nom": "KATABA I", "code": 21204}, "communaute_rurale": {"nom": "KAFOUNTINE", "code": 2120402}, "quartier_village": "NIOMOUNE", "milieu": "RURAL", "thematique": null, "type_qvh": null}}, {"type": "Feature", "geometry": {"type": "Point", "coordinates": [-16.65149, 12.641568]}, "properties": {"id": "hotelerie-550", "type": "hotelerie", "type_label": "Hôtellerie", "nom": "CAMPEMENT A LOUGA", "region": {"nom": "ZIGUINCHOR", "code": 2}, "departement": {"nom": "BIGNONA", "code": 21}, "commune": {"nom": "KATABA I", "code": 21204}, "communaute_rurale": {"nom": "KAFOUNTINE", "code": 2120402}, "quartier_village": "NIOMOUNE", "milieu": "RURAL", "thematique": null, "type_qvh": null}}, {"type": "Feature", "geometry": {"type": "Point", "coordinates": [-16.78732, 12.759863]}, "properties": {"id": "hotelerie-551", "type": "hotelerie", "type_label": "Hôtellerie", "nom": "CAMPEMENT", "region": {"nom": "ZIGUINCHOR", "code": 2}, "departement": {"nom": "BIGNONA", "code": 21}, "commune": {"nom": "KATABA I", "code": 21204}, "communaute_rurale": {"nom": "KAFOUNTINE", "code": 2120402}, "quartier_village": "H1 CAMPEMENT SALOULOU", "milieu": "RURAL", "thematique": null, "type_qvh": null}}, {"type": "Feature", "geometry": {"type": "Point", "coordinates": [-16.776836, 12.798987]}, "properties": {"id": "hotelerie-552", "type": "hotelerie", "type_label": "Hôtellerie", "nom": "CAMPEMENT", "region": {"nom": "ZIGUINCHOR", "code": 2}, "departement": {"nom": "BIGNONA", "code": 21}, "commune": {"nom": "KATABA I", "code": 21204}, "communaute_rurale": {"nom": "KAFOUNTINE", "code": 2120402}, "quartier_village": "BOUNE", "milieu": "RURAL", "thematique": null, "type_qvh": null}}, {"type": "Feature", "geometry": {"type": "Point", "coordinates": [-16.683759, 12.669738]}, "properties": {"id": "hotelerie-553", "type": "hotelerie", "type_label": "Hôtellerie", "nom": "CAMPEMENT", "region": {"nom": "ZIGUINCHOR", "code": 2}, "departement": {"nom": "BIGNONA", "code": 21}, "commune": {"nom": "KATABA I", "code": 21204}, "communaute_rurale": {"nom": "KAFOUNTINE", "code": 2120402}, "quartier_village": "H1 KANDE", "milieu": "RURAL", "thematique": null, "type_qvh": null}}, {"type": "Feature", "geometry": {"type": "Point", "coordinates": [-16.774239, 12.766835]}, "properties": {"id": "hotelerie-554", "type": "hotelerie", "type_label": "Hôtellerie", "nom": "CAMPEMENT", "region": {"nom": "ZIGUINCHOR", "code": 2}, "departement": {"nom": "BIGNONA", "code": 21}, "commune": {"nom": "KATABA I", "code": 21204}, "communaute_rurale": {"nom": "KAFOUNTINE", "code": 2120402}, "quartier_village": "SALOULOU", "milieu": "RURAL", "thematique": null, "type_qvh": null}}, {"type": "Feature", "geometry": {"type": "Point", "coordinates": [-16.777268, 12.799983]}, "properties": {"id": "hotelerie-555", "type": "hotelerie", "type_label": "Hôtellerie", "nom": "CAMPEMENT", "region": {"nom": "ZIGUINCHOR", "code": 2}, "departement": {"nom": "BIGNONA", "code": 21}, "commune": {"nom": "KATABA I", "code": 21204}, "communaute_rurale": {"nom": "KAFOUNTINE", "code": 2120402}, "quartier_village": "BOUNE", "milieu": "RURAL", "thematique": null, "type_qvh": null}}, {"type": "Feature", "geometry": {"type": "Point", "coordinates": [-16.78097, 12.790529]}, "properties": {"id": "hotelerie-556", "type": "hotelerie", "type_label": "Hôtellerie", "nom": "CAMPEMENT", "region": {"nom": "ZIGUINCHOR", "code": 2}, "departement": {"nom": "BIGNONA", "code": 21}, "commune": {"nom": "KATABA I", "code": 21204}, "communaute_rurale": {"nom": "KAFOUNTINE", "code": 2120402}, "quartier_village": "BOUNE", "milieu": "RURAL", "thematique": null, "type_qvh": null}}, {"type": "Feature", "geometry": {"type": "Point", "coordinates": [-16.776977, 12.798167]}, "properties": {"id": "hotelerie-557", "type": "hotelerie", "type_label": "Hôtellerie", "nom": "CAMPEMENT", "region": {"nom": "ZIGUINCHOR", "code": 2}, "departement": {"nom": "BIGNONA", "code": 21}, "commune": {"nom": "KATABA I", "code": 21204}, "communaute_rurale": {"nom": "KAFOUNTINE", "code": 2120402}, "quartier_village": "BOUNE", "milieu": "RURAL", "thematique": null, "type_qvh": null}}, {"type": "Feature", "geometry": {"type": "Point", "coordinates": [-16.761924, 12.802868]}, "properties": {"id": "hotelerie-558", "type": "hotelerie", "type_label": "Hôtellerie", "nom": "CAMPEMENT E CONSTRUCTION", "region": {"nom": "ZIGUINCHOR", "code": 2}, "departement": {"nom": "BIGNONA", "code": 21}, "commune": {"nom": "KATABA I", "code": 21204}, "communaute_rurale": {"nom": "KAFOUNTINE", "code": 2120402}, "quartier_village": "BOUNE", "milieu": "RURAL", "thematique": null, "type_qvh": null}}, {"type": "Feature", "geometry": {"type": "Point", "coordinates": [-16.780816, 12.790177]}, "properties": {"id": "hotelerie-559", "type": "hotelerie", "type_label": "Hôtellerie", "nom": "CAMPEMENT", "region": {"nom": "ZIGUINCHOR", "code": 2}, "departement": {"nom": "BIGNONA", "code": 21}, "commune": {"nom": "KATABA I", "code": 21204}, "communaute_rurale": {"nom": "KAFOUNTINE", "code": 2120402}, "quartier_village": "BOUNE", "milieu": "RURAL", "thematique": null, "type_qvh": null}}, {"type": "Feature", "geometry": {"type": "Point", "coordinates": [-16.7379, 12.923916]}, "properties": {"id": "hotelerie-560", "type": "hotelerie", "type_label": "Hôtellerie", "nom": "Auberge LE MANGUIER", "region": {"nom": "ZIGUINCHOR", "code": 2}, "departement": {"nom": "BIGNONA", "code": 21}, "commune": {"nom": "KATABA I", "code": 21204}, "communaute_rurale": {"nom": "KAFOUNTINE", "code": 2120402}, "quartier_village": "KAFOUNTINE", "milieu": "RURAL", "thematique": null, "type_qvh": null}}, {"type": "Feature", "geometry": {"type": "Point", "coordinates": [-16.734573, 12.927771]}, "properties": {"id": "hotelerie-561", "type": "hotelerie", "type_label": "Hôtellerie", "nom": "AUBERGE ET BAR RESTO", "region": {"nom": "ZIGUINCHOR", "code": 2}, "departement": {"nom": "BIGNONA", "code": 21}, "commune": {"nom": "KATABA I", "code": 21204}, "communaute_rurale": {"nom": "KAFOUNTINE", "code": 2120402}, "quartier_village": "KAFOUNTINE", "milieu": "RURAL", "thematique": null, "type_qvh": null}}, {"type": "Feature", "geometry": {"type": "Point", "coordinates": [-16.721676, 12.906495]}, "properties": {"id": "hotelerie-562", "type": "hotelerie", "type_label": "Hôtellerie", "nom": "CAMPEMENT", "region": {"nom": "ZIGUINCHOR", "code": 2}, "departement": {"nom": "BIGNONA", "code": 21}, "commune": {"nom": "KATABA I", "code": 21204}, "communaute_rurale": {"nom": "KAFOUNTINE", "code": 2120402}, "quartier_village": "KAFOUNTINE", "milieu": "RURAL", "thematique": null, "type_qvh": null}}, {"type": "Feature", "geometry": {"type": "Point", "coordinates": [-16.740858, 12.9202]}, "properties": {"id": "hotelerie-563", "type": "hotelerie", "type_label": "Hôtellerie", "nom": "Campement", "region": {"nom": "ZIGUINCHOR", "code": 2}, "departement": {"nom": "BIGNONA", "code": 21}, "commune": {"nom": "KATABA I", "code": 21204}, "communaute_rurale": {"nom": "KAFOUNTINE", "code": 2120402}, "quartier_village": "KAFOUNTINE", "milieu": "RURAL", "thematique": null, "type_qvh": null}}, {"type": "Feature", "geometry": {"type": "Point", "coordinates": [-16.735173, 12.915252]}, "properties": {"id": "hotelerie-564", "type": "hotelerie", "type_label": "Hôtellerie", "nom": "CAMPEMENT", "region": {"nom": "ZIGUINCHOR", "code": 2}, "departement": {"nom": "BIGNONA", "code": 21}, "commune": {"nom": "KATABA I", "code": 21204}, "communaute_rurale": {"nom": "KAFOUNTINE", "code": 2120402}, "quartier_village": "KAFOUNTINE", "milieu": "RURAL", "thematique": null, "type_qvh": null}}, {"type": "Feature", "geometry": {"type": "Point", "coordinates": [-16.698042, 12.875819]}, "properties": {"id": "hotelerie-565", "type": "hotelerie", "type_label": "Hôtellerie", "nom": "AUBERGE DU VILLAGE", "region": {"nom": "ZIGUINCHOR", "code": 2}, "departement": {"nom": "BIGNONA", "code": 21}, "commune": {"nom": "KATABA I", "code": 21204}, "communaute_rurale": {"nom": "KAFOUNTINE", "code": 2120402}, "quartier_village": "H1 KASSEL", "milieu": "RURAL", "thematique": null, "type_qvh": null}}, {"type": "Feature", "geometry": {"type": "Point", "coordinates": [-16.698039, 12.874228]}, "properties": {"id": "hotelerie-566", "type": "hotelerie", "type_label": "Hôtellerie", "nom": "CAMPEMENT DE LA JEUNESSE EN CONSTRUCTION", "region": {"nom": "ZIGUINCHOR", "code": 2}, "departement": {"nom": "BIGNONA", "code": 21}, "commune": {"nom": "KATABA I", "code": 21204}, "communaute_rurale": {"nom": "KAFOUNTINE", "code": 2120402}, "quartier_village": "H1 KASSEL", "milieu": "RURAL", "thematique": null, "type_qvh": null}}, {"type": "Feature", "geometry": {"type": "Point", "coordinates": [-16.734899, 12.939841]}, "properties": {"id": "hotelerie-567", "type": "hotelerie", "type_label": "Hôtellerie", "nom": "Campement", "region": {"nom": "ZIGUINCHOR", "code": 2}, "departement": {"nom": "BIGNONA", "code": 21}, "commune": {"nom": "KATABA I", "code": 21204}, "communaute_rurale": {"nom": "KAFOUNTINE", "code": 2120402}, "quartier_village": "KAFOUNTINE", "milieu": "RURAL", "thematique": null, "type_qvh": null}}, {"type": "Feature", "geometry": {"type": "Point", "coordinates": [-16.739096, 12.940288]}, "properties": {"id": "hotelerie-568", "type": "hotelerie", "type_label": "Hôtellerie", "nom": "CAMPEMENT", "region": {"nom": "ZIGUINCHOR", "code": 2}, "departement": {"nom": "BIGNONA", "code": 21}, "commune": {"nom": "KATABA I", "code": 21204}, "communaute_rurale": {"nom": "KAFOUNTINE", "code": 2120402}, "quartier_village": "KAFOUNTINE", "milieu": "RURAL", "thematique": null, "type_qvh": null}}, {"type": "Feature", "geometry": {"type": "Point", "coordinates": [-16.734739, 12.941745]}, "properties": {"id": "hotelerie-569", "type": "hotelerie", "type_label": "Hôtellerie", "nom": "Campement", "region": {"nom": "ZIGUINCHOR", "code": 2}, "departement": {"nom": "BIGNONA", "code": 21}, "commune": {"nom": "KATABA I", "code": 21204}, "communaute_rurale": {"nom": "KAFOUNTINE", "code": 2120402}, "quartier_village": "KAFOUNTINE", "milieu": "RURAL", "thematique": null, "type_qvh": null}}, {"type": "Feature", "geometry": {"type": "Point", "coordinates": [-16.740577, 12.944821]}, "properties": {"id": "hotelerie-570", "type": "hotelerie", "type_label": "Hôtellerie", "nom": "Campement KANSALA TATO", "region": {"nom": "ZIGUINCHOR", "code": 2}, "departement": {"nom": "BIGNONA", "code": 21}, "commune": {"nom": "KATABA I", "code": 21204}, "communaute_rurale": {"nom": "KAFOUNTINE", "code": 2120402}, "quartier_village": "KAFOUNTINE", "milieu": "RURAL", "thematique": null, "type_qvh": null}}, {"type": "Feature", "geometry": {"type": "Point", "coordinates": [-16.740579, 12.943891]}, "properties": {"id": "hotelerie-571", "type": "hotelerie", "type_label": "Hôtellerie", "nom": "Campement KANSALA TATOO", "region": {"nom": "ZIGUINCHOR", "code": 2}, "departement": {"nom": "BIGNONA", "code": 21}, "commune": {"nom": "KATABA I", "code": 21204}, "communaute_rurale": {"nom": "KAFOUNTINE", "code": 2120402}, "quartier_village": "KAFOUNTINE", "milieu": "RURAL", "thematique": null, "type_qvh": null}}, {"type": "Feature", "geometry": {"type": "Point", "coordinates": [-16.735594, 12.949431]}, "properties": {"id": "hotelerie-572", "type": "hotelerie", "type_label": "Hôtellerie", "nom": "CAMPEMENT", "region": {"nom": "ZIGUINCHOR", "code": 2}, "departement": {"nom": "BIGNONA", "code": 21}, "commune": {"nom": "KATABA I", "code": 21204}, "communaute_rurale": {"nom": "KAFOUNTINE", "code": 2120402}, "quartier_village": "KAFOUNTINE", "milieu": "RURAL", "thematique": null, "type_qvh": null}}, {"type": "Feature", "geometry": {"type": "Point", "coordinates": [-16.734612, 12.938461]}, "properties": {"id": "hotelerie-573", "type": "hotelerie", "type_label": "Hôtellerie", "nom": "Campement", "region": {"nom": "ZIGUINCHOR", "code": 2}, "departement": {"nom": "BIGNONA", "code": 21}, "commune": {"nom": "KATABA I", "code": 21204}, "communaute_rurale": {"nom": "KAFOUNTINE", "code": 2120402}, "quartier_village": "KAFOUNTINE", "milieu": "RURAL", "thematique": null, "type_qvh": null}}, {"type": "Feature", "geometry": {"type": "Point", "coordinates": [-16.736376, 12.943151]}, "properties": {"id": "hotelerie-574", "type": "hotelerie", "type_label": "Hôtellerie", "nom": "Campement", "region": {"nom": "ZIGUINCHOR", "code": 2}, "departement": {"nom": "BIGNONA", "code": 21}, "commune": {"nom": "KATABA I", "code": 21204}, "communaute_rurale": {"nom": "KAFOUNTINE", "code": 2120402}, "quartier_village": "KAFOUNTINE", "milieu": "RURAL", "thematique": null, "type_qvh": null}}, {"type": "Feature", "geometry": {"type": "Point", "coordinates": [-16.739066, 12.933469]}, "properties": {"id": "hotelerie-575", "type": "hotelerie", "type_label": "Hôtellerie", "nom": "AUBERGE LA PAIX", "region": {"nom": "ZIGUINCHOR", "code": 2}, "departement": {"nom": "BIGNONA", "code": 21}, "commune": {"nom": "KATABA I", "code": 21204}, "communaute_rurale": {"nom": "KAFOUNTINE", "code": 2120402}, "quartier_village": "KAFOUNTINE", "milieu": "RURAL", "thematique": null, "type_qvh": null}}, {"type": "Feature", "geometry": {"type": "Point", "coordinates": [-16.732583, 12.933857]}, "properties": {"id": "hotelerie-576", "type": "hotelerie", "type_label": "Hôtellerie", "nom": "Campement", "region": {"nom": "ZIGUINCHOR", "code": 2}, "departement": {"nom": "BIGNONA", "code": 21}, "commune": {"nom": "KATABA I", "code": 21204}, "communaute_rurale": {"nom": "KAFOUNTINE", "code": 2120402}, "quartier_village": "KAFOUNTINE", "milieu": "RURAL", "thematique": null, "type_qvh": null}}, {"type": "Feature", "geometry": {"type": "Point", "coordinates": [-16.756448, 12.89679]}, "properties": {"id": "hotelerie-577", "type": "hotelerie", "type_label": "Hôtellerie", "nom": "CAMPEMENT DOMAINE KOKALA", "region": {"nom": "ZIGUINCHOR", "code": 2}, "departement": {"nom": "BIGNONA", "code": 21}, "commune": {"nom": "KATABA I", "code": 21204}, "communaute_rurale": {"nom": "KAFOUNTINE", "code": 2120402}, "quartier_village": "KAFOUNTINE", "milieu": "RURAL", "thematique": null, "type_qvh": null}}, {"type": "Feature", "geometry": {"type": "Point", "coordinates": [-16.755984, 12.897324]}, "properties": {"id": "hotelerie-578", "type": "hotelerie", "type_label": "Hôtellerie", "nom": "CAMPEMENT", "region": {"nom": "ZIGUINCHOR", "code": 2}, "departement": {"nom": "BIGNONA", "code": 21}, "commune": {"nom": "KATABA I", "code": 21204}, "communaute_rurale": {"nom": "KAFOUNTINE", "code": 2120402}, "quartier_village": "KAFOUNTINE", "milieu": "RURAL", "thematique": null, "type_qvh": null}}, {"type": "Feature", "geometry": {"type": "Point", "coordinates": [-16.757341, 12.895861]}, "properties": {"id": "hotelerie-579", "type": "hotelerie", "type_label": "Hôtellerie", "nom": "CAMPEMENT", "region": {"nom": "ZIGUINCHOR", "code": 2}, "departement": {"nom": "BIGNONA", "code": 21}, "commune": {"nom": "KATABA I", "code": 21204}, "communaute_rurale": {"nom": "KAFOUNTINE", "code": 2120402}, "quartier_village": "KAFOUNTINE", "milieu": "RURAL", "thematique": null, "type_qvh": null}}, {"type": "Feature", "geometry": {"type": "Point", "coordinates": [-16.755481, 12.905402]}, "properties": {"id": "hotelerie-580", "type": "hotelerie", "type_label": "Hôtellerie", "nom": "CAMPEMENT", "region": {"nom": "ZIGUINCHOR", "code": 2}, "departement": {"nom": "BIGNONA", "code": 21}, "commune": {"nom": "KATABA I", "code": 21204}, "communaute_rurale": {"nom": "KAFOUNTINE", "code": 2120402}, "quartier_village": "KAFOUNTINE", "milieu": "RURAL", "thematique": null, "type_qvh": null}}, {"type": "Feature", "geometry": {"type": "Point", "coordinates": [-16.755546, 12.905076]}, "properties": {"id": "hotelerie-581", "type": "hotelerie", "type_label": "Hôtellerie", "nom": "CAMPEMENT", "region": {"nom": "ZIGUINCHOR", "code": 2}, "departement": {"nom": "BIGNONA", "code": 21}, "commune": {"nom": "KATABA I", "code": 21204}, "communaute_rurale": {"nom": "KAFOUNTINE", "code": 2120402}, "quartier_village": "KAFOUNTINE", "milieu": "RURAL", "thematique": null, "type_qvh": null}}, {"type": "Feature", "geometry": {"type": "Point", "coordinates": [-16.75475, 12.906319]}, "properties": {"id": "hotelerie-582", "type": "hotelerie", "type_label": "Hôtellerie", "nom": "BENDOULA", "region": {"nom": "ZIGUINCHOR", "code": 2}, "departement": {"nom": "BIGNONA", "code": 21}, "commune": {"nom": "KATABA I", "code": 21204}, "communaute_rurale": {"nom": "KAFOUNTINE", "code": 2120402}, "quartier_village": "KAFOUNTINE", "milieu": "RURAL", "thematique": null, "type_qvh": null}}, {"type": "Feature", "geometry": {"type": "Point", "coordinates": [-16.75459, 12.909326]}, "properties": {"id": "hotelerie-583", "type": "hotelerie", "type_label": "Hôtellerie", "nom": "CAMPEMENT NIOKOBOK", "region": {"nom": "ZIGUINCHOR", "code": 2}, "departement": {"nom": "BIGNONA", "code": 21}, "commune": {"nom": "KATABA I", "code": 21204}, "communaute_rurale": {"nom": "KAFOUNTINE", "code": 2120402}, "quartier_village": "KAFOUNTINE", "milieu": "RURAL", "thematique": null, "type_qvh": null}}, {"type": "Feature", "geometry": {"type": "Point", "coordinates": [-16.753985, 12.909859]}, "properties": {"id": "hotelerie-584", "type": "hotelerie", "type_label": "Hôtellerie", "nom": "CAMPEMENT", "region": {"nom": "ZIGUINCHOR", "code": 2}, "departement": {"nom": "BIGNONA", "code": 21}, "commune": {"nom": "KATABA I", "code": 21204}, "communaute_rurale": {"nom": "KAFOUNTINE", "code": 2120402}, "quartier_village": "KAFOUNTINE", "milieu": "RURAL", "thematique": null, "type_qvh": null}}, {"type": "Feature", "geometry": {"type": "Point", "coordinates": [-16.754332, 12.911008]}, "properties": {"id": "hotelerie-585", "type": "hotelerie", "type_label": "Hôtellerie", "nom": "HETEL KASOUMAYE", "region": {"nom": "ZIGUINCHOR", "code": 2}, "departement": {"nom": "BIGNONA", "code": 21}, "commune": {"nom": "KATABA I", "code": 21204}, "communaute_rurale": {"nom": "KAFOUNTINE", "code": 2120402}, "quartier_village": "KAFOUNTINE", "milieu": "RURAL", "thematique": null, "type_qvh": null}}, {"type": "Feature", "geometry": {"type": "Point", "coordinates": [-16.753802, 12.913794]}, "properties": {"id": "hotelerie-586", "type": "hotelerie", "type_label": "Hôtellerie", "nom": "CAMPEMENT", "region": {"nom": "ZIGUINCHOR", "code": 2}, "departement": {"nom": "BIGNONA", "code": 21}, "commune": {"nom": "KATABA I", "code": 21204}, "communaute_rurale": {"nom": "KAFOUNTINE", "code": 2120402}, "quartier_village": "KAFOUNTINE", "milieu": "RURAL", "thematique": null, "type_qvh": null}}, {"type": "Feature", "geometry": {"type": "Point", "coordinates": [-16.743478, 12.923976]}, "properties": {"id": "hotelerie-587", "type": "hotelerie", "type_label": "Hôtellerie", "nom": "Campement", "region": {"nom": "ZIGUINCHOR", "code": 2}, "departement": {"nom": "BIGNONA", "code": 21}, "commune": {"nom": "KATABA I", "code": 21204}, "communaute_rurale": {"nom": "KAFOUNTINE", "code": 2120402}, "quartier_village": "KAFOUNTINE", "milieu": "RURAL", "thematique": null, "type_qvh": null}}, {"type": "Feature", "geometry": {"type": "Point", "coordinates": [-16.744992, 12.926287]}, "properties": {"id": "hotelerie-588", "type": "hotelerie", "type_label": "Hôtellerie", "nom": "Campement", "region": {"nom": "ZIGUINCHOR", "code": 2}, "departement": {"nom": "BIGNONA", "code": 21}, "commune": {"nom": "KATABA I", "code": 21204}, "communaute_rurale": {"nom": "KAFOUNTINE", "code": 2120402}, "quartier_village": "KAFOUNTINE", "milieu": "RURAL", "thematique": null, "type_qvh": null}}, {"type": "Feature", "geometry": {"type": "Point", "coordinates": [-16.747001, 12.930495]}, "properties": {"id": "hotelerie-589", "type": "hotelerie", "type_label": "Hôtellerie", "nom": "Campement", "region": {"nom": "ZIGUINCHOR", "code": 2}, "departement": {"nom": "BIGNONA", "code": 21}, "commune": {"nom": "KATABA I", "code": 21204}, "communaute_rurale": {"nom": "KAFOUNTINE", "code": 2120402}, "quartier_village": "KAFOUNTINE", "milieu": "RURAL", "thematique": null, "type_qvh": null}}, {"type": "Feature", "geometry": {"type": "Point", "coordinates": [-16.747511, 12.927494]}, "properties": {"id": "hotelerie-590", "type": "hotelerie", "type_label": "Hôtellerie", "nom": "Campement", "region": {"nom": "ZIGUINCHOR", "code": 2}, "departement": {"nom": "BIGNONA", "code": 21}, "commune": {"nom": "KATABA I", "code": 21204}, "communaute_rurale": {"nom": "KAFOUNTINE", "code": 2120402}, "quartier_village": "KAFOUNTINE", "milieu": "RURAL", "thematique": null, "type_qvh": null}}, {"type": "Feature", "geometry": {"type": "Point", "coordinates": [-16.752551, 12.918429]}, "properties": {"id": "hotelerie-591", "type": "hotelerie", "type_label": "Hôtellerie", "nom": "CAMPEMENT", "region": {"nom": "ZIGUINCHOR", "code": 2}, "departement": {"nom": "BIGNONA", "code": 21}, "commune": {"nom": "KATABA I", "code": 21204}, "communaute_rurale": {"nom": "KAFOUNTINE", "code": 2120402}, "quartier_village": "KAFOUNTINE", "milieu": "RURAL", "thematique": null, "type_qvh": null}}, {"type": "Feature", "geometry": {"type": "Point", "coordinates": [-16.743476, 12.927863]}, "properties": {"id": "hotelerie-592", "type": "hotelerie", "type_label": "Hôtellerie", "nom": "AUBERGE", "region": {"nom": "ZIGUINCHOR", "code": 2}, "departement": {"nom": "BIGNONA", "code": 21}, "commune": {"nom": "KATABA I", "code": 21204}, "communaute_rurale": {"nom": "KAFOUNTINE", "code": 2120402}, "quartier_village": "KAFOUNTINE", "milieu": "RURAL", "thematique": null, "type_qvh": null}}, {"type": "Feature", "geometry": {"type": "Point", "coordinates": [-16.752889, 12.917485]}, "properties": {"id": "hotelerie-593", "type": "hotelerie", "type_label": "Hôtellerie", "nom": "CAMPEMENT", "region": {"nom": "ZIGUINCHOR", "code": 2}, "departement": {"nom": "BIGNONA", "code": 21}, "commune": {"nom": "KATABA I", "code": 21204}, "communaute_rurale": {"nom": "KAFOUNTINE", "code": 2120402}, "quartier_village": "KAFOUNTINE", "milieu": "RURAL", "thematique": null, "type_qvh": null}}, {"type": "Feature", "geometry": {"type": "Point", "coordinates": [-16.745858, 12.929648]}, "properties": {"id": "hotelerie-594", "type": "hotelerie", "type_label": "Hôtellerie", "nom": "CAMPEMENT", "region": {"nom": "ZIGUINCHOR", "code": 2}, "departement": {"nom": "BIGNONA", "code": 21}, "commune": {"nom": "KATABA I", "code": 21204}, "communaute_rurale": {"nom": "KAFOUNTINE", "code": 2120402}, "quartier_village": "KAFOUNTINE", "milieu": "RURAL", "thematique": null, "type_qvh": null}}, {"type": "Feature", "geometry": {"type": "Point", "coordinates": [-16.751645, 12.928008]}, "properties": {"id": "hotelerie-595", "type": "hotelerie", "type_label": "Hôtellerie", "nom": "Campement", "region": {"nom": "ZIGUINCHOR", "code": 2}, "departement": {"nom": "BIGNONA", "code": 21}, "commune": {"nom": "KATABA I", "code": 21204}, "communaute_rurale": {"nom": "KAFOUNTINE", "code": 2120402}, "quartier_village": "KAFOUNTINE", "milieu": "RURAL", "thematique": null, "type_qvh": null}}, {"type": "Feature", "geometry": {"type": "Point", "coordinates": [-16.753108, 12.918444]}, "properties": {"id": "hotelerie-596", "type": "hotelerie", "type_label": "Hôtellerie", "nom": "CAMPEMENT", "region": {"nom": "ZIGUINCHOR", "code": 2}, "departement": {"nom": "BIGNONA", "code": 21}, "commune": {"nom": "KATABA I", "code": 21204}, "communaute_rurale": {"nom": "KAFOUNTINE", "code": 2120402}, "quartier_village": "KAFOUNTINE", "milieu": "RURAL", "thematique": null, "type_qvh": null}}, {"type": "Feature", "geometry": {"type": "Point", "coordinates": [-16.747198, 12.93285]}, "properties": {"id": "hotelerie-597", "type": "hotelerie", "type_label": "Hôtellerie", "nom": "Hôtel Telampa", "region": {"nom": "ZIGUINCHOR", "code": 2}, "departement": {"nom": "BIGNONA", "code": 21}, "commune": {"nom": "KATABA I", "code": 21204}, "communaute_rurale": {"nom": "KAFOUNTINE", "code": 2120402}, "quartier_village": "KAFOUNTINE", "milieu": "RURAL", "thematique": null, "type_qvh": null}}, {"type": "Feature", "geometry": {"type": "Point", "coordinates": [-16.749979, 12.933583]}, "properties": {"id": "hotelerie-598", "type": "hotelerie", "type_label": "Hôtellerie", "nom": "Campement", "region": {"nom": "ZIGUINCHOR", "code": 2}, "departement": {"nom": "BIGNONA", "code": 21}, "commune": {"nom": "KATABA I", "code": 21204}, "communaute_rurale": {"nom": "KAFOUNTINE", "code": 2120402}, "quartier_village": "KAFOUNTINE", "milieu": "RURAL", "thematique": null, "type_qvh": null}}, {"type": "Feature", "geometry": {"type": "Point", "coordinates": [-16.750865, 12.930457]}, "properties": {"id": "hotelerie-599", "type": "hotelerie", "type_label": "Hôtellerie", "nom": "Campement", "region": {"nom": "ZIGUINCHOR", "code": 2}, "departement": {"nom": "BIGNONA", "code": 21}, "commune": {"nom": "KATABA I", "code": 21204}, "communaute_rurale": {"nom": "KAFOUNTINE", "code": 2120402}, "quartier_village": "KAFOUNTINE", "milieu": "RURAL", "thematique": null, "type_qvh": null}}, {"type": "Feature", "geometry": {"type": "Point", "coordinates": [-16.750457, 12.931689]}, "properties": {"id": "hotelerie-600", "type": "hotelerie", "type_label": "Hôtellerie", "nom": "Campement", "region": {"nom": "ZIGUINCHOR", "code": 2}, "departement": {"nom": "BIGNONA", "code": 21}, "commune": {"nom": "KATABA I", "code": 21204}, "communaute_rurale": {"nom": "KAFOUNTINE", "code": 2120402}, "quartier_village": "KAFOUNTINE", "milieu": "RURAL", "thematique": null, "type_qvh": null}}, {"type": "Feature", "geometry": {"type": "Point", "coordinates": [-16.749695, 12.934194]}, "properties": {"id": "hotelerie-601", "type": "hotelerie", "type_label": "Hôtellerie", "nom": "Campement touristique SITOKO", "region": {"nom": "ZIGUINCHOR", "code": 2}, "departement": {"nom": "BIGNONA", "code": 21}, "commune": {"nom": "KATABA I", "code": 21204}, "communaute_rurale": {"nom": "KAFOUNTINE", "code": 2120402}, "quartier_village": "KAFOUNTINE", "milieu": "RURAL", "thematique": null, "type_qvh": null}}, {"type": "Feature", "geometry": {"type": "Point", "coordinates": [-16.750114, 12.932792]}, "properties": {"id": "hotelerie-602", "type": "hotelerie", "type_label": "Hôtellerie", "nom": "Campement", "region": {"nom": "ZIGUINCHOR", "code": 2}, "departement": {"nom": "BIGNONA", "code": 21}, "commune": {"nom": "KATABA I", "code": 21204}, "communaute_rurale": {"nom": "KAFOUNTINE", "code": 2120402}, "quartier_village": "KAFOUNTINE", "milieu": "RURAL", "thematique": null, "type_qvh": null}}, {"type": "Feature", "geometry": {"type": "Point", "coordinates": [-16.743888, 12.929341]}, "properties": {"id": "hotelerie-603", "type": "hotelerie", "type_label": "Hôtellerie", "nom": "Campement", "region": {"nom": "ZIGUINCHOR", "code": 2}, "departement": {"nom": "BIGNONA", "code": 21}, "commune": {"nom": "KATABA I", "code": 21204}, "communaute_rurale": {"nom": "KAFOUNTINE", "code": 2120402}, "quartier_village": "KAFOUNTINE", "milieu": "RURAL", "thematique": null, "type_qvh": null}}, {"type": "Feature", "geometry": {"type": "Point", "coordinates": [-16.370316, 12.609557]}, "properties": {"id": "hotelerie-604", "type": "hotelerie", "type_label": "Hôtellerie", "nom": "CAMPEMENT", "region": {"nom": "ZIGUINCHOR", "code": 2}, "departement": {"nom": "BIGNONA", "code": 21}, "commune": {"nom": "TENDOUCK", "code": 21202}, "communaute_rurale": {"nom": "MANGAGOULACK", "code": 2120204}, "quartier_village": "H2 ELORA", "milieu": "RURAL", "thematique": null, "type_qvh": null}}, {"type": "Feature", "geometry": {"type": "Point", "coordinates": [-16.35619, 12.654277]}, "properties": {"id": "hotelerie-605", "type": "hotelerie", "type_label": "Hôtellerie", "nom": "CAMPEMENT", "region": {"nom": "ZIGUINCHOR", "code": 2}, "departement": {"nom": "BIGNONA", "code": 21}, "commune": {"nom": "TENDOUCK", "code": 21202}, "communaute_rurale": {"nom": "MANGAGOULACK", "code": 2120204}, "quartier_village": "AFFINIAM", "milieu": "RURAL", "thematique": null, "type_qvh": null}}, {"type": "Feature", "geometry": {"type": "Point", "coordinates": [-16.055307, 12.707012]}, "properties": {"id": "hotelerie-606", "type": "hotelerie", "type_label": "Hôtellerie", "nom": "CAMPEMENT", "region": {"nom": "ZIGUINCHOR", "code": 2}, "departement": {"nom": "BIGNONA", "code": 21}, "commune": {"nom": "TENGHORY", "code": 21203}, "communaute_rurale": {"nom": "OUONCK", "code": 2120303}, "quartier_village": "OUONCK", "milieu": "RURAL", "thematique": null, "type_qvh": null}}, {"type": "Feature", "geometry": {"type": "Point", "coordinates": [-16.182377, 12.96195]}, "properties": {"id": "hotelerie-607", "type": "hotelerie", "type_label": "Hôtellerie", "nom": "AUBERGE", "region": {"nom": "ZIGUINCHOR", "code": 2}, "departement": {"nom": "BIGNONA", "code": 21}, "commune": {"nom": "SINDIAN", "code": 21201}, "communaute_rurale": {"nom": "SINDIAN", "code": 2120103}, "quartier_village": "SINDIAN", "milieu": "RURAL", "thematique": null, "type_qvh": null}}, {"type": "Feature", "geometry": {"type": "Point", "coordinates": [-16.352295, 12.89894]}, "properties": {"id": "hotelerie-608", "type": "hotelerie", "type_label": "Hôtellerie", "nom": "CAMPEMENT", "region": {"nom": "ZIGUINCHOR", "code": 2}, "departement": {"nom": "BIGNONA", "code": 21}, "commune": {"nom": "SINDIAN", "code": 21201}, "communaute_rurale": {"nom": "SUELLE", "code": 2120104}, "quartier_village": "BAILA", "milieu": "RURAL", "thematique": null, "type_qvh": null}}, {"type": "Feature", "geometry": {"type": "Point", "coordinates": [-16.307881, 13.011858]}, "properties": {"id": "hotelerie-609", "type": "hotelerie", "type_label": "Hôtellerie", "nom": "CAMPEMENT", "region": {"nom": "ZIGUINCHOR", "code": 2}, "departement": {"nom": "BIGNONA", "code": 21}, "commune": {"nom": "SINDIAN", "code": 21201}, "communaute_rurale": {"nom": "SUELLE", "code": 2120104}, "quartier_village": "BALANDINE", "milieu": "RURAL", "thematique": null, "type_qvh": null}}, {"type": "Feature", "geometry": {"type": "Point", "coordinates": [-16.247945, 12.790171]}, "properties": {"id": "hotelerie-610", "type": "hotelerie", "type_label": "Hôtellerie", "nom": "CAMPEMENT", "region": {"nom": "ZIGUINCHOR", "code": 2}, "departement": {"nom": "BIGNONA", "code": 21}, "commune": {"nom": "TENGHORY", "code": 21203}, "communaute_rurale": {"nom": "TENGHORY", "code": 2120304}, "quartier_village": "TENGHORY COMPLIQUE", "milieu": "RURAL", "thematique": null, "type_qvh": null}}, {"type": "Feature", "geometry": {"type": "Point", "coordinates": [-16.255223, 12.837212]}, "properties": {"id": "hotelerie-611", "type": "hotelerie", "type_label": "Hôtellerie", "nom": "CAMPEMENT", "region": {"nom": "ZIGUINCHOR", "code": 2}, "departement": {"nom": "BIGNONA", "code": 21}, "commune": {"nom": "TENGHORY", "code": 21203}, "communaute_rurale": {"nom": "TENGHORY", "code": 2120304}, "quartier_village": "KOUTENGHOR", "milieu": "RURAL", "thematique": null, "type_qvh": null}}, {"type": "Feature", "geometry": {"type": "Point", "coordinates": [-16.125758, 12.85545]}, "properties": {"id": "hotelerie-612", "type": "hotelerie", "type_label": "Hôtellerie", "nom": "HETELS BAR RESTAURANT LE RELAIS FLEURIE", "region": {"nom": "ZIGUINCHOR", "code": 2}, "departement": {"nom": "BIGNONA", "code": 21}, "commune": {"nom": "TENGHORY", "code": 21203}, "communaute_rurale": {"nom": "TENGHORY", "code": 2120304}, "quartier_village": "BADIOURE", "milieu": "RURAL", "thematique": null, "type_qvh": null}}, {"type": "Feature", "geometry": {"type": "Point", "coordinates": [-16.49749, 12.777085]}, "properties": {"id": "hotelerie-613", "type": "hotelerie", "type_label": "Hôtellerie", "nom": "CAMPEMENT EDONIA", "region": {"nom": "ZIGUINCHOR", "code": 2}, "departement": {"nom": "BIGNONA", "code": 21}, "commune": {"nom": "THIONCK ESSYL", "code": 21102}, "communaute_rurale": {"nom": "THIONCK ESSYL", "code": 2110200}, "quartier_village": "NIAGANANE", "milieu": "URBAIN", "thematique": null, "type_qvh": null}}, {"type": "Feature", "geometry": {"type": "Point", "coordinates": [-16.508646, 12.770213]}, "properties": {"id": "hotelerie-614", "type": "hotelerie", "type_label": "Hôtellerie", "nom": "CAMPEMENT EN CONSTRUCTION", "region": {"nom": "ZIGUINCHOR", "code": 2}, "departement": {"nom": "BIGNONA", "code": 21}, "commune": {"nom": "THIONCK ESSYL", "code": 21102}, "communaute_rurale": {"nom": "THIONCK ESSYL", "code": 2110200}, "quartier_village": "NIAGANANE", "milieu": "URBAIN", "thematique": null, "type_qvh": null}}, {"type": "Feature", "geometry": {"type": "Point", "coordinates": [-16.512225, 12.784965]}, "properties": {"id": "hotelerie-615", "type": "hotelerie", "type_label": "Hôtellerie", "nom": "CAMPEMENT", "region": {"nom": "ZIGUINCHOR", "code": 2}, "departement": {"nom": "BIGNONA", "code": 21}, "commune": {"nom": "THIONCK ESSYL", "code": 21102}, "communaute_rurale": {"nom": "THIONCK ESSYL", "code": 2110200}, "quartier_village": "KAMANAR", "milieu": "URBAIN", "thematique": null, "type_qvh": null}}, {"type": "Feature", "geometry": {"type": "Point", "coordinates": [-16.509685, 12.797534]}, "properties": {"id": "hotelerie-616", "type": "hotelerie", "type_label": "Hôtellerie", "nom": "CAMPEMENT WULABAA", "region": {"nom": "ZIGUINCHOR", "code": 2}, "departement": {"nom": "BIGNONA", "code": 21}, "commune": {"nom": "THIONCK ESSYL", "code": 21102}, "communaute_rurale": {"nom": "THIONCK ESSYL", "code": 2110200}, "quartier_village": "DAGA", "milieu": "URBAIN", "thematique": null, "type_qvh": null}}, {"type": "Feature", "geometry": {"type": "Point", "coordinates": [-16.5511, 12.4883]}, "properties": {"id": "hotelerie-617", "type": "hotelerie", "type_label": "Hôtellerie", "nom": "CAMPEMENT EMANAYE", "region": {"nom": "ZIGUINCHOR", "code": 2}, "departement": {"nom": "OUSSOUYE", "code": 22}, "commune": {"nom": "OUSSOUYE", "code": 22101}, "communaute_rurale": {"nom": "OUSSOUYE", "code": 2210100}, "quartier_village": "SOULEUK", "milieu": "URBAIN", "thematique": null, "type_qvh": null}}, {"type": "Feature", "geometry": {"type": "Point", "coordinates": [-16.5539, 12.4939]}, "properties": {"id": "hotelerie-618", "type": "hotelerie", "type_label": "Hôtellerie", "nom": "HOTEL KABEKEL", "region": {"nom": "ZIGUINCHOR", "code": 2}, "departement": {"nom": "OUSSOUYE", "code": 22}, "commune": {"nom": "OUSSOUYE", "code": 22101}, "communaute_rurale": {"nom": "OUSSOUYE", "code": 2210100}, "quartier_village": "BUWENTENE", "milieu": "URBAIN", "thematique": null, "type_qvh": null}}, {"type": "Feature", "geometry": {"type": "Point", "coordinates": [-16.55478, 12.489566]}, "properties": {"id": "hotelerie-619", "type": "hotelerie", "type_label": "Hôtellerie", "nom": "CAMPEMENT", "region": {"nom": "ZIGUINCHOR", "code": 2}, "departement": {"nom": "OUSSOUYE", "code": 22}, "commune": {"nom": "OUSSOUYE", "code": 22101}, "communaute_rurale": {"nom": "OUSSOUYE", "code": 2210100}, "quartier_village": "BUWENTENE", "milieu": "URBAIN", "thematique": null, "type_qvh": null}}, {"type": "Feature", "geometry": {"type": "Point", "coordinates": [-16.552799, 12.4924]}, "properties": {"id": "hotelerie-620", "type": "hotelerie", "type_label": "Hôtellerie", "nom": "ALJOWE", "region": {"nom": "ZIGUINCHOR", "code": 2}, "departement": {"nom": "OUSSOUYE", "code": 22}, "commune": {"nom": "OUSSOUYE", "code": 22101}, "communaute_rurale": {"nom": "OUSSOUYE", "code": 2210100}, "quartier_village": "BUWENTENE", "milieu": "URBAIN", "thematique": null, "type_qvh": null}}, {"type": "Feature", "geometry": {"type": "Point", "coordinates": [-16.670444, 12.358895]}, "properties": {"id": "hotelerie-621", "type": "hotelerie", "type_label": "Hôtellerie", "nom": "CAMPEMENT NON FONCTIONNEL", "region": {"nom": "ZIGUINCHOR", "code": 2}, "departement": {"nom": "OUSSOUYE", "code": 22}, "commune": {"nom": "KABROUSSE", "code": 22201}, "communaute_rurale": {"nom": "DJEMBERING", "code": 2220101}, "quartier_village": "H1 BOUDIEDIETE", "milieu": "RURAL", "thematique": null, "type_qvh": null}}, {"type": "Feature", "geometry": {"type": "Point", "coordinates": [-16.724431, 12.352188]}, "properties": {"id": "hotelerie-622", "type": "hotelerie", "type_label": "Hôtellerie", "nom": "RESIDENCES", "region": {"nom": "ZIGUINCHOR", "code": 2}, "departement": {"nom": "OUSSOUYE", "code": 22}, "commune": {"nom": "KABROUSSE", "code": 22201}, "communaute_rurale": {"nom": "DJEMBERING", "code": 2220101}, "quartier_village": "CAP SKIRING", "milieu": "RURAL", "thematique": null, "type_qvh": null}}, {"type": "Feature", "geometry": {"type": "Point", "coordinates": [-16.723674, 12.354555]}, "properties": {"id": "hotelerie-623", "type": "hotelerie", "type_label": "Hôtellerie", "nom": "HOTEL PALMERAIE", "region": {"nom": "ZIGUINCHOR", "code": 2}, "departement": {"nom": "OUSSOUYE", "code": 22}, "commune": {"nom": "KABROUSSE", "code": 22201}, "communaute_rurale": {"nom": "DJEMBERING", "code": 2220101}, "quartier_village": "CAP SKIRING", "milieu": "RURAL", "thematique": null, "type_qvh": null}}, {"type": "Feature", "geometry": {"type": "Point", "coordinates": [-16.723061, 12.351765]}, "properties": {"id": "hotelerie-624", "type": "hotelerie", "type_label": "Hôtellerie", "nom": "HOTEL HIBISCUS", "region": {"nom": "ZIGUINCHOR", "code": 2}, "departement": {"nom": "OUSSOUYE", "code": 22}, "commune": {"nom": "KABROUSSE", "code": 22201}, "communaute_rurale": {"nom": "DJEMBERING", "code": 2220101}, "quartier_village": "CAP SKIRING", "milieu": "RURAL", "thematique": null, "type_qvh": null}}, {"type": "Feature", "geometry": {"type": "Point", "coordinates": [-16.722464, 12.363342]}, "properties": {"id": "hotelerie-625", "type": "hotelerie", "type_label": "Hôtellerie", "nom": "CAMPEMENT EN CONSTRUCTION", "region": {"nom": "ZIGUINCHOR", "code": 2}, "departement": {"nom": "OUSSOUYE", "code": 22}, "commune": {"nom": "KABROUSSE", "code": 22201}, "communaute_rurale": {"nom": "DJEMBERING", "code": 2220101}, "quartier_village": "CABROUSSE MOSSOR", "milieu": "RURAL", "thematique": null, "type_qvh": null}}, {"type": "Feature", "geometry": {"type": "Point", "coordinates": [-16.719617, 12.360844]}, "properties": {"id": "hotelerie-626", "type": "hotelerie", "type_label": "Hôtellerie", "nom": "CAMPEMENT", "region": {"nom": "ZIGUINCHOR", "code": 2}, "departement": {"nom": "OUSSOUYE", "code": 22}, "commune": {"nom": "KABROUSSE", "code": 22201}, "communaute_rurale": {"nom": "DJEMBERING", "code": 2220101}, "quartier_village": "CABROUSSE MOSSOR", "milieu": "RURAL", "thematique": null, "type_qvh": null}}, {"type": "Feature", "geometry": {"type": "Point", "coordinates": [-16.739654, 12.384779]}, "properties": {"id": "hotelerie-627", "type": "hotelerie", "type_label": "Hôtellerie", "nom": "HOTEL CLUB MED", "region": {"nom": "ZIGUINCHOR", "code": 2}, "departement": {"nom": "OUSSOUYE", "code": 22}, "commune": {"nom": "KABROUSSE", "code": 22201}, "communaute_rurale": {"nom": "DJEMBERING", "code": 2220101}, "quartier_village": "CAP SKIRING", "milieu": "RURAL", "thematique": null, "type_qvh": null}}, {"type": "Feature", "geometry": {"type": "Point", "coordinates": [-16.728212, 12.380831]}, "properties": {"id": "hotelerie-628", "type": "hotelerie", "type_label": "Hôtellerie", "nom": "CAMPEMENT", "region": {"nom": "ZIGUINCHOR", "code": 2}, "departement": {"nom": "OUSSOUYE", "code": 22}, "commune": {"nom": "KABROUSSE", "code": 22201}, "communaute_rurale": {"nom": "DJEMBERING", "code": 2220101}, "quartier_village": "CAP SKIRING", "milieu": "RURAL", "thematique": null, "type_qvh": null}}, {"type": "Feature", "geometry": {"type": "Point", "coordinates": [-16.736187, 12.387325]}, "properties": {"id": "hotelerie-629", "type": "hotelerie", "type_label": "Hôtellerie", "nom": "HOTEL", "region": {"nom": "ZIGUINCHOR", "code": 2}, "departement": {"nom": "OUSSOUYE", "code": 22}, "commune": {"nom": "KABROUSSE", "code": 22201}, "communaute_rurale": {"nom": "DJEMBERING", "code": 2220101}, "quartier_village": "CAP SKIRING", "milieu": "RURAL", "thematique": null, "type_qvh": null}}, {"type": "Feature", "geometry": {"type": "Point", "coordinates": [-16.736663, 12.387573]}, "properties": {"id": "hotelerie-630", "type": "hotelerie", "type_label": "Hôtellerie", "nom": "HOTEL", "region": {"nom": "ZIGUINCHOR", "code": 2}, "departement": {"nom": "OUSSOUYE", "code": 22}, "commune": {"nom": "KABROUSSE", "code": 22201}, "communaute_rurale": {"nom": "DJEMBERING", "code": 2220101}, "quartier_village": "CAP SKIRING", "milieu": "RURAL", "thematique": null, "type_qvh": null}}, {"type": "Feature", "geometry": {"type": "Point", "coordinates": [-16.726796, 12.372709]}, "properties": {"id": "hotelerie-631", "type": "hotelerie", "type_label": "Hôtellerie", "nom": "CAMPEMENT SENEGAULOIS", "region": {"nom": "ZIGUINCHOR", "code": 2}, "departement": {"nom": "OUSSOUYE", "code": 22}, "commune": {"nom": "KABROUSSE", "code": 22201}, "communaute_rurale": {"nom": "DJEMBERING", "code": 2220101}, "quartier_village": "CAP SKIRING", "milieu": "RURAL", "thematique": null, "type_qvh": null}}, {"type": "Feature", "geometry": {"type": "Point", "coordinates": [-16.727532, 12.373139]}, "properties": {"id": "hotelerie-632", "type": "hotelerie", "type_label": "Hôtellerie", "nom": "CAMPEMENT LE SENEGAULOIS", "region": {"nom": "ZIGUINCHOR", "code": 2}, "departement": {"nom": "OUSSOUYE", "code": 22}, "commune": {"nom": "KABROUSSE", "code": 22201}, "communaute_rurale": {"nom": "DJEMBERING", "code": 2220101}, "quartier_village": "CAP SKIRING", "milieu": "RURAL", "thematique": null, "type_qvh": null}}, {"type": "Feature", "geometry": {"type": "Point", "coordinates": [-16.729932, 12.371854]}, "properties": {"id": "hotelerie-633", "type": "hotelerie", "type_label": "Hôtellerie", "nom": "RESIDENCE CASA MAJO", "region": {"nom": "ZIGUINCHOR", "code": 2}, "departement": {"nom": "OUSSOUYE", "code": 22}, "commune": {"nom": "KABROUSSE", "code": 22201}, "communaute_rurale": {"nom": "DJEMBERING", "code": 2220101}, "quartier_village": "H3 RANDOULENE", "milieu": "RURAL", "thematique": null, "type_qvh": null}}, {"type": "Feature", "geometry": {"type": "Point", "coordinates": [-16.729143, 12.362838]}, "properties": {"id": "hotelerie-634", "type": "hotelerie", "type_label": "Hôtellerie", "nom": "RESIDENCE", "region": {"nom": "ZIGUINCHOR", "code": 2}, "departement": {"nom": "OUSSOUYE", "code": 22}, "commune": {"nom": "KABROUSSE", "code": 22201}, "communaute_rurale": {"nom": "DJEMBERING", "code": 2220101}, "quartier_village": "H3 RANDOULENE", "milieu": "RURAL", "thematique": null, "type_qvh": null}}, {"type": "Feature", "geometry": {"type": "Point", "coordinates": [-16.735349, 12.380169]}, "properties": {"id": "hotelerie-635", "type": "hotelerie", "type_label": "Hôtellerie", "nom": "HETEL LA  PAILLOTE", "region": {"nom": "ZIGUINCHOR", "code": 2}, "departement": {"nom": "OUSSOUYE", "code": 22}, "commune": {"nom": "KABROUSSE", "code": 22201}, "communaute_rurale": {"nom": "DJEMBERING", "code": 2220101}, "quartier_village": "H3 RANDOULENE", "milieu": "RURAL", "thematique": null, "type_qvh": null}}, {"type": "Feature", "geometry": {"type": "Point", "coordinates": [-16.731444, 12.371378]}, "properties": {"id": "hotelerie-636", "type": "hotelerie", "type_label": "Hôtellerie", "nom": "RESIDENCE MANSA LODGE", "region": {"nom": "ZIGUINCHOR", "code": 2}, "departement": {"nom": "OUSSOUYE", "code": 22}, "commune": {"nom": "KABROUSSE", "code": 22201}, "communaute_rurale": {"nom": "DJEMBERING", "code": 2220101}, "quartier_village": "H3 RANDOULENE", "milieu": "RURAL", "thematique": null, "type_qvh": null}}, {"type": "Feature", "geometry": {"type": "Point", "coordinates": [-16.731815, 12.373951]}, "properties": {"id": "hotelerie-637", "type": "hotelerie", "type_label": "Hôtellerie", "nom": "CAMPEMENT BOUHANOR", "region": {"nom": "ZIGUINCHOR", "code": 2}, "departement": {"nom": "OUSSOUYE", "code": 22}, "commune": {"nom": "KABROUSSE", "code": 22201}, "communaute_rurale": {"nom": "DJEMBERING", "code": 2220101}, "quartier_village": "H3 RANDOULENE", "milieu": "RURAL", "thematique": null, "type_qvh": null}}, {"type": "Feature", "geometry": {"type": "Point", "coordinates": [-16.731482, 12.373284]}, "properties": {"id": "hotelerie-638", "type": "hotelerie", "type_label": "Hôtellerie", "nom": "RESIDENCE LE PARADISE", "region": {"nom": "ZIGUINCHOR", "code": 2}, "departement": {"nom": "OUSSOUYE", "code": 22}, "commune": {"nom": "KABROUSSE", "code": 22201}, "communaute_rurale": {"nom": "DJEMBERING", "code": 2220101}, "quartier_village": "H3 RANDOULENE", "milieu": "RURAL", "thematique": null, "type_qvh": null}}, {"type": "Feature", "geometry": {"type": "Point", "coordinates": [-16.728575, 12.359988]}, "properties": {"id": "hotelerie-639", "type": "hotelerie", "type_label": "Hôtellerie", "nom": "RESIDENCE Z", "region": {"nom": "ZIGUINCHOR", "code": 2}, "departement": {"nom": "OUSSOUYE", "code": 22}, "commune": {"nom": "KABROUSSE", "code": 22201}, "communaute_rurale": {"nom": "DJEMBERING", "code": 2220101}, "quartier_village": "H3 RANDOULENE", "milieu": "RURAL", "thematique": null, "type_qvh": null}}, {"type": "Feature", "geometry": {"type": "Point", "coordinates": [-16.730478, 12.370799]}, "properties": {"id": "hotelerie-640", "type": "hotelerie", "type_label": "Hôtellerie", "nom": "VILLA DES PECHEURS BEACH HETEL", "region": {"nom": "ZIGUINCHOR", "code": 2}, "departement": {"nom": "OUSSOUYE", "code": 22}, "commune": {"nom": "KABROUSSE", "code": 22201}, "communaute_rurale": {"nom": "DJEMBERING", "code": 2220101}, "quartier_village": "H3 RANDOULENE", "milieu": "RURAL", "thematique": null, "type_qvh": null}}, {"type": "Feature", "geometry": {"type": "Point", "coordinates": [-16.729957, 12.3716]}, "properties": {"id": "hotelerie-641", "type": "hotelerie", "type_label": "Hôtellerie", "nom": "RESIDENCE", "region": {"nom": "ZIGUINCHOR", "code": 2}, "departement": {"nom": "OUSSOUYE", "code": 22}, "commune": {"nom": "KABROUSSE", "code": 22201}, "communaute_rurale": {"nom": "DJEMBERING", "code": 2220101}, "quartier_village": "H3 RANDOULENE", "milieu": "RURAL", "thematique": null, "type_qvh": null}}, {"type": "Feature", "geometry": {"type": "Point", "coordinates": [-16.732108, 12.372561]}, "properties": {"id": "hotelerie-642", "type": "hotelerie", "type_label": "Hôtellerie", "nom": "CABANES", "region": {"nom": "ZIGUINCHOR", "code": 2}, "departement": {"nom": "OUSSOUYE", "code": 22}, "commune": {"nom": "KABROUSSE", "code": 22201}, "communaute_rurale": {"nom": "DJEMBERING", "code": 2220101}, "quartier_village": "H3 RANDOULENE", "milieu": "RURAL", "thematique": null, "type_qvh": null}}, {"type": "Feature", "geometry": {"type": "Point", "coordinates": [-16.731836, 12.372704]}, "properties": {"id": "hotelerie-643", "type": "hotelerie", "type_label": "Hôtellerie", "nom": "RESIDENCE", "region": {"nom": "ZIGUINCHOR", "code": 2}, "departement": {"nom": "OUSSOUYE", "code": 22}, "commune": {"nom": "KABROUSSE", "code": 22201}, "communaute_rurale": {"nom": "DJEMBERING", "code": 2220101}, "quartier_village": "H3 RANDOULENE", "milieu": "RURAL", "thematique": null, "type_qvh": null}}, {"type": "Feature", "geometry": {"type": "Point", "coordinates": [-16.728976, 12.36202]}, "properties": {"id": "hotelerie-644", "type": "hotelerie", "type_label": "Hôtellerie", "nom": "RESIDENCE VILLA IRENA", "region": {"nom": "ZIGUINCHOR", "code": 2}, "departement": {"nom": "OUSSOUYE", "code": 22}, "commune": {"nom": "KABROUSSE", "code": 22201}, "communaute_rurale": {"nom": "DJEMBERING", "code": 2220101}, "quartier_village": "H3 RANDOULENE", "milieu": "RURAL", "thematique": null, "type_qvh": null}}, {"type": "Feature", "geometry": {"type": "Point", "coordinates": [-16.730367, 12.374602]}, "properties": {"id": "hotelerie-645", "type": "hotelerie", "type_label": "Hôtellerie", "nom": "RESIDENCE CICASSE", "region": {"nom": "ZIGUINCHOR", "code": 2}, "departement": {"nom": "OUSSOUYE", "code": 22}, "commune": {"nom": "KABROUSSE", "code": 22201}, "communaute_rurale": {"nom": "DJEMBERING", "code": 2220101}, "quartier_village": "H3 RANDOULENE", "milieu": "RURAL", "thematique": null, "type_qvh": null}}, {"type": "Feature", "geometry": {"type": "Point", "coordinates": [-16.730029, 12.371378]}, "properties": {"id": "hotelerie-646", "type": "hotelerie", "type_label": "Hôtellerie", "nom": "RESIDENCE", "region": {"nom": "ZIGUINCHOR", "code": 2}, "departement": {"nom": "OUSSOUYE", "code": 22}, "commune": {"nom": "KABROUSSE", "code": 22201}, "communaute_rurale": {"nom": "DJEMBERING", "code": 2220101}, "quartier_village": "H3 RANDOULENE", "milieu": "RURAL", "thematique": null, "type_qvh": null}}, {"type": "Feature", "geometry": {"type": "Point", "coordinates": [-16.729572, 12.365521]}, "properties": {"id": "hotelerie-647", "type": "hotelerie", "type_label": "Hôtellerie", "nom": "CAMPEMENT NO STRESS", "region": {"nom": "ZIGUINCHOR", "code": 2}, "departement": {"nom": "OUSSOUYE", "code": 22}, "commune": {"nom": "KABROUSSE", "code": 22201}, "communaute_rurale": {"nom": "DJEMBERING", "code": 2220101}, "quartier_village": "H3 RANDOULENE", "milieu": "RURAL", "thematique": null, "type_qvh": null}}, {"type": "Feature", "geometry": {"type": "Point", "coordinates": [-16.728493, 12.359564]}, "properties": {"id": "hotelerie-648", "type": "hotelerie", "type_label": "Hôtellerie", "nom": "RESIDENCE", "region": {"nom": "ZIGUINCHOR", "code": 2}, "departement": {"nom": "OUSSOUYE", "code": 22}, "commune": {"nom": "KABROUSSE", "code": 22201}, "communaute_rurale": {"nom": "DJEMBERING", "code": 2220101}, "quartier_village": "H3 RANDOULENE", "milieu": "RURAL", "thematique": null, "type_qvh": null}}, {"type": "Feature", "geometry": {"type": "Point", "coordinates": [-16.731339, 12.373048]}, "properties": {"id": "hotelerie-649", "type": "hotelerie", "type_label": "Hôtellerie", "nom": "RESIDENCE", "region": {"nom": "ZIGUINCHOR", "code": 2}, "departement": {"nom": "OUSSOUYE", "code": 22}, "commune": {"nom": "KABROUSSE", "code": 22201}, "communaute_rurale": {"nom": "DJEMBERING", "code": 2220101}, "quartier_village": "H3 RANDOULENE", "milieu": "RURAL", "thematique": null, "type_qvh": null}}, {"type": "Feature", "geometry": {"type": "Point", "coordinates": [-16.730629, 12.375528]}, "properties": {"id": "hotelerie-650", "type": "hotelerie", "type_label": "Hôtellerie", "nom": "RESIDENCE", "region": {"nom": "ZIGUINCHOR", "code": 2}, "departement": {"nom": "OUSSOUYE", "code": 22}, "commune": {"nom": "KABROUSSE", "code": 22201}, "communaute_rurale": {"nom": "DJEMBERING", "code": 2220101}, "quartier_village": "H3 RANDOULENE", "milieu": "RURAL", "thematique": null, "type_qvh": null}}, {"type": "Feature", "geometry": {"type": "Point", "coordinates": [-16.727472, 12.365783]}, "properties": {"id": "hotelerie-651", "type": "hotelerie", "type_label": "Hôtellerie", "nom": "CAMPEMENT CASA IMPLUVIUM", "region": {"nom": "ZIGUINCHOR", "code": 2}, "departement": {"nom": "OUSSOUYE", "code": 22}, "commune": {"nom": "KABROUSSE", "code": 22201}, "communaute_rurale": {"nom": "DJEMBERING", "code": 2220101}, "quartier_village": "H3 RANDOULENE", "milieu": "RURAL", "thematique": null, "type_qvh": null}}, {"type": "Feature", "geometry": {"type": "Point", "coordinates": [-16.729557, 12.368809]}, "properties": {"id": "hotelerie-652", "type": "hotelerie", "type_label": "Hôtellerie", "nom": "RESIDENCE PACO TOUTY", "region": {"nom": "ZIGUINCHOR", "code": 2}, "departement": {"nom": "OUSSOUYE", "code": 22}, "commune": {"nom": "KABROUSSE", "code": 22201}, "communaute_rurale": {"nom": "DJEMBERING", "code": 2220101}, "quartier_village": "H3 RANDOULENE", "milieu": "RURAL", "thematique": null, "type_qvh": null}}, {"type": "Feature", "geometry": {"type": "Point", "coordinates": [-16.729272, 12.363311]}, "properties": {"id": "hotelerie-653", "type": "hotelerie", "type_label": "Hôtellerie", "nom": "VILLA LUNA", "region": {"nom": "ZIGUINCHOR", "code": 2}, "departement": {"nom": "OUSSOUYE", "code": 22}, "commune": {"nom": "KABROUSSE", "code": 22201}, "communaute_rurale": {"nom": "DJEMBERING", "code": 2220101}, "quartier_village": "H3 RANDOULENE", "milieu": "RURAL", "thematique": null, "type_qvh": null}}, {"type": "Feature", "geometry": {"type": "Point", "coordinates": [-16.729272, 12.35959]}, "properties": {"id": "hotelerie-654", "type": "hotelerie", "type_label": "Hôtellerie", "nom": "RESIDENCE Z", "region": {"nom": "ZIGUINCHOR", "code": 2}, "departement": {"nom": "OUSSOUYE", "code": 22}, "commune": {"nom": "KABROUSSE", "code": 22201}, "communaute_rurale": {"nom": "DJEMBERING", "code": 2220101}, "quartier_village": "H3 RANDOULENE", "milieu": "RURAL", "thematique": null, "type_qvh": null}}, {"type": "Feature", "geometry": {"type": "Point", "coordinates": [-16.728837, 12.361143]}, "properties": {"id": "hotelerie-655", "type": "hotelerie", "type_label": "Hôtellerie", "nom": "RESIDENCE LES ALISES BEACH RESORT", "region": {"nom": "ZIGUINCHOR", "code": 2}, "departement": {"nom": "OUSSOUYE", "code": 22}, "commune": {"nom": "KABROUSSE", "code": 22201}, "communaute_rurale": {"nom": "DJEMBERING", "code": 2220101}, "quartier_village": "H3 RANDOULENE", "milieu": "RURAL", "thematique": null, "type_qvh": null}}, {"type": "Feature", "geometry": {"type": "Point", "coordinates": [-16.728375, 12.358615]}, "properties": {"id": "hotelerie-656", "type": "hotelerie", "type_label": "Hôtellerie", "nom": "RESIDENCE", "region": {"nom": "ZIGUINCHOR", "code": 2}, "departement": {"nom": "OUSSOUYE", "code": 22}, "commune": {"nom": "KABROUSSE", "code": 22201}, "communaute_rurale": {"nom": "DJEMBERING", "code": 2220101}, "quartier_village": "H3 RANDOULENE", "milieu": "RURAL", "thematique": null, "type_qvh": null}}, {"type": "Feature", "geometry": {"type": "Point", "coordinates": [-16.729374, 12.375278]}, "properties": {"id": "hotelerie-657", "type": "hotelerie", "type_label": "Hôtellerie", "nom": "INFRASTRUCTURES", "region": {"nom": "ZIGUINCHOR", "code": 2}, "departement": {"nom": "OUSSOUYE", "code": 22}, "commune": {"nom": "KABROUSSE", "code": 22201}, "communaute_rurale": {"nom": "DJEMBERING", "code": 2220101}, "quartier_village": "H3 RANDOULENE", "milieu": "RURAL", "thematique": null, "type_qvh": null}}, {"type": "Feature", "geometry": {"type": "Point", "coordinates": [-16.733098, 12.376185]}, "properties": {"id": "hotelerie-658", "type": "hotelerie", "type_label": "Hôtellerie", "nom": "CAMPEMENT FALAFU", "region": {"nom": "ZIGUINCHOR", "code": 2}, "departement": {"nom": "OUSSOUYE", "code": 22}, "commune": {"nom": "KABROUSSE", "code": 22201}, "communaute_rurale": {"nom": "DJEMBERING", "code": 2220101}, "quartier_village": "H3 RANDOULENE", "milieu": "RURAL", "thematique": null, "type_qvh": null}}, {"type": "Feature", "geometry": {"type": "Point", "coordinates": [-16.728964, 12.367094]}, "properties": {"id": "hotelerie-659", "type": "hotelerie", "type_label": "Hôtellerie", "nom": "RESIDENCE CAP BAY", "region": {"nom": "ZIGUINCHOR", "code": 2}, "departement": {"nom": "OUSSOUYE", "code": 22}, "commune": {"nom": "KABROUSSE", "code": 22201}, "communaute_rurale": {"nom": "DJEMBERING", "code": 2220101}, "quartier_village": "H3 RANDOULENE", "milieu": "RURAL", "thematique": null, "type_qvh": null}}, {"type": "Feature", "geometry": {"type": "Point", "coordinates": [-16.731748, 12.373746]}, "properties": {"id": "hotelerie-660", "type": "hotelerie", "type_label": "Hôtellerie", "nom": "AUBERGE DE LA PAIX", "region": {"nom": "ZIGUINCHOR", "code": 2}, "departement": {"nom": "OUSSOUYE", "code": 22}, "commune": {"nom": "KABROUSSE", "code": 22201}, "communaute_rurale": {"nom": "DJEMBERING", "code": 2220101}, "quartier_village": "H3 RANDOULENE", "milieu": "RURAL", "thematique": null, "type_qvh": null}}, {"type": "Feature", "geometry": {"type": "Point", "coordinates": [-16.726184, 12.360727]}, "properties": {"id": "hotelerie-661", "type": "hotelerie", "type_label": "Hôtellerie", "nom": "RESIDENCE", "region": {"nom": "ZIGUINCHOR", "code": 2}, "departement": {"nom": "OUSSOUYE", "code": 22}, "commune": {"nom": "KABROUSSE", "code": 22201}, "communaute_rurale": {"nom": "DJEMBERING", "code": 2220101}, "quartier_village": "H3 RANDOULENE", "milieu": "RURAL", "thematique": null, "type_qvh": null}}, {"type": "Feature", "geometry": {"type": "Point", "coordinates": [-16.729721, 12.370855]}, "properties": {"id": "hotelerie-662", "type": "hotelerie", "type_label": "Hôtellerie", "nom": "HOTEL", "region": {"nom": "ZIGUINCHOR", "code": 2}, "departement": {"nom": "OUSSOUYE", "code": 22}, "commune": {"nom": "KABROUSSE", "code": 22201}, "communaute_rurale": {"nom": "DJEMBERING", "code": 2220101}, "quartier_village": "H3 RANDOULENE", "milieu": "RURAL", "thematique": null, "type_qvh": null}}, {"type": "Feature", "geometry": {"type": "Point", "coordinates": [-16.728731, 12.357668]}, "properties": {"id": "hotelerie-663", "type": "hotelerie", "type_label": "Hôtellerie", "nom": "RESIDENCE", "region": {"nom": "ZIGUINCHOR", "code": 2}, "departement": {"nom": "OUSSOUYE", "code": 22}, "commune": {"nom": "KABROUSSE", "code": 22201}, "communaute_rurale": {"nom": "DJEMBERING", "code": 2220101}, "quartier_village": "H3 RANDOULENE", "milieu": "RURAL", "thematique": null, "type_qvh": null}}, {"type": "Feature", "geometry": {"type": "Point", "coordinates": [-16.729884, 12.36994]}, "properties": {"id": "hotelerie-664", "type": "hotelerie", "type_label": "Hôtellerie", "nom": "HOTEL", "region": {"nom": "ZIGUINCHOR", "code": 2}, "departement": {"nom": "OUSSOUYE", "code": 22}, "commune": {"nom": "KABROUSSE", "code": 22201}, "communaute_rurale": {"nom": "DJEMBERING", "code": 2220101}, "quartier_village": "H3 RANDOULENE", "milieu": "RURAL", "thematique": null, "type_qvh": null}}, {"type": "Feature", "geometry": {"type": "Point", "coordinates": [-16.731914, 12.374169]}, "properties": {"id": "hotelerie-665", "type": "hotelerie", "type_label": "Hôtellerie", "nom": "CAMPEMENT NOPPALOU", "region": {"nom": "ZIGUINCHOR", "code": 2}, "departement": {"nom": "OUSSOUYE", "code": 22}, "commune": {"nom": "KABROUSSE", "code": 22201}, "communaute_rurale": {"nom": "DJEMBERING", "code": 2220101}, "quartier_village": "H3 RANDOULENE", "milieu": "RURAL", "thematique": null, "type_qvh": null}}, {"type": "Feature", "geometry": {"type": "Point", "coordinates": [-16.727046, 12.360855]}, "properties": {"id": "hotelerie-666", "type": "hotelerie", "type_label": "Hôtellerie", "nom": "RESIDENCE", "region": {"nom": "ZIGUINCHOR", "code": 2}, "departement": {"nom": "OUSSOUYE", "code": 22}, "commune": {"nom": "KABROUSSE", "code": 22201}, "communaute_rurale": {"nom": "DJEMBERING", "code": 2220101}, "quartier_village": "H3 RANDOULENE", "milieu": "RURAL", "thematique": null, "type_qvh": null}}, {"type": "Feature", "geometry": {"type": "Point", "coordinates": [-16.731568, 12.374409]}, "properties": {"id": "hotelerie-667", "type": "hotelerie", "type_label": "Hôtellerie", "nom": "RESIDENCE", "region": {"nom": "ZIGUINCHOR", "code": 2}, "departement": {"nom": "OUSSOUYE", "code": 22}, "commune": {"nom": "KABROUSSE", "code": 22201}, "communaute_rurale": {"nom": "DJEMBERING", "code": 2220101}, "quartier_village": "H3 RANDOULENE", "milieu": "RURAL", "thematique": null, "type_qvh": null}}, {"type": "Feature", "geometry": {"type": "Point", "coordinates": [-16.728627, 12.360305]}, "properties": {"id": "hotelerie-668", "type": "hotelerie", "type_label": "Hôtellerie", "nom": "RESIDENCE", "region": {"nom": "ZIGUINCHOR", "code": 2}, "departement": {"nom": "OUSSOUYE", "code": 22}, "commune": {"nom": "KABROUSSE", "code": 22201}, "communaute_rurale": {"nom": "DJEMBERING", "code": 2220101}, "quartier_village": "H3 RANDOULENE", "milieu": "RURAL", "thematique": null, "type_qvh": null}}, {"type": "Feature", "geometry": {"type": "Point", "coordinates": [-16.730685, 12.371591]}, "properties": {"id": "hotelerie-669", "type": "hotelerie", "type_label": "Hôtellerie", "nom": "CAMPEMENT CHEZ CAMPOS", "region": {"nom": "ZIGUINCHOR", "code": 2}, "departement": {"nom": "OUSSOUYE", "code": 22}, "commune": {"nom": "KABROUSSE", "code": 22201}, "communaute_rurale": {"nom": "DJEMBERING", "code": 2220101}, "quartier_village": "H3 RANDOULENE", "milieu": "RURAL", "thematique": null, "type_qvh": null}}, {"type": "Feature", "geometry": {"type": "Point", "coordinates": [-16.727348, 12.366173]}, "properties": {"id": "hotelerie-670", "type": "hotelerie", "type_label": "Hôtellerie", "nom": "RESIDENCE", "region": {"nom": "ZIGUINCHOR", "code": 2}, "departement": {"nom": "OUSSOUYE", "code": 22}, "commune": {"nom": "KABROUSSE", "code": 22201}, "communaute_rurale": {"nom": "DJEMBERING", "code": 2220101}, "quartier_village": "H3 RANDOULENE", "milieu": "RURAL", "thematique": null, "type_qvh": null}}, {"type": "Feature", "geometry": {"type": "Point", "coordinates": [-16.731647, 12.373479]}, "properties": {"id": "hotelerie-671", "type": "hotelerie", "type_label": "Hôtellerie", "nom": "CAMPEMENT LE MUSSUWAM", "region": {"nom": "ZIGUINCHOR", "code": 2}, "departement": {"nom": "OUSSOUYE", "code": 22}, "commune": {"nom": "KABROUSSE", "code": 22201}, "communaute_rurale": {"nom": "DJEMBERING", "code": 2220101}, "quartier_village": "H3 RANDOULENE", "milieu": "RURAL", "thematique": null, "type_qvh": null}}, {"type": "Feature", "geometry": {"type": "Point", "coordinates": [-16.731154, 12.372716]}, "properties": {"id": "hotelerie-672", "type": "hotelerie", "type_label": "Hôtellerie", "nom": "CAMPEMENT CHEZ MBALLO", "region": {"nom": "ZIGUINCHOR", "code": 2}, "departement": {"nom": "OUSSOUYE", "code": 22}, "commune": {"nom": "KABROUSSE", "code": 22201}, "communaute_rurale": {"nom": "DJEMBERING", "code": 2220101}, "quartier_village": "H3 RANDOULENE", "milieu": "RURAL", "thematique": null, "type_qvh": null}}, {"type": "Feature", "geometry": {"type": "Point", "coordinates": [-16.728701, 12.359232]}, "properties": {"id": "hotelerie-673", "type": "hotelerie", "type_label": "Hôtellerie", "nom": "RESIDENCE", "region": {"nom": "ZIGUINCHOR", "code": 2}, "departement": {"nom": "OUSSOUYE", "code": 22}, "commune": {"nom": "KABROUSSE", "code": 22201}, "communaute_rurale": {"nom": "DJEMBERING", "code": 2220101}, "quartier_village": "H3 RANDOULENE", "milieu": "RURAL", "thematique": null, "type_qvh": null}}, {"type": "Feature", "geometry": {"type": "Point", "coordinates": [-16.72786, 12.362181]}, "properties": {"id": "hotelerie-674", "type": "hotelerie", "type_label": "Hôtellerie", "nom": "RESIDENCE-HOTEL LA MARSU", "region": {"nom": "ZIGUINCHOR", "code": 2}, "departement": {"nom": "OUSSOUYE", "code": 22}, "commune": {"nom": "KABROUSSE", "code": 22201}, "communaute_rurale": {"nom": "DJEMBERING", "code": 2220101}, "quartier_village": "H3 RANDOULENE", "milieu": "RURAL", "thematique": null, "type_qvh": null}}, {"type": "Feature", "geometry": {"type": "Point", "coordinates": [-16.731793, 12.375277]}, "properties": {"id": "hotelerie-675", "type": "hotelerie", "type_label": "Hôtellerie", "nom": "HETEL :LES BOUGAINVILLIERS", "region": {"nom": "ZIGUINCHOR", "code": 2}, "departement": {"nom": "OUSSOUYE", "code": 22}, "commune": {"nom": "KABROUSSE", "code": 22201}, "communaute_rurale": {"nom": "DJEMBERING", "code": 2220101}, "quartier_village": "H3 RANDOULENE", "milieu": "RURAL", "thematique": null, "type_qvh": null}}, {"type": "Feature", "geometry": {"type": "Point", "coordinates": [-16.73819, 12.391292]}, "properties": {"id": "hotelerie-676", "type": "hotelerie", "type_label": "Hôtellerie", "nom": "CAMPEMENT", "region": {"nom": "ZIGUINCHOR", "code": 2}, "departement": {"nom": "OUSSOUYE", "code": 22}, "commune": {"nom": "KABROUSSE", "code": 22201}, "communaute_rurale": {"nom": "DJEMBERING", "code": 2220101}, "quartier_village": "CAP SKIRING", "milieu": "RURAL", "thematique": null, "type_qvh": null}}, {"type": "Feature", "geometry": {"type": "Point", "coordinates": [-16.741774, 12.393559]}, "properties": {"id": "hotelerie-677", "type": "hotelerie", "type_label": "Hôtellerie", "nom": "CAMPEMENT COURIKO", "region": {"nom": "ZIGUINCHOR", "code": 2}, "departement": {"nom": "OUSSOUYE", "code": 22}, "commune": {"nom": "KABROUSSE", "code": 22201}, "communaute_rurale": {"nom": "DJEMBERING", "code": 2220101}, "quartier_village": "CAP SKIRING", "milieu": "RURAL", "thematique": null, "type_qvh": null}}, {"type": "Feature", "geometry": {"type": "Point", "coordinates": [-16.740246, 12.391919]}, "properties": {"id": "hotelerie-678", "type": "hotelerie", "type_label": "Hôtellerie", "nom": "RESIDENCE", "region": {"nom": "ZIGUINCHOR", "code": 2}, "departement": {"nom": "OUSSOUYE", "code": 22}, "commune": {"nom": "KABROUSSE", "code": 22201}, "communaute_rurale": {"nom": "DJEMBERING", "code": 2220101}, "quartier_village": "CAP SKIRING", "milieu": "RURAL", "thematique": null, "type_qvh": null}}, {"type": "Feature", "geometry": {"type": "Point", "coordinates": [-16.756783, 12.396235]}, "properties": {"id": "hotelerie-679", "type": "hotelerie", "type_label": "Hôtellerie", "nom": "CAP OUEST RESIDENCE", "region": {"nom": "ZIGUINCHOR", "code": 2}, "departement": {"nom": "OUSSOUYE", "code": 22}, "commune": {"nom": "KABROUSSE", "code": 22201}, "communaute_rurale": {"nom": "DJEMBERING", "code": 2220101}, "quartier_village": "CAP SKIRING", "milieu": "RURAL", "thematique": null, "type_qvh": null}}, {"type": "Feature", "geometry": {"type": "Point", "coordinates": [-16.742654, 12.397523]}, "properties": {"id": "hotelerie-680", "type": "hotelerie", "type_label": "Hôtellerie", "nom": "CAMPEMENT CHEZ KHOSSE", "region": {"nom": "ZIGUINCHOR", "code": 2}, "departement": {"nom": "OUSSOUYE", "code": 22}, "commune": {"nom": "KABROUSSE", "code": 22201}, "communaute_rurale": {"nom": "DJEMBERING", "code": 2220101}, "quartier_village": "CAP SKIRING", "milieu": "RURAL", "thematique": null, "type_qvh": null}}, {"type": "Feature", "geometry": {"type": "Point", "coordinates": [-16.756178, 12.395371]}, "properties": {"id": "hotelerie-681", "type": "hotelerie", "type_label": "Hôtellerie", "nom": "CAP OUEST RESIDENCE", "region": {"nom": "ZIGUINCHOR", "code": 2}, "departement": {"nom": "OUSSOUYE", "code": 22}, "commune": {"nom": "KABROUSSE", "code": 22201}, "communaute_rurale": {"nom": "DJEMBERING", "code": 2220101}, "quartier_village": "CAP SKIRING", "milieu": "RURAL", "thematique": null, "type_qvh": null}}, {"type": "Feature", "geometry": {"type": "Point", "coordinates": [-16.747262, 12.39226]}, "properties": {"id": "hotelerie-682", "type": "hotelerie", "type_label": "Hôtellerie", "nom": "OPEN RESIDENCE", "region": {"nom": "ZIGUINCHOR", "code": 2}, "departement": {"nom": "OUSSOUYE", "code": 22}, "commune": {"nom": "KABROUSSE", "code": 22201}, "communaute_rurale": {"nom": "DJEMBERING", "code": 2220101}, "quartier_village": "CAP SKIRING", "milieu": "RURAL", "thematique": null, "type_qvh": null}}, {"type": "Feature", "geometry": {"type": "Point", "coordinates": [-16.763532, 12.404199]}, "properties": {"id": "hotelerie-683", "type": "hotelerie", "type_label": "Hôtellerie", "nom": "RESIDENCE PRIVEE LE BALILAÃ", "region": {"nom": "ZIGUINCHOR", "code": 2}, "departement": {"nom": "OUSSOUYE", "code": 22}, "commune": {"nom": "KABROUSSE", "code": 22201}, "communaute_rurale": {"nom": "DJEMBERING", "code": 2220101}, "quartier_village": "CAP SKIRING", "milieu": "RURAL", "thematique": null, "type_qvh": null}}, {"type": "Feature", "geometry": {"type": "Point", "coordinates": [-16.744412, 12.385128]}, "properties": {"id": "hotelerie-684", "type": "hotelerie", "type_label": "Hôtellerie", "nom": "CAMPEMENT", "region": {"nom": "ZIGUINCHOR", "code": 2}, "departement": {"nom": "OUSSOUYE", "code": 22}, "commune": {"nom": "KABROUSSE", "code": 22201}, "communaute_rurale": {"nom": "DJEMBERING", "code": 2220101}, "quartier_village": "CAP SKIRING", "milieu": "RURAL", "thematique": null, "type_qvh": null}}, {"type": "Feature", "geometry": {"type": "Point", "coordinates": [-16.745952, 12.387504]}, "properties": {"id": "hotelerie-685", "type": "hotelerie", "type_label": "Hôtellerie", "nom": "CAMPEMENT CAP OCEAN", "region": {"nom": "ZIGUINCHOR", "code": 2}, "departement": {"nom": "OUSSOUYE", "code": 22}, "commune": {"nom": "KABROUSSE", "code": 22201}, "communaute_rurale": {"nom": "DJEMBERING", "code": 2220101}, "quartier_village": "CAP SKIRING", "milieu": "RURAL", "thematique": null, "type_qvh": null}}, {"type": "Feature", "geometry": {"type": "Point", "coordinates": [-16.739894, 12.386765]}, "properties": {"id": "hotelerie-686", "type": "hotelerie", "type_label": "Hôtellerie", "nom": "AUBERGE", "region": {"nom": "ZIGUINCHOR", "code": 2}, "departement": {"nom": "OUSSOUYE", "code": 22}, "commune": {"nom": "KABROUSSE", "code": 22201}, "communaute_rurale": {"nom": "DJEMBERING", "code": 2220101}, "quartier_village": "CAP SKIRING", "milieu": "RURAL", "thematique": null, "type_qvh": null}}, {"type": "Feature", "geometry": {"type": "Point", "coordinates": [-16.750305, 12.421076]}, "properties": {"id": "hotelerie-687", "type": "hotelerie", "type_label": "Hôtellerie", "nom": "CAMPEMENT", "region": {"nom": "ZIGUINCHOR", "code": 2}, "departement": {"nom": "OUSSOUYE", "code": 22}, "commune": {"nom": "KABROUSSE", "code": 22201}, "communaute_rurale": {"nom": "DJEMBERING", "code": 2220101}, "quartier_village": "BOUCOTTE OUOLOF", "milieu": "RURAL", "thematique": null, "type_qvh": null}}, {"type": "Feature", "geometry": {"type": "Point", "coordinates": [-16.745936, 12.424081]}, "properties": {"id": "hotelerie-688", "type": "hotelerie", "type_label": "Hôtellerie", "nom": "CAMPEMENT LES CASE DE DJIFENDENE", "region": {"nom": "ZIGUINCHOR", "code": 2}, "departement": {"nom": "OUSSOUYE", "code": 22}, "commune": {"nom": "KABROUSSE", "code": 22201}, "communaute_rurale": {"nom": "DJEMBERING", "code": 2220101}, "quartier_village": "BOUCOTTE OUOLOF", "milieu": "RURAL", "thematique": null, "type_qvh": null}}, {"type": "Feature", "geometry": {"type": "Point", "coordinates": [-16.773878, 12.419223]}, "properties": {"id": "hotelerie-689", "type": "hotelerie", "type_label": "Hôtellerie", "nom": "RESIDENCE Z", "region": {"nom": "ZIGUINCHOR", "code": 2}, "departement": {"nom": "OUSSOUYE", "code": 22}, "commune": {"nom": "KABROUSSE", "code": 22201}, "communaute_rurale": {"nom": "DJEMBERING", "code": 2220101}, "quartier_village": "BOUCOTTE OUOLOF", "milieu": "RURAL", "thematique": null, "type_qvh": null}}, {"type": "Feature", "geometry": {"type": "Point", "coordinates": [-16.769967, 12.408064]}, "properties": {"id": "hotelerie-690", "type": "hotelerie", "type_label": "Hôtellerie", "nom": "RESIDENCE", "region": {"nom": "ZIGUINCHOR", "code": 2}, "departement": {"nom": "OUSSOUYE", "code": 22}, "commune": {"nom": "KABROUSSE", "code": 22201}, "communaute_rurale": {"nom": "DJEMBERING", "code": 2220101}, "quartier_village": "BOUCOTTE OUOLOF", "milieu": "RURAL", "thematique": null, "type_qvh": null}}, {"type": "Feature", "geometry": {"type": "Point", "coordinates": [-16.771206, 12.407561]}, "properties": {"id": "hotelerie-691", "type": "hotelerie", "type_label": "Hôtellerie", "nom": "LA MEME RESIDENCE EN FACE", "region": {"nom": "ZIGUINCHOR", "code": 2}, "departement": {"nom": "OUSSOUYE", "code": 22}, "commune": {"nom": "KABROUSSE", "code": 22201}, "communaute_rurale": {"nom": "DJEMBERING", "code": 2220101}, "quartier_village": "BOUCOTTE OUOLOF", "milieu": "RURAL", "thematique": null, "type_qvh": null}}, {"type": "Feature", "geometry": {"type": "Point", "coordinates": [-16.775222, 12.418966]}, "properties": {"id": "hotelerie-692", "type": "hotelerie", "type_label": "Hôtellerie", "nom": "RESIDENCE Z", "region": {"nom": "ZIGUINCHOR", "code": 2}, "departement": {"nom": "OUSSOUYE", "code": 22}, "commune": {"nom": "KABROUSSE", "code": 22201}, "communaute_rurale": {"nom": "DJEMBERING", "code": 2220101}, "quartier_village": "BOUCOTTE OUOLOF", "milieu": "RURAL", "thematique": null, "type_qvh": null}}, {"type": "Feature", "geometry": {"type": "Point", "coordinates": [-16.774365, 12.423582]}, "properties": {"id": "hotelerie-693", "type": "hotelerie", "type_label": "Hôtellerie", "nom": "AUBERGE", "region": {"nom": "ZIGUINCHOR", "code": 2}, "departement": {"nom": "OUSSOUYE", "code": 22}, "commune": {"nom": "KABROUSSE", "code": 22201}, "communaute_rurale": {"nom": "DJEMBERING", "code": 2220101}, "quartier_village": "BOUCOTTE OUOLOF", "milieu": "RURAL", "thematique": null, "type_qvh": null}}, {"type": "Feature", "geometry": {"type": "Point", "coordinates": [-16.776685, 12.421398]}, "properties": {"id": "hotelerie-694", "type": "hotelerie", "type_label": "Hôtellerie", "nom": "CABANE DE RESTAURATION", "region": {"nom": "ZIGUINCHOR", "code": 2}, "departement": {"nom": "OUSSOUYE", "code": 22}, "commune": {"nom": "KABROUSSE", "code": 22201}, "communaute_rurale": {"nom": "DJEMBERING", "code": 2220101}, "quartier_village": "BOUCOTTE OUOLOF", "milieu": "RURAL", "thematique": null, "type_qvh": null}}, {"type": "Feature", "geometry": {"type": "Point", "coordinates": [-16.775408, 12.420322]}, "properties": {"id": "hotelerie-695", "type": "hotelerie", "type_label": "Hôtellerie", "nom": "RESIDENCE", "region": {"nom": "ZIGUINCHOR", "code": 2}, "departement": {"nom": "OUSSOUYE", "code": 22}, "commune": {"nom": "KABROUSSE", "code": 22201}, "communaute_rurale": {"nom": "DJEMBERING", "code": 2220101}, "quartier_village": "BOUCOTTE OUOLOF", "milieu": "RURAL", "thematique": null, "type_qvh": null}}, {"type": "Feature", "geometry": {"type": "Point", "coordinates": [-16.770025, 12.408921]}, "properties": {"id": "hotelerie-696", "type": "hotelerie", "type_label": "Hôtellerie", "nom": "RESIDENCE", "region": {"nom": "ZIGUINCHOR", "code": 2}, "departement": {"nom": "OUSSOUYE", "code": 22}, "commune": {"nom": "KABROUSSE", "code": 22201}, "communaute_rurale": {"nom": "DJEMBERING", "code": 2220101}, "quartier_village": "BOUCOTTE OUOLOF", "milieu": "RURAL", "thematique": null, "type_qvh": null}}, {"type": "Feature", "geometry": {"type": "Point", "coordinates": [-16.778553, 12.426226]}, "properties": {"id": "hotelerie-697", "type": "hotelerie", "type_label": "Hôtellerie", "nom": "HOTEL OUDJA", "region": {"nom": "ZIGUINCHOR", "code": 2}, "departement": {"nom": "OUSSOUYE", "code": 22}, "commune": {"nom": "KABROUSSE", "code": 22201}, "communaute_rurale": {"nom": "DJEMBERING", "code": 2220101}, "quartier_village": "BOUCOTTE OUOLOF", "milieu": "RURAL", "thematique": null, "type_qvh": null}}, {"type": "Feature", "geometry": {"type": "Point", "coordinates": [-16.772373, 12.417642]}, "properties": {"id": "hotelerie-698", "type": "hotelerie", "type_label": "Hôtellerie", "nom": "RESIDENCE", "region": {"nom": "ZIGUINCHOR", "code": 2}, "departement": {"nom": "OUSSOUYE", "code": 22}, "commune": {"nom": "KABROUSSE", "code": 22201}, "communaute_rurale": {"nom": "DJEMBERING", "code": 2220101}, "quartier_village": "BOUCOTTE OUOLOF", "milieu": "RURAL", "thematique": null, "type_qvh": null}}, {"type": "Feature", "geometry": {"type": "Point", "coordinates": [-16.77032, 12.408606]}, "properties": {"id": "hotelerie-699", "type": "hotelerie", "type_label": "Hôtellerie", "nom": "RESIDENCE CASACE", "region": {"nom": "ZIGUINCHOR", "code": 2}, "departement": {"nom": "OUSSOUYE", "code": 22}, "commune": {"nom": "KABROUSSE", "code": 22201}, "communaute_rurale": {"nom": "DJEMBERING", "code": 2220101}, "quartier_village": "BOUCOTTE OUOLOF", "milieu": "RURAL", "thematique": null, "type_qvh": null}}, {"type": "Feature", "geometry": {"type": "Point", "coordinates": [-16.774452, 12.419117]}, "properties": {"id": "hotelerie-700", "type": "hotelerie", "type_label": "Hôtellerie", "nom": "RESIDENCE Z", "region": {"nom": "ZIGUINCHOR", "code": 2}, "departement": {"nom": "OUSSOUYE", "code": 22}, "commune": {"nom": "KABROUSSE", "code": 22201}, "communaute_rurale": {"nom": "DJEMBERING", "code": 2220101}, "quartier_village": "BOUCOTTE OUOLOF", "milieu": "RURAL", "thematique": null, "type_qvh": null}}, {"type": "Feature", "geometry": {"type": "Point", "coordinates": [-16.76995, 12.407705]}, "properties": {"id": "hotelerie-701", "type": "hotelerie", "type_label": "Hôtellerie", "nom": "RESIDENCE LA MERIDIANA", "region": {"nom": "ZIGUINCHOR", "code": 2}, "departement": {"nom": "OUSSOUYE", "code": 22}, "commune": {"nom": "KABROUSSE", "code": 22201}, "communaute_rurale": {"nom": "DJEMBERING", "code": 2220101}, "quartier_village": "BOUCOTTE OUOLOF", "milieu": "RURAL", "thematique": null, "type_qvh": null}}, {"type": "Feature", "geometry": {"type": "Point", "coordinates": [-16.768791, 12.408286]}, "properties": {"id": "hotelerie-702", "type": "hotelerie", "type_label": "Hôtellerie", "nom": "RESIDENCE", "region": {"nom": "ZIGUINCHOR", "code": 2}, "departement": {"nom": "OUSSOUYE", "code": 22}, "commune": {"nom": "KABROUSSE", "code": 22201}, "communaute_rurale": {"nom": "DJEMBERING", "code": 2220101}, "quartier_village": "BOUCOTTE OUOLOF", "milieu": "RURAL", "thematique": null, "type_qvh": null}}, {"type": "Feature", "geometry": {"type": "Point", "coordinates": [-16.77486, 12.41837]}, "properties": {"id": "hotelerie-703", "type": "hotelerie", "type_label": "Hôtellerie", "nom": "RESIDENCE", "region": {"nom": "ZIGUINCHOR", "code": 2}, "departement": {"nom": "OUSSOUYE", "code": 22}, "commune": {"nom": "KABROUSSE", "code": 22201}, "communaute_rurale": {"nom": "DJEMBERING", "code": 2220101}, "quartier_village": "BOUCOTTE OUOLOF", "milieu": "RURAL", "thematique": null, "type_qvh": null}}, {"type": "Feature", "geometry": {"type": "Point", "coordinates": [-16.778703, 12.426596]}, "properties": {"id": "hotelerie-704", "type": "hotelerie", "type_label": "Hôtellerie", "nom": "HOTEL OUDJA", "region": {"nom": "ZIGUINCHOR", "code": 2}, "departement": {"nom": "OUSSOUYE", "code": 22}, "commune": {"nom": "KABROUSSE", "code": 22201}, "communaute_rurale": {"nom": "DJEMBERING", "code": 2220101}, "quartier_village": "BOUCOTTE OUOLOF", "milieu": "RURAL", "thematique": null, "type_qvh": null}}, {"type": "Feature", "geometry": {"type": "Point", "coordinates": [-16.769801, 12.408354]}, "properties": {"id": "hotelerie-705", "type": "hotelerie", "type_label": "Hôtellerie", "nom": "RESIDENCE CASACE", "region": {"nom": "ZIGUINCHOR", "code": 2}, "departement": {"nom": "OUSSOUYE", "code": 22}, "commune": {"nom": "KABROUSSE", "code": 22201}, "communaute_rurale": {"nom": "DJEMBERING", "code": 2220101}, "quartier_village": "BOUCOTTE OUOLOF", "milieu": "RURAL", "thematique": null, "type_qvh": null}}, {"type": "Feature", "geometry": {"type": "Point", "coordinates": [-16.773031, 12.413385]}, "properties": {"id": "hotelerie-706", "type": "hotelerie", "type_label": "Hôtellerie", "nom": "RESIDENCE", "region": {"nom": "ZIGUINCHOR", "code": 2}, "departement": {"nom": "OUSSOUYE", "code": 22}, "commune": {"nom": "KABROUSSE", "code": 22201}, "communaute_rurale": {"nom": "DJEMBERING", "code": 2220101}, "quartier_village": "BOUCOTTE OUOLOF", "milieu": "RURAL", "thematique": null, "type_qvh": null}}, {"type": "Feature", "geometry": {"type": "Point", "coordinates": [-16.7766, 12.424098]}, "properties": {"id": "hotelerie-707", "type": "hotelerie", "type_label": "Hôtellerie", "nom": "HETEL MAYA", "region": {"nom": "ZIGUINCHOR", "code": 2}, "departement": {"nom": "OUSSOUYE", "code": 22}, "commune": {"nom": "KABROUSSE", "code": 22201}, "communaute_rurale": {"nom": "DJEMBERING", "code": 2220101}, "quartier_village": "BOUCOTTE OUOLOF", "milieu": "RURAL", "thematique": null, "type_qvh": null}}, {"type": "Feature", "geometry": {"type": "Point", "coordinates": [-16.753458, 12.424542]}, "properties": {"id": "hotelerie-708", "type": "hotelerie", "type_label": "Hôtellerie", "nom": "AUBERGE EN CONSTRUCTION", "region": {"nom": "ZIGUINCHOR", "code": 2}, "departement": {"nom": "OUSSOUYE", "code": 22}, "commune": {"nom": "KABROUSSE", "code": 22201}, "communaute_rurale": {"nom": "DJEMBERING", "code": 2220101}, "quartier_village": "BOUCOTTE OUOLOF", "milieu": "RURAL", "thematique": null, "type_qvh": null}}, {"type": "Feature", "geometry": {"type": "Point", "coordinates": [-16.77029, 12.408319]}, "properties": {"id": "hotelerie-709", "type": "hotelerie", "type_label": "Hôtellerie", "nom": "RESIDENCE CASACE", "region": {"nom": "ZIGUINCHOR", "code": 2}, "departement": {"nom": "OUSSOUYE", "code": 22}, "commune": {"nom": "KABROUSSE", "code": 22201}, "communaute_rurale": {"nom": "DJEMBERING", "code": 2220101}, "quartier_village": "BOUCOTTE OUOLOF", "milieu": "RURAL", "thematique": null, "type_qvh": null}}, {"type": "Feature", "geometry": {"type": "Point", "coordinates": [-16.769829, 12.408641]}, "properties": {"id": "hotelerie-710", "type": "hotelerie", "type_label": "Hôtellerie", "nom": "RESIDENCE CASACE", "region": {"nom": "ZIGUINCHOR", "code": 2}, "departement": {"nom": "OUSSOUYE", "code": 22}, "commune": {"nom": "KABROUSSE", "code": 22201}, "communaute_rurale": {"nom": "DJEMBERING", "code": 2220101}, "quartier_village": "BOUCOTTE OUOLOF", "milieu": "RURAL", "thematique": null, "type_qvh": null}}, {"type": "Feature", "geometry": {"type": "Point", "coordinates": [-16.773823, 12.418528]}, "properties": {"id": "hotelerie-711", "type": "hotelerie", "type_label": "Hôtellerie", "nom": "RESIDENCE LA MEME EN FACE", "region": {"nom": "ZIGUINCHOR", "code": 2}, "departement": {"nom": "OUSSOUYE", "code": 22}, "commune": {"nom": "KABROUSSE", "code": 22201}, "communaute_rurale": {"nom": "DJEMBERING", "code": 2220101}, "quartier_village": "BOUCOTTE OUOLOF", "milieu": "RURAL", "thematique": null, "type_qvh": null}}, {"type": "Feature", "geometry": {"type": "Point", "coordinates": [-16.773623, 12.420478]}, "properties": {"id": "hotelerie-712", "type": "hotelerie", "type_label": "Hôtellerie", "nom": "RESIDENCE", "region": {"nom": "ZIGUINCHOR", "code": 2}, "departement": {"nom": "OUSSOUYE", "code": 22}, "commune": {"nom": "KABROUSSE", "code": 22201}, "communaute_rurale": {"nom": "DJEMBERING", "code": 2220101}, "quartier_village": "BOUCOTTE OUOLOF", "milieu": "RURAL", "thematique": null, "type_qvh": null}}, {"type": "Feature", "geometry": {"type": "Point", "coordinates": [-16.771246, 12.408539]}, "properties": {"id": "hotelerie-713", "type": "hotelerie", "type_label": "Hôtellerie", "nom": "LA MEME RESIDENCE EN FACE", "region": {"nom": "ZIGUINCHOR", "code": 2}, "departement": {"nom": "OUSSOUYE", "code": 22}, "commune": {"nom": "KABROUSSE", "code": 22201}, "communaute_rurale": {"nom": "DJEMBERING", "code": 2220101}, "quartier_village": "BOUCOTTE OUOLOF", "milieu": "RURAL", "thematique": null, "type_qvh": null}}, {"type": "Feature", "geometry": {"type": "Point", "coordinates": [-16.769983, 12.405183]}, "properties": {"id": "hotelerie-714", "type": "hotelerie", "type_label": "Hôtellerie", "nom": "RESIDENCE", "region": {"nom": "ZIGUINCHOR", "code": 2}, "departement": {"nom": "OUSSOUYE", "code": 22}, "commune": {"nom": "KABROUSSE", "code": 22201}, "communaute_rurale": {"nom": "DJEMBERING", "code": 2220101}, "quartier_village": "BOUCOTTE OUOLOF", "milieu": "RURAL", "thematique": null, "type_qvh": null}}, {"type": "Feature", "geometry": {"type": "Point", "coordinates": [-16.771223, 12.408253]}, "properties": {"id": "hotelerie-715", "type": "hotelerie", "type_label": "Hôtellerie", "nom": "LA MEME RESIDENCE EN FACE", "region": {"nom": "ZIGUINCHOR", "code": 2}, "departement": {"nom": "OUSSOUYE", "code": 22}, "commune": {"nom": "KABROUSSE", "code": 22201}, "communaute_rurale": {"nom": "DJEMBERING", "code": 2220101}, "quartier_village": "BOUCOTTE OUOLOF", "milieu": "RURAL", "thematique": null, "type_qvh": null}}, {"type": "Feature", "geometry": {"type": "Point", "coordinates": [-16.778381, 12.425741]}, "properties": {"id": "hotelerie-716", "type": "hotelerie", "type_label": "Hôtellerie", "nom": "HOTEL OUDJA", "region": {"nom": "ZIGUINCHOR", "code": 2}, "departement": {"nom": "OUSSOUYE", "code": 22}, "commune": {"nom": "KABROUSSE", "code": 22201}, "communaute_rurale": {"nom": "DJEMBERING", "code": 2220101}, "quartier_village": "BOUCOTTE OUOLOF", "milieu": "RURAL", "thematique": null, "type_qvh": null}}, {"type": "Feature", "geometry": {"type": "Point", "coordinates": [-16.769873, 12.40622]}, "properties": {"id": "hotelerie-717", "type": "hotelerie", "type_label": "Hôtellerie", "nom": "RESIDENCE", "region": {"nom": "ZIGUINCHOR", "code": 2}, "departement": {"nom": "OUSSOUYE", "code": 22}, "commune": {"nom": "KABROUSSE", "code": 22201}, "communaute_rurale": {"nom": "DJEMBERING", "code": 2220101}, "quartier_village": "BOUCOTTE OUOLOF", "milieu": "RURAL", "thematique": null, "type_qvh": null}}, {"type": "Feature", "geometry": {"type": "Point", "coordinates": [-16.771307, 12.414938]}, "properties": {"id": "hotelerie-718", "type": "hotelerie", "type_label": "Hôtellerie", "nom": "RESIDENCE", "region": {"nom": "ZIGUINCHOR", "code": 2}, "departement": {"nom": "OUSSOUYE", "code": 22}, "commune": {"nom": "KABROUSSE", "code": 22201}, "communaute_rurale": {"nom": "DJEMBERING", "code": 2220101}, "quartier_village": "BOUCOTTE OUOLOF", "milieu": "RURAL", "thematique": null, "type_qvh": null}}, {"type": "Feature", "geometry": {"type": "Point", "coordinates": [-16.753659, 12.414849]}, "properties": {"id": "hotelerie-719", "type": "hotelerie", "type_label": "Hôtellerie", "nom": "CAMPEMENT", "region": {"nom": "ZIGUINCHOR", "code": 2}, "departement": {"nom": "OUSSOUYE", "code": 22}, "commune": {"nom": "KABROUSSE", "code": 22201}, "communaute_rurale": {"nom": "DJEMBERING", "code": 2220101}, "quartier_village": "BOUCOTTE OUOLOF", "milieu": "RURAL", "thematique": null, "type_qvh": null}}, {"type": "Feature", "geometry": {"type": "Point", "coordinates": [-16.733793, 12.448931]}, "properties": {"id": "hotelerie-720", "type": "hotelerie", "type_label": "Hôtellerie", "nom": "CAMPEMENT EN CONSTRUCTION", "region": {"nom": "ZIGUINCHOR", "code": 2}, "departement": {"nom": "OUSSOUYE", "code": 22}, "commune": {"nom": "KABROUSSE", "code": 22201}, "communaute_rurale": {"nom": "DJEMBERING", "code": 2220101}, "quartier_village": "BOUYOUYE", "milieu": "RURAL", "thematique": null, "type_qvh": null}}, {"type": "Feature", "geometry": {"type": "Point", "coordinates": [-16.784676, 12.471345]}, "properties": {"id": "hotelerie-721", "type": "hotelerie", "type_label": "Hôtellerie", "nom": "CAMPEMENT LA CASA", "region": {"nom": "ZIGUINCHOR", "code": 2}, "departement": {"nom": "OUSSOUYE", "code": 22}, "commune": {"nom": "KABROUSSE", "code": 22201}, "communaute_rurale": {"nom": "DJEMBERING", "code": 2220101}, "quartier_village": "DIEMBERING KAHEGHAN", "milieu": "RURAL", "thematique": null, "type_qvh": null}}, {"type": "Feature", "geometry": {"type": "Point", "coordinates": [-16.783083, 12.467056]}, "properties": {"id": "hotelerie-722", "type": "hotelerie", "type_label": "Hôtellerie", "nom": "CAMPEMENT CHEZ RENE AKIBA", "region": {"nom": "ZIGUINCHOR", "code": 2}, "departement": {"nom": "OUSSOUYE", "code": 22}, "commune": {"nom": "KABROUSSE", "code": 22201}, "communaute_rurale": {"nom": "DJEMBERING", "code": 2220101}, "quartier_village": "DIEMBERING KAHEGHAN", "milieu": "RURAL", "thematique": null, "type_qvh": null}}, {"type": "Feature", "geometry": {"type": "Point", "coordinates": [-16.784453, 12.470611]}, "properties": {"id": "hotelerie-723", "type": "hotelerie", "type_label": "Hôtellerie", "nom": "CAMPEMENT CHEZ BALDE", "region": {"nom": "ZIGUINCHOR", "code": 2}, "departement": {"nom": "OUSSOUYE", "code": 22}, "commune": {"nom": "KABROUSSE", "code": 22201}, "communaute_rurale": {"nom": "DJEMBERING", "code": 2220101}, "quartier_village": "DIEMBERING KAHEGHAN", "milieu": "RURAL", "thematique": null, "type_qvh": null}}, {"type": "Feature", "geometry": {"type": "Point", "coordinates": [-16.786854, 12.467692]}, "properties": {"id": "hotelerie-724", "type": "hotelerie", "type_label": "Hôtellerie", "nom": "CAMPEMENT AKINE DYIONI", "region": {"nom": "ZIGUINCHOR", "code": 2}, "departement": {"nom": "OUSSOUYE", "code": 22}, "commune": {"nom": "KABROUSSE", "code": 22201}, "communaute_rurale": {"nom": "DJEMBERING", "code": 2220101}, "quartier_village": "DIEMBERING KAHEGHAN", "milieu": "RURAL", "thematique": null, "type_qvh": null}}, {"type": "Feature", "geometry": {"type": "Point", "coordinates": [-16.778703, 12.463238]}, "properties": {"id": "hotelerie-725", "type": "hotelerie", "type_label": "Hôtellerie", "nom": "AUBERGE LES RIZIERES", "region": {"nom": "ZIGUINCHOR", "code": 2}, "departement": {"nom": "OUSSOUYE", "code": 22}, "commune": {"nom": "KABROUSSE", "code": 22201}, "communaute_rurale": {"nom": "DJEMBERING", "code": 2220101}, "quartier_village": "DIEMBERING HALOUDIA", "milieu": "RURAL", "thematique": null, "type_qvh": null}}, {"type": "Feature", "geometry": {"type": "Point", "coordinates": [-16.779418, 12.4646]}, "properties": {"id": "hotelerie-726", "type": "hotelerie", "type_label": "Hôtellerie", "nom": "CAMPEMENT ASSEB", "region": {"nom": "ZIGUINCHOR", "code": 2}, "departement": {"nom": "OUSSOUYE", "code": 22}, "commune": {"nom": "KABROUSSE", "code": 22201}, "communaute_rurale": {"nom": "DJEMBERING", "code": 2220101}, "quartier_village": "DIEMBERING HALOUDIA", "milieu": "RURAL", "thematique": null, "type_qvh": null}}, {"type": "Feature", "geometry": {"type": "Point", "coordinates": [-16.77294, 12.446578]}, "properties": {"id": "hotelerie-727", "type": "hotelerie", "type_label": "Hôtellerie", "nom": "AUBERGE LE KASSIRIA CASAMANCE", "region": {"nom": "ZIGUINCHOR", "code": 2}, "departement": {"nom": "OUSSOUYE", "code": 22}, "commune": {"nom": "KABROUSSE", "code": 22201}, "communaute_rurale": {"nom": "DJEMBERING", "code": 2220101}, "quartier_village": "DIEMBERING HALOUDIA", "milieu": "RURAL", "thematique": null, "type_qvh": null}}, {"type": "Feature", "geometry": {"type": "Point", "coordinates": [-16.714283, 12.504271]}, "properties": {"id": "hotelerie-728", "type": "hotelerie", "type_label": "Hôtellerie", "nom": "CAMPEMENT KAYIMBA LODGE", "region": {"nom": "ZIGUINCHOR", "code": 2}, "departement": {"nom": "OUSSOUYE", "code": 22}, "commune": {"nom": "KABROUSSE", "code": 22201}, "communaute_rurale": {"nom": "DJEMBERING", "code": 2220101}, "quartier_village": "CACHOUANE", "milieu": "RURAL", "thematique": null, "type_qvh": null}}, {"type": "Feature", "geometry": {"type": "Point", "coordinates": [-16.711405, 12.505145]}, "properties": {"id": "hotelerie-729", "type": "hotelerie", "type_label": "Hôtellerie", "nom": "CAMPEMENT FLAMBOYANT", "region": {"nom": "ZIGUINCHOR", "code": 2}, "departement": {"nom": "OUSSOUYE", "code": 22}, "commune": {"nom": "KABROUSSE", "code": 22201}, "communaute_rurale": {"nom": "DJEMBERING", "code": 2220101}, "quartier_village": "CACHOUANE", "milieu": "RURAL", "thematique": null, "type_qvh": null}}, {"type": "Feature", "geometry": {"type": "Point", "coordinates": [-16.713721, 12.5055]}, "properties": {"id": "hotelerie-730", "type": "hotelerie", "type_label": "Hôtellerie", "nom": "CAMPEMENT ANKER", "region": {"nom": "ZIGUINCHOR", "code": 2}, "departement": {"nom": "OUSSOUYE", "code": 22}, "commune": {"nom": "KABROUSSE", "code": 22201}, "communaute_rurale": {"nom": "DJEMBERING", "code": 2220101}, "quartier_village": "CACHOUANE", "milieu": "RURAL", "thematique": null, "type_qvh": null}}, {"type": "Feature", "geometry": {"type": "Point", "coordinates": [-16.711576, 12.504629]}, "properties": {"id": "hotelerie-731", "type": "hotelerie", "type_label": "Hôtellerie", "nom": "CAMPEMENT", "region": {"nom": "ZIGUINCHOR", "code": 2}, "departement": {"nom": "OUSSOUYE", "code": 22}, "commune": {"nom": "KABROUSSE", "code": 22201}, "communaute_rurale": {"nom": "DJEMBERING", "code": 2220101}, "quartier_village": "CACHOUANE", "milieu": "RURAL", "thematique": null, "type_qvh": null}}, {"type": "Feature", "geometry": {"type": "Point", "coordinates": [-16.714959, 12.505852]}, "properties": {"id": "hotelerie-732", "type": "hotelerie", "type_label": "Hôtellerie", "nom": "CAMPEMENT GRAIN DE PARADIS", "region": {"nom": "ZIGUINCHOR", "code": 2}, "departement": {"nom": "OUSSOUYE", "code": 22}, "commune": {"nom": "KABROUSSE", "code": 22201}, "communaute_rurale": {"nom": "DJEMBERING", "code": 2220101}, "quartier_village": "CACHOUANE", "milieu": "RURAL", "thematique": null, "type_qvh": null}}, {"type": "Feature", "geometry": {"type": "Point", "coordinates": [-16.711172, 12.505027]}, "properties": {"id": "hotelerie-733", "type": "hotelerie", "type_label": "Hôtellerie", "nom": "CAMPEMENT SOUNKA", "region": {"nom": "ZIGUINCHOR", "code": 2}, "departement": {"nom": "OUSSOUYE", "code": 22}, "commune": {"nom": "KABROUSSE", "code": 22201}, "communaute_rurale": {"nom": "DJEMBERING", "code": 2220101}, "quartier_village": "CACHOUANE", "milieu": "RURAL", "thematique": null, "type_qvh": null}}, {"type": "Feature", "geometry": {"type": "Point", "coordinates": [-16.699531, 12.559636]}, "properties": {"id": "hotelerie-734", "type": "hotelerie", "type_label": "Hôtellerie", "nom": "HOTEL KARABANE", "region": {"nom": "ZIGUINCHOR", "code": 2}, "departement": {"nom": "OUSSOUYE", "code": 22}, "commune": {"nom": "KABROUSSE", "code": 22201}, "communaute_rurale": {"nom": "DJEMBERING", "code": 2220101}, "quartier_village": "KARABANE", "milieu": "RURAL", "thematique": null, "type_qvh": null}}, {"type": "Feature", "geometry": {"type": "Point", "coordinates": [-16.703927, 12.558023]}, "properties": {"id": "hotelerie-735", "type": "hotelerie", "type_label": "Hôtellerie", "nom": "CAMPEMENT BADJICOUNDA", "region": {"nom": "ZIGUINCHOR", "code": 2}, "departement": {"nom": "OUSSOUYE", "code": 22}, "commune": {"nom": "KABROUSSE", "code": 22201}, "communaute_rurale": {"nom": "DJEMBERING", "code": 2220101}, "quartier_village": "KARABANE", "milieu": "RURAL", "thematique": null, "type_qvh": null}}, {"type": "Feature", "geometry": {"type": "Point", "coordinates": [-16.701653, 12.559112]}, "properties": {"id": "hotelerie-736", "type": "hotelerie", "type_label": "Hôtellerie", "nom": "CAMPEMENT", "region": {"nom": "ZIGUINCHOR", "code": 2}, "departement": {"nom": "OUSSOUYE", "code": 22}, "commune": {"nom": "KABROUSSE", "code": 22201}, "communaute_rurale": {"nom": "DJEMBERING", "code": 2220101}, "quartier_village": "KARABANE", "milieu": "RURAL", "thematique": null, "type_qvh": null}}, {"type": "Feature", "geometry": {"type": "Point", "coordinates": [-16.698536, 12.559718]}, "properties": {"id": "hotelerie-737", "type": "hotelerie", "type_label": "Hôtellerie", "nom": "CAMPEMENT LE BARACOUDA", "region": {"nom": "ZIGUINCHOR", "code": 2}, "departement": {"nom": "OUSSOUYE", "code": 22}, "commune": {"nom": "KABROUSSE", "code": 22201}, "communaute_rurale": {"nom": "DJEMBERING", "code": 2220101}, "quartier_village": "KARABANE", "milieu": "RURAL", "thematique": null, "type_qvh": null}}, {"type": "Feature", "geometry": {"type": "Point", "coordinates": [-16.678766, 12.516858]}, "properties": {"id": "hotelerie-738", "type": "hotelerie", "type_label": "Hôtellerie", "nom": "CAMPEMENT EFRANE", "region": {"nom": "ZIGUINCHOR", "code": 2}, "departement": {"nom": "OUSSOUYE", "code": 22}, "commune": {"nom": "KABROUSSE", "code": 22201}, "communaute_rurale": {"nom": "DJEMBERING", "code": 2220101}, "quartier_village": "H1 EFFRAN", "milieu": "RURAL", "thematique": null, "type_qvh": null}}, {"type": "Feature", "geometry": {"type": "Point", "coordinates": [-16.667201, 12.427921]}, "properties": {"id": "hotelerie-739", "type": "hotelerie", "type_label": "Hôtellerie", "nom": "HETEL LE KATAKALOUSSE", "region": {"nom": "ZIGUINCHOR", "code": 2}, "departement": {"nom": "OUSSOUYE", "code": 22}, "commune": {"nom": "KABROUSSE", "code": 22201}, "communaute_rurale": {"nom": "DJEMBERING", "code": 2220101}, "quartier_village": "H2 KATACALOUSSE", "milieu": "RURAL", "thematique": null, "type_qvh": null}}, {"type": "Feature", "geometry": {"type": "Point", "coordinates": [-16.688864, 12.475301]}, "properties": {"id": "hotelerie-740", "type": "hotelerie", "type_label": "Hôtellerie", "nom": "CAMPEMENT", "region": {"nom": "ZIGUINCHOR", "code": 2}, "departement": {"nom": "OUSSOUYE", "code": 22}, "commune": {"nom": "KABROUSSE", "code": 22201}, "communaute_rurale": {"nom": "DJEMBERING", "code": 2220101}, "quartier_village": "WINDAYE(WOUDAYE)", "milieu": "RURAL", "thematique": null, "type_qvh": null}}, {"type": "Feature", "geometry": {"type": "Point", "coordinates": [-16.695846, 12.464577]}, "properties": {"id": "hotelerie-741", "type": "hotelerie", "type_label": "Hôtellerie", "nom": "CAMPEMENT AFAMBIL", "region": {"nom": "ZIGUINCHOR", "code": 2}, "departement": {"nom": "OUSSOUYE", "code": 22}, "commune": {"nom": "KABROUSSE", "code": 22201}, "communaute_rurale": {"nom": "DJEMBERING", "code": 2220101}, "quartier_village": "EHIDJE", "milieu": "RURAL", "thematique": null, "type_qvh": null}}, {"type": "Feature", "geometry": {"type": "Point", "coordinates": [-16.696644, 12.464051]}, "properties": {"id": "hotelerie-742", "type": "hotelerie", "type_label": "Hôtellerie", "nom": "CAMPEMENT", "region": {"nom": "ZIGUINCHOR", "code": 2}, "departement": {"nom": "OUSSOUYE", "code": 22}, "commune": {"nom": "KABROUSSE", "code": 22201}, "communaute_rurale": {"nom": "DJEMBERING", "code": 2220101}, "quartier_village": "EHIDJE", "milieu": "RURAL", "thematique": null, "type_qvh": null}}, {"type": "Feature", "geometry": {"type": "Point", "coordinates": [-16.694405, 12.463022]}, "properties": {"id": "hotelerie-743", "type": "hotelerie", "type_label": "Hôtellerie", "nom": "CAMPEMENT", "region": {"nom": "ZIGUINCHOR", "code": 2}, "departement": {"nom": "OUSSOUYE", "code": 22}, "commune": {"nom": "KABROUSSE", "code": 22201}, "communaute_rurale": {"nom": "DJEMBERING", "code": 2220101}, "quartier_village": "EHIDJE", "milieu": "RURAL", "thematique": null, "type_qvh": null}}, {"type": "Feature", "geometry": {"type": "Point", "coordinates": [-16.694111, 12.461669]}, "properties": {"id": "hotelerie-744", "type": "hotelerie", "type_label": "Hôtellerie", "nom": "CAMPEMENT BOUAGUITOL", "region": {"nom": "ZIGUINCHOR", "code": 2}, "departement": {"nom": "OUSSOUYE", "code": 22}, "commune": {"nom": "KABROUSSE", "code": 22201}, "communaute_rurale": {"nom": "DJEMBERING", "code": 2220101}, "quartier_village": "EHIDJE", "milieu": "RURAL", "thematique": null, "type_qvh": null}}, {"type": "Feature", "geometry": {"type": "Point", "coordinates": [-16.694204, 12.462373]}, "properties": {"id": "hotelerie-745", "type": "hotelerie", "type_label": "Hôtellerie", "nom": "CAMPEMENT BOUAGUITOUL", "region": {"nom": "ZIGUINCHOR", "code": 2}, "departement": {"nom": "OUSSOUYE", "code": 22}, "commune": {"nom": "KABROUSSE", "code": 22201}, "communaute_rurale": {"nom": "DJEMBERING", "code": 2220101}, "quartier_village": "EHIDJE", "milieu": "RURAL", "thematique": null, "type_qvh": null}}, {"type": "Feature", "geometry": {"type": "Point", "coordinates": [-16.665025, 12.506432]}, "properties": {"id": "hotelerie-746", "type": "hotelerie", "type_label": "Hôtellerie", "nom": "CAMPEMENT LE FROMAGER", "region": {"nom": "ZIGUINCHOR", "code": 2}, "departement": {"nom": "OUSSOUYE", "code": 22}, "commune": {"nom": "LOUDIA OUOLOF", "code": 22202}, "communaute_rurale": {"nom": "MLOMP", "code": 2220201}, "quartier_village": "ELINKINE", "milieu": "RURAL", "thematique": null, "type_qvh": null}}, {"type": "Feature", "geometry": {"type": "Point", "coordinates": [-16.660327, 12.508053]}, "properties": {"id": "hotelerie-747", "type": "hotelerie", "type_label": "Hôtellerie", "nom": "CAMPEMENT DES ELES", "region": {"nom": "ZIGUINCHOR", "code": 2}, "departement": {"nom": "OUSSOUYE", "code": 22}, "commune": {"nom": "LOUDIA OUOLOF", "code": 22202}, "communaute_rurale": {"nom": "MLOMP", "code": 2220201}, "quartier_village": "ELINKINE", "milieu": "RURAL", "thematique": null, "type_qvh": null}}, {"type": "Feature", "geometry": {"type": "Point", "coordinates": [-16.66052, 12.508382]}, "properties": {"id": "hotelerie-748", "type": "hotelerie", "type_label": "Hôtellerie", "nom": "CASA STAR", "region": {"nom": "ZIGUINCHOR", "code": 2}, "departement": {"nom": "OUSSOUYE", "code": 22}, "commune": {"nom": "LOUDIA OUOLOF", "code": 22202}, "communaute_rurale": {"nom": "MLOMP", "code": 2220201}, "quartier_village": "ELINKINE", "milieu": "RURAL", "thematique": null, "type_qvh": null}}, {"type": "Feature", "geometry": {"type": "Point", "coordinates": [-16.533361, 12.558752]}, "properties": {"id": "hotelerie-749", "type": "hotelerie", "type_label": "Hôtellerie", "nom": "Hôtel Djiromaite", "region": {"nom": "ZIGUINCHOR", "code": 2}, "departement": {"nom": "OUSSOUYE", "code": 22}, "commune": {"nom": "LOUDIA OUOLOF", "code": 22202}, "communaute_rurale": {"nom": "MLOMP", "code": 2220201}, "quartier_village": "DJIROMAITH", "milieu": "RURAL", "thematique": null, "type_qvh": null}}, {"type": "Feature", "geometry": {"type": "Point", "coordinates": [-16.521455, 12.549269]}, "properties": {"id": "hotelerie-750", "type": "hotelerie", "type_label": "Hôtellerie", "nom": "CAMPEMENT NON FONCTIONNEL", "region": {"nom": "ZIGUINCHOR", "code": 2}, "departement": {"nom": "OUSSOUYE", "code": 22}, "commune": {"nom": "LOUDIA OUOLOF", "code": 22202}, "communaute_rurale": {"nom": "MLOMP", "code": 2220201}, "quartier_village": "H1 KARIDJITE", "milieu": "RURAL", "thematique": null, "type_qvh": null}}, {"type": "Feature", "geometry": {"type": "Point", "coordinates": [-16.637164, 12.457737]}, "properties": {"id": "hotelerie-751", "type": "hotelerie", "type_label": "Hôtellerie", "nom": "CENTRE TOURISTIQUE CULTUREL CASAMANCE", "region": {"nom": "ZIGUINCHOR", "code": 2}, "departement": {"nom": "OUSSOUYE", "code": 22}, "commune": {"nom": "LOUDIA OUOLOF", "code": 22202}, "communaute_rurale": {"nom": "OUKOUT", "code": 2220202}, "quartier_village": "DIAKENE OUOLOF", "milieu": "RURAL", "thematique": null, "type_qvh": null}}, {"type": "Feature", "geometry": {"type": "Point", "coordinates": [-16.512973, 12.457925]}, "properties": {"id": "hotelerie-752", "type": "hotelerie", "type_label": "Hôtellerie", "nom": "Ancien Campement abandonné", "region": {"nom": "ZIGUINCHOR", "code": 2}, "departement": {"nom": "OUSSOUYE", "code": 22}, "commune": {"nom": "LOUDIA OUOLOF", "code": 22202}, "communaute_rurale": {"nom": "OUKOUT", "code": 2220202}, "quartier_village": "NIAMBALANG", "milieu": "RURAL", "thematique": null, "type_qvh": null}}, {"type": "Feature", "geometry": {"type": "Point", "coordinates": [-16.527056, 12.486733]}, "properties": {"id": "hotelerie-753", "type": "hotelerie", "type_label": "Hôtellerie", "nom": "CAMPEMENT AKAGO", "region": {"nom": "ZIGUINCHOR", "code": 2}, "departement": {"nom": "OUSSOUYE", "code": 22}, "commune": {"nom": "LOUDIA OUOLOF", "code": 22202}, "communaute_rurale": {"nom": "OUKOUT", "code": 2220202}, "quartier_village": "EDIOUNGOU", "milieu": "RURAL", "thematique": null, "type_qvh": null}}, {"type": "Feature", "geometry": {"type": "Point", "coordinates": [-16.526227, 12.486362]}, "properties": {"id": "hotelerie-754", "type": "hotelerie", "type_label": "Hôtellerie", "nom": "CAMPEMENT LES BOLONGS", "region": {"nom": "ZIGUINCHOR", "code": 2}, "departement": {"nom": "OUSSOUYE", "code": 22}, "commune": {"nom": "LOUDIA OUOLOF", "code": 22202}, "communaute_rurale": {"nom": "OUKOUT", "code": 2220202}, "quartier_village": "EDIOUNGOU", "milieu": "RURAL", "thematique": null, "type_qvh": null}}, {"type": "Feature", "geometry": {"type": "Point", "coordinates": [-16.4731, 12.495285]}, "properties": {"id": "hotelerie-755", "type": "hotelerie", "type_label": "Hôtellerie", "nom": "CAMPEMENT", "region": {"nom": "ZIGUINCHOR", "code": 2}, "departement": {"nom": "OUSSOUYE", "code": 22}, "commune": {"nom": "LOUDIA OUOLOF", "code": 22202}, "communaute_rurale": {"nom": "OUKOUT", "code": 2220202}, "quartier_village": "ELOUBALINE", "milieu": "RURAL", "thematique": null, "type_qvh": null}}, {"type": "Feature", "geometry": {"type": "Point", "coordinates": [-16.453412, 12.516557]}, "properties": {"id": "hotelerie-756", "type": "hotelerie", "type_label": "Hôtellerie", "nom": "CAMPEMENT", "region": {"nom": "ZIGUINCHOR", "code": 2}, "departement": {"nom": "ZIGUINCHOR", "code": 23}, "commune": {"nom": "NYASSIA", "code": 23202}, "communaute_rurale": {"nom": "ENAMPORE", "code": 2320201}, "quartier_village": "ENAMPORE", "milieu": "RURAL", "thematique": null, "type_qvh": null}}, {"type": "Feature", "geometry": {"type": "Point", "coordinates": [-16.481556, 12.579598]}, "properties": {"id": "hotelerie-757", "type": "hotelerie", "type_label": "Hôtellerie", "nom": "CAMPEMENT", "region": {"nom": "ZIGUINCHOR", "code": 2}, "departement": {"nom": "ZIGUINCHOR", "code": 23}, "commune": {"nom": "NYASSIA", "code": 23202}, "communaute_rurale": {"nom": "ENAMPORE", "code": 2320201}, "quartier_village": "BANDIAL", "milieu": "RURAL", "thematique": null, "type_qvh": null}}, {"type": "Feature", "geometry": {"type": "Point", "coordinates": [-16.356158, 12.537426]}, "properties": {"id": "hotelerie-758", "type": "hotelerie", "type_label": "Hôtellerie", "nom": "CAMPEMENT", "region": {"nom": "ZIGUINCHOR", "code": 2}, "departement": {"nom": "ZIGUINCHOR", "code": 23}, "commune": {"nom": "NYASSIA", "code": 23202}, "communaute_rurale": {"nom": "ENAMPORE", "code": 2320201}, "quartier_village": "BRIN", "milieu": "RURAL", "thematique": null, "type_qvh": null}}, {"type": "Feature", "geometry": {"type": "Point", "coordinates": [-16.462731, 12.532489]}, "properties": {"id": "hotelerie-759", "type": "hotelerie", "type_label": "Hôtellerie", "nom": "CAMPEMENT", "region": {"nom": "ZIGUINCHOR", "code": 2}, "departement": {"nom": "ZIGUINCHOR", "code": 23}, "commune": {"nom": "NYASSIA", "code": 23202}, "communaute_rurale": {"nom": "ENAMPORE", "code": 2320201}, "quartier_village": "SELEKY DIOULOUGHENE", "milieu": "RURAL", "thematique": null, "type_qvh": null}}, {"type": "Feature", "geometry": {"type": "Point", "coordinates": [-16.462972, 12.532209]}, "properties": {"id": "hotelerie-760", "type": "hotelerie", "type_label": "Hôtellerie", "nom": "CAMPEMENT SOLIDAIRE", "region": {"nom": "ZIGUINCHOR", "code": 2}, "departement": {"nom": "ZIGUINCHOR", "code": 23}, "commune": {"nom": "NYASSIA", "code": 23202}, "communaute_rurale": {"nom": "ENAMPORE", "code": 2320201}, "quartier_village": "SELEKY DIOULOULOU", "milieu": "RURAL", "thematique": null, "type_qvh": null}}, {"type": "Feature", "geometry": {"type": "Point", "coordinates": [-16.317431, 12.558025]}, "properties": {"id": "hotelerie-761", "type": "hotelerie", "type_label": "Hôtellerie", "nom": "Auberge restaurant le croco", "region": {"nom": "ZIGUINCHOR", "code": 2}, "departement": {"nom": "ZIGUINCHOR", "code": 23}, "commune": {"nom": "NIAGUIS", "code": 23201}, "communaute_rurale": {"nom": "NIAGUIS", "code": 2320103}, "quartier_village": "DJIBELOR", "milieu": "RURAL", "thematique": null, "type_qvh": null}}, {"type": "Feature", "geometry": {"type": "Point", "coordinates": [-16.23311, 12.564837]}, "properties": {"id": "hotelerie-762", "type": "hotelerie", "type_label": "Hôtellerie", "nom": "CAMPEMENT", "region": {"nom": "ZIGUINCHOR", "code": 2}, "departement": {"nom": "ZIGUINCHOR", "code": 23}, "commune": {"nom": "NIAGUIS", "code": 23201}, "communaute_rurale": {"nom": "NIAGUIS", "code": 2320103}, "quartier_village": "BOUTOUTE", "milieu": "RURAL", "thematique": null, "type_qvh": null}}, {"type": "Feature", "geometry": {"type": "Point", "coordinates": [-16.349478, 12.505127]}, "properties": {"id": "hotelerie-763", "type": "hotelerie", "type_label": "Hôtellerie", "nom": "CAMPEMENT", "region": {"nom": "ZIGUINCHOR", "code": 2}, "departement": {"nom": "ZIGUINCHOR", "code": 23}, "commune": {"nom": "NYASSIA", "code": 23202}, "communaute_rurale": {"nom": "NYASSIA", "code": 2320202}, "quartier_village": "DAR SALAM", "milieu": "RURAL", "thematique": null, "type_qvh": null}}, {"type": "Feature", "geometry": {"type": "Point", "coordinates": [-16.28025, 12.580541]}, "properties": {"id": "hotelerie-764", "type": "hotelerie", "type_label": "Hôtellerie", "nom": "AUBERGE", "region": {"nom": "ZIGUINCHOR", "code": 2}, "departement": {"nom": "ZIGUINCHOR", "code": 23}, "commune": {"nom": "ZIGUINCHOR", "code": 23101}, "communaute_rurale": {"nom": "ZIGUINCHOR", "code": 2310100}, "quartier_village": "COBITENE", "milieu": "URBAIN", "thematique": null, "type_qvh": null}}, {"type": "Feature", "geometry": {"type": "Point", "coordinates": [-16.286865, 12.576253]}, "properties": {"id": "hotelerie-765", "type": "hotelerie", "type_label": "Hôtellerie", "nom": "AUBERGE", "region": {"nom": "ZIGUINCHOR", "code": 2}, "departement": {"nom": "ZIGUINCHOR", "code": 23}, "commune": {"nom": "ZIGUINCHOR", "code": 23101}, "communaute_rurale": {"nom": "ZIGUINCHOR", "code": 2310100}, "quartier_village": "SOUCOUPAPAYE", "milieu": "URBAIN", "thematique": null, "type_qvh": null}}, {"type": "Feature", "geometry": {"type": "Point", "coordinates": [-16.291666, 12.559842]}, "properties": {"id": "hotelerie-766", "type": "hotelerie", "type_label": "Hôtellerie", "nom": "RESIDENCE", "region": {"nom": "ZIGUINCHOR", "code": 2}, "departement": {"nom": "ZIGUINCHOR", "code": 23}, "commune": {"nom": "ZIGUINCHOR", "code": 23101}, "communaute_rurale": {"nom": "ZIGUINCHOR", "code": 2310100}, "quartier_village": "LYNDIANE I", "milieu": "URBAIN", "thematique": null, "type_qvh": null}}, {"type": "Feature", "geometry": {"type": "Point", "coordinates": [-16.284335, 12.560994]}, "properties": {"id": "hotelerie-767", "type": "hotelerie", "type_label": "Hôtellerie", "nom": "AUBERGE", "region": {"nom": "ZIGUINCHOR", "code": 2}, "departement": {"nom": "ZIGUINCHOR", "code": 23}, "commune": {"nom": "ZIGUINCHOR", "code": 23101}, "communaute_rurale": {"nom": "ZIGUINCHOR", "code": 2310100}, "quartier_village": "KANSAOUDY", "milieu": "URBAIN", "thematique": null, "type_qvh": null}}, {"type": "Feature", "geometry": {"type": "Point", "coordinates": [-16.283893, 12.559226]}, "properties": {"id": "hotelerie-768", "type": "hotelerie", "type_label": "Hôtellerie", "nom": "AUBERGE", "region": {"nom": "ZIGUINCHOR", "code": 2}, "departement": {"nom": "ZIGUINCHOR", "code": 23}, "commune": {"nom": "ZIGUINCHOR", "code": 23101}, "communaute_rurale": {"nom": "ZIGUINCHOR", "code": 2310100}, "quartier_village": "KANSAOUDY", "milieu": "URBAIN", "thematique": null, "type_qvh": null}}, {"type": "Feature", "geometry": {"type": "Point", "coordinates": [-16.278588, 12.559733]}, "properties": {"id": "hotelerie-769", "type": "hotelerie", "type_label": "Hôtellerie", "nom": "RESIDENCE", "region": {"nom": "ZIGUINCHOR", "code": 2}, "departement": {"nom": "ZIGUINCHOR", "code": 23}, "commune": {"nom": "ZIGUINCHOR", "code": 23101}, "communaute_rurale": {"nom": "ZIGUINCHOR", "code": 2310100}, "quartier_village": "KANSAOUDY", "milieu": "URBAIN", "thematique": null, "type_qvh": null}}, {"type": "Feature", "geometry": {"type": "Point", "coordinates": [-16.278425, 12.560488]}, "properties": {"id": "hotelerie-770", "type": "hotelerie", "type_label": "Hôtellerie", "nom": "AUBERGE", "region": {"nom": "ZIGUINCHOR", "code": 2}, "departement": {"nom": "ZIGUINCHOR", "code": 23}, "commune": {"nom": "ZIGUINCHOR", "code": 23101}, "communaute_rurale": {"nom": "ZIGUINCHOR", "code": 2310100}, "quartier_village": "KANSAOUDY", "milieu": "URBAIN", "thematique": null, "type_qvh": null}}, {"type": "Feature", "geometry": {"type": "Point", "coordinates": [-16.280099, 12.579396]}, "properties": {"id": "hotelerie-771", "type": "hotelerie", "type_label": "Hôtellerie", "nom": "AUBERGE", "region": {"nom": "ZIGUINCHOR", "code": 2}, "departement": {"nom": "ZIGUINCHOR", "code": 23}, "commune": {"nom": "ZIGUINCHOR", "code": 23101}, "communaute_rurale": {"nom": "ZIGUINCHOR", "code": 2310100}, "quartier_village": "BOUCOTTE NORD", "milieu": "URBAIN", "thematique": null, "type_qvh": null}}, {"type": "Feature", "geometry": {"type": "Point", "coordinates": [-16.278927, 12.577779]}, "properties": {"id": "hotelerie-772", "type": "hotelerie", "type_label": "Hôtellerie", "nom": "AUBERGE", "region": {"nom": "ZIGUINCHOR", "code": 2}, "departement": {"nom": "ZIGUINCHOR", "code": 23}, "commune": {"nom": "ZIGUINCHOR", "code": 23101}, "communaute_rurale": {"nom": "ZIGUINCHOR", "code": 2310100}, "quartier_village": "BOUCOTTE NORD", "milieu": "URBAIN", "thematique": null, "type_qvh": null}}, {"type": "Feature", "geometry": {"type": "Point", "coordinates": [-16.275641, 12.579424]}, "properties": {"id": "hotelerie-773", "type": "hotelerie", "type_label": "Hôtellerie", "nom": "AUBERGE", "region": {"nom": "ZIGUINCHOR", "code": 2}, "departement": {"nom": "ZIGUINCHOR", "code": 23}, "commune": {"nom": "ZIGUINCHOR", "code": 23101}, "communaute_rurale": {"nom": "ZIGUINCHOR", "code": 2310100}, "quartier_village": "BOUCOTTE NORD", "milieu": "URBAIN", "thematique": null, "type_qvh": null}}, {"type": "Feature", "geometry": {"type": "Point", "coordinates": [-16.274715, 12.566893]}, "properties": {"id": "hotelerie-774", "type": "hotelerie", "type_label": "Hôtellerie", "nom": "Hôtel", "region": {"nom": "ZIGUINCHOR", "code": 2}, "departement": {"nom": "ZIGUINCHOR", "code": 23}, "commune": {"nom": "ZIGUINCHOR", "code": 23101}, "communaute_rurale": {"nom": "ZIGUINCHOR", "code": 2310100}, "quartier_village": "NEMA I", "milieu": "URBAIN", "thematique": null, "type_qvh": null}}, {"type": "Feature", "geometry": {"type": "Point", "coordinates": [-16.276774, 12.564684]}, "properties": {"id": "hotelerie-775", "type": "hotelerie", "type_label": "Hôtellerie", "nom": "AUBERGE", "region": {"nom": "ZIGUINCHOR", "code": 2}, "departement": {"nom": "ZIGUINCHOR", "code": 23}, "commune": {"nom": "ZIGUINCHOR", "code": 23101}, "communaute_rurale": {"nom": "ZIGUINCHOR", "code": 2310100}, "quartier_village": "NEMA I", "milieu": "URBAIN", "thematique": null, "type_qvh": null}}, {"type": "Feature", "geometry": {"type": "Point", "coordinates": [-16.263621, 12.567763]}, "properties": {"id": "hotelerie-776", "type": "hotelerie", "type_label": "Hôtellerie", "nom": "AUBERGE", "region": {"nom": "ZIGUINCHOR", "code": 2}, "departement": {"nom": "ZIGUINCHOR", "code": 23}, "commune": {"nom": "ZIGUINCHOR", "code": 23101}, "communaute_rurale": {"nom": "ZIGUINCHOR", "code": 2310100}, "quartier_village": "TILENE", "milieu": "URBAIN", "thematique": null, "type_qvh": null}}, {"type": "Feature", "geometry": {"type": "Point", "coordinates": [-16.271708, 12.576813]}, "properties": {"id": "hotelerie-777", "type": "hotelerie", "type_label": "Hôtellerie", "nom": "AUBERGE /CIA DANCING", "region": {"nom": "ZIGUINCHOR", "code": 2}, "departement": {"nom": "ZIGUINCHOR", "code": 23}, "commune": {"nom": "ZIGUINCHOR", "code": 23101}, "communaute_rurale": {"nom": "ZIGUINCHOR", "code": 2310100}, "quartier_village": "BELFORT", "milieu": "URBAIN", "thematique": null, "type_qvh": null}}, {"type": "Feature", "geometry": {"type": "Point", "coordinates": [-16.269544, 12.578949]}, "properties": {"id": "hotelerie-778", "type": "hotelerie", "type_label": "Hôtellerie", "nom": "Auberge Casafrique Santhiaba", "region": {"nom": "ZIGUINCHOR", "code": 2}, "departement": {"nom": "ZIGUINCHOR", "code": 23}, "commune": {"nom": "ZIGUINCHOR", "code": 23101}, "communaute_rurale": {"nom": "ZIGUINCHOR", "code": 2310100}, "quartier_village": "SANTHIABA", "milieu": "URBAIN", "thematique": null, "type_qvh": null}}, {"type": "Feature", "geometry": {"type": "Point", "coordinates": [-16.268906, 12.578859]}, "properties": {"id": "hotelerie-779", "type": "hotelerie", "type_label": "Hôtellerie", "nom": "HOTEL RELAIS SANTHIABA", "region": {"nom": "ZIGUINCHOR", "code": 2}, "departement": {"nom": "ZIGUINCHOR", "code": 23}, "commune": {"nom": "ZIGUINCHOR", "code": 23101}, "communaute_rurale": {"nom": "ZIGUINCHOR", "code": 2310100}, "quartier_village": "SANTHIABA", "milieu": "URBAIN", "thematique": null, "type_qvh": null}}, {"type": "Feature", "geometry": {"type": "Point", "coordinates": [-16.253243, 12.587876]}, "properties": {"id": "hotelerie-780", "type": "hotelerie", "type_label": "Hôtellerie", "nom": "Auberge Sangamar2", "region": {"nom": "ZIGUINCHOR", "code": 2}, "departement": {"nom": "ZIGUINCHOR", "code": 23}, "commune": {"nom": "ZIGUINCHOR", "code": 23101}, "communaute_rurale": {"nom": "ZIGUINCHOR", "code": 2310100}, "quartier_village": "GOUMEL", "milieu": "URBAIN", "thematique": null, "type_qvh": null}}, {"type": "Feature", "geometry": {"type": "Point", "coordinates": [-16.258489, 12.572572]}, "properties": {"id": "hotelerie-781", "type": "hotelerie", "type_label": "Hôtellerie", "nom": "AUBERGE", "region": {"nom": "ZIGUINCHOR", "code": 2}, "departement": {"nom": "ZIGUINCHOR", "code": 23}, "commune": {"nom": "ZIGUINCHOR", "code": 23101}, "communaute_rurale": {"nom": "ZIGUINCHOR", "code": 2310100}, "quartier_village": "PETIT KANDE (KANDE SIBINK)", "milieu": "URBAIN", "thematique": null, "type_qvh": null}}, {"type": "Feature", "geometry": {"type": "Point", "coordinates": [-16.251802, 12.567517]}, "properties": {"id": "hotelerie-782", "type": "hotelerie", "type_label": "Hôtellerie", "nom": "AUBERGE SEMENDO", "region": {"nom": "ZIGUINCHOR", "code": 2}, "departement": {"nom": "ZIGUINCHOR", "code": 23}, "commune": {"nom": "ZIGUINCHOR", "code": 23101}, "communaute_rurale": {"nom": "ZIGUINCHOR", "code": 2310100}, "quartier_village": "GRAND KANDE(KANDE ALASSANE)", "milieu": "URBAIN", "thematique": null, "type_qvh": null}}, {"type": "Feature", "geometry": {"type": "Point", "coordinates": [-16.251219, 12.570834]}, "properties": {"id": "hotelerie-783", "type": "hotelerie", "type_label": "Hôtellerie", "nom": "RESIDENCE ADIAMAT", "region": {"nom": "ZIGUINCHOR", "code": 2}, "departement": {"nom": "ZIGUINCHOR", "code": 23}, "commune": {"nom": "ZIGUINCHOR", "code": 23101}, "communaute_rurale": {"nom": "ZIGUINCHOR", "code": 2310100}, "quartier_village": "GRAND KANDE(KANDE ALASSANE)", "milieu": "URBAIN", "thematique": null, "type_qvh": null}}, {"type": "Feature", "geometry": {"type": "Point", "coordinates": [-16.274067, 12.588298]}, "properties": {"id": "hotelerie-784", "type": "hotelerie", "type_label": "Hôtellerie", "nom": "HOTEL KADIANDOUMAGNE", "region": {"nom": "ZIGUINCHOR", "code": 2}, "departement": {"nom": "ZIGUINCHOR", "code": 23}, "commune": {"nom": "ZIGUINCHOR", "code": 23101}, "communaute_rurale": {"nom": "ZIGUINCHOR", "code": 2310100}, "quartier_village": "BOUDODY ESCALE", "milieu": "URBAIN", "thematique": null, "type_qvh": null}}, {"type": "Feature", "geometry": {"type": "Point", "coordinates": [-16.295098, 12.573936]}, "properties": {"id": "hotelerie-785", "type": "hotelerie", "type_label": "Hôtellerie", "nom": "CAMPEMENT", "region": {"nom": "ZIGUINCHOR", "code": 2}, "departement": {"nom": "ZIGUINCHOR", "code": 23}, "commune": {"nom": "ZIGUINCHOR", "code": 23101}, "communaute_rurale": {"nom": "ZIGUINCHOR", "code": 2310100}, "quartier_village": "COLOBANE FASS", "milieu": "URBAIN", "thematique": null, "type_qvh": null}}, {"type": "Feature", "geometry": {"type": "Point", "coordinates": [-16.257992, 12.585076]}, "properties": {"id": "hotelerie-786", "type": "hotelerie", "type_label": "Hôtellerie", "nom": "CAMPEMENT", "region": {"nom": "ZIGUINCHOR", "code": 2}, "departement": {"nom": "ZIGUINCHOR", "code": 23}, "commune": {"nom": "ZIGUINCHOR", "code": 23101}, "communaute_rurale": {"nom": "ZIGUINCHOR", "code": 2310100}, "quartier_village": "GOUMEL", "milieu": "URBAIN", "thematique": null, "type_qvh": null}}, {"type": "Feature", "geometry": {"type": "Point", "coordinates": [-16.275273, 12.572526]}, "properties": {"id": "hotelerie-787", "type": "hotelerie", "type_label": "Hôtellerie", "nom": "AUBERGE", "region": {"nom": "ZIGUINCHOR", "code": 2}, "departement": {"nom": "ZIGUINCHOR", "code": 23}, "commune": {"nom": "ZIGUINCHOR", "code": 23101}, "communaute_rurale": {"nom": "ZIGUINCHOR", "code": 2310100}, "quartier_village": "KADIOR", "milieu": "URBAIN", "thematique": null, "type_qvh": null}}, {"type": "Feature", "geometry": {"type": "Point", "coordinates": [-16.276213, 12.572867]}, "properties": {"id": "hotelerie-788", "type": "hotelerie", "type_label": "Hôtellerie", "nom": "Hôtel Korry", "region": {"nom": "ZIGUINCHOR", "code": 2}, "departement": {"nom": "ZIGUINCHOR", "code": 23}, "commune": {"nom": "ZIGUINCHOR", "code": 23101}, "communaute_rurale": {"nom": "ZIGUINCHOR", "code": 2310100}, "quartier_village": "BOUCOTTE EST", "milieu": "URBAIN", "thematique": null, "type_qvh": null}}, {"type": "Feature", "geometry": {"type": "Point", "coordinates": [-16.27646, 12.571208]}, "properties": {"id": "hotelerie-789", "type": "hotelerie", "type_label": "Hôtellerie", "nom": "AUBERGE", "region": {"nom": "ZIGUINCHOR", "code": 2}, "departement": {"nom": "ZIGUINCHOR", "code": 23}, "commune": {"nom": "ZIGUINCHOR", "code": 23101}, "communaute_rurale": {"nom": "ZIGUINCHOR", "code": 2310100}, "quartier_village": "KADIOR", "milieu": "URBAIN", "thematique": null, "type_qvh": null}}, {"type": "Feature", "geometry": {"type": "Point", "coordinates": [-16.247978, 12.56899]}, "properties": {"id": "hotelerie-790", "type": "hotelerie", "type_label": "Hôtellerie", "nom": "Hôtel le Diola", "region": {"nom": "ZIGUINCHOR", "code": 2}, "departement": {"nom": "ZIGUINCHOR", "code": 23}, "commune": {"nom": "ZIGUINCHOR", "code": 23101}, "communaute_rurale": {"nom": "ZIGUINCHOR", "code": 2310100}, "quartier_village": "DIEFAYE", "milieu": "URBAIN", "thematique": null, "type_qvh": null}}, {"type": "Feature", "geometry": {"type": "Point", "coordinates": [-16.248498, 12.570854]}, "properties": {"id": "hotelerie-791", "type": "hotelerie", "type_label": "Hôtellerie", "nom": "CAMPING CASAMANCE", "region": {"nom": "ZIGUINCHOR", "code": 2}, "departement": {"nom": "ZIGUINCHOR", "code": 23}, "commune": {"nom": "ZIGUINCHOR", "code": 23101}, "communaute_rurale": {"nom": "ZIGUINCHOR", "code": 2310100}, "quartier_village": "DIEFAYE", "milieu": "URBAIN", "thematique": null, "type_qvh": null}}, {"type": "Feature", "geometry": {"type": "Point", "coordinates": [-16.298572, 12.565785]}, "properties": {"id": "hotelerie-792", "type": "hotelerie", "type_label": "Hôtellerie", "nom": "CAMPEMENT", "region": {"nom": "ZIGUINCHOR", "code": 2}, "departement": {"nom": "ZIGUINCHOR", "code": 23}, "commune": {"nom": "ZIGUINCHOR", "code": 23101}, "communaute_rurale": {"nom": "ZIGUINCHOR", "code": 2310100}, "quartier_village": "COBODA", "milieu": "URBAIN", "thematique": null, "type_qvh": null}}, {"type": "Feature", "geometry": {"type": "Point", "coordinates": [-16.268852, 12.584667]}, "properties": {"id": "hotelerie-793", "type": "hotelerie", "type_label": "Hôtellerie", "nom": "AUBERGE", "region": {"nom": "ZIGUINCHOR", "code": 2}, "departement": {"nom": "ZIGUINCHOR", "code": 23}, "commune": {"nom": "ZIGUINCHOR", "code": 23101}, "communaute_rurale": {"nom": "ZIGUINCHOR", "code": 2310100}, "quartier_village": "BOUDODY ESCALE", "milieu": "URBAIN", "thematique": null, "type_qvh": null}}, {"type": "Feature", "geometry": {"type": "Point", "coordinates": [-16.256322, 12.581768]}, "properties": {"id": "hotelerie-794", "type": "hotelerie", "type_label": "Hôtellerie", "nom": "CAMPEMENT SAMGAMAR", "region": {"nom": "ZIGUINCHOR", "code": 2}, "departement": {"nom": "ZIGUINCHOR", "code": 23}, "commune": {"nom": "ZIGUINCHOR", "code": 23101}, "communaute_rurale": {"nom": "ZIGUINCHOR", "code": 2310100}, "quartier_village": "DIEFAYE", "milieu": "URBAIN", "thematique": null, "type_qvh": null}}, {"type": "Feature", "geometry": {"type": "Point", "coordinates": [-16.273388, 12.588232]}, "properties": {"id": "hotelerie-795", "type": "hotelerie", "type_label": "Hôtellerie", "nom": "HETEL LE PERROQUET", "region": {"nom": "ZIGUINCHOR", "code": 2}, "departement": {"nom": "ZIGUINCHOR", "code": 23}, "commune": {"nom": "ZIGUINCHOR", "code": 23101}, "communaute_rurale": {"nom": "ZIGUINCHOR", "code": 2310100}, "quartier_village": "BOUDODY ESCALE", "milieu": "URBAIN", "thematique": null, "type_qvh": null}}, {"type": "Feature", "geometry": {"type": "Point", "coordinates": [-16.27233, 12.58753]}, "properties": {"id": "hotelerie-796", "type": "hotelerie", "type_label": "Hôtellerie", "nom": "HOTEL AUBERGE", "region": {"nom": "ZIGUINCHOR", "code": 2}, "departement": {"nom": "ZIGUINCHOR", "code": 23}, "commune": {"nom": "ZIGUINCHOR", "code": 23101}, "communaute_rurale": {"nom": "ZIGUINCHOR", "code": 2310100}, "quartier_village": "BOUDODY ESCALE", "milieu": "URBAIN", "thematique": null, "type_qvh": null}}, {"type": "Feature", "geometry": {"type": "Point", "coordinates": [-16.271621, 12.585186]}, "properties": {"id": "hotelerie-797", "type": "hotelerie", "type_label": "Hôtellerie", "nom": "Hôtel", "region": {"nom": "ZIGUINCHOR", "code": 2}, "departement": {"nom": "ZIGUINCHOR", "code": 23}, "commune": {"nom": "ZIGUINCHOR", "code": 23101}, "communaute_rurale": {"nom": "ZIGUINCHOR", "code": 2310100}, "quartier_village": "BOUDODY ESCALE", "milieu": "URBAIN", "thematique": null, "type_qvh": null}}, {"type": "Feature", "geometry": {"type": "Point", "coordinates": [-16.270274, 12.585071]}, "properties": {"id": "hotelerie-798", "type": "hotelerie", "type_label": "Hôtellerie", "nom": "Hôtel FLAMBOYANT", "region": {"nom": "ZIGUINCHOR", "code": 2}, "departement": {"nom": "ZIGUINCHOR", "code": 23}, "commune": {"nom": "ZIGUINCHOR", "code": 23101}, "communaute_rurale": {"nom": "ZIGUINCHOR", "code": 2310100}, "quartier_village": "BOUDODY ESCALE", "milieu": "URBAIN", "thematique": null, "type_qvh": null}}, {"type": "Feature", "geometry": {"type": "Point", "coordinates": [-16.270076, 12.585526]}, "properties": {"id": "hotelerie-799", "type": "hotelerie", "type_label": "Hôtellerie", "nom": "RESIDENCE DU COMMANDANT DE ZONE", "region": {"nom": "ZIGUINCHOR", "code": 2}, "departement": {"nom": "ZIGUINCHOR", "code": 23}, "commune": {"nom": "ZIGUINCHOR", "code": 23101}, "communaute_rurale": {"nom": "ZIGUINCHOR", "code": 2310100}, "quartier_village": "BOUDODY ESCALE", "milieu": "URBAIN", "thematique": null, "type_qvh": null}}, {"type": "Feature", "geometry": {"type": "Point", "coordinates": [-16.270069, 12.585008]}, "properties": {"id": "hotelerie-800", "type": "hotelerie", "type_label": "Hôtellerie", "nom": "RESIDENCE HETEL FLAMBOYANT", "region": {"nom": "ZIGUINCHOR", "code": 2}, "departement": {"nom": "ZIGUINCHOR", "code": 23}, "commune": {"nom": "ZIGUINCHOR", "code": 23101}, "communaute_rurale": {"nom": "ZIGUINCHOR", "code": 2310100}, "quartier_village": "BOUDODY ESCALE", "milieu": "URBAIN", "thematique": null, "type_qvh": null}}, {"type": "Feature", "geometry": {"type": "Point", "coordinates": [-16.270554, 12.585404]}, "properties": {"id": "hotelerie-801", "type": "hotelerie", "type_label": "Hôtellerie", "nom": "AUBERGE FLAMBOYANT", "region": {"nom": "ZIGUINCHOR", "code": 2}, "departement": {"nom": "ZIGUINCHOR", "code": 23}, "commune": {"nom": "ZIGUINCHOR", "code": 23101}, "communaute_rurale": {"nom": "ZIGUINCHOR", "code": 2310100}, "quartier_village": "BOUDODY ESCALE", "milieu": "URBAIN", "thematique": null, "type_qvh": null}}, {"type": "Feature", "geometry": {"type": "Point", "coordinates": [-16.26953, 12.587262]}, "properties": {"id": "hotelerie-802", "type": "hotelerie", "type_label": "Hôtellerie", "nom": "RESIDENCE SIBY", "region": {"nom": "ZIGUINCHOR", "code": 2}, "departement": {"nom": "ZIGUINCHOR", "code": 23}, "commune": {"nom": "ZIGUINCHOR", "code": 23101}, "communaute_rurale": {"nom": "ZIGUINCHOR", "code": 2310100}, "quartier_village": "BOUDODY ESCALE", "milieu": "URBAIN", "thematique": null, "type_qvh": null}}, {"type": "Feature", "geometry": {"type": "Point", "coordinates": [-14.667474, 13.808089]}, "properties": {"id": "hotelerie-803", "type": "hotelerie", "type_label": "Hôtellerie", "nom": "Campement", "region": {"nom": "TAMBACOUNDA", "code": 5}, "departement": {"nom": "KOUMPENTOUM", "code": 54}, "commune": {"nom": "BAMBA THIALENE", "code": 54201}, "communaute_rurale": {"nom": "BAMBA THIALENE", "code": 5420101}, "quartier_village": "ELIHINA (KEUR THIERNO)", "milieu": "RURAL", "thematique": null, "type_qvh": null}}, {"type": "Feature", "geometry": {"type": "Point", "coordinates": [-12.865918, 13.541682]}, "properties": {"id": "hotelerie-804", "type": "hotelerie", "type_label": "Hôtellerie", "nom": "Campement de chasse", "region": {"nom": "TAMBACOUNDA", "code": 5}, "departement": {"nom": "GOUDIRY", "code": 53}, "commune": {"nom": "DIANKE MAKHA", "code": 53203}, "communaute_rurale": {"nom": "KOMOTI", "code": 5320304}, "quartier_village": "DIANA", "milieu": "RURAL", "thematique": null, "type_qvh": null}}, {"type": "Feature", "geometry": {"type": "Point", "coordinates": [-12.865918, 13.541682]}, "properties": {"id": "hotelerie-805", "type": "hotelerie", "type_label": "Hôtellerie", "nom": "Campement de chasse", "region": {"nom": "TAMBACOUNDA", "code": 5}, "departement": {"nom": "GOUDIRY", "code": 53}, "commune": {"nom": "DIANKE MAKHA", "code": 53203}, "communaute_rurale": {"nom": "KOMOTI", "code": 5320304}, "quartier_village": "DIANA", "milieu": "RURAL", "thematique": null, "type_qvh": null}}, {"type": "Feature", "geometry": {"type": "Point", "coordinates": [-13.287188, 13.80177]}, "properties": {"id": "hotelerie-806", "type": "hotelerie", "type_label": "Hôtellerie", "nom": "MAISON HETE", "region": {"nom": "TAMBACOUNDA", "code": 5}, "departement": {"nom": "GOUDIRY", "code": 53}, "commune": {"nom": "BALA", "code": 53201}, "communaute_rurale": {"nom": "KOAR", "code": 5320103}, "quartier_village": "KOAR", "milieu": "RURAL", "thematique": null, "type_qvh": null}}, {"type": "Feature", "geometry": {"type": "Point", "coordinates": [-13.28704, 13.803093]}, "properties": {"id": "hotelerie-807", "type": "hotelerie", "type_label": "Hôtellerie", "nom": "MAISON DES HETES", "region": {"nom": "TAMBACOUNDA", "code": 5}, "departement": {"nom": "GOUDIRY", "code": 53}, "commune": {"nom": "BALA", "code": 53201}, "communaute_rurale": {"nom": "KOAR", "code": 5320103}, "quartier_village": "KOAR", "milieu": "RURAL", "thematique": null, "type_qvh": null}}, {"type": "Feature", "geometry": {"type": "Point", "coordinates": [-12.368137, 14.390469]}, "properties": {"id": "hotelerie-808", "type": "hotelerie", "type_label": "Hôtellerie", "nom": "CAMPEMENT", "region": {"nom": "TAMBACOUNDA", "code": 5}, "departement": {"nom": "BAKEL", "code": 51}, "commune": {"nom": "BELE", "code": 51202}, "communaute_rurale": {"nom": "SINTHIOU FISSA", "code": 5120202}, "quartier_village": "SINTHIOU FISSA", "milieu": "RURAL", "thematique": null, "type_qvh": null}}, {"type": "Feature", "geometry": {"type": "Point", "coordinates": [-12.233694, 13.634135]}, "properties": {"id": "hotelerie-809", "type": "hotelerie", "type_label": "Hôtellerie", "nom": "CAMPEMENT", "region": {"nom": "TAMBACOUNDA", "code": 5}, "departement": {"nom": "BAKEL", "code": 51}, "commune": {"nom": "KENIEBA", "code": 51201}, "communaute_rurale": {"nom": "SADATOU", "code": 5120103}, "quartier_village": "SADATOU", "milieu": "RURAL", "thematique": null, "type_qvh": null}}, {"type": "Feature", "geometry": {"type": "Point", "coordinates": [-14.564875, 13.974796]}, "properties": {"id": "hotelerie-810", "type": "hotelerie", "type_label": "Hôtellerie", "nom": "AUBERGE", "region": {"nom": "TAMBACOUNDA", "code": 5}, "departement": {"nom": "KOUMPENTOUM", "code": 54}, "commune": {"nom": "KOUMPENTOUM", "code": 54101}, "communaute_rurale": {"nom": "KOUMPENTOUM", "code": 5410100}, "quartier_village": "ESCALE II (GUINAW RAIL)", "milieu": "URBAIN", "thematique": null, "type_qvh": null}}, {"type": "Feature", "geometry": {"type": "Point", "coordinates": [-13.17152, 13.690458]}, "properties": {"id": "hotelerie-811", "type": "hotelerie", "type_label": "Hôtellerie", "nom": "MOTEL", "region": {"nom": "TAMBACOUNDA", "code": 5}, "departement": {"nom": "GOUDIRY", "code": 53}, "commune": {"nom": "BALA", "code": 53201}, "communaute_rurale": {"nom": "GOUMBAYEL", "code": 5320102}, "quartier_village": "GOUMBAYEL", "milieu": "RURAL", "thematique": null, "type_qvh": null}}, {"type": "Feature", "geometry": {"type": "Point", "coordinates": [-13.172356, 13.691072]}, "properties": {"id": "hotelerie-812", "type": "hotelerie", "type_label": "Hôtellerie", "nom": "Campement touristique", "region": {"nom": "TAMBACOUNDA", "code": 5}, "departement": {"nom": "GOUDIRY", "code": 53}, "commune": {"nom": "BALA", "code": 53201}, "communaute_rurale": {"nom": "GOUMBAYEL", "code": 5320102}, "quartier_village": "GOUMBAYEL", "milieu": "RURAL", "thematique": null, "type_qvh": null}}, {"type": "Feature", "geometry": {"type": "Point", "coordinates": [-12.456763, 14.913863]}, "properties": {"id": "hotelerie-813", "type": "hotelerie", "type_label": "Hôtellerie", "nom": "HOTEL BOUNDOU", "region": {"nom": "TAMBACOUNDA", "code": 5}, "departement": {"nom": "BAKEL", "code": 51}, "commune": {"nom": "BAKEL", "code": 51101}, "communaute_rurale": {"nom": "BAKEL", "code": 5110100}, "quartier_village": "HLM", "milieu": "URBAIN", "thematique": null, "type_qvh": null}}, {"type": "Feature", "geometry": {"type": "Point", "coordinates": [-12.458139, 14.914422]}, "properties": {"id": "hotelerie-814", "type": "hotelerie", "type_label": "Hôtellerie", "nom": "HOTEL LA VALLEE", "region": {"nom": "TAMBACOUNDA", "code": 5}, "departement": {"nom": "BAKEL", "code": 51}, "commune": {"nom": "BAKEL", "code": 51101}, "communaute_rurale": {"nom": "BAKEL", "code": 5110100}, "quartier_village": "HLM", "milieu": "URBAIN", "thematique": null, "type_qvh": null}}, {"type": "Feature", "geometry": {"type": "Point", "coordinates": [-12.457617, 14.907666]}, "properties": {"id": "hotelerie-815", "type": "hotelerie", "type_label": "Hôtellerie", "nom": "HOTEL SANGACITY", "region": {"nom": "TAMBACOUNDA", "code": 5}, "departement": {"nom": "BAKEL", "code": 51}, "commune": {"nom": "BAKEL", "code": 51101}, "communaute_rurale": {"nom": "BAKEL", "code": 5110100}, "quartier_village": "YAGUINE", "milieu": "URBAIN", "thematique": null, "type_qvh": null}}, {"type": "Feature", "geometry": {"type": "Point", "coordinates": [-12.456758, 14.908315]}, "properties": {"id": "hotelerie-816", "type": "hotelerie", "type_label": "Hôtellerie", "nom": "CAMPEMENT", "region": {"nom": "TAMBACOUNDA", "code": 5}, "departement": {"nom": "BAKEL", "code": 51}, "commune": {"nom": "BAKEL", "code": 51101}, "communaute_rurale": {"nom": "BAKEL", "code": 5110100}, "quartier_village": "HLM", "milieu": "URBAIN", "thematique": null, "type_qvh": null}}, {"type": "Feature", "geometry": {"type": "Point", "coordinates": [-12.650994, 13.672274]}, "properties": {"id": "hotelerie-817", "type": "hotelerie", "type_label": "Hôtellerie", "nom": "Campement de chasse (PCP)", "region": {"nom": "TAMBACOUNDA", "code": 5}, "departement": {"nom": "GOUDIRY", "code": 53}, "commune": {"nom": "DIANKE MAKHA", "code": 53203}, "communaute_rurale": {"nom": "DIANKE MAKHA", "code": 5320303}, "quartier_village": "DIANKE MAKHA", "milieu": "RURAL", "thematique": null, "type_qvh": null}}, {"type": "Feature", "geometry": {"type": "Point", "coordinates": [-12.650994, 13.672274]}, "properties": {"id": "hotelerie-818", "type": "hotelerie", "type_label": "Hôtellerie", "nom": "Campement de chasse (PCP)", "region": {"nom": "TAMBACOUNDA", "code": 5}, "departement": {"nom": "GOUDIRY", "code": 53}, "commune": {"nom": "DIANKE MAKHA", "code": 53203}, "communaute_rurale": {"nom": "DIANKE MAKHA", "code": 5320303}, "quartier_village": "DIANKE MAKHA", "milieu": "RURAL", "thematique": null, "type_qvh": null}}, {"type": "Feature", "geometry": {"type": "Point", "coordinates": [-12.455467, 14.381728]}, "properties": {"id": "hotelerie-819", "type": "hotelerie", "type_label": "Hôtellerie", "nom": "CAMP", "region": {"nom": "TAMBACOUNDA", "code": 5}, "departement": {"nom": "BAKEL", "code": 51}, "commune": {"nom": "BELE", "code": 51202}, "communaute_rurale": {"nom": "BELE", "code": 5120201}, "quartier_village": "GOUREL BOULI", "milieu": "RURAL", "thematique": null, "type_qvh": null}}, {"type": "Feature", "geometry": {"type": "Point", "coordinates": [-12.204931, 14.432159]}, "properties": {"id": "hotelerie-820", "type": "hotelerie", "type_label": "Hôtellerie", "nom": "CAMP", "region": {"nom": "TAMBACOUNDA", "code": 5}, "departement": {"nom": "BAKEL", "code": 51}, "commune": {"nom": "BELE", "code": 51202}, "communaute_rurale": {"nom": "BELE", "code": 5120201}, "quartier_village": "NAYES", "milieu": "RURAL", "thematique": null, "type_qvh": null}}, {"type": "Feature", "geometry": {"type": "Point", "coordinates": [-12.20482, 14.422297]}, "properties": {"id": "hotelerie-821", "type": "hotelerie", "type_label": "Hôtellerie", "nom": "CAMP", "region": {"nom": "TAMBACOUNDA", "code": 5}, "departement": {"nom": "BAKEL", "code": 51}, "commune": {"nom": "BELE", "code": 51202}, "communaute_rurale": {"nom": "BELE", "code": 5120201}, "quartier_village": "NAYES", "milieu": "RURAL", "thematique": null, "type_qvh": null}}, {"type": "Feature", "geometry": {"type": "Point", "coordinates": [-12.495826, 13.406316]}, "properties": {"id": "hotelerie-822", "type": "hotelerie", "type_label": "Hôtellerie", "nom": "CAMPEMENT", "region": {"nom": "TAMBACOUNDA", "code": 5}, "departement": {"nom": "GOUDIRY", "code": 53}, "commune": {"nom": "DIANKE MAKHA", "code": 53203}, "communaute_rurale": {"nom": "BOUTOUCOUFARA", "code": 5320302}, "quartier_village": "SINTHIOU SALIF", "milieu": "RURAL", "thematique": null, "type_qvh": null}}, {"type": "Feature", "geometry": {"type": "Point", "coordinates": [-12.440459, 13.382268]}, "properties": {"id": "hotelerie-823", "type": "hotelerie", "type_label": "Hôtellerie", "nom": "Campement de chasse (PCP)", "region": {"nom": "TAMBACOUNDA", "code": 5}, "departement": {"nom": "GOUDIRY", "code": 53}, "commune": {"nom": "DIANKE MAKHA", "code": 53203}, "communaute_rurale": {"nom": "BOUTOUCOUFARA", "code": 5320302}, "quartier_village": "GALO", "milieu": "RURAL", "thematique": null, "type_qvh": null}}, {"type": "Feature", "geometry": {"type": "Point", "coordinates": [-13.213652, 14.023168]}, "properties": {"id": "hotelerie-824", "type": "hotelerie", "type_label": "Hôtellerie", "nom": "HETELLERIE/ CAMPEMENT", "region": {"nom": "TAMBACOUNDA", "code": 5}, "departement": {"nom": "GOUDIRY", "code": 53}, "commune": {"nom": "BALA", "code": 53201}, "communaute_rurale": {"nom": "BALA", "code": 5320101}, "quartier_village": "NDOMBOTO (SINTHIOU DIAGUILI)", "milieu": "RURAL", "thematique": null, "type_qvh": null}}, {"type": "Feature", "geometry": {"type": "Point", "coordinates": [-13.168888, 14.024262]}, "properties": {"id": "hotelerie-825", "type": "hotelerie", "type_label": "Hôtellerie", "nom": "Campement hôtel de Bala", "region": {"nom": "TAMBACOUNDA", "code": 5}, "departement": {"nom": "GOUDIRY", "code": 53}, "commune": {"nom": "BALA", "code": 53201}, "communaute_rurale": {"nom": "BALA", "code": 5320101}, "quartier_village": "BALA", "milieu": "RURAL", "thematique": null, "type_qvh": null}}, {"type": "Feature", "geometry": {"type": "Point", "coordinates": [-13.665201, 13.762893]}, "properties": {"id": "hotelerie-826", "type": "hotelerie", "type_label": "Hôtellerie", "nom": "Hôtel", "region": {"nom": "TAMBACOUNDA", "code": 5}, "departement": {"nom": "TAMBACOUNDA", "code": 52}, "commune": {"nom": "TAMBACOUNDA", "code": 52101}, "communaute_rurale": {"nom": "TAMBACOUNDA", "code": 5210100}, "quartier_village": "ABATTOIRS COMPLEMENT", "milieu": "URBAIN", "thematique": null, "type_qvh": null}}, {"type": "Feature", "geometry": {"type": "Point", "coordinates": [-13.668626, 13.763259]}, "properties": {"id": "hotelerie-827", "type": "hotelerie", "type_label": "Hôtellerie", "nom": "HETEL", "region": {"nom": "TAMBACOUNDA", "code": 5}, "departement": {"nom": "TAMBACOUNDA", "code": 52}, "commune": {"nom": "TAMBACOUNDA", "code": 52101}, "communaute_rurale": {"nom": "TAMBACOUNDA", "code": 5210100}, "quartier_village": "ABATTOIRS COMPLEMENT", "milieu": "URBAIN", "thematique": null, "type_qvh": null}}, {"type": "Feature", "geometry": {"type": "Point", "coordinates": [-13.672125, 13.734736]}, "properties": {"id": "hotelerie-828", "type": "hotelerie", "type_label": "Hôtellerie", "nom": "Campement KALY", "region": {"nom": "TAMBACOUNDA", "code": 5}, "departement": {"nom": "TAMBACOUNDA", "code": 52}, "commune": {"nom": "TAMBACOUNDA", "code": 52101}, "communaute_rurale": {"nom": "TAMBACOUNDA", "code": 5210100}, "quartier_village": "TAMBA SOCE", "milieu": "URBAIN", "thematique": null, "type_qvh": null}}, {"type": "Feature", "geometry": {"type": "Point", "coordinates": [-13.666694, 13.72609]}, "properties": {"id": "hotelerie-829", "type": "hotelerie", "type_label": "Hôtellerie", "nom": "CAMPEMENT", "region": {"nom": "TAMBACOUNDA", "code": 5}, "departement": {"nom": "TAMBACOUNDA", "code": 52}, "commune": {"nom": "TAMBACOUNDA", "code": 52101}, "communaute_rurale": {"nom": "TAMBACOUNDA", "code": 5210100}, "quartier_village": "TAMBA SOCE", "milieu": "URBAIN", "thematique": null, "type_qvh": null}}, {"type": "Feature", "geometry": {"type": "Point", "coordinates": [-13.669006, 13.774948]}, "properties": {"id": "hotelerie-830", "type": "hotelerie", "type_label": "Hôtellerie", "nom": "HETELS DE VILLE DE TAMBACOUNDA", "region": {"nom": "TAMBACOUNDA", "code": 5}, "departement": {"nom": "TAMBACOUNDA", "code": 52}, "commune": {"nom": "TAMBACOUNDA", "code": 52101}, "communaute_rurale": {"nom": "TAMBACOUNDA", "code": 5210100}, "quartier_village": "LIBERTE OUEST", "milieu": "URBAIN", "thematique": null, "type_qvh": null}}, {"type": "Feature", "geometry": {"type": "Point", "coordinates": [-13.669681, 13.766016]}, "properties": {"id": "hotelerie-831", "type": "hotelerie", "type_label": "Hôtellerie", "nom": "Hotel NIJI", "region": {"nom": "TAMBACOUNDA", "code": 5}, "departement": {"nom": "TAMBACOUNDA", "code": 52}, "commune": {"nom": "TAMBACOUNDA", "code": 52101}, "communaute_rurale": {"nom": "TAMBACOUNDA", "code": 5210100}, "quartier_village": "ABATTOIRS", "milieu": "URBAIN", "thematique": null, "type_qvh": null}}, {"type": "Feature", "geometry": {"type": "Point", "coordinates": [-13.668894, 13.765396]}, "properties": {"id": "hotelerie-832", "type": "hotelerie", "type_label": "Hôtellerie", "nom": "HOTEL NIJI 2", "region": {"nom": "TAMBACOUNDA", "code": 5}, "departement": {"nom": "TAMBACOUNDA", "code": 52}, "commune": {"nom": "TAMBACOUNDA", "code": 52101}, "communaute_rurale": {"nom": "TAMBACOUNDA", "code": 5210100}, "quartier_village": "ABATTOIRS", "milieu": "URBAIN", "thematique": null, "type_qvh": null}}, {"type": "Feature", "geometry": {"type": "Point", "coordinates": [-13.667159, 13.773756]}, "properties": {"id": "hotelerie-833", "type": "hotelerie", "type_label": "Hôtellerie", "nom": "Auberge RESTAURATION", "region": {"nom": "TAMBACOUNDA", "code": 5}, "departement": {"nom": "TAMBACOUNDA", "code": 52}, "commune": {"nom": "TAMBACOUNDA", "code": 52101}, "communaute_rurale": {"nom": "TAMBACOUNDA", "code": 5210100}, "quartier_village": "PONT II", "milieu": "URBAIN", "thematique": null, "type_qvh": null}}, {"type": "Feature", "geometry": {"type": "Point", "coordinates": [-13.672633, 13.765821]}, "properties": {"id": "hotelerie-834", "type": "hotelerie", "type_label": "Hôtellerie", "nom": "AUBERGE AFIA", "region": {"nom": "TAMBACOUNDA", "code": 5}, "departement": {"nom": "TAMBACOUNDA", "code": 52}, "commune": {"nom": "TAMBACOUNDA", "code": 52101}, "communaute_rurale": {"nom": "TAMBACOUNDA", "code": 5210100}, "quartier_village": "MEDINA COURA", "milieu": "URBAIN", "thematique": null, "type_qvh": null}}, {"type": "Feature", "geometry": {"type": "Point", "coordinates": [-13.692343, 13.774565]}, "properties": {"id": "hotelerie-835", "type": "hotelerie", "type_label": "Hôtellerie", "nom": "HETELS OASIS", "region": {"nom": "TAMBACOUNDA", "code": 5}, "departement": {"nom": "TAMBACOUNDA", "code": 52}, "commune": {"nom": "TAMBACOUNDA", "code": 52101}, "communaute_rurale": {"nom": "TAMBACOUNDA", "code": 5210100}, "quartier_village": "LIBERTE OUEST", "milieu": "URBAIN", "thematique": null, "type_qvh": null}}, {"type": "Feature", "geometry": {"type": "Point", "coordinates": [-13.689515, 13.775917]}, "properties": {"id": "hotelerie-836", "type": "hotelerie", "type_label": "Hôtellerie", "nom": "HOTEL LE MALHKA", "region": {"nom": "TAMBACOUNDA", "code": 5}, "departement": {"nom": "TAMBACOUNDA", "code": 52}, "commune": {"nom": "TAMBACOUNDA", "code": 52101}, "communaute_rurale": {"nom": "TAMBACOUNDA", "code": 5210100}, "quartier_village": "LIBERTE OUEST", "milieu": "URBAIN", "thematique": null, "type_qvh": null}}, {"type": "Feature", "geometry": {"type": "Point", "coordinates": [-13.69898, 13.774204]}, "properties": {"id": "hotelerie-837", "type": "hotelerie", "type_label": "Hôtellerie", "nom": "Le Relais TAMBA", "region": {"nom": "TAMBACOUNDA", "code": 5}, "departement": {"nom": "TAMBACOUNDA", "code": 52}, "commune": {"nom": "TAMBACOUNDA", "code": 52101}, "communaute_rurale": {"nom": "TAMBACOUNDA", "code": 5210100}, "quartier_village": "LIBERTE OUEST", "milieu": "URBAIN", "thematique": null, "type_qvh": null}}, {"type": "Feature", "geometry": {"type": "Point", "coordinates": [-13.677307, 13.777036]}, "properties": {"id": "hotelerie-838", "type": "hotelerie", "type_label": "Hôtellerie", "nom": "GADEC", "region": {"nom": "TAMBACOUNDA", "code": 5}, "departement": {"nom": "TAMBACOUNDA", "code": 52}, "commune": {"nom": "TAMBACOUNDA", "code": 52101}, "communaute_rurale": {"nom": "TAMBACOUNDA", "code": 5210100}, "quartier_village": "LIBERTE OUEST", "milieu": "URBAIN", "thematique": null, "type_qvh": null}}, {"type": "Feature", "geometry": {"type": "Point", "coordinates": [-13.681458, 13.773427]}, "properties": {"id": "hotelerie-839", "type": "hotelerie", "type_label": "Hôtellerie", "nom": "HOTEL LE BASSARI", "region": {"nom": "TAMBACOUNDA", "code": 5}, "departement": {"nom": "TAMBACOUNDA", "code": 52}, "commune": {"nom": "TAMBACOUNDA", "code": 52101}, "communaute_rurale": {"nom": "TAMBACOUNDA", "code": 5210100}, "quartier_village": "LIBERTE OUEST", "milieu": "URBAIN", "thematique": null, "type_qvh": null}}, {"type": "Feature", "geometry": {"type": "Point", "coordinates": [-13.674124, 13.77707]}, "properties": {"id": "hotelerie-840", "type": "hotelerie", "type_label": "Hôtellerie", "nom": "AUBERGE", "region": {"nom": "TAMBACOUNDA", "code": 5}, "departement": {"nom": "TAMBACOUNDA", "code": 52}, "commune": {"nom": "TAMBACOUNDA", "code": 52101}, "communaute_rurale": {"nom": "TAMBACOUNDA", "code": 5210100}, "quartier_village": "LIBERTE OUEST", "milieu": "URBAIN", "thematique": null, "type_qvh": null}}, {"type": "Feature", "geometry": {"type": "Point", "coordinates": [-13.676338, 13.764853]}, "properties": {"id": "hotelerie-841", "type": "hotelerie", "type_label": "Hôtellerie", "nom": "AUBERGE LA MAISON BLANCHE", "region": {"nom": "TAMBACOUNDA", "code": 5}, "departement": {"nom": "TAMBACOUNDA", "code": 52}, "commune": {"nom": "TAMBACOUNDA", "code": 52101}, "communaute_rurale": {"nom": "TAMBACOUNDA", "code": 5210100}, "quartier_village": "MEDINA COURA", "milieu": "URBAIN", "thematique": null, "type_qvh": null}}, {"type": "Feature", "geometry": {"type": "Point", "coordinates": [-12.626554, 15.08527]}, "properties": {"id": "hotelerie-842", "type": "hotelerie", "type_label": "Hôtellerie", "nom": "RESIDENCE", "region": {"nom": "TAMBACOUNDA", "code": 5}, "departement": {"nom": "BAKEL", "code": 51}, "commune": {"nom": "MOUDERY", "code": 51203}, "communaute_rurale": {"nom": "MOUDERY", "code": 5120303}, "quartier_village": "GALLADE", "milieu": "RURAL", "thematique": null, "type_qvh": null}}, {"type": "Feature", "geometry": {"type": "Point", "coordinates": [-13.384283, 13.399685]}, "properties": {"id": "hotelerie-843", "type": "hotelerie", "type_label": "Hôtellerie", "nom": "MISSIRAH TABADIAN(SOUCOTO).B TABADIAN", "region": {"nom": "TAMBACOUNDA", "code": 5}, "departement": {"nom": "TAMBACOUNDA", "code": 52}, "commune": {"nom": "MISSIRAH", "code": 52203}, "communaute_rurale": {"nom": "MISSIRAH", "code": 5220302}, "quartier_village": "MISSIRAH TABADIAN (B. SOUCOUTO) (B. TABADIANG)", "milieu": "RURAL", "thematique": null, "type_qvh": null}}, {"type": "Feature", "geometry": {"type": "Point", "coordinates": [-13.70812, 13.461499]}, "properties": {"id": "hotelerie-844", "type": "hotelerie", "type_label": "Hôtellerie", "nom": "CAMPEMENT", "region": {"nom": "TAMBACOUNDA", "code": 5}, "departement": {"nom": "TAMBACOUNDA", "code": 52}, "commune": {"nom": "MISSIRAH", "code": 52203}, "communaute_rurale": {"nom": "MISSIRAH", "code": 5220302}, "quartier_village": "GOULOUMBOU", "milieu": "RURAL", "thematique": null, "type_qvh": null}}, {"type": "Feature", "geometry": {"type": "Point", "coordinates": [-13.708997, 13.462115]}, "properties": {"id": "hotelerie-845", "type": "hotelerie", "type_label": "Hôtellerie", "nom": "CAMPEMENT", "region": {"nom": "TAMBACOUNDA", "code": 5}, "departement": {"nom": "TAMBACOUNDA", "code": 52}, "commune": {"nom": "MISSIRAH", "code": 52203}, "communaute_rurale": {"nom": "MISSIRAH", "code": 5220302}, "quartier_village": "GOULOUMBOU", "milieu": "RURAL", "thematique": null, "type_qvh": null}}, {"type": "Feature", "geometry": {"type": "Point", "coordinates": [-12.978391, 13.723583]}, "properties": {"id": "hotelerie-846", "type": "hotelerie", "type_label": "Hôtellerie", "nom": "Campement de chasse de BANTANANI", "region": {"nom": "TAMBACOUNDA", "code": 5}, "departement": {"nom": "GOUDIRY", "code": 53}, "commune": {"nom": "DIANKE MAKHA", "code": 53203}, "communaute_rurale": {"nom": "BANI ISRAEL", "code": 5320301}, "quartier_village": "BANTANANI", "milieu": "RURAL", "thematique": null, "type_qvh": null}}, {"type": "Feature", "geometry": {"type": "Point", "coordinates": [-12.874818, 13.830177]}, "properties": {"id": "hotelerie-847", "type": "hotelerie", "type_label": "Hôtellerie", "nom": "DORTOIR", "region": {"nom": "TAMBACOUNDA", "code": 5}, "departement": {"nom": "GOUDIRY", "code": 53}, "commune": {"nom": "DIANKE MAKHA", "code": 53203}, "communaute_rurale": {"nom": "BANI ISRAEL", "code": 5320301}, "quartier_village": "BANI ISRAEL", "milieu": "RURAL", "thematique": null, "type_qvh": null}}, {"type": "Feature", "geometry": {"type": "Point", "coordinates": [-12.872399, 13.830261]}, "properties": {"id": "hotelerie-848", "type": "hotelerie", "type_label": "Hôtellerie", "nom": "DORTOIR", "region": {"nom": "TAMBACOUNDA", "code": 5}, "departement": {"nom": "GOUDIRY", "code": 53}, "commune": {"nom": "DIANKE MAKHA", "code": 53203}, "communaute_rurale": {"nom": "BANI ISRAEL", "code": 5320301}, "quartier_village": "BANI ISRAEL", "milieu": "RURAL", "thematique": null, "type_qvh": null}}, {"type": "Feature", "geometry": {"type": "Point", "coordinates": [-12.873482, 13.830581]}, "properties": {"id": "hotelerie-849", "type": "hotelerie", "type_label": "Hôtellerie", "nom": "DORTOIR", "region": {"nom": "TAMBACOUNDA", "code": 5}, "departement": {"nom": "GOUDIRY", "code": 53}, "commune": {"nom": "DIANKE MAKHA", "code": 53203}, "communaute_rurale": {"nom": "BANI ISRAEL", "code": 5320301}, "quartier_village": "BANI ISRAEL", "milieu": "RURAL", "thematique": null, "type_qvh": null}}, {"type": "Feature", "geometry": {"type": "Point", "coordinates": [-12.873706, 13.830801]}, "properties": {"id": "hotelerie-850", "type": "hotelerie", "type_label": "Hôtellerie", "nom": "DORTOIR", "region": {"nom": "TAMBACOUNDA", "code": 5}, "departement": {"nom": "GOUDIRY", "code": 53}, "commune": {"nom": "DIANKE MAKHA", "code": 53203}, "communaute_rurale": {"nom": "BANI ISRAEL", "code": 5320301}, "quartier_village": "BANI ISRAEL", "milieu": "RURAL", "thematique": null, "type_qvh": null}}, {"type": "Feature", "geometry": {"type": "Point", "coordinates": [-12.873537, 13.830806]}, "properties": {"id": "hotelerie-851", "type": "hotelerie", "type_label": "Hôtellerie", "nom": "DORTOIR", "region": {"nom": "TAMBACOUNDA", "code": 5}, "departement": {"nom": "GOUDIRY", "code": 53}, "commune": {"nom": "DIANKE MAKHA", "code": 53203}, "communaute_rurale": {"nom": "BANI ISRAEL", "code": 5320301}, "quartier_village": "BANI ISRAEL", "milieu": "RURAL", "thematique": null, "type_qvh": null}}, {"type": "Feature", "geometry": {"type": "Point", "coordinates": [-14.185619, 14.127468]}, "properties": {"id": "hotelerie-852", "type": "hotelerie", "type_label": "Hôtellerie", "nom": "Hotel communautaire", "region": {"nom": "TAMBACOUNDA", "code": 5}, "departement": {"nom": "KOUMPENTOUM", "code": 54}, "commune": {"nom": "KOUTHIABA OUOLOF", "code": 54202}, "communaute_rurale": {"nom": "KOUTHIA GAYDI", "code": 5420201}, "quartier_village": "KOUTHIA GAYDI", "milieu": "RURAL", "thematique": null, "type_qvh": null}}, {"type": "Feature", "geometry": {"type": "Point", "coordinates": [-14.293942, 13.666541]}, "properties": {"id": "hotelerie-853", "type": "hotelerie", "type_label": "Hôtellerie", "nom": "Le Bouky de Maka AUBERGE", "region": {"nom": "TAMBACOUNDA", "code": 5}, "departement": {"nom": "TAMBACOUNDA", "code": 52}, "commune": {"nom": "MAKACOULIBANTANG", "code": 52202}, "communaute_rurale": {"nom": "MAKACOLIBANTANG", "code": 5220201}, "quartier_village": "MAKA ESCALE (MAKACOULIBANTATANG)", "milieu": "RURAL", "thematique": null, "type_qvh": null}}, {"type": "Feature", "geometry": {"type": "Point", "coordinates": [-14.294475, 13.661674]}, "properties": {"id": "hotelerie-854", "type": "hotelerie", "type_label": "Hôtellerie", "nom": "CAMPEMENT", "region": {"nom": "TAMBACOUNDA", "code": 5}, "departement": {"nom": "TAMBACOUNDA", "code": 52}, "commune": {"nom": "MAKACOULIBANTANG", "code": 52202}, "communaute_rurale": {"nom": "MAKACOLIBANTANG", "code": 5220201}, "quartier_village": "MAKA ESCALE (MAKACOULIBANTATANG)", "milieu": "RURAL", "thematique": null, "type_qvh": null}}, {"type": "Feature", "geometry": {"type": "Point", "coordinates": [-13.357376, 13.357001]}, "properties": {"id": "hotelerie-855", "type": "hotelerie", "type_label": "Hôtellerie", "nom": "HETEL SAFARI", "region": {"nom": "TAMBACOUNDA", "code": 5}, "departement": {"nom": "TAMBACOUNDA", "code": 52}, "commune": {"nom": "MISSIRAH", "code": 52203}, "communaute_rurale": {"nom": "DIALACOTO", "code": 5220301}, "quartier_village": "OUASSADOU DEPOT", "milieu": "RURAL", "thematique": null, "type_qvh": null}}, {"type": "Feature", "geometry": {"type": "Point", "coordinates": [-13.281208, 13.317397]}, "properties": {"id": "hotelerie-856", "type": "hotelerie", "type_label": "Hôtellerie", "nom": "Campement", "region": {"nom": "TAMBACOUNDA", "code": 5}, "departement": {"nom": "TAMBACOUNDA", "code": 52}, "commune": {"nom": "MISSIRAH", "code": 52203}, "communaute_rurale": {"nom": "DIALACOTO", "code": 5220301}, "quartier_village": "DIALACOTO", "milieu": "RURAL", "thematique": null, "type_qvh": null}}, {"type": "Feature", "geometry": {"type": "Point", "coordinates": [-13.202608, 13.260507]}, "properties": {"id": "hotelerie-857", "type": "hotelerie", "type_label": "Hôtellerie", "nom": "CAMPEMENT", "region": {"nom": "TAMBACOUNDA", "code": 5}, "departement": {"nom": "TAMBACOUNDA", "code": 52}, "commune": {"nom": "MISSIRAH", "code": 52203}, "communaute_rurale": {"nom": "DIALACOTO", "code": 5220301}, "quartier_village": "DARSALAM FODE", "milieu": "RURAL", "thematique": null, "type_qvh": null}}, {"type": "Feature", "geometry": {"type": "Point", "coordinates": [-13.201965, 13.260538]}, "properties": {"id": "hotelerie-858", "type": "hotelerie", "type_label": "Hôtellerie", "nom": "CAMPEMENT", "region": {"nom": "TAMBACOUNDA", "code": 5}, "departement": {"nom": "TAMBACOUNDA", "code": 52}, "commune": {"nom": "MISSIRAH", "code": 52203}, "communaute_rurale": {"nom": "DIALACOTO", "code": 5220301}, "quartier_village": "DARSALAM FODE", "milieu": "RURAL", "thematique": null, "type_qvh": null}}, {"type": "Feature", "geometry": {"type": "Point", "coordinates": [-13.210231, 13.266105]}, "properties": {"id": "hotelerie-859", "type": "hotelerie", "type_label": "Hôtellerie", "nom": "CAMPEMENT", "region": {"nom": "TAMBACOUNDA", "code": 5}, "departement": {"nom": "TAMBACOUNDA", "code": 52}, "commune": {"nom": "MISSIRAH", "code": 52203}, "communaute_rurale": {"nom": "DIALACOTO", "code": 5220301}, "quartier_village": "H1 BALLACOUNDA", "milieu": "RURAL", "thematique": null, "type_qvh": null}}, {"type": "Feature", "geometry": {"type": "Point", "coordinates": [-13.212907, 13.266945]}, "properties": {"id": "hotelerie-860", "type": "hotelerie", "type_label": "Hôtellerie", "nom": "CAMPEMENT EN RUINE", "region": {"nom": "TAMBACOUNDA", "code": 5}, "departement": {"nom": "TAMBACOUNDA", "code": 52}, "commune": {"nom": "MISSIRAH", "code": 52203}, "communaute_rurale": {"nom": "DIALACOTO", "code": 5220301}, "quartier_village": "H1 BALLACOUNDA", "milieu": "RURAL", "thematique": null, "type_qvh": null}}, {"type": "Feature", "geometry": {"type": "Point", "coordinates": [-13.108459, 13.212421]}, "properties": {"id": "hotelerie-861", "type": "hotelerie", "type_label": "Hôtellerie", "nom": "CAMPEMENT FATOUMATA", "region": {"nom": "TAMBACOUNDA", "code": 5}, "departement": {"nom": "TAMBACOUNDA", "code": 52}, "commune": {"nom": "MISSIRAH", "code": 52203}, "communaute_rurale": {"nom": "DIALACOTO", "code": 5220301}, "quartier_village": "DIENOUDIALA", "milieu": "RURAL", "thematique": null, "type_qvh": null}}, {"type": "Feature", "geometry": {"type": "Point", "coordinates": [-12.212112, 14.452617]}, "properties": {"id": "hotelerie-862", "type": "hotelerie", "type_label": "Hôtellerie", "nom": "HETEL", "region": {"nom": "TAMBACOUNDA", "code": 5}, "departement": {"nom": "BAKEL", "code": 51}, "commune": {"nom": "BELE", "code": 51202}, "communaute_rurale": {"nom": "KIDIRA", "code": 5120203}, "quartier_village": "MEDINE", "milieu": "RURAL", "thematique": null, "type_qvh": null}}, {"type": "Feature", "geometry": {"type": "Point", "coordinates": [-12.21587, 14.453916]}, "properties": {"id": "hotelerie-863", "type": "hotelerie", "type_label": "Hôtellerie", "nom": "AUBERGE", "region": {"nom": "TAMBACOUNDA", "code": 5}, "departement": {"nom": "BAKEL", "code": 51}, "commune": {"nom": "BELE", "code": 51202}, "communaute_rurale": {"nom": "KIDIRA", "code": 5120203}, "quartier_village": "PLATEAU", "milieu": "RURAL", "thematique": null, "type_qvh": null}}, {"type": "Feature", "geometry": {"type": "Point", "coordinates": [-13.672924, 13.721443]}, "properties": {"id": "hotelerie-864", "type": "hotelerie", "type_label": "Hôtellerie", "nom": "HETEL CAMPEMENT", "region": {"nom": "TAMBACOUNDA", "code": 5}, "departement": {"nom": "TAMBACOUNDA", "code": 52}, "commune": {"nom": "MISSIRAH", "code": 52203}, "communaute_rurale": {"nom": "NETTEBOULOU", "code": 5220303}, "quartier_village": "KOUNTOU DIOMBO (DJINKONE KOUNTOU)", "milieu": "RURAL", "thematique": null, "type_qvh": null}}, {"type": "Feature", "geometry": {"type": "Point", "coordinates": [-13.687794, 16.002067]}, "properties": {"id": "hotelerie-865", "type": "hotelerie", "type_label": "Hôtellerie", "nom": "AUBERGE", "region": {"nom": "MATAM", "code": 11}, "departement": {"nom": "MATAM", "code": 111}, "commune": {"nom": "AGNAM CIVOL", "code": 111201}, "communaute_rurale": {"nom": "AGNAM CIVOL", "code": 11120101}, "quartier_village": "AGNAM GOLY", "milieu": "RURAL", "thematique": null, "type_qvh": null}}, {"type": "Feature", "geometry": {"type": "Point", "coordinates": [-13.687794, 16.002067]}, "properties": {"id": "hotelerie-866", "type": "hotelerie", "type_label": "Hôtellerie", "nom": "AUBERGE", "region": {"nom": "MATAM", "code": 11}, "departement": {"nom": "MATAM", "code": 111}, "commune": {"nom": "AGNAM CIVOL", "code": 111201}, "communaute_rurale": {"nom": "AGNAM CIVOL", "code": 11120101}, "quartier_village": "AGNAM GOLY", "milieu": "RURAL", "thematique": null, "type_qvh": null}}, {"type": "Feature", "geometry": {"type": "Point", "coordinates": [-13.515357, 15.916553]}, "properties": {"id": "hotelerie-867", "type": "hotelerie", "type_label": "Hôtellerie", "nom": "DORTOIR", "region": {"nom": "MATAM", "code": 11}, "departement": {"nom": "MATAM", "code": 111}, "commune": {"nom": "AGNAM CIVOL", "code": 111201}, "communaute_rurale": {"nom": "DABIA", "code": 11120103}, "quartier_village": "DABIA ODEDJI", "milieu": "RURAL", "thematique": null, "type_qvh": null}}, {"type": "Feature", "geometry": {"type": "Point", "coordinates": [-13.511298, 16.117436]}, "properties": {"id": "hotelerie-868", "type": "hotelerie", "type_label": "Hôtellerie", "nom": "BILBASI", "region": {"nom": "MATAM", "code": 11}, "departement": {"nom": "MATAM", "code": 111}, "commune": {"nom": "AGNAM CIVOL", "code": 111201}, "communaute_rurale": {"nom": "DABIA", "code": 11120103}, "quartier_village": "DIAL PECHEURS", "milieu": "RURAL", "thematique": null, "type_qvh": null}}, {"type": "Feature", "geometry": {"type": "Point", "coordinates": [-13.246972, 15.643748]}, "properties": {"id": "hotelerie-869", "type": "hotelerie", "type_label": "Hôtellerie", "nom": "Logement PRODAM", "region": {"nom": "MATAM", "code": 11}, "departement": {"nom": "MATAM", "code": 111}, "commune": {"nom": "MATAM", "code": 111101}, "communaute_rurale": {"nom": "MATAM", "code": 11110100}, "quartier_village": "GOUREL SERIGNE", "milieu": "URBAIN", "thematique": null, "type_qvh": null}}, {"type": "Feature", "geometry": {"type": "Point", "coordinates": [-13.254938, 15.65613]}, "properties": {"id": "hotelerie-870", "type": "hotelerie", "type_label": "Hôtellerie", "nom": "LA RESIDENCE DU FLEUVE", "region": {"nom": "MATAM", "code": 11}, "departement": {"nom": "MATAM", "code": 111}, "commune": {"nom": "MATAM", "code": 111101}, "communaute_rurale": {"nom": "MATAM", "code": 11110100}, "quartier_village": "TANTADJI", "milieu": "URBAIN", "thematique": null, "type_qvh": null}}, {"type": "Feature", "geometry": {"type": "Point", "coordinates": [-13.263332, 15.659829]}, "properties": {"id": "hotelerie-871", "type": "hotelerie", "type_label": "Hôtellerie", "nom": "LOGEMENT HOPITAL /14 APPARTEMENTS", "region": {"nom": "MATAM", "code": 11}, "departement": {"nom": "MATAM", "code": 111}, "commune": {"nom": "MATAM", "code": 111101}, "communaute_rurale": {"nom": "MATAM", "code": 11110100}, "quartier_village": "TANTADJI", "milieu": "URBAIN", "thematique": null, "type_qvh": null}}, {"type": "Feature", "geometry": {"type": "Point", "coordinates": [-13.25449, 15.65714]}, "properties": {"id": "hotelerie-872", "type": "hotelerie", "type_label": "Hôtellerie", "nom": "RESIDENCE BILSBASSY", "region": {"nom": "MATAM", "code": 11}, "departement": {"nom": "MATAM", "code": 111}, "commune": {"nom": "MATAM", "code": 111101}, "communaute_rurale": {"nom": "MATAM", "code": 11110100}, "quartier_village": "TANTADJI", "milieu": "URBAIN", "thematique": null, "type_qvh": null}}, {"type": "Feature", "geometry": {"type": "Point", "coordinates": [-13.261991, 15.662298]}, "properties": {"id": "hotelerie-873", "type": "hotelerie", "type_label": "Hôtellerie", "nom": "AUBERGE", "region": {"nom": "MATAM", "code": 11}, "departement": {"nom": "MATAM", "code": 111}, "commune": {"nom": "MATAM", "code": 111101}, "communaute_rurale": {"nom": "MATAM", "code": 11110100}, "quartier_village": "GANDE", "milieu": "URBAIN", "thematique": null, "type_qvh": null}}, {"type": "Feature", "geometry": {"type": "Point", "coordinates": [-13.036595, 15.337395]}, "properties": {"id": "hotelerie-874", "type": "hotelerie", "type_label": "Hôtellerie", "nom": "CAMPEMENT", "region": {"nom": "MATAM", "code": 11}, "departement": {"nom": "KANEL", "code": 112}, "commune": {"nom": "OURO SIDY", "code": 112202}, "communaute_rurale": {"nom": "NDENDORY", "code": 11220201}, "quartier_village": "H4 NASSOUROULAYE", "milieu": "RURAL", "thematique": null, "type_qvh": null}}, {"type": "Feature", "geometry": {"type": "Point", "coordinates": [-13.331981, 15.632695]}, "properties": {"id": "hotelerie-875", "type": "hotelerie", "type_label": "Hôtellerie", "nom": "HOTEL HAAYOO", "region": {"nom": "MATAM", "code": 11}, "departement": {"nom": "MATAM", "code": 111}, "commune": {"nom": "OGO", "code": 111202}, "communaute_rurale": {"nom": "OGO", "code": 11120203}, "quartier_village": "THIAMBE", "milieu": "RURAL", "thematique": null, "type_qvh": null}}, {"type": "Feature", "geometry": {"type": "Point", "coordinates": [-12.964169, 15.282002]}, "properties": {"id": "hotelerie-876", "type": "hotelerie", "type_label": "Hôtellerie", "nom": "Hotel bilbassi", "region": {"nom": "MATAM", "code": 11}, "departement": {"nom": "KANEL", "code": 112}, "commune": {"nom": "ORKADIERE", "code": 112201}, "communaute_rurale": {"nom": "ORKADIERE", "code": 11220102}, "quartier_village": "ORKADIERE", "milieu": "RURAL", "thematique": null, "type_qvh": null}}, {"type": "Feature", "geometry": {"type": "Point", "coordinates": [-13.964541, 15.296344]}, "properties": {"id": "hotelerie-877", "type": "hotelerie", "type_label": "Hôtellerie", "nom": "Auberge", "region": {"nom": "MATAM", "code": 11}, "departement": {"nom": "RANEROU FERLO", "code": 113}, "commune": {"nom": "RANEROU FERLO", "code": 113101}, "communaute_rurale": {"nom": "RANEROU FERLO", "code": 11310100}, "quartier_village": "NELBY", "milieu": "URBAIN", "thematique": null, "type_qvh": null}}, {"type": "Feature", "geometry": {"type": "Point", "coordinates": [-13.126696, 15.372791]}, "properties": {"id": "hotelerie-878", "type": "hotelerie", "type_label": "Hôtellerie", "nom": "AUBERGE DAO", "region": {"nom": "MATAM", "code": 11}, "departement": {"nom": "KANEL", "code": 112}, "commune": {"nom": "OURO SIDY", "code": 112202}, "communaute_rurale": {"nom": "SINTHIOU BAMAMBE BANADJI", "code": 11220204}, "quartier_village": "NGAPOUGOU III", "milieu": "URBAIN", "thematique": null, "type_qvh": null}}, {"type": "Feature", "geometry": {"type": "Point", "coordinates": [-13.727043, 16.039644]}, "properties": {"id": "hotelerie-879", "type": "hotelerie", "type_label": "Hôtellerie", "nom": "HETELS", "region": {"nom": "MATAM", "code": 11}, "departement": {"nom": "MATAM", "code": 111}, "commune": {"nom": "AGNAM CIVOL", "code": 111201}, "communaute_rurale": {"nom": "OREFONDE", "code": 11120102}, "quartier_village": "OREFONDE", "milieu": "RURAL", "thematique": null, "type_qvh": null}}, {"type": "Feature", "geometry": {"type": "Point", "coordinates": [-13.325128, 15.606646]}, "properties": {"id": "hotelerie-880", "type": "hotelerie", "type_label": "Hôtellerie", "nom": "AUBERGE SOGUI", "region": {"nom": "MATAM", "code": 11}, "departement": {"nom": "MATAM", "code": 111}, "commune": {"nom": "OUROSSOGUI", "code": 111102}, "communaute_rurale": {"nom": "OUROSSOGUI", "code": 11110200}, "quartier_village": "MODERNE I", "milieu": "URBAIN", "thematique": null, "type_qvh": null}}, {"type": "Feature", "geometry": {"type": "Point", "coordinates": [-13.320624, 15.609471]}, "properties": {"id": "hotelerie-881", "type": "hotelerie", "type_label": "Hôtellerie", "nom": "Hotel Oasis du FOUTA", "region": {"nom": "MATAM", "code": 11}, "departement": {"nom": "MATAM", "code": 111}, "commune": {"nom": "OUROSSOGUI", "code": 111102}, "communaute_rurale": {"nom": "OUROSSOGUI", "code": 11110200}, "quartier_village": "MODERNE I", "milieu": "URBAIN", "thematique": null, "type_qvh": null}}, {"type": "Feature", "geometry": {"type": "Point", "coordinates": [-13.315754, 15.598457]}, "properties": {"id": "hotelerie-882", "type": "hotelerie", "type_label": "Hôtellerie", "nom": "HETEL", "region": {"nom": "MATAM", "code": 11}, "departement": {"nom": "MATAM", "code": 111}, "commune": {"nom": "OUROSSOGUI", "code": 111102}, "communaute_rurale": {"nom": "OUROSSOGUI", "code": 11110200}, "quartier_village": "MANGO III", "milieu": "URBAIN", "thematique": null, "type_qvh": null}}, {"type": "Feature", "geometry": {"type": "Point", "coordinates": [-13.319706, 15.610099]}, "properties": {"id": "hotelerie-883", "type": "hotelerie", "type_label": "Hôtellerie", "nom": "HETEL SOGUI", "region": {"nom": "MATAM", "code": 11}, "departement": {"nom": "MATAM", "code": 111}, "commune": {"nom": "OUROSSOGUI", "code": 111102}, "communaute_rurale": {"nom": "OUROSSOGUI", "code": 11110200}, "quartier_village": "MODERNE I", "milieu": "URBAIN", "thematique": null, "type_qvh": null}}, {"type": "Feature", "geometry": {"type": "Point", "coordinates": [-13.31912, 15.610093]}, "properties": {"id": "hotelerie-884", "type": "hotelerie", "type_label": "Hôtellerie", "nom": "Hotel Sogui", "region": {"nom": "MATAM", "code": 11}, "departement": {"nom": "MATAM", "code": 111}, "commune": {"nom": "OUROSSOGUI", "code": 111102}, "communaute_rurale": {"nom": "OUROSSOGUI", "code": 11110200}, "quartier_village": "MODERNE I", "milieu": "URBAIN", "thematique": null, "type_qvh": null}}, {"type": "Feature", "geometry": {"type": "Point", "coordinates": [-13.323653, 15.615997]}, "properties": {"id": "hotelerie-885", "type": "hotelerie", "type_label": "Hôtellerie", "nom": "HOTEL BEELEL JEERI", "region": {"nom": "MATAM", "code": 11}, "departement": {"nom": "MATAM", "code": 111}, "commune": {"nom": "OUROSSOGUI", "code": 111102}, "communaute_rurale": {"nom": "OUROSSOGUI", "code": 11110200}, "quartier_village": "MODERNE II", "milieu": "URBAIN", "thematique": null, "type_qvh": null}}, {"type": "Feature", "geometry": {"type": "Point", "coordinates": [-13.321913, 15.615218]}, "properties": {"id": "hotelerie-886", "type": "hotelerie", "type_label": "Hôtellerie", "nom": "HETEL TENDOUGUAL", "region": {"nom": "MATAM", "code": 11}, "departement": {"nom": "MATAM", "code": 111}, "commune": {"nom": "OUROSSOGUI", "code": 111102}, "communaute_rurale": {"nom": "OUROSSOGUI", "code": 11110200}, "quartier_village": "MODERNE II", "milieu": "URBAIN", "thematique": null, "type_qvh": null}}, {"type": "Feature", "geometry": {"type": "Point", "coordinates": [-13.315821, 15.610499]}, "properties": {"id": "hotelerie-887", "type": "hotelerie", "type_label": "Hôtellerie", "nom": "AUBERGE", "region": {"nom": "MATAM", "code": 11}, "departement": {"nom": "MATAM", "code": 111}, "commune": {"nom": "OUROSSOGUI", "code": 111102}, "communaute_rurale": {"nom": "OUROSSOGUI", "code": 11110200}, "quartier_village": "WINDE I", "milieu": "URBAIN", "thematique": null, "type_qvh": null}}, {"type": "Feature", "geometry": {"type": "Point", "coordinates": [-13.313635, 15.594477]}, "properties": {"id": "hotelerie-888", "type": "hotelerie", "type_label": "Hôtellerie", "nom": "HOTEL BEELEL JEERY", "region": {"nom": "MATAM", "code": 11}, "departement": {"nom": "MATAM", "code": 111}, "commune": {"nom": "OUROSSOGUI", "code": 111102}, "communaute_rurale": {"nom": "OUROSSOGUI", "code": 11110200}, "quartier_village": "MANGO III", "milieu": "URBAIN", "thematique": null, "type_qvh": null}}, {"type": "Feature", "geometry": {"type": "Point", "coordinates": [-13.311944, 15.593263]}, "properties": {"id": "hotelerie-889", "type": "hotelerie", "type_label": "Hôtellerie", "nom": "MAISON DES YVELINES", "region": {"nom": "MATAM", "code": 11}, "departement": {"nom": "MATAM", "code": 111}, "commune": {"nom": "OUROSSOGUI", "code": 111102}, "communaute_rurale": {"nom": "OUROSSOGUI", "code": 11110200}, "quartier_village": "MANGO III", "milieu": "URBAIN", "thematique": null, "type_qvh": null}}, {"type": "Feature", "geometry": {"type": "Point", "coordinates": [-13.31343, 15.594662]}, "properties": {"id": "hotelerie-890", "type": "hotelerie", "type_label": "Hôtellerie", "nom": "HOTEL", "region": {"nom": "MATAM", "code": 11}, "departement": {"nom": "MATAM", "code": 111}, "commune": {"nom": "OUROSSOGUI", "code": 111102}, "communaute_rurale": {"nom": "OUROSSOGUI", "code": 11110200}, "quartier_village": "MANGO III", "milieu": "URBAIN", "thematique": null, "type_qvh": null}}, {"type": "Feature", "geometry": {"type": "Point", "coordinates": [-16.634665, 13.693904]}, "properties": {"id": "hotelerie-891", "type": "hotelerie", "type_label": "Hôtellerie", "nom": "Auberge_CP7", "region": {"nom": "FATICK", "code": 9}, "departement": {"nom": "FOUNDIOUGNE", "code": 92}, "commune": {"nom": "TOUBACOUTA", "code": 92203}, "communaute_rurale": {"nom": "TOUBACOUTA", "code": 9220304}, "quartier_village": "BETTENTY", "milieu": "RURAL", "thematique": null, "type_qvh": null}}, {"type": "Feature", "geometry": {"type": "Point", "coordinates": [-16.516062, 13.762568]}, "properties": {"id": "hotelerie-892", "type": "hotelerie", "type_label": "Hôtellerie", "nom": "Campement Bambouc", "region": {"nom": "FATICK", "code": 9}, "departement": {"nom": "FOUNDIOUGNE", "code": 92}, "commune": {"nom": "TOUBACOUTA", "code": 92203}, "communaute_rurale": {"nom": "TOUBACOUTA", "code": 9220304}, "quartier_village": "SIPPO", "milieu": "RURAL", "thematique": null, "type_qvh": null}}, {"type": "Feature", "geometry": {"type": "Point", "coordinates": [-16.509408, 13.751748]}, "properties": {"id": "hotelerie-893", "type": "hotelerie", "type_label": "Hôtellerie", "nom": "COMPLEXE CULTUREL ET TOURISTIQUE OUMAR COULIBALY", "region": {"nom": "FATICK", "code": 9}, "departement": {"nom": "FOUNDIOUGNE", "code": 92}, "commune": {"nom": "TOUBACOUTA", "code": 92203}, "communaute_rurale": {"nom": "TOUBACOUTA", "code": 9220304}, "quartier_village": "SIPPO", "milieu": "RURAL", "thematique": null, "type_qvh": null}}, {"type": "Feature", "geometry": {"type": "Point", "coordinates": [-16.515552, 13.764058]}, "properties": {"id": "hotelerie-894", "type": "hotelerie", "type_label": "Hôtellerie", "nom": "CAMPEMENT KEUR BAMBOUC", "region": {"nom": "FATICK", "code": 9}, "departement": {"nom": "FOUNDIOUGNE", "code": 92}, "commune": {"nom": "TOUBACOUTA", "code": 92203}, "communaute_rurale": {"nom": "TOUBACOUTA", "code": 9220304}, "quartier_village": "SIPPO", "milieu": "RURAL", "thematique": null, "type_qvh": null}}, {"type": "Feature", "geometry": {"type": "Point", "coordinates": [-16.479944, 13.798703]}, "properties": {"id": "hotelerie-895", "type": "hotelerie", "type_label": "Hôtellerie", "nom": "CAMPNATURE NEBEDAY", "region": {"nom": "FATICK", "code": 9}, "departement": {"nom": "FOUNDIOUGNE", "code": 92}, "commune": {"nom": "TOUBACOUTA", "code": 92203}, "communaute_rurale": {"nom": "TOUBACOUTA", "code": 9220304}, "quartier_village": "SOUKOUTA", "milieu": "RURAL", "thematique": null, "type_qvh": null}}, {"type": "Feature", "geometry": {"type": "Point", "coordinates": [-16.477656, 13.793943]}, "properties": {"id": "hotelerie-896", "type": "hotelerie", "type_label": "Hôtellerie", "nom": "Campement touristique", "region": {"nom": "FATICK", "code": 9}, "departement": {"nom": "FOUNDIOUGNE", "code": 92}, "commune": {"nom": "TOUBACOUTA", "code": 92203}, "communaute_rurale": {"nom": "TOUBACOUTA", "code": 9220304}, "quartier_village": "SOUKOUTA", "milieu": "RURAL", "thematique": null, "type_qvh": null}}, {"type": "Feature", "geometry": {"type": "Point", "coordinates": [-16.47644, 13.785214]}, "properties": {"id": "hotelerie-897", "type": "hotelerie", "type_label": "Hôtellerie", "nom": "CAMPEMENT", "region": {"nom": "FATICK", "code": 9}, "departement": {"nom": "FOUNDIOUGNE", "code": 92}, "commune": {"nom": "TOUBACOUTA", "code": 92203}, "communaute_rurale": {"nom": "TOUBACOUTA", "code": 9220304}, "quartier_village": "TOUBACOUTA", "milieu": "RURAL", "thematique": null, "type_qvh": null}}, {"type": "Feature", "geometry": {"type": "Point", "coordinates": [-16.472168, 13.7883]}, "properties": {"id": "hotelerie-898", "type": "hotelerie", "type_label": "Hôtellerie", "nom": "Campement MARIAMA COUNDA", "region": {"nom": "FATICK", "code": 9}, "departement": {"nom": "FOUNDIOUGNE", "code": 92}, "commune": {"nom": "TOUBACOUTA", "code": 92203}, "communaute_rurale": {"nom": "TOUBACOUTA", "code": 9220304}, "quartier_village": "TOUBACOUTA", "milieu": "RURAL", "thematique": null, "type_qvh": null}}, {"type": "Feature", "geometry": {"type": "Point", "coordinates": [-16.476237, 13.787195]}, "properties": {"id": "hotelerie-899", "type": "hotelerie", "type_label": "Hôtellerie", "nom": "CHEZ NABOU", "region": {"nom": "FATICK", "code": 9}, "departement": {"nom": "FOUNDIOUGNE", "code": 92}, "commune": {"nom": "TOUBACOUTA", "code": 92203}, "communaute_rurale": {"nom": "TOUBACOUTA", "code": 9220304}, "quartier_village": "TOUBACOUTA", "milieu": "RURAL", "thematique": null, "type_qvh": null}}, {"type": "Feature", "geometry": {"type": "Point", "coordinates": [-16.468998, 13.787789]}, "properties": {"id": "hotelerie-900", "type": "hotelerie", "type_label": "Hôtellerie", "nom": "LA PRALINE", "region": {"nom": "FATICK", "code": 9}, "departement": {"nom": "FOUNDIOUGNE", "code": 92}, "commune": {"nom": "TOUBACOUTA", "code": 92203}, "communaute_rurale": {"nom": "TOUBACOUTA", "code": 9220304}, "quartier_village": "TOUBACOUTA", "milieu": "RURAL", "thematique": null, "type_qvh": null}}, {"type": "Feature", "geometry": {"type": "Point", "coordinates": [-16.475497, 13.788625]}, "properties": {"id": "hotelerie-901", "type": "hotelerie", "type_label": "Hôtellerie", "nom": "RELE DU SALOUM", "region": {"nom": "FATICK", "code": 9}, "departement": {"nom": "FOUNDIOUGNE", "code": 92}, "commune": {"nom": "TOUBACOUTA", "code": 92203}, "communaute_rurale": {"nom": "TOUBACOUTA", "code": 9220304}, "quartier_village": "TOUBACOUTA", "milieu": "RURAL", "thematique": null, "type_qvh": null}}, {"type": "Feature", "geometry": {"type": "Point", "coordinates": [-16.478823, 13.780701]}, "properties": {"id": "hotelerie-902", "type": "hotelerie", "type_label": "Hôtellerie", "nom": "Campement (CP7)", "region": {"nom": "FATICK", "code": 9}, "departement": {"nom": "FOUNDIOUGNE", "code": 92}, "commune": {"nom": "TOUBACOUTA", "code": 92203}, "communaute_rurale": {"nom": "TOUBACOUTA", "code": 9220304}, "quartier_village": "TOUBACOUTA", "milieu": "RURAL", "thematique": null, "type_qvh": null}}, {"type": "Feature", "geometry": {"type": "Point", "coordinates": [-16.471724, 13.786393]}, "properties": {"id": "hotelerie-903", "type": "hotelerie", "type_label": "Hôtellerie", "nom": "HOTEL", "region": {"nom": "FATICK", "code": 9}, "departement": {"nom": "FOUNDIOUGNE", "code": 92}, "commune": {"nom": "TOUBACOUTA", "code": 92203}, "communaute_rurale": {"nom": "TOUBACOUTA", "code": 9220304}, "quartier_village": "TOUBACOUTA", "milieu": "RURAL", "thematique": null, "type_qvh": null}}, {"type": "Feature", "geometry": {"type": "Point", "coordinates": [-16.477396, 13.784699]}, "properties": {"id": "hotelerie-904", "type": "hotelerie", "type_label": "Hôtellerie", "nom": "HOTEL", "region": {"nom": "FATICK", "code": 9}, "departement": {"nom": "FOUNDIOUGNE", "code": 92}, "commune": {"nom": "TOUBACOUTA", "code": 92203}, "communaute_rurale": {"nom": "TOUBACOUTA", "code": 9220304}, "quartier_village": "TOUBACOUTA", "milieu": "RURAL", "thematique": null, "type_qvh": null}}, {"type": "Feature", "geometry": {"type": "Point", "coordinates": [-16.476974, 13.789514]}, "properties": {"id": "hotelerie-905", "type": "hotelerie", "type_label": "Hôtellerie", "nom": "Campement Afric STRIKE", "region": {"nom": "FATICK", "code": 9}, "departement": {"nom": "FOUNDIOUGNE", "code": 92}, "commune": {"nom": "TOUBACOUTA", "code": 92203}, "communaute_rurale": {"nom": "TOUBACOUTA", "code": 9220304}, "quartier_village": "TOUBACOUTA", "milieu": "RURAL", "thematique": null, "type_qvh": null}}, {"type": "Feature", "geometry": {"type": "Point", "coordinates": [-16.472751, 13.788134]}, "properties": {"id": "hotelerie-906", "type": "hotelerie", "type_label": "Hôtellerie", "nom": "AUBERGE", "region": {"nom": "FATICK", "code": 9}, "departement": {"nom": "FOUNDIOUGNE", "code": 92}, "commune": {"nom": "TOUBACOUTA", "code": 92203}, "communaute_rurale": {"nom": "TOUBACOUTA", "code": 9220304}, "quartier_village": "TOUBACOUTA", "milieu": "RURAL", "thematique": null, "type_qvh": null}}, {"type": "Feature", "geometry": {"type": "Point", "coordinates": [-16.471607, 13.788423]}, "properties": {"id": "hotelerie-907", "type": "hotelerie", "type_label": "Hôtellerie", "nom": "LAKORA", "region": {"nom": "FATICK", "code": 9}, "departement": {"nom": "FOUNDIOUGNE", "code": 92}, "commune": {"nom": "TOUBACOUTA", "code": 92203}, "communaute_rurale": {"nom": "TOUBACOUTA", "code": 9220304}, "quartier_village": "TOUBACOUTA", "milieu": "RURAL", "thematique": null, "type_qvh": null}}, {"type": "Feature", "geometry": {"type": "Point", "coordinates": [-16.473497, 13.785938]}, "properties": {"id": "hotelerie-908", "type": "hotelerie", "type_label": "Hôtellerie", "nom": "Campement", "region": {"nom": "FATICK", "code": 9}, "departement": {"nom": "FOUNDIOUGNE", "code": 92}, "commune": {"nom": "TOUBACOUTA", "code": 92203}, "communaute_rurale": {"nom": "TOUBACOUTA", "code": 9220304}, "quartier_village": "TOUBACOUTA", "milieu": "RURAL", "thematique": null, "type_qvh": null}}, {"type": "Feature", "geometry": {"type": "Point", "coordinates": [-16.477219, 13.783736]}, "properties": {"id": "hotelerie-909", "type": "hotelerie", "type_label": "Hôtellerie", "nom": "CAMPEMENT", "region": {"nom": "FATICK", "code": 9}, "departement": {"nom": "FOUNDIOUGNE", "code": 92}, "commune": {"nom": "TOUBACOUTA", "code": 92203}, "communaute_rurale": {"nom": "TOUBACOUTA", "code": 9220304}, "quartier_village": "TOUBACOUTA", "milieu": "RURAL", "thematique": null, "type_qvh": null}}, {"type": "Feature", "geometry": {"type": "Point", "coordinates": [-16.473866, 13.78783]}, "properties": {"id": "hotelerie-910", "type": "hotelerie", "type_label": "Hôtellerie", "nom": "KEUR YOUSSOU", "region": {"nom": "FATICK", "code": 9}, "departement": {"nom": "FOUNDIOUGNE", "code": 92}, "commune": {"nom": "TOUBACOUTA", "code": 92203}, "communaute_rurale": {"nom": "TOUBACOUTA", "code": 9220304}, "quartier_village": "TOUBACOUTA", "milieu": "RURAL", "thematique": null, "type_qvh": null}}, {"type": "Feature", "geometry": {"type": "Point", "coordinates": [-16.478561, 13.781428]}, "properties": {"id": "hotelerie-911", "type": "hotelerie", "type_label": "Hôtellerie", "nom": "Campement (CP7)", "region": {"nom": "FATICK", "code": 9}, "departement": {"nom": "FOUNDIOUGNE", "code": 92}, "commune": {"nom": "TOUBACOUTA", "code": 92203}, "communaute_rurale": {"nom": "TOUBACOUTA", "code": 9220304}, "quartier_village": "TOUBACOUTA", "milieu": "RURAL", "thematique": null, "type_qvh": null}}, {"type": "Feature", "geometry": {"type": "Point", "coordinates": [-16.478335, 13.783707]}, "properties": {"id": "hotelerie-912", "type": "hotelerie", "type_label": "Hôtellerie", "nom": "PALITISTIF", "region": {"nom": "FATICK", "code": 9}, "departement": {"nom": "FOUNDIOUGNE", "code": 92}, "commune": {"nom": "TOUBACOUTA", "code": 92203}, "communaute_rurale": {"nom": "TOUBACOUTA", "code": 9220304}, "quartier_village": "TOUBACOUTA", "milieu": "RURAL", "thematique": null, "type_qvh": null}}, {"type": "Feature", "geometry": {"type": "Point", "coordinates": [-16.476486, 13.787776]}, "properties": {"id": "hotelerie-913", "type": "hotelerie", "type_label": "Hôtellerie", "nom": "LE MARGOUILLAT", "region": {"nom": "FATICK", "code": 9}, "departement": {"nom": "FOUNDIOUGNE", "code": 92}, "commune": {"nom": "TOUBACOUTA", "code": 92203}, "communaute_rurale": {"nom": "TOUBACOUTA", "code": 9220304}, "quartier_village": "TOUBACOUTA", "milieu": "RURAL", "thematique": null, "type_qvh": null}}, {"type": "Feature", "geometry": {"type": "Point", "coordinates": [-16.474223, 13.786941]}, "properties": {"id": "hotelerie-914", "type": "hotelerie", "type_label": "Hôtellerie", "nom": "KEUR THIERRY", "region": {"nom": "FATICK", "code": 9}, "departement": {"nom": "FOUNDIOUGNE", "code": 92}, "commune": {"nom": "TOUBACOUTA", "code": 92203}, "communaute_rurale": {"nom": "TOUBACOUTA", "code": 9220304}, "quartier_village": "TOUBACOUTA", "milieu": "RURAL", "thematique": null, "type_qvh": null}}, {"type": "Feature", "geometry": {"type": "Point", "coordinates": [-16.473574, 13.786697]}, "properties": {"id": "hotelerie-915", "type": "hotelerie", "type_label": "Hôtellerie", "nom": "KAIRABA", "region": {"nom": "FATICK", "code": 9}, "departement": {"nom": "FOUNDIOUGNE", "code": 92}, "commune": {"nom": "TOUBACOUTA", "code": 92203}, "communaute_rurale": {"nom": "TOUBACOUTA", "code": 9220304}, "quartier_village": "TOUBACOUTA", "milieu": "RURAL", "thematique": null, "type_qvh": null}}, {"type": "Feature", "geometry": {"type": "Point", "coordinates": [-16.473171, 13.787413]}, "properties": {"id": "hotelerie-916", "type": "hotelerie", "type_label": "Hôtellerie", "nom": "Campement KEUR NDIAYE", "region": {"nom": "FATICK", "code": 9}, "departement": {"nom": "FOUNDIOUGNE", "code": 92}, "commune": {"nom": "TOUBACOUTA", "code": 92203}, "communaute_rurale": {"nom": "TOUBACOUTA", "code": 9220304}, "quartier_village": "TOUBACOUTA", "milieu": "RURAL", "thematique": null, "type_qvh": null}}, {"type": "Feature", "geometry": {"type": "Point", "coordinates": [-16.477594, 13.787503]}, "properties": {"id": "hotelerie-917", "type": "hotelerie", "type_label": "Hôtellerie", "nom": "KEUR SALOUM", "region": {"nom": "FATICK", "code": 9}, "departement": {"nom": "FOUNDIOUGNE", "code": 92}, "commune": {"nom": "TOUBACOUTA", "code": 92203}, "communaute_rurale": {"nom": "TOUBACOUTA", "code": 9220304}, "quartier_village": "TOUBACOUTA", "milieu": "RURAL", "thematique": null, "type_qvh": null}}, {"type": "Feature", "geometry": {"type": "Point", "coordinates": [-16.478245, 13.783378]}, "properties": {"id": "hotelerie-918", "type": "hotelerie", "type_label": "Hôtellerie", "nom": "Campement (CP7)", "region": {"nom": "FATICK", "code": 9}, "departement": {"nom": "FOUNDIOUGNE", "code": 92}, "commune": {"nom": "TOUBACOUTA", "code": 92203}, "communaute_rurale": {"nom": "TOUBACOUTA", "code": 9220304}, "quartier_village": "TOUBACOUTA", "milieu": "RURAL", "thematique": null, "type_qvh": null}}, {"type": "Feature", "geometry": {"type": "Point", "coordinates": [-16.477895, 13.782965]}, "properties": {"id": "hotelerie-919", "type": "hotelerie", "type_label": "Hôtellerie", "nom": "HOTEL", "region": {"nom": "FATICK", "code": 9}, "departement": {"nom": "FOUNDIOUGNE", "code": 92}, "commune": {"nom": "TOUBACOUTA", "code": 92203}, "communaute_rurale": {"nom": "TOUBACOUTA", "code": 9220304}, "quartier_village": "TOUBACOUTA", "milieu": "RURAL", "thematique": null, "type_qvh": null}}, {"type": "Feature", "geometry": {"type": "Point", "coordinates": [-16.469883, 13.786896]}, "properties": {"id": "hotelerie-920", "type": "hotelerie", "type_label": "Hôtellerie", "nom": "Campement (CP7)", "region": {"nom": "FATICK", "code": 9}, "departement": {"nom": "FOUNDIOUGNE", "code": 92}, "commune": {"nom": "TOUBACOUTA", "code": 92203}, "communaute_rurale": {"nom": "TOUBACOUTA", "code": 9220304}, "quartier_village": "TOUBACOUTA", "milieu": "RURAL", "thematique": null, "type_qvh": null}}, {"type": "Feature", "geometry": {"type": "Point", "coordinates": [-16.478274, 13.780899]}, "properties": {"id": "hotelerie-921", "type": "hotelerie", "type_label": "Hôtellerie", "nom": "CAMPEMENT", "region": {"nom": "FATICK", "code": 9}, "departement": {"nom": "FOUNDIOUGNE", "code": 92}, "commune": {"nom": "TOUBACOUTA", "code": 92203}, "communaute_rurale": {"nom": "TOUBACOUTA", "code": 9220304}, "quartier_village": "TOUBACOUTA", "milieu": "RURAL", "thematique": null, "type_qvh": null}}, {"type": "Feature", "geometry": {"type": "Point", "coordinates": [-16.485098, 13.712493]}, "properties": {"id": "hotelerie-922", "type": "hotelerie", "type_label": "Hôtellerie", "nom": "RESERVER NATUREL", "region": {"nom": "FATICK", "code": 9}, "departement": {"nom": "FOUNDIOUGNE", "code": 92}, "commune": {"nom": "TOUBACOUTA", "code": 92203}, "communaute_rurale": {"nom": "TOUBACOUTA", "code": 9220304}, "quartier_village": "CENTRE FAGAROU", "milieu": "RURAL", "thematique": null, "type_qvh": null}}, {"type": "Feature", "geometry": {"type": "Point", "coordinates": [-16.655013, 13.982695]}, "properties": {"id": "hotelerie-923", "type": "hotelerie", "type_label": "Hôtellerie", "nom": "CAMPEMENT", "region": {"nom": "FATICK", "code": 9}, "departement": {"nom": "FOUNDIOUGNE", "code": 92}, "commune": {"nom": "NIODIOR", "code": 92202}, "communaute_rurale": {"nom": "DJIRNDA", "code": 9220203}, "quartier_village": "H1 NDINDE", "milieu": "RURAL", "thematique": null, "type_qvh": null}}, {"type": "Feature", "geometry": {"type": "Point", "coordinates": [-16.45768, 14.16657]}, "properties": {"id": "hotelerie-924", "type": "hotelerie", "type_label": "Hôtellerie", "nom": "HETEL", "region": {"nom": "FATICK", "code": 9}, "departement": {"nom": "FOUNDIOUGNE", "code": 92}, "commune": {"nom": "NIODIOR", "code": 92202}, "communaute_rurale": {"nom": "DJIRNDA", "code": 9220203}, "quartier_village": "H1 NDAKHONGA", "milieu": "RURAL", "thematique": null, "type_qvh": null}}, {"type": "Feature", "geometry": {"type": "Point", "coordinates": [-16.469847, 14.12958]}, "properties": {"id": "hotelerie-925", "type": "hotelerie", "type_label": "Hôtellerie", "nom": "BAOBAB SUR MER CHEZ ANNE MARIE", "region": {"nom": "FATICK", "code": 9}, "departement": {"nom": "FOUNDIOUGNE", "code": 92}, "commune": {"nom": "FOUNDIOUGNE", "code": 92101}, "communaute_rurale": {"nom": "FOUNDIOUGNE", "code": 9210100}, "quartier_village": "ALMADIES", "milieu": "URBAIN", "thematique": null, "type_qvh": null}}, {"type": "Feature", "geometry": {"type": "Point", "coordinates": [-16.470301, 14.1291]}, "properties": {"id": "hotelerie-926", "type": "hotelerie", "type_label": "Hôtellerie", "nom": "CAMPEMENT BAOBAB SUR TERRE", "region": {"nom": "FATICK", "code": 9}, "departement": {"nom": "FOUNDIOUGNE", "code": 92}, "commune": {"nom": "FOUNDIOUGNE", "code": 92101}, "communaute_rurale": {"nom": "FOUNDIOUGNE", "code": 9210100}, "quartier_village": "ALMADIES", "milieu": "URBAIN", "thematique": null, "type_qvh": null}}, {"type": "Feature", "geometry": {"type": "Point", "coordinates": [-16.473101, 14.128]}, "properties": {"id": "hotelerie-927", "type": "hotelerie", "type_label": "Hôtellerie", "nom": "Hôtel", "region": {"nom": "FATICK", "code": 9}, "departement": {"nom": "FOUNDIOUGNE", "code": 92}, "commune": {"nom": "FOUNDIOUGNE", "code": 92101}, "communaute_rurale": {"nom": "FOUNDIOUGNE", "code": 9210100}, "quartier_village": "ALMADIES", "milieu": "URBAIN", "thematique": null, "type_qvh": null}}, {"type": "Feature", "geometry": {"type": "Point", "coordinates": [-16.4737, 14.1269]}, "properties": {"id": "hotelerie-928", "type": "hotelerie", "type_label": "Hôtellerie", "nom": "RESIDENCE ELHADJI DOUDOU MATY SENE", "region": {"nom": "FATICK", "code": 9}, "departement": {"nom": "FOUNDIOUGNE", "code": 92}, "commune": {"nom": "FOUNDIOUGNE", "code": 92101}, "communaute_rurale": {"nom": "FOUNDIOUGNE", "code": 9210100}, "quartier_village": "ALMADIES", "milieu": "URBAIN", "thematique": null, "type_qvh": null}}, {"type": "Feature", "geometry": {"type": "Point", "coordinates": [-16.472839, 14.127249]}, "properties": {"id": "hotelerie-929", "type": "hotelerie", "type_label": "Hôtellerie", "nom": "CAMPEMENT", "region": {"nom": "FATICK", "code": 9}, "departement": {"nom": "FOUNDIOUGNE", "code": 92}, "commune": {"nom": "FOUNDIOUGNE", "code": 92101}, "communaute_rurale": {"nom": "FOUNDIOUGNE", "code": 9210100}, "quartier_village": "ALMADIES", "milieu": "URBAIN", "thematique": null, "type_qvh": null}}, {"type": "Feature", "geometry": {"type": "Point", "coordinates": [-16.469801, 14.1259]}, "properties": {"id": "hotelerie-930", "type": "hotelerie", "type_label": "Hôtellerie", "nom": "AUBERGE SINE SALOUM", "region": {"nom": "FATICK", "code": 9}, "departement": {"nom": "FOUNDIOUGNE", "code": 92}, "commune": {"nom": "FOUNDIOUGNE", "code": 92101}, "communaute_rurale": {"nom": "FOUNDIOUGNE", "code": 9210100}, "quartier_village": "ALMADIES", "milieu": "URBAIN", "thematique": null, "type_qvh": null}}, {"type": "Feature", "geometry": {"type": "Point", "coordinates": [-16.4816, 14.123]}, "properties": {"id": "hotelerie-931", "type": "hotelerie", "type_label": "Hôtellerie", "nom": "HOTEL", "region": {"nom": "FATICK", "code": 9}, "departement": {"nom": "FOUNDIOUGNE", "code": 92}, "commune": {"nom": "FOUNDIOUGNE", "code": 92101}, "communaute_rurale": {"nom": "FOUNDIOUGNE", "code": 9210100}, "quartier_village": "MBELGORE", "milieu": "URBAIN", "thematique": null, "type_qvh": null}}, {"type": "Feature", "geometry": {"type": "Point", "coordinates": [-16.47647, 14.125748]}, "properties": {"id": "hotelerie-932", "type": "hotelerie", "type_label": "Hôtellerie", "nom": "CAMPEMENT", "region": {"nom": "FATICK", "code": 9}, "departement": {"nom": "FOUNDIOUGNE", "code": 92}, "commune": {"nom": "FOUNDIOUGNE", "code": 92101}, "communaute_rurale": {"nom": "FOUNDIOUGNE", "code": 9210100}, "quartier_village": "MBELGORE", "milieu": "URBAIN", "thematique": null, "type_qvh": null}}, {"type": "Feature", "geometry": {"type": "Point", "coordinates": [-16.475919, 14.126847]}, "properties": {"id": "hotelerie-933", "type": "hotelerie", "type_label": "Hôtellerie", "nom": "CAMPEMENT INDIANA", "region": {"nom": "FATICK", "code": 9}, "departement": {"nom": "FOUNDIOUGNE", "code": 92}, "commune": {"nom": "FOUNDIOUGNE", "code": 92101}, "communaute_rurale": {"nom": "FOUNDIOUGNE", "code": 9210100}, "quartier_village": "MBELGORE", "milieu": "URBAIN", "thematique": null, "type_qvh": null}}, {"type": "Feature", "geometry": {"type": "Point", "coordinates": [-16.475675, 14.127047]}, "properties": {"id": "hotelerie-934", "type": "hotelerie", "type_label": "Hôtellerie", "nom": "AUBERGE HORIZON BLEU", "region": {"nom": "FATICK", "code": 9}, "departement": {"nom": "FOUNDIOUGNE", "code": 92}, "commune": {"nom": "FOUNDIOUGNE", "code": 92101}, "communaute_rurale": {"nom": "FOUNDIOUGNE", "code": 9210100}, "quartier_village": "MBELGORE", "milieu": "URBAIN", "thematique": null, "type_qvh": null}}, {"type": "Feature", "geometry": {"type": "Point", "coordinates": [-16.477985, 14.125296]}, "properties": {"id": "hotelerie-935", "type": "hotelerie", "type_label": "Hôtellerie", "nom": "HOTEL A LA TERANGA YAGUE FALL", "region": {"nom": "FATICK", "code": 9}, "departement": {"nom": "FOUNDIOUGNE", "code": 92}, "commune": {"nom": "FOUNDIOUGNE", "code": 92101}, "communaute_rurale": {"nom": "FOUNDIOUGNE", "code": 9210100}, "quartier_village": "MBELGORE", "milieu": "URBAIN", "thematique": null, "type_qvh": null}}, {"type": "Feature", "geometry": {"type": "Point", "coordinates": [-16.480536, 14.12403]}, "properties": {"id": "hotelerie-936", "type": "hotelerie", "type_label": "Hôtellerie", "nom": "AUBERGE", "region": {"nom": "FATICK", "code": 9}, "departement": {"nom": "FOUNDIOUGNE", "code": 92}, "commune": {"nom": "FOUNDIOUGNE", "code": 92101}, "communaute_rurale": {"nom": "FOUNDIOUGNE", "code": 9210100}, "quartier_village": "MBELGORE", "milieu": "URBAIN", "thematique": null, "type_qvh": null}}, {"type": "Feature", "geometry": {"type": "Point", "coordinates": [-16.519248, 13.703559]}, "properties": {"id": "hotelerie-937", "type": "hotelerie", "type_label": "Hôtellerie", "nom": "HOTEL  ILE DU PARADIS", "region": {"nom": "FATICK", "code": 9}, "departement": {"nom": "FOUNDIOUGNE", "code": 92}, "commune": {"nom": "TOUBACOUTA", "code": 92203}, "communaute_rurale": {"nom": "TOUBACOUTA", "code": 9220304}, "quartier_village": "H2 BANDIOU", "milieu": "RURAL", "thematique": null, "type_qvh": null}}, {"type": "Feature", "geometry": {"type": "Point", "coordinates": [-16.377435, 13.867244]}, "properties": {"id": "hotelerie-938", "type": "hotelerie", "type_label": "Hôtellerie", "nom": "Campement FADIDI", "region": {"nom": "FATICK", "code": 9}, "departement": {"nom": "FOUNDIOUGNE", "code": 92}, "commune": {"nom": "TOUBACOUTA", "code": 92203}, "communaute_rurale": {"nom": "TOUBACOUTA", "code": 9220304}, "quartier_village": "H1 CAMPEMENT FADIDI", "milieu": "RURAL", "thematique": null, "type_qvh": null}}, {"type": "Feature", "geometry": {"type": "Point", "coordinates": [-16.479815, 13.747975]}, "properties": {"id": "hotelerie-939", "type": "hotelerie", "type_label": "Hôtellerie", "nom": "CAMPEMENT", "region": {"nom": "FATICK", "code": 9}, "departement": {"nom": "FOUNDIOUGNE", "code": 92}, "commune": {"nom": "TOUBACOUTA", "code": 92203}, "communaute_rurale": {"nom": "TOUBACOUTA", "code": 9220304}, "quartier_village": "DASSILAME SERERE", "milieu": "RURAL", "thematique": null, "type_qvh": null}}, {"type": "Feature", "geometry": {"type": "Point", "coordinates": [-16.546489, 13.599959]}, "properties": {"id": "hotelerie-940", "type": "hotelerie", "type_label": "Hôtellerie", "nom": "CAMPEMENT", "region": {"nom": "FATICK", "code": 9}, "departement": {"nom": "FOUNDIOUGNE", "code": 92}, "commune": {"nom": "TOUBACOUTA", "code": 92203}, "communaute_rurale": {"nom": "TOUBACOUTA", "code": 9220304}, "quartier_village": "DJINACK BARA", "milieu": "RURAL", "thematique": null, "type_qvh": null}}, {"type": "Feature", "geometry": {"type": "Point", "coordinates": [-16.503769, 13.683402]}, "properties": {"id": "hotelerie-941", "type": "hotelerie", "type_label": "Hôtellerie", "nom": "CAPEMENT", "region": {"nom": "FATICK", "code": 9}, "departement": {"nom": "FOUNDIOUGNE", "code": 92}, "commune": {"nom": "TOUBACOUTA", "code": 92203}, "communaute_rurale": {"nom": "TOUBACOUTA", "code": 9220304}, "quartier_village": "MISSIRAH", "milieu": "RURAL", "thematique": null, "type_qvh": null}}, {"type": "Feature", "geometry": {"type": "Point", "coordinates": [-16.512425, 13.690011]}, "properties": {"id": "hotelerie-942", "type": "hotelerie", "type_label": "Hôtellerie", "nom": "Campement Bonobo Lodge", "region": {"nom": "FATICK", "code": 9}, "departement": {"nom": "FOUNDIOUGNE", "code": 92}, "commune": {"nom": "TOUBACOUTA", "code": 92203}, "communaute_rurale": {"nom": "TOUBACOUTA", "code": 9220304}, "quartier_village": "H1 IILE KATHIOR", "milieu": "RURAL", "thematique": null, "type_qvh": null}}, {"type": "Feature", "geometry": {"type": "Point", "coordinates": [-16.387657, 13.877729]}, "properties": {"id": "hotelerie-943", "type": "hotelerie", "type_label": "Hôtellerie", "nom": "Campement (CP7)", "region": {"nom": "FATICK", "code": 9}, "departement": {"nom": "FOUNDIOUGNE", "code": 92}, "commune": {"nom": "TOUBACOUTA", "code": 92203}, "communaute_rurale": {"nom": "TOUBACOUTA", "code": 9220304}, "quartier_village": "H1 LIMANE", "milieu": "RURAL", "thematique": null, "type_qvh": null}}, {"type": "Feature", "geometry": {"type": "Point", "coordinates": [-16.431598, 13.640934]}, "properties": {"id": "hotelerie-944", "type": "hotelerie", "type_label": "Hôtellerie", "nom": "RESERVE DE FATHALA", "region": {"nom": "FATICK", "code": 9}, "departement": {"nom": "FOUNDIOUGNE", "code": 92}, "commune": {"nom": "TOUBACOUTA", "code": 92203}, "communaute_rurale": {"nom": "TOUBACOUTA", "code": 9220304}, "quartier_village": "SAME", "milieu": "RURAL", "thematique": null, "type_qvh": null}}, {"type": "Feature", "geometry": {"type": "Point", "coordinates": [-16.43311, 13.642656]}, "properties": {"id": "hotelerie-945", "type": "hotelerie", "type_label": "Hôtellerie", "nom": "FATHALA LODGE", "region": {"nom": "FATICK", "code": 9}, "departement": {"nom": "FOUNDIOUGNE", "code": 92}, "commune": {"nom": "TOUBACOUTA", "code": 92203}, "communaute_rurale": {"nom": "TOUBACOUTA", "code": 9220304}, "quartier_village": "SAME", "milieu": "RURAL", "thematique": null, "type_qvh": null}}, {"type": "Feature", "geometry": {"type": "Point", "coordinates": [-16.476602, 13.79747]}, "properties": {"id": "hotelerie-946", "type": "hotelerie", "type_label": "Hôtellerie", "nom": "Campement T. Kairaba ECOTOURISTIQUE", "region": {"nom": "FATICK", "code": 9}, "departement": {"nom": "FOUNDIOUGNE", "code": 92}, "commune": {"nom": "TOUBACOUTA", "code": 92203}, "communaute_rurale": {"nom": "TOUBACOUTA", "code": 9220304}, "quartier_village": "SOUKOUTA", "milieu": "RURAL", "thematique": null, "type_qvh": null}}, {"type": "Feature", "geometry": {"type": "Point", "coordinates": [-16.433119, 13.643087]}, "properties": {"id": "hotelerie-947", "type": "hotelerie", "type_label": "Hôtellerie", "nom": "FATHALA LODGE", "region": {"nom": "FATICK", "code": 9}, "departement": {"nom": "FOUNDIOUGNE", "code": 92}, "commune": {"nom": "TOUBACOUTA", "code": 92203}, "communaute_rurale": {"nom": "TOUBACOUTA", "code": 9220304}, "quartier_village": "SAME", "milieu": "RURAL", "thematique": null, "type_qvh": null}}, {"type": "Feature", "geometry": {"type": "Point", "coordinates": [-16.433068, 13.642378]}, "properties": {"id": "hotelerie-948", "type": "hotelerie", "type_label": "Hôtellerie", "nom": "FATHALA LODGE", "region": {"nom": "FATICK", "code": 9}, "departement": {"nom": "FOUNDIOUGNE", "code": 92}, "commune": {"nom": "TOUBACOUTA", "code": 92203}, "communaute_rurale": {"nom": "TOUBACOUTA", "code": 9220304}, "quartier_village": "SAME", "milieu": "RURAL", "thematique": null, "type_qvh": null}}, {"type": "Feature", "geometry": {"type": "Point", "coordinates": [-16.429592, 13.641807]}, "properties": {"id": "hotelerie-949", "type": "hotelerie", "type_label": "Hôtellerie", "nom": "MOBEYA", "region": {"nom": "FATICK", "code": 9}, "departement": {"nom": "FOUNDIOUGNE", "code": 92}, "commune": {"nom": "TOUBACOUTA", "code": 92203}, "communaute_rurale": {"nom": "TOUBACOUTA", "code": 9220304}, "quartier_village": "SAME", "milieu": "RURAL", "thematique": null, "type_qvh": null}}, {"type": "Feature", "geometry": {"type": "Point", "coordinates": [-16.433044, 13.642239]}, "properties": {"id": "hotelerie-950", "type": "hotelerie", "type_label": "Hôtellerie", "nom": "FATHALA LODGE", "region": {"nom": "FATICK", "code": 9}, "departement": {"nom": "FOUNDIOUGNE", "code": 92}, "commune": {"nom": "TOUBACOUTA", "code": 92203}, "communaute_rurale": {"nom": "TOUBACOUTA", "code": 9220304}, "quartier_village": "SAME", "milieu": "RURAL", "thematique": null, "type_qvh": null}}, {"type": "Feature", "geometry": {"type": "Point", "coordinates": [-16.41168, 13.829158]}, "properties": {"id": "hotelerie-951", "type": "hotelerie", "type_label": "Hôtellerie", "nom": "Hôtellerie", "region": {"nom": "FATICK", "code": 9}, "departement": {"nom": "FOUNDIOUGNE", "code": 92}, "commune": {"nom": "TOUBACOUTA", "code": 92203}, "communaute_rurale": {"nom": "TOUBACOUTA", "code": 9220304}, "quartier_village": "SANDICOLY", "milieu": "RURAL", "thematique": null, "type_qvh": null}}, {"type": "Feature", "geometry": {"type": "Point", "coordinates": [-16.511058, 13.745857]}, "properties": {"id": "hotelerie-952", "type": "hotelerie", "type_label": "Hôtellerie", "nom": "CAMPEMENT  Les Terasses De SIPPO", "region": {"nom": "FATICK", "code": 9}, "departement": {"nom": "FOUNDIOUGNE", "code": 92}, "commune": {"nom": "TOUBACOUTA", "code": 92203}, "communaute_rurale": {"nom": "TOUBACOUTA", "code": 9220304}, "quartier_village": "SIPPO", "milieu": "RURAL", "thematique": null, "type_qvh": null}}, {"type": "Feature", "geometry": {"type": "Point", "coordinates": [-16.768827, 14.023427]}, "properties": {"id": "hotelerie-953", "type": "hotelerie", "type_label": "Hôtellerie", "nom": "CAMPEMENT", "region": {"nom": "FATICK", "code": 9}, "departement": {"nom": "FATICK", "code": 91}, "commune": {"nom": "FIMELA", "code": 91202}, "communaute_rurale": {"nom": "PALMARIN FACAO", "code": 9120203}, "quartier_village": "PALMARIN FACAO", "milieu": "RURAL", "thematique": null, "type_qvh": null}}, {"type": "Feature", "geometry": {"type": "Point", "coordinates": [-16.77037, 14.026616]}, "properties": {"id": "hotelerie-954", "type": "hotelerie", "type_label": "Hôtellerie", "nom": "CAMPEMENT EDEN", "region": {"nom": "FATICK", "code": 9}, "departement": {"nom": "FATICK", "code": 91}, "commune": {"nom": "FIMELA", "code": 91202}, "communaute_rurale": {"nom": "PALMARIN FACAO", "code": 9120203}, "quartier_village": "PALMARIN FACAO", "milieu": "RURAL", "thematique": null, "type_qvh": null}}, {"type": "Feature", "geometry": {"type": "Point", "coordinates": [-16.768746, 14.020352]}, "properties": {"id": "hotelerie-955", "type": "hotelerie", "type_label": "Hôtellerie", "nom": "Campement", "region": {"nom": "FATICK", "code": 9}, "departement": {"nom": "FATICK", "code": 91}, "commune": {"nom": "FIMELA", "code": 91202}, "communaute_rurale": {"nom": "PALMARIN FACAO", "code": 9120203}, "quartier_village": "PALMARIN FACAO", "milieu": "RURAL", "thematique": null, "type_qvh": null}}, {"type": "Feature", "geometry": {"type": "Point", "coordinates": [-16.769144, 14.023941]}, "properties": {"id": "hotelerie-956", "type": "hotelerie", "type_label": "Hôtellerie", "nom": "Campement Djidji", "region": {"nom": "FATICK", "code": 9}, "departement": {"nom": "FATICK", "code": 91}, "commune": {"nom": "FIMELA", "code": 91202}, "communaute_rurale": {"nom": "PALMARIN FACAO", "code": 9120203}, "quartier_village": "PALMARIN FACAO", "milieu": "RURAL", "thematique": null, "type_qvh": null}}, {"type": "Feature", "geometry": {"type": "Point", "coordinates": [-16.770695, 14.028727]}, "properties": {"id": "hotelerie-957", "type": "hotelerie", "type_label": "Hôtellerie", "nom": "Auberge Nanaay", "region": {"nom": "FATICK", "code": 9}, "departement": {"nom": "FATICK", "code": 91}, "commune": {"nom": "FIMELA", "code": 91202}, "communaute_rurale": {"nom": "PALMARIN FACAO", "code": 9120203}, "quartier_village": "PALMARIN FACAO", "milieu": "RURAL", "thematique": null, "type_qvh": null}}, {"type": "Feature", "geometry": {"type": "Point", "coordinates": [-16.763399, 13.950668]}, "properties": {"id": "hotelerie-958", "type": "hotelerie", "type_label": "Hôtellerie", "nom": "AUBERGE", "region": {"nom": "FATICK", "code": 9}, "departement": {"nom": "FATICK", "code": 91}, "commune": {"nom": "FIMELA", "code": 91202}, "communaute_rurale": {"nom": "PALMARIN FACAO", "code": 9120203}, "quartier_village": "DJIFFER", "milieu": "RURAL", "thematique": null, "type_qvh": null}}, {"type": "Feature", "geometry": {"type": "Point", "coordinates": [-16.764002, 13.948775]}, "properties": {"id": "hotelerie-959", "type": "hotelerie", "type_label": "Hôtellerie", "nom": "MAISON DE LA PLAGE", "region": {"nom": "FATICK", "code": 9}, "departement": {"nom": "FATICK", "code": 91}, "commune": {"nom": "FIMELA", "code": 91202}, "communaute_rurale": {"nom": "PALMARIN FACAO", "code": 9120203}, "quartier_village": "DJIFFER", "milieu": "RURAL", "thematique": null, "type_qvh": null}}, {"type": "Feature", "geometry": {"type": "Point", "coordinates": [-16.764648, 13.968926]}, "properties": {"id": "hotelerie-960", "type": "hotelerie", "type_label": "Hôtellerie", "nom": "AUBERGE", "region": {"nom": "FATICK", "code": 9}, "departement": {"nom": "FATICK", "code": 91}, "commune": {"nom": "FIMELA", "code": 91202}, "communaute_rurale": {"nom": "PALMARIN FACAO", "code": 9120203}, "quartier_village": "PALMARIN DIAKHANOR", "milieu": "RURAL", "thematique": null, "type_qvh": null}}, {"type": "Feature", "geometry": {"type": "Point", "coordinates": [-16.763585, 13.955805]}, "properties": {"id": "hotelerie-961", "type": "hotelerie", "type_label": "Hôtellerie", "nom": "HETEL", "region": {"nom": "FATICK", "code": 9}, "departement": {"nom": "FATICK", "code": 91}, "commune": {"nom": "FIMELA", "code": 91202}, "communaute_rurale": {"nom": "PALMARIN FACAO", "code": 9120203}, "quartier_village": "DJIFFER", "milieu": "RURAL", "thematique": null, "type_qvh": null}}, {"type": "Feature", "geometry": {"type": "Point", "coordinates": [-16.763483, 13.949383]}, "properties": {"id": "hotelerie-962", "type": "hotelerie", "type_label": "Hôtellerie", "nom": "HETEL", "region": {"nom": "FATICK", "code": 9}, "departement": {"nom": "FATICK", "code": 91}, "commune": {"nom": "FIMELA", "code": 91202}, "communaute_rurale": {"nom": "PALMARIN FACAO", "code": 9120203}, "quartier_village": "DJIFFER", "milieu": "RURAL", "thematique": null, "type_qvh": null}}, {"type": "Feature", "geometry": {"type": "Point", "coordinates": [-16.764203, 13.978649]}, "properties": {"id": "hotelerie-963", "type": "hotelerie", "type_label": "Hôtellerie", "nom": "CAMPEMENT", "region": {"nom": "FATICK", "code": 9}, "departement": {"nom": "FATICK", "code": 91}, "commune": {"nom": "FIMELA", "code": 91202}, "communaute_rurale": {"nom": "PALMARIN FACAO", "code": 9120203}, "quartier_village": "PALMARIN DIAKHANOR", "milieu": "RURAL", "thematique": null, "type_qvh": null}}, {"type": "Feature", "geometry": {"type": "Point", "coordinates": [-16.758477, 13.970308]}, "properties": {"id": "hotelerie-964", "type": "hotelerie", "type_label": "Hôtellerie", "nom": "Campement Nioko Bokk", "region": {"nom": "FATICK", "code": 9}, "departement": {"nom": "FATICK", "code": 91}, "commune": {"nom": "FIMELA", "code": 91202}, "communaute_rurale": {"nom": "PALMARIN FACAO", "code": 9120203}, "quartier_village": "PALMARIN DIAKHANOR", "milieu": "RURAL", "thematique": null, "type_qvh": null}}, {"type": "Feature", "geometry": {"type": "Point", "coordinates": [-16.763815, 13.956822]}, "properties": {"id": "hotelerie-965", "type": "hotelerie", "type_label": "Hôtellerie", "nom": "HETEL", "region": {"nom": "FATICK", "code": 9}, "departement": {"nom": "FATICK", "code": 91}, "commune": {"nom": "FIMELA", "code": 91202}, "communaute_rurale": {"nom": "PALMARIN FACAO", "code": 9120203}, "quartier_village": "DJIFFER", "milieu": "RURAL", "thematique": null, "type_qvh": null}}, {"type": "Feature", "geometry": {"type": "Point", "coordinates": [-16.76428, 13.955383]}, "properties": {"id": "hotelerie-966", "type": "hotelerie", "type_label": "Hôtellerie", "nom": "HOTEL LADIANA", "region": {"nom": "FATICK", "code": 9}, "departement": {"nom": "FATICK", "code": 91}, "commune": {"nom": "FIMELA", "code": 91202}, "communaute_rurale": {"nom": "PALMARIN FACAO", "code": 9120203}, "quartier_village": "DJIFFER", "milieu": "RURAL", "thematique": null, "type_qvh": null}}, {"type": "Feature", "geometry": {"type": "Point", "coordinates": [-16.765666, 13.96816]}, "properties": {"id": "hotelerie-967", "type": "hotelerie", "type_label": "Hôtellerie", "nom": "Campement la Tilupe noire", "region": {"nom": "FATICK", "code": 9}, "departement": {"nom": "FATICK", "code": 91}, "commune": {"nom": "FIMELA", "code": 91202}, "communaute_rurale": {"nom": "PALMARIN FACAO", "code": 9120203}, "quartier_village": "PALMARIN DIAKHANOR", "milieu": "RURAL", "thematique": null, "type_qvh": null}}, {"type": "Feature", "geometry": {"type": "Point", "coordinates": [-16.763516, 13.955332]}, "properties": {"id": "hotelerie-968", "type": "hotelerie", "type_label": "Hôtellerie", "nom": "HETEL LE 17 E DJIFFER", "region": {"nom": "FATICK", "code": 9}, "departement": {"nom": "FATICK", "code": 91}, "commune": {"nom": "FIMELA", "code": 91202}, "communaute_rurale": {"nom": "PALMARIN FACAO", "code": 9120203}, "quartier_village": "DJIFFER", "milieu": "RURAL", "thematique": null, "type_qvh": null}}, {"type": "Feature", "geometry": {"type": "Point", "coordinates": [-16.763761, 13.943659]}, "properties": {"id": "hotelerie-969", "type": "hotelerie", "type_label": "Hôtellerie", "nom": "CAMPEMENT", "region": {"nom": "FATICK", "code": 9}, "departement": {"nom": "FATICK", "code": 91}, "commune": {"nom": "FIMELA", "code": 91202}, "communaute_rurale": {"nom": "PALMARIN FACAO", "code": 9120203}, "quartier_village": "DJIFFER", "milieu": "RURAL", "thematique": null, "type_qvh": null}}, {"type": "Feature", "geometry": {"type": "Point", "coordinates": [-16.764718, 13.9709]}, "properties": {"id": "hotelerie-970", "type": "hotelerie", "type_label": "Hôtellerie", "nom": "Campement Gite Africaine", "region": {"nom": "FATICK", "code": 9}, "departement": {"nom": "FATICK", "code": 91}, "commune": {"nom": "FIMELA", "code": 91202}, "communaute_rurale": {"nom": "PALMARIN FACAO", "code": 9120203}, "quartier_village": "PALMARIN DIAKHANOR", "milieu": "RURAL", "thematique": null, "type_qvh": null}}, {"type": "Feature", "geometry": {"type": "Point", "coordinates": [-16.763714, 13.953294]}, "properties": {"id": "hotelerie-971", "type": "hotelerie", "type_label": "Hôtellerie", "nom": "CAMPEMENT", "region": {"nom": "FATICK", "code": 9}, "departement": {"nom": "FATICK", "code": 91}, "commune": {"nom": "FIMELA", "code": 91202}, "communaute_rurale": {"nom": "PALMARIN FACAO", "code": 9120203}, "quartier_village": "DJIFFER", "milieu": "RURAL", "thematique": null, "type_qvh": null}}, {"type": "Feature", "geometry": {"type": "Point", "coordinates": [-16.771367, 14.038968]}, "properties": {"id": "hotelerie-972", "type": "hotelerie", "type_label": "Hôtellerie", "nom": "HETEL BAR RESTO", "region": {"nom": "FATICK", "code": 9}, "departement": {"nom": "FATICK", "code": 91}, "commune": {"nom": "FIMELA", "code": 91202}, "communaute_rurale": {"nom": "PALMARIN FACAO", "code": 9120203}, "quartier_village": "PALMARIN SESSENE", "milieu": "RURAL", "thematique": null, "type_qvh": null}}, {"type": "Feature", "geometry": {"type": "Point", "coordinates": [-16.772401, 14.038742]}, "properties": {"id": "hotelerie-973", "type": "hotelerie", "type_label": "Hôtellerie", "nom": "CAMPEMENT", "region": {"nom": "FATICK", "code": 9}, "departement": {"nom": "FATICK", "code": 91}, "commune": {"nom": "FIMELA", "code": 91202}, "communaute_rurale": {"nom": "PALMARIN FACAO", "code": 9120203}, "quartier_village": "PALMARIN SESSENE", "milieu": "RURAL", "thematique": null, "type_qvh": null}}, {"type": "Feature", "geometry": {"type": "Point", "coordinates": [-16.586441, 14.253151]}, "properties": {"id": "hotelerie-974", "type": "hotelerie", "type_label": "Hôtellerie", "nom": "AUBERGE", "region": {"nom": "FATICK", "code": 9}, "departement": {"nom": "FATICK", "code": 91}, "commune": {"nom": "FIMELA", "code": 91202}, "communaute_rurale": {"nom": "LOUL SESSENE", "code": 9120202}, "quartier_village": "NDOFF", "milieu": "RURAL", "thematique": null, "type_qvh": null}}, {"type": "Feature", "geometry": {"type": "Point", "coordinates": [-16.766654, 14.022063]}, "properties": {"id": "hotelerie-975", "type": "hotelerie", "type_label": "Hôtellerie", "nom": "CAMPEMENT", "region": {"nom": "FATICK", "code": 9}, "departement": {"nom": "FATICK", "code": 91}, "commune": {"nom": "FIMELA", "code": 91202}, "communaute_rurale": {"nom": "PALMARIN FACAO", "code": 9120203}, "quartier_village": "PALMARIN FACAO", "milieu": "RURAL", "thematique": null, "type_qvh": null}}, {"type": "Feature", "geometry": {"type": "Point", "coordinates": [-16.770868, 14.040377]}, "properties": {"id": "hotelerie-976", "type": "hotelerie", "type_label": "Hôtellerie", "nom": "CAMPEMENT", "region": {"nom": "FATICK", "code": 9}, "departement": {"nom": "FATICK", "code": 91}, "commune": {"nom": "FIMELA", "code": 91202}, "communaute_rurale": {"nom": "PALMARIN FACAO", "code": 9120203}, "quartier_village": "PALMARIN SESSENE", "milieu": "RURAL", "thematique": null, "type_qvh": null}}, {"type": "Feature", "geometry": {"type": "Point", "coordinates": [-16.628709, 14.145102]}, "properties": {"id": "hotelerie-977", "type": "hotelerie", "type_label": "Hôtellerie", "nom": "AUBERGE", "region": {"nom": "FATICK", "code": 9}, "departement": {"nom": "FATICK", "code": 91}, "commune": {"nom": "FIMELA", "code": 91202}, "communaute_rurale": {"nom": "FIMELA", "code": 9120201}, "quartier_village": "SIMAL", "milieu": "RURAL", "thematique": null, "type_qvh": null}}, {"type": "Feature", "geometry": {"type": "Point", "coordinates": [-16.629746, 14.145235]}, "properties": {"id": "hotelerie-978", "type": "hotelerie", "type_label": "Hôtellerie", "nom": "Hôtel (Sarahama Lodge)", "region": {"nom": "FATICK", "code": 9}, "departement": {"nom": "FATICK", "code": 91}, "commune": {"nom": "FIMELA", "code": 91202}, "communaute_rurale": {"nom": "FIMELA", "code": 9120201}, "quartier_village": "SIMAL", "milieu": "RURAL", "thematique": null, "type_qvh": null}}, {"type": "Feature", "geometry": {"type": "Point", "coordinates": [-16.689399, 14.080043]}, "properties": {"id": "hotelerie-979", "type": "hotelerie", "type_label": "Hôtellerie", "nom": "AUBERGE COCOTIERS", "region": {"nom": "FATICK", "code": 9}, "departement": {"nom": "FATICK", "code": 91}, "commune": {"nom": "FIMELA", "code": 91202}, "communaute_rurale": {"nom": "FIMELA", "code": 9120201}, "quartier_village": "NDANGANE CAMPEMENT", "milieu": "RURAL", "thematique": null, "type_qvh": null}}, {"type": "Feature", "geometry": {"type": "Point", "coordinates": [-16.660017, 14.123891]}, "properties": {"id": "hotelerie-980", "type": "hotelerie", "type_label": "Hôtellerie", "nom": "Hôtel (La sources aux Lamantins)", "region": {"nom": "FATICK", "code": 9}, "departement": {"nom": "FATICK", "code": 91}, "commune": {"nom": "FIMELA", "code": 91202}, "communaute_rurale": {"nom": "FIMELA", "code": 9120201}, "quartier_village": "FIMELA", "milieu": "RURAL", "thematique": null, "type_qvh": null}}, {"type": "Feature", "geometry": {"type": "Point", "coordinates": [-16.660435, 14.126649]}, "properties": {"id": "hotelerie-981", "type": "hotelerie", "type_label": "Hôtellerie", "nom": "HETEL", "region": {"nom": "FATICK", "code": 9}, "departement": {"nom": "FATICK", "code": 91}, "commune": {"nom": "FIMELA", "code": 91202}, "communaute_rurale": {"nom": "FIMELA", "code": 9120201}, "quartier_village": "FIMELA", "milieu": "RURAL", "thematique": null, "type_qvh": null}}, {"type": "Feature", "geometry": {"type": "Point", "coordinates": [-16.723833, 14.137606]}, "properties": {"id": "hotelerie-982", "type": "hotelerie", "type_label": "Hôtellerie", "nom": "Nino Ranch", "region": {"nom": "FATICK", "code": 9}, "departement": {"nom": "FATICK", "code": 91}, "commune": {"nom": "FIMELA", "code": 91202}, "communaute_rurale": {"nom": "FIMELA", "code": 9120201}, "quartier_village": "SAMBA DIA", "milieu": "RURAL", "thematique": null, "type_qvh": null}}, {"type": "Feature", "geometry": {"type": "Point", "coordinates": [-16.657845, 14.118453]}, "properties": {"id": "hotelerie-983", "type": "hotelerie", "type_label": "Hôtellerie", "nom": "AUBERGE", "region": {"nom": "FATICK", "code": 9}, "departement": {"nom": "FATICK", "code": 91}, "commune": {"nom": "FIMELA", "code": 91202}, "communaute_rurale": {"nom": "FIMELA", "code": 9120201}, "quartier_village": "DJILOR", "milieu": "RURAL", "thematique": null, "type_qvh": null}}, {"type": "Feature", "geometry": {"type": "Point", "coordinates": [-16.660027, 14.118477]}, "properties": {"id": "hotelerie-984", "type": "hotelerie", "type_label": "Hôtellerie", "nom": "AUBERGE", "region": {"nom": "FATICK", "code": 9}, "departement": {"nom": "FATICK", "code": 91}, "commune": {"nom": "FIMELA", "code": 91202}, "communaute_rurale": {"nom": "FIMELA", "code": 9120201}, "quartier_village": "DJILOR", "milieu": "RURAL", "thematique": null, "type_qvh": null}}, {"type": "Feature", "geometry": {"type": "Point", "coordinates": [-16.659065, 14.119113]}, "properties": {"id": "hotelerie-985", "type": "hotelerie", "type_label": "Hôtellerie", "nom": "AUBERGE", "region": {"nom": "FATICK", "code": 9}, "departement": {"nom": "FATICK", "code": 91}, "commune": {"nom": "FIMELA", "code": 91202}, "communaute_rurale": {"nom": "FIMELA", "code": 9120201}, "quartier_village": "DJILOR", "milieu": "RURAL", "thematique": null, "type_qvh": null}}, {"type": "Feature", "geometry": {"type": "Point", "coordinates": [-16.655716, 14.116174]}, "properties": {"id": "hotelerie-986", "type": "hotelerie", "type_label": "Hôtellerie", "nom": "AUBERGE", "region": {"nom": "FATICK", "code": 9}, "departement": {"nom": "FATICK", "code": 91}, "commune": {"nom": "FIMELA", "code": 91202}, "communaute_rurale": {"nom": "FIMELA", "code": 9120201}, "quartier_village": "DJILOR", "milieu": "RURAL", "thematique": null, "type_qvh": null}}, {"type": "Feature", "geometry": {"type": "Point", "coordinates": [-16.686783, 14.039539]}, "properties": {"id": "hotelerie-987", "type": "hotelerie", "type_label": "Hôtellerie", "nom": "CAMPEMENT", "region": {"nom": "FATICK", "code": 9}, "departement": {"nom": "FATICK", "code": 91}, "commune": {"nom": "FIMELA", "code": 91202}, "communaute_rurale": {"nom": "FIMELA", "code": 9120201}, "quartier_village": "MAR LOTHIE", "milieu": "RURAL", "thematique": null, "type_qvh": null}}, {"type": "Feature", "geometry": {"type": "Point", "coordinates": [-16.686042, 14.046965]}, "properties": {"id": "hotelerie-988", "type": "hotelerie", "type_label": "Hôtellerie", "nom": "CAMPEMENT", "region": {"nom": "FATICK", "code": 9}, "departement": {"nom": "FATICK", "code": 91}, "commune": {"nom": "FIMELA", "code": 91202}, "communaute_rurale": {"nom": "FIMELA", "code": 9120201}, "quartier_village": "MAR LOTHIE", "milieu": "RURAL", "thematique": null, "type_qvh": null}}, {"type": "Feature", "geometry": {"type": "Point", "coordinates": [-16.686059, 14.047395]}, "properties": {"id": "hotelerie-989", "type": "hotelerie", "type_label": "Hôtellerie", "nom": "CAMPEMENT", "region": {"nom": "FATICK", "code": 9}, "departement": {"nom": "FATICK", "code": 91}, "commune": {"nom": "FIMELA", "code": 91202}, "communaute_rurale": {"nom": "FIMELA", "code": 9120201}, "quartier_village": "MAR LOTHIE", "milieu": "RURAL", "thematique": null, "type_qvh": null}}, {"type": "Feature", "geometry": {"type": "Point", "coordinates": [-16.684952, 14.122026]}, "properties": {"id": "hotelerie-990", "type": "hotelerie", "type_label": "Hôtellerie", "nom": "RESIDENCE DES 4 VILLAS DE YAYEME", "region": {"nom": "FATICK", "code": 9}, "departement": {"nom": "FATICK", "code": 91}, "commune": {"nom": "FIMELA", "code": 91202}, "communaute_rurale": {"nom": "FIMELA", "code": 9120201}, "quartier_village": "YAYEME", "milieu": "RURAL", "thematique": null, "type_qvh": null}}, {"type": "Feature", "geometry": {"type": "Point", "coordinates": [-16.656932, 14.116047]}, "properties": {"id": "hotelerie-991", "type": "hotelerie", "type_label": "Hôtellerie", "nom": "HETEL", "region": {"nom": "FATICK", "code": 9}, "departement": {"nom": "FATICK", "code": 91}, "commune": {"nom": "FIMELA", "code": 91202}, "communaute_rurale": {"nom": "FIMELA", "code": 9120201}, "quartier_village": "DJILOR", "milieu": "RURAL", "thematique": null, "type_qvh": null}}, {"type": "Feature", "geometry": {"type": "Point", "coordinates": [-16.657082, 14.117313]}, "properties": {"id": "hotelerie-992", "type": "hotelerie", "type_label": "Hôtellerie", "nom": "HOTEL", "region": {"nom": "FATICK", "code": 9}, "departement": {"nom": "FATICK", "code": 91}, "commune": {"nom": "FIMELA", "code": 91202}, "communaute_rurale": {"nom": "FIMELA", "code": 9120201}, "quartier_village": "DJILOR", "milieu": "RURAL", "thematique": null, "type_qvh": null}}, {"type": "Feature", "geometry": {"type": "Point", "coordinates": [-16.658413, 14.118428]}, "properties": {"id": "hotelerie-993", "type": "hotelerie", "type_label": "Hôtellerie", "nom": "AUBERGE", "region": {"nom": "FATICK", "code": 9}, "departement": {"nom": "FATICK", "code": 91}, "commune": {"nom": "FIMELA", "code": 91202}, "communaute_rurale": {"nom": "FIMELA", "code": 9120201}, "quartier_village": "DJILOR", "milieu": "RURAL", "thematique": null, "type_qvh": null}}, {"type": "Feature", "geometry": {"type": "Point", "coordinates": [-16.693244, 14.074825]}, "properties": {"id": "hotelerie-994", "type": "hotelerie", "type_label": "Hôtellerie", "nom": "Hotel Saf-sap", "region": {"nom": "FATICK", "code": 9}, "departement": {"nom": "FATICK", "code": 91}, "commune": {"nom": "FIMELA", "code": 91202}, "communaute_rurale": {"nom": "FIMELA", "code": 9120201}, "quartier_village": "NDANGANE CAMPEMENT", "milieu": "RURAL", "thematique": null, "type_qvh": null}}, {"type": "Feature", "geometry": {"type": "Point", "coordinates": [-16.693806, 14.074998]}, "properties": {"id": "hotelerie-995", "type": "hotelerie", "type_label": "Hôtellerie", "nom": "MAISON DE PASSAGE", "region": {"nom": "FATICK", "code": 9}, "departement": {"nom": "FATICK", "code": 91}, "commune": {"nom": "FIMELA", "code": 91202}, "communaute_rurale": {"nom": "FIMELA", "code": 9120201}, "quartier_village": "NDANGANE CAMPEMENT", "milieu": "RURAL", "thematique": null, "type_qvh": null}}, {"type": "Feature", "geometry": {"type": "Point", "coordinates": [-16.694396, 14.075319]}, "properties": {"id": "hotelerie-996", "type": "hotelerie", "type_label": "Hôtellerie", "nom": "AUBERGE", "region": {"nom": "FATICK", "code": 9}, "departement": {"nom": "FATICK", "code": 91}, "commune": {"nom": "FIMELA", "code": 91202}, "communaute_rurale": {"nom": "FIMELA", "code": 9120201}, "quartier_village": "NDANGANE CAMPEMENT", "milieu": "RURAL", "thematique": null, "type_qvh": null}}, {"type": "Feature", "geometry": {"type": "Point", "coordinates": [-16.68579, 14.044636]}, "properties": {"id": "hotelerie-997", "type": "hotelerie", "type_label": "Hôtellerie", "nom": "Hôtel (Nouvelle vague)", "region": {"nom": "FATICK", "code": 9}, "departement": {"nom": "FATICK", "code": 91}, "commune": {"nom": "FIMELA", "code": 91202}, "communaute_rurale": {"nom": "FIMELA", "code": 9120201}, "quartier_village": "MAR LOTHIE", "milieu": "RURAL", "thematique": null, "type_qvh": null}}, {"type": "Feature", "geometry": {"type": "Point", "coordinates": [-16.685682, 14.044839]}, "properties": {"id": "hotelerie-998", "type": "hotelerie", "type_label": "Hôtellerie", "nom": "AUBERGE GESAKADO", "region": {"nom": "FATICK", "code": 9}, "departement": {"nom": "FATICK", "code": 91}, "commune": {"nom": "FIMELA", "code": 91202}, "communaute_rurale": {"nom": "FIMELA", "code": 9120201}, "quartier_village": "MAR LOTHIE", "milieu": "RURAL", "thematique": null, "type_qvh": null}}, {"type": "Feature", "geometry": {"type": "Point", "coordinates": [-16.685997, 14.045137]}, "properties": {"id": "hotelerie-999", "type": "hotelerie", "type_label": "Hôtellerie", "nom": "Hôtel (Fara Kaba)", "region": {"nom": "FATICK", "code": 9}, "departement": {"nom": "FATICK", "code": 91}, "commune": {"nom": "FIMELA", "code": 91202}, "communaute_rurale": {"nom": "FIMELA", "code": 9120201}, "quartier_village": "MAR LOTHIE", "milieu": "RURAL", "thematique": null, "type_qvh": null}}, {"type": "Feature", "geometry": {"type": "Point", "coordinates": [-16.684802, 14.050177]}, "properties": {"id": "hotelerie-1000", "type": "hotelerie", "type_label": "Hôtellerie", "nom": "AUBERGE", "region": {"nom": "FATICK", "code": 9}, "departement": {"nom": "FATICK", "code": 91}, "commune": {"nom": "FIMELA", "code": 91202}, "communaute_rurale": {"nom": "FIMELA", "code": 9120201}, "quartier_village": "MAR LOTHIE", "milieu": "RURAL", "thematique": null, "type_qvh": null}}, {"type": "Feature", "geometry": {"type": "Point", "coordinates": [-16.686212, 14.050569]}, "properties": {"id": "hotelerie-1001", "type": "hotelerie", "type_label": "Hôtellerie", "nom": "CAMPEMENT", "region": {"nom": "FATICK", "code": 9}, "departement": {"nom": "FATICK", "code": 91}, "commune": {"nom": "FIMELA", "code": 91202}, "communaute_rurale": {"nom": "FIMELA", "code": 9120201}, "quartier_village": "MAR LOTHIE", "milieu": "RURAL", "thematique": null, "type_qvh": null}}, {"type": "Feature", "geometry": {"type": "Point", "coordinates": [-16.688594, 14.072202]}, "properties": {"id": "hotelerie-1002", "type": "hotelerie", "type_label": "Hôtellerie", "nom": "Hôtel (le cordon bleu)", "region": {"nom": "FATICK", "code": 9}, "departement": {"nom": "FATICK", "code": 91}, "commune": {"nom": "FIMELA", "code": 91202}, "communaute_rurale": {"nom": "FIMELA", "code": 9120201}, "quartier_village": "NDANGANE CAMPEMENT", "milieu": "RURAL", "thematique": null, "type_qvh": null}}, {"type": "Feature", "geometry": {"type": "Point", "coordinates": [-16.688655, 14.072901]}, "properties": {"id": "hotelerie-1003", "type": "hotelerie", "type_label": "Hôtellerie", "nom": "AUBERGE BOUFFE", "region": {"nom": "FATICK", "code": 9}, "departement": {"nom": "FATICK", "code": 91}, "commune": {"nom": "FIMELA", "code": 91202}, "communaute_rurale": {"nom": "FIMELA", "code": 9120201}, "quartier_village": "NDANGANE CAMPEMENT", "milieu": "RURAL", "thematique": null, "type_qvh": null}}, {"type": "Feature", "geometry": {"type": "Point", "coordinates": [-16.687542, 14.073691]}, "properties": {"id": "hotelerie-1004", "type": "hotelerie", "type_label": "Hôtellerie", "nom": "AUBERGE LES LOISIRS", "region": {"nom": "FATICK", "code": 9}, "departement": {"nom": "FATICK", "code": 91}, "commune": {"nom": "FIMELA", "code": 91202}, "communaute_rurale": {"nom": "FIMELA", "code": 9120201}, "quartier_village": "NDANGANE CAMPEMENT", "milieu": "RURAL", "thematique": null, "type_qvh": null}}, {"type": "Feature", "geometry": {"type": "Point", "coordinates": [-16.68932, 14.073853]}, "properties": {"id": "hotelerie-1005", "type": "hotelerie", "type_label": "Hôtellerie", "nom": "NDANTHIENE LODGE", "region": {"nom": "FATICK", "code": 9}, "departement": {"nom": "FATICK", "code": 91}, "commune": {"nom": "FIMELA", "code": 91202}, "communaute_rurale": {"nom": "FIMELA", "code": 9120201}, "quartier_village": "NDANGANE CAMPEMENT", "milieu": "RURAL", "thematique": null, "type_qvh": null}}, {"type": "Feature", "geometry": {"type": "Point", "coordinates": [-16.690975, 14.074307]}, "properties": {"id": "hotelerie-1006", "type": "hotelerie", "type_label": "Hôtellerie", "nom": "CAMPEMENT", "region": {"nom": "FATICK", "code": 9}, "departement": {"nom": "FATICK", "code": 91}, "commune": {"nom": "FIMELA", "code": 91202}, "communaute_rurale": {"nom": "FIMELA", "code": 9120201}, "quartier_village": "NDANGANE CAMPEMENT", "milieu": "RURAL", "thematique": null, "type_qvh": null}}, {"type": "Feature", "geometry": {"type": "Point", "coordinates": [-16.688852, 14.075474]}, "properties": {"id": "hotelerie-1007", "type": "hotelerie", "type_label": "Hôtellerie", "nom": "AUBERGE", "region": {"nom": "FATICK", "code": 9}, "departement": {"nom": "FATICK", "code": 91}, "commune": {"nom": "FIMELA", "code": 91202}, "communaute_rurale": {"nom": "FIMELA", "code": 9120201}, "quartier_village": "NDANGANE CAMPEMENT", "milieu": "RURAL", "thematique": null, "type_qvh": null}}, {"type": "Feature", "geometry": {"type": "Point", "coordinates": [-16.689494, 14.076537]}, "properties": {"id": "hotelerie-1008", "type": "hotelerie", "type_label": "Hôtellerie", "nom": "Campement Bougainvillers", "region": {"nom": "FATICK", "code": 9}, "departement": {"nom": "FATICK", "code": 91}, "commune": {"nom": "FIMELA", "code": 91202}, "communaute_rurale": {"nom": "FIMELA", "code": 9120201}, "quartier_village": "NDANGANE CAMPEMENT", "milieu": "RURAL", "thematique": null, "type_qvh": null}}, {"type": "Feature", "geometry": {"type": "Point", "coordinates": [-16.629971, 14.145551]}, "properties": {"id": "hotelerie-1009", "type": "hotelerie", "type_label": "Hôtellerie", "nom": "AUBERGE", "region": {"nom": "FATICK", "code": 9}, "departement": {"nom": "FATICK", "code": 91}, "commune": {"nom": "FIMELA", "code": 91202}, "communaute_rurale": {"nom": "FIMELA", "code": 9120201}, "quartier_village": "SIMAL", "milieu": "RURAL", "thematique": null, "type_qvh": null}}, {"type": "Feature", "geometry": {"type": "Point", "coordinates": [-16.630334, 14.145687]}, "properties": {"id": "hotelerie-1010", "type": "hotelerie", "type_label": "Hôtellerie", "nom": "HETEL", "region": {"nom": "FATICK", "code": 9}, "departement": {"nom": "FATICK", "code": 91}, "commune": {"nom": "FIMELA", "code": 91202}, "communaute_rurale": {"nom": "FIMELA", "code": 9120201}, "quartier_village": "SIMAL", "milieu": "RURAL", "thematique": null, "type_qvh": null}}, {"type": "Feature", "geometry": {"type": "Point", "coordinates": [-16.658656, 14.120209]}, "properties": {"id": "hotelerie-1011", "type": "hotelerie", "type_label": "Hôtellerie", "nom": "Campement Fagapa", "region": {"nom": "FATICK", "code": 9}, "departement": {"nom": "FATICK", "code": 91}, "commune": {"nom": "FIMELA", "code": 91202}, "communaute_rurale": {"nom": "FIMELA", "code": 9120201}, "quartier_village": "FIMELA", "milieu": "RURAL", "thematique": null, "type_qvh": null}}, {"type": "Feature", "geometry": {"type": "Point", "coordinates": [-16.659952, 14.122518]}, "properties": {"id": "hotelerie-1012", "type": "hotelerie", "type_label": "Hôtellerie", "nom": "AUBERGE", "region": {"nom": "FATICK", "code": 9}, "departement": {"nom": "FATICK", "code": 91}, "commune": {"nom": "FIMELA", "code": 91202}, "communaute_rurale": {"nom": "FIMELA", "code": 9120201}, "quartier_village": "FIMELA", "milieu": "RURAL", "thematique": null, "type_qvh": null}}, {"type": "Feature", "geometry": {"type": "Point", "coordinates": [-16.659717, 14.140439]}, "properties": {"id": "hotelerie-1013", "type": "hotelerie", "type_label": "Hôtellerie", "nom": "AUBERGE EMITAGE", "region": {"nom": "FATICK", "code": 9}, "departement": {"nom": "FATICK", "code": 91}, "commune": {"nom": "FIMELA", "code": 91202}, "communaute_rurale": {"nom": "FIMELA", "code": 9120201}, "quartier_village": "FIMELA", "milieu": "RURAL", "thematique": null, "type_qvh": null}}, {"type": "Feature", "geometry": {"type": "Point", "coordinates": [-16.658949, 14.141701]}, "properties": {"id": "hotelerie-1014", "type": "hotelerie", "type_label": "Hôtellerie", "nom": "Hôtel SOUIMANGA", "region": {"nom": "FATICK", "code": 9}, "departement": {"nom": "FATICK", "code": 91}, "commune": {"nom": "FIMELA", "code": 91202}, "communaute_rurale": {"nom": "FIMELA", "code": 9120201}, "quartier_village": "FIMELA", "milieu": "RURAL", "thematique": null, "type_qvh": null}}, {"type": "Feature", "geometry": {"type": "Point", "coordinates": [-16.691305, 14.080223]}, "properties": {"id": "hotelerie-1015", "type": "hotelerie", "type_label": "Hôtellerie", "nom": "Auberge", "region": {"nom": "FATICK", "code": 9}, "departement": {"nom": "FATICK", "code": 91}, "commune": {"nom": "FIMELA", "code": 91202}, "communaute_rurale": {"nom": "FIMELA", "code": 9120201}, "quartier_village": "NDANGANE CAMPEMENT", "milieu": "RURAL", "thematique": null, "type_qvh": null}}, {"type": "Feature", "geometry": {"type": "Point", "coordinates": [-16.661142, 14.125201]}, "properties": {"id": "hotelerie-1016", "type": "hotelerie", "type_label": "Hôtellerie", "nom": "AUBERGE", "region": {"nom": "FATICK", "code": 9}, "departement": {"nom": "FATICK", "code": 91}, "commune": {"nom": "FIMELA", "code": 91202}, "communaute_rurale": {"nom": "FIMELA", "code": 9120201}, "quartier_village": "FIMELA", "milieu": "RURAL", "thematique": null, "type_qvh": null}}, {"type": "Feature", "geometry": {"type": "Point", "coordinates": [-16.690571, 14.082846]}, "properties": {"id": "hotelerie-1017", "type": "hotelerie", "type_label": "Hôtellerie", "nom": "RESIDENCE SOPHIA", "region": {"nom": "FATICK", "code": 9}, "departement": {"nom": "FATICK", "code": 91}, "commune": {"nom": "FIMELA", "code": 91202}, "communaute_rurale": {"nom": "FIMELA", "code": 9120201}, "quartier_village": "NDANGANE CAMPEMENT", "milieu": "RURAL", "thematique": null, "type_qvh": null}}, {"type": "Feature", "geometry": {"type": "Point", "coordinates": [-16.69178, 14.072981]}, "properties": {"id": "hotelerie-1018", "type": "hotelerie", "type_label": "Hôtellerie", "nom": "Hôtel  (Pelican du Saloum)", "region": {"nom": "FATICK", "code": 9}, "departement": {"nom": "FATICK", "code": 91}, "commune": {"nom": "FIMELA", "code": 91202}, "communaute_rurale": {"nom": "FIMELA", "code": 9120201}, "quartier_village": "NDANGANE CAMPEMENT", "milieu": "RURAL", "thematique": null, "type_qvh": null}}, {"type": "Feature", "geometry": {"type": "Point", "coordinates": [-16.692995, 14.073434]}, "properties": {"id": "hotelerie-1019", "type": "hotelerie", "type_label": "Hôtellerie", "nom": "HOTEL", "region": {"nom": "FATICK", "code": 9}, "departement": {"nom": "FATICK", "code": 91}, "commune": {"nom": "FIMELA", "code": 91202}, "communaute_rurale": {"nom": "FIMELA", "code": 9120201}, "quartier_village": "NDANGANE CAMPEMENT", "milieu": "RURAL", "thematique": null, "type_qvh": null}}, {"type": "Feature", "geometry": {"type": "Point", "coordinates": [-16.694222, 14.07408]}, "properties": {"id": "hotelerie-1020", "type": "hotelerie", "type_label": "Hôtellerie", "nom": "HETEL", "region": {"nom": "FATICK", "code": 9}, "departement": {"nom": "FATICK", "code": 91}, "commune": {"nom": "FIMELA", "code": 91202}, "communaute_rurale": {"nom": "FIMELA", "code": 9120201}, "quartier_village": "NDANGANE CAMPEMENT", "milieu": "RURAL", "thematique": null, "type_qvh": null}}, {"type": "Feature", "geometry": {"type": "Point", "coordinates": [-16.693001, 14.074137]}, "properties": {"id": "hotelerie-1021", "type": "hotelerie", "type_label": "Hôtellerie", "nom": "AUBERGE", "region": {"nom": "FATICK", "code": 9}, "departement": {"nom": "FATICK", "code": 91}, "commune": {"nom": "FIMELA", "code": 91202}, "communaute_rurale": {"nom": "FIMELA", "code": 9120201}, "quartier_village": "NDANGANE CAMPEMENT", "milieu": "RURAL", "thematique": null, "type_qvh": null}}, {"type": "Feature", "geometry": {"type": "Point", "coordinates": [-16.693484, 14.078453]}, "properties": {"id": "hotelerie-1022", "type": "hotelerie", "type_label": "Hôtellerie", "nom": "Auberge Plangrote", "region": {"nom": "FATICK", "code": 9}, "departement": {"nom": "FATICK", "code": 91}, "commune": {"nom": "FIMELA", "code": 91202}, "communaute_rurale": {"nom": "FIMELA", "code": 9120201}, "quartier_village": "NDANGANE CAMPEMENT", "milieu": "RURAL", "thematique": null, "type_qvh": null}}, {"type": "Feature", "geometry": {"type": "Point", "coordinates": [-16.682667, 14.119519]}, "properties": {"id": "hotelerie-1023", "type": "hotelerie", "type_label": "Hôtellerie", "nom": "LODG YAYEME", "region": {"nom": "FATICK", "code": 9}, "departement": {"nom": "FATICK", "code": 91}, "commune": {"nom": "FIMELA", "code": 91202}, "communaute_rurale": {"nom": "FIMELA", "code": 9120201}, "quartier_village": "YAYEME", "milieu": "RURAL", "thematique": null, "type_qvh": null}}, {"type": "Feature", "geometry": {"type": "Point", "coordinates": [-16.681127, 14.126599]}, "properties": {"id": "hotelerie-1024", "type": "hotelerie", "type_label": "Hôtellerie", "nom": "AUBERGE", "region": {"nom": "FATICK", "code": 9}, "departement": {"nom": "FATICK", "code": 91}, "commune": {"nom": "FIMELA", "code": 91202}, "communaute_rurale": {"nom": "FIMELA", "code": 9120201}, "quartier_village": "YAYEME", "milieu": "RURAL", "thematique": null, "type_qvh": null}}, {"type": "Feature", "geometry": {"type": "Point", "coordinates": [-16.571838, 14.22875]}, "properties": {"id": "hotelerie-1025", "type": "hotelerie", "type_label": "Hôtellerie", "nom": "CAMPEMENT SOLIDAIRE DE FAOYE", "region": {"nom": "FATICK", "code": 9}, "departement": {"nom": "FATICK", "code": 91}, "commune": {"nom": "FIMELA", "code": 91202}, "communaute_rurale": {"nom": "DJILASSE", "code": 9120204}, "quartier_village": "FAOYE", "milieu": "RURAL", "thematique": null, "type_qvh": null}}, {"type": "Feature", "geometry": {"type": "Point", "coordinates": [-16.625922, 14.190928]}, "properties": {"id": "hotelerie-1026", "type": "hotelerie", "type_label": "Hôtellerie", "nom": "Hôtel", "region": {"nom": "FATICK", "code": 9}, "departement": {"nom": "FATICK", "code": 91}, "commune": {"nom": "FIMELA", "code": 91202}, "communaute_rurale": {"nom": "DJILASSE", "code": 9120204}, "quartier_village": "ROH", "milieu": "RURAL", "thematique": null, "type_qvh": null}}, {"type": "Feature", "geometry": {"type": "Point", "coordinates": [-16.625154, 14.18957]}, "properties": {"id": "hotelerie-1027", "type": "hotelerie", "type_label": "Hôtellerie", "nom": "Campement touristique", "region": {"nom": "FATICK", "code": 9}, "departement": {"nom": "FATICK", "code": 91}, "commune": {"nom": "FIMELA", "code": 91202}, "communaute_rurale": {"nom": "DJILASSE", "code": 9120204}, "quartier_village": "ROH", "milieu": "RURAL", "thematique": null, "type_qvh": null}}, {"type": "Feature", "geometry": {"type": "Point", "coordinates": [-16.645756, 14.419873]}, "properties": {"id": "hotelerie-1028", "type": "hotelerie", "type_label": "Hôtellerie", "nom": "CHAMBRES", "region": {"nom": "FATICK", "code": 9}, "departement": {"nom": "FATICK", "code": 91}, "commune": {"nom": "TATTAGUINE", "code": 91204}, "communaute_rurale": {"nom": "TATTAGUINE", "code": 9120403}, "quartier_village": "H4 POKATTE", "milieu": "RURAL", "thematique": null, "type_qvh": null}}, {"type": "Feature", "geometry": {"type": "Point", "coordinates": [-16.432505, 14.346823]}, "properties": {"id": "hotelerie-1029", "type": "hotelerie", "type_label": "Hôtellerie", "nom": "RESIDENCE LE NDIOUWAR", "region": {"nom": "FATICK", "code": 9}, "departement": {"nom": "FATICK", "code": 91}, "commune": {"nom": "TATTAGUINE", "code": 91204}, "communaute_rurale": {"nom": "DIOUROUP", "code": 9120402}, "quartier_village": "H1 NDIOUWAR", "milieu": "RURAL", "thematique": null, "type_qvh": null}}, {"type": "Feature", "geometry": {"type": "Point", "coordinates": [-16.352277, 14.116124]}, "properties": {"id": "hotelerie-1030", "type": "hotelerie", "type_label": "Hôtellerie", "nom": "Campement (CP7)", "region": {"nom": "FATICK", "code": 9}, "departement": {"nom": "FOUNDIOUGNE", "code": 92}, "commune": {"nom": "DJILOR", "code": 92201}, "communaute_rurale": {"nom": "DJILOR", "code": 9220101}, "quartier_village": "GAGUE CHERIF", "milieu": "RURAL", "thematique": null, "type_qvh": null}}, {"type": "Feature", "geometry": {"type": "Point", "coordinates": [-16.455978, 14.05643]}, "properties": {"id": "hotelerie-1031", "type": "hotelerie", "type_label": "Hôtellerie", "nom": "CAMPEMENT", "region": {"nom": "FATICK", "code": 9}, "departement": {"nom": "FOUNDIOUGNE", "code": 92}, "commune": {"nom": "DJILOR", "code": 92201}, "communaute_rurale": {"nom": "DJILOR", "code": 9220101}, "quartier_village": "H1 KEUR NGOLO", "milieu": "RURAL", "thematique": null, "type_qvh": null}}, {"type": "Feature", "geometry": {"type": "Point", "coordinates": [-16.249512, 13.99088]}, "properties": {"id": "hotelerie-1032", "type": "hotelerie", "type_label": "Hôtellerie", "nom": "Hôtel", "region": {"nom": "FATICK", "code": 9}, "departement": {"nom": "FOUNDIOUGNE", "code": 92}, "commune": {"nom": "DJILOR", "code": 92201}, "communaute_rurale": {"nom": "PASSY", "code": 9220106}, "quartier_village": null, "milieu": "URBAIN", "thematique": null, "type_qvh": null}}, {"type": "Feature", "geometry": {"type": "Point", "coordinates": [-16.255931, 13.985828]}, "properties": {"id": "hotelerie-1033", "type": "hotelerie", "type_label": "Hôtellerie", "nom": "HÃ´tel (O CÅ?UR DE PASSY)", "region": {"nom": "FATICK", "code": 9}, "departement": {"nom": "FOUNDIOUGNE", "code": 92}, "commune": {"nom": "DJILOR", "code": 92201}, "communaute_rurale": {"nom": "PASSY", "code": 9220106}, "quartier_village": null, "milieu": "URBAIN", "thematique": null, "type_qvh": null}}, {"type": "Feature", "geometry": {"type": "Point", "coordinates": [-16.371213, 13.869037]}, "properties": {"id": "hotelerie-1034", "type": "hotelerie", "type_label": "Hôtellerie", "nom": "AUBERGE", "region": {"nom": "FATICK", "code": 9}, "departement": {"nom": "FOUNDIOUGNE", "code": 92}, "commune": {"nom": "SOKONE", "code": 92102}, "communaute_rurale": {"nom": "SOKONE", "code": 9210200}, "quartier_village": "SANTHIABA", "milieu": "URBAIN", "thematique": null, "type_qvh": null}}, {"type": "Feature", "geometry": {"type": "Point", "coordinates": [-16.374064, 13.873206]}, "properties": {"id": "hotelerie-1035", "type": "hotelerie", "type_label": "Hôtellerie", "nom": "AUBERGE", "region": {"nom": "FATICK", "code": 9}, "departement": {"nom": "FOUNDIOUGNE", "code": 92}, "commune": {"nom": "SOKONE", "code": 92102}, "communaute_rurale": {"nom": "SOKONE", "code": 9210200}, "quartier_village": "MEDINA", "milieu": "URBAIN", "thematique": null, "type_qvh": null}}, {"type": "Feature", "geometry": {"type": "Point", "coordinates": [-16.371539, 13.886094]}, "properties": {"id": "hotelerie-1036", "type": "hotelerie", "type_label": "Hôtellerie", "nom": "AUBERGE LE CAILCEDRAT", "region": {"nom": "FATICK", "code": 9}, "departement": {"nom": "FOUNDIOUGNE", "code": 92}, "commune": {"nom": "SOKONE", "code": 92102}, "communaute_rurale": {"nom": "SOKONE", "code": 9210200}, "quartier_village": "DIAMAGUENE NORD", "milieu": "URBAIN", "thematique": null, "type_qvh": null}}, {"type": "Feature", "geometry": {"type": "Point", "coordinates": [-16.371636, 13.88698]}, "properties": {"id": "hotelerie-1037", "type": "hotelerie", "type_label": "Hôtellerie", "nom": "VILLAGE  HOTEL/ LE CAÏMAN", "region": {"nom": "FATICK", "code": 9}, "departement": {"nom": "FOUNDIOUGNE", "code": 92}, "commune": {"nom": "SOKONE", "code": 92102}, "communaute_rurale": {"nom": "SOKONE", "code": 9210200}, "quartier_village": "DIAMAGUENE NORD", "milieu": "URBAIN", "thematique": null, "type_qvh": null}}, {"type": "Feature", "geometry": {"type": "Point", "coordinates": [-16.372699, 13.880374]}, "properties": {"id": "hotelerie-1038", "type": "hotelerie", "type_label": "Hôtellerie", "nom": "HOTEL DE VILLE", "region": {"nom": "FATICK", "code": 9}, "departement": {"nom": "FOUNDIOUGNE", "code": 92}, "commune": {"nom": "SOKONE", "code": 92102}, "communaute_rurale": {"nom": "SOKONE", "code": 9210200}, "quartier_village": "LEONA", "milieu": "URBAIN", "thematique": null, "type_qvh": null}}, {"type": "Feature", "geometry": {"type": "Point", "coordinates": [-16.377149, 13.880462]}, "properties": {"id": "hotelerie-1039", "type": "hotelerie", "type_label": "Hôtellerie", "nom": "AUBERGE", "region": {"nom": "FATICK", "code": 9}, "departement": {"nom": "FOUNDIOUGNE", "code": 92}, "commune": {"nom": "SOKONE", "code": 92102}, "communaute_rurale": {"nom": "SOKONE", "code": 9210200}, "quartier_village": "LEONA", "milieu": "URBAIN", "thematique": null, "type_qvh": null}}, {"type": "Feature", "geometry": {"type": "Point", "coordinates": [-16.375716, 13.874067]}, "properties": {"id": "hotelerie-1040", "type": "hotelerie", "type_label": "Hôtellerie", "nom": "AUBERGE", "region": {"nom": "FATICK", "code": 9}, "departement": {"nom": "FOUNDIOUGNE", "code": 92}, "commune": {"nom": "SOKONE", "code": 92102}, "communaute_rurale": {"nom": "SOKONE", "code": 9210200}, "quartier_village": "MEDINA", "milieu": "URBAIN", "thematique": null, "type_qvh": null}}, {"type": "Feature", "geometry": {"type": "Point", "coordinates": [-16.381213, 13.885543]}, "properties": {"id": "hotelerie-1041", "type": "hotelerie", "type_label": "Hôtellerie", "nom": "CAMPEMENT LES CALAOS DU SALOUM", "region": {"nom": "FATICK", "code": 9}, "departement": {"nom": "FOUNDIOUGNE", "code": 92}, "commune": {"nom": "SOKONE", "code": 92102}, "communaute_rurale": {"nom": "SOKONE", "code": 9210200}, "quartier_village": "MBOULDIAME", "milieu": "URBAIN", "thematique": null, "type_qvh": null}}, {"type": "Feature", "geometry": {"type": "Point", "coordinates": [-16.731968, 13.901655]}, "properties": {"id": "hotelerie-1042", "type": "hotelerie", "type_label": "Hôtellerie", "nom": "CAMPEMENT", "region": {"nom": "FATICK", "code": 9}, "departement": {"nom": "FOUNDIOUGNE", "code": 92}, "commune": {"nom": "NIODIOR", "code": 92202}, "communaute_rurale": {"nom": "DIONEWAR", "code": 9220202}, "quartier_village": "DIONEWAR", "milieu": "RURAL", "thematique": null, "type_qvh": null}}, {"type": "Feature", "geometry": {"type": "Point", "coordinates": [-16.720906, 13.904701]}, "properties": {"id": "hotelerie-1043", "type": "hotelerie", "type_label": "Hôtellerie", "nom": "CAMPEMENT", "region": {"nom": "FATICK", "code": 9}, "departement": {"nom": "FOUNDIOUGNE", "code": 92}, "commune": {"nom": "NIODIOR", "code": 92202}, "communaute_rurale": {"nom": "DIONEWAR", "code": 9220202}, "quartier_village": "DIONEWAR", "milieu": "RURAL", "thematique": null, "type_qvh": null}}, {"type": "Feature", "geometry": {"type": "Point", "coordinates": [-16.721502, 13.904789]}, "properties": {"id": "hotelerie-1044", "type": "hotelerie", "type_label": "Hôtellerie", "nom": "HETEL NIOMINKA", "region": {"nom": "FATICK", "code": 9}, "departement": {"nom": "FOUNDIOUGNE", "code": 92}, "commune": {"nom": "NIODIOR", "code": 92202}, "communaute_rurale": {"nom": "DIONEWAR", "code": 9220202}, "quartier_village": "DIONEWAR", "milieu": "RURAL", "thematique": null, "type_qvh": null}}, {"type": "Feature", "geometry": {"type": "Point", "coordinates": [-16.732375, 13.900915]}, "properties": {"id": "hotelerie-1045", "type": "hotelerie", "type_label": "Hôtellerie", "nom": "CAMPEMENT", "region": {"nom": "FATICK", "code": 9}, "departement": {"nom": "FOUNDIOUGNE", "code": 92}, "commune": {"nom": "NIODIOR", "code": 92202}, "communaute_rurale": {"nom": "DIONEWAR", "code": 9220202}, "quartier_village": "DIONEWAR", "milieu": "RURAL", "thematique": null, "type_qvh": null}}, {"type": "Feature", "geometry": {"type": "Point", "coordinates": [-16.726505, 13.904904]}, "properties": {"id": "hotelerie-1046", "type": "hotelerie", "type_label": "Hôtellerie", "nom": "Hôtel (Delta Niominka)", "region": {"nom": "FATICK", "code": 9}, "departement": {"nom": "FOUNDIOUGNE", "code": 92}, "commune": {"nom": "NIODIOR", "code": 92202}, "communaute_rurale": {"nom": "DIONEWAR", "code": 9220202}, "quartier_village": "DIONEWAR", "milieu": "RURAL", "thematique": null, "type_qvh": null}}, {"type": "Feature", "geometry": {"type": "Point", "coordinates": [-16.681238, 13.916754]}, "properties": {"id": "hotelerie-1047", "type": "hotelerie", "type_label": "Hôtellerie", "nom": "CAMPEMENT", "region": {"nom": "FATICK", "code": 9}, "departement": {"nom": "FOUNDIOUGNE", "code": 92}, "commune": {"nom": "NIODIOR", "code": 92202}, "communaute_rurale": {"nom": "DIONEWAR", "code": 9220202}, "quartier_village": "FALIA", "milieu": "RURAL", "thematique": null, "type_qvh": null}}, {"type": "Feature", "geometry": {"type": "Point", "coordinates": [-16.419092, 13.592802]}, "properties": {"id": "hotelerie-1048", "type": "hotelerie", "type_label": "Hôtellerie", "nom": "AUBERGE RESTAURANT FAST FOOD", "region": {"nom": "FATICK", "code": 9}, "departement": {"nom": "FOUNDIOUGNE", "code": 92}, "commune": {"nom": "TOUBACOUTA", "code": 92203}, "communaute_rurale": {"nom": "KARANG POSTE", "code": 9220305}, "quartier_village": "SANTHIE SADY", "milieu": "URBAIN", "thematique": null, "type_qvh": null}}, {"type": "Feature", "geometry": {"type": "Point", "coordinates": [-16.399656, 13.650324]}, "properties": {"id": "hotelerie-1049", "type": "hotelerie", "type_label": "Hôtellerie", "nom": "LOGEMENT ETRANGERS", "region": {"nom": "FATICK", "code": 9}, "departement": {"nom": "FOUNDIOUGNE", "code": 92}, "commune": {"nom": "TOUBACOUTA", "code": 92203}, "communaute_rurale": {"nom": "KEUR SAMBA GUEYE", "code": 9220302}, "quartier_village": "NGADIOR NDAYAME", "milieu": "RURAL", "thematique": null, "type_qvh": null}}, {"type": "Feature", "geometry": {"type": "Point", "coordinates": [-15.629765, 13.776812]}, "properties": {"id": "hotelerie-1050", "type": "hotelerie", "type_label": "Hôtellerie", "nom": "HETEL DE KABAKOTO", "region": {"nom": "KAOLACK", "code": 6}, "departement": {"nom": "NIORO", "code": 62}, "commune": {"nom": "PAOSKOTO", "code": 62202}, "communaute_rurale": {"nom": "DABALY", "code": 6220205}, "quartier_village": "KABAKOTO", "milieu": "RURAL", "thematique": null, "type_qvh": null}}, {"type": "Feature", "geometry": {"type": "Point", "coordinates": [-16.016375, 14.150981]}, "properties": {"id": "hotelerie-1051", "type": "hotelerie", "type_label": "Hôtellerie", "nom": "RESIDENCE", "region": {"nom": "KAOLACK", "code": 6}, "departement": {"nom": "KAOLACK", "code": 61}, "commune": {"nom": "KAHONE", "code": 61102}, "communaute_rurale": {"nom": "KAHONE", "code": 6110200}, "quartier_village": "THIANTE", "milieu": "URBAIN", "thematique": null, "type_qvh": null}}, {"type": "Feature", "geometry": {"type": "Point", "coordinates": [-16.024366, 14.153292]}, "properties": {"id": "hotelerie-1052", "type": "hotelerie", "type_label": "Hôtellerie", "nom": "AUBERGE", "region": {"nom": "KAOLACK", "code": 6}, "departement": {"nom": "KAOLACK", "code": 61}, "commune": {"nom": "KAHONE", "code": 61102}, "communaute_rurale": {"nom": "KAHONE", "code": 6110200}, "quartier_village": "THIANTE", "milieu": "URBAIN", "thematique": null, "type_qvh": null}}, {"type": "Feature", "geometry": {"type": "Point", "coordinates": [-16.041054, 14.156663]}, "properties": {"id": "hotelerie-1053", "type": "hotelerie", "type_label": "Hôtellerie", "nom": "RESIDENCE MBENGANE NDOUR", "region": {"nom": "KAOLACK", "code": 6}, "departement": {"nom": "KAOLACK", "code": 61}, "commune": {"nom": "KAHONE", "code": 61102}, "communaute_rurale": {"nom": "KAHONE", "code": 6110200}, "quartier_village": "KAHONE I", "milieu": "URBAIN", "thematique": null, "type_qvh": null}}, {"type": "Feature", "geometry": {"type": "Point", "coordinates": [-16.030289, 14.161703]}, "properties": {"id": "hotelerie-1054", "type": "hotelerie", "type_label": "Hôtellerie", "nom": "AUBERGE  JOE KAMA", "region": {"nom": "KAOLACK", "code": 6}, "departement": {"nom": "KAOLACK", "code": 61}, "commune": {"nom": "KAHONE", "code": 61102}, "communaute_rurale": {"nom": "KAHONE", "code": 6110200}, "quartier_village": "KAHONE III", "milieu": "URBAIN", "thematique": null, "type_qvh": null}}, {"type": "Feature", "geometry": {"type": "Point", "coordinates": [-16.0194, 14.150385]}, "properties": {"id": "hotelerie-1055", "type": "hotelerie", "type_label": "Hôtellerie", "nom": "HOTEL RÄ?SIDENCE LES JARDINS", "region": {"nom": "KAOLACK", "code": 6}, "departement": {"nom": "KAOLACK", "code": 61}, "commune": {"nom": "KAHONE", "code": 61102}, "communaute_rurale": {"nom": "KAHONE", "code": 6110200}, "quartier_village": "THIANTE", "milieu": "URBAIN", "thematique": null, "type_qvh": null}}, {"type": "Feature", "geometry": {"type": "Point", "coordinates": [-16.018183, 14.15102]}, "properties": {"id": "hotelerie-1056", "type": "hotelerie", "type_label": "Hôtellerie", "nom": "AUBERGE KINY BIS", "region": {"nom": "KAOLACK", "code": 6}, "departement": {"nom": "KAOLACK", "code": 61}, "commune": {"nom": "KAHONE", "code": 61102}, "communaute_rurale": {"nom": "KAHONE", "code": 6110200}, "quartier_village": "THIANTE", "milieu": "URBAIN", "thematique": null, "type_qvh": null}}, {"type": "Feature", "geometry": {"type": "Point", "coordinates": [-16.031302, 14.155336]}, "properties": {"id": "hotelerie-1057", "type": "hotelerie", "type_label": "Hôtellerie", "nom": "HOTEL KAHONE", "region": {"nom": "KAOLACK", "code": 6}, "departement": {"nom": "KAOLACK", "code": 61}, "commune": {"nom": "KAHONE", "code": 61102}, "communaute_rurale": {"nom": "KAHONE", "code": 6110200}, "quartier_village": "THIANTE", "milieu": "URBAIN", "thematique": null, "type_qvh": null}}, {"type": "Feature", "geometry": {"type": "Point", "coordinates": [-16.042953, 14.151979]}, "properties": {"id": "hotelerie-1058", "type": "hotelerie", "type_label": "Hôtellerie", "nom": "RESIDENCE DALAL AK DIAM", "region": {"nom": "KAOLACK", "code": 6}, "departement": {"nom": "KAOLACK", "code": 61}, "commune": {"nom": "KAHONE", "code": 61102}, "communaute_rurale": {"nom": "KAHONE", "code": 6110200}, "quartier_village": "KAHONE II", "milieu": "URBAIN", "thematique": null, "type_qvh": null}}, {"type": "Feature", "geometry": {"type": "Point", "coordinates": [-16.048417, 14.145068]}, "properties": {"id": "hotelerie-1059", "type": "hotelerie", "type_label": "Hôtellerie", "nom": "HOTEL ADJANA", "region": {"nom": "KAOLACK", "code": 6}, "departement": {"nom": "KAOLACK", "code": 61}, "commune": {"nom": "KAHONE", "code": 61102}, "communaute_rurale": {"nom": "KAHONE", "code": 6110200}, "quartier_village": "KAHONE II", "milieu": "URBAIN", "thematique": null, "type_qvh": null}}, {"type": "Feature", "geometry": {"type": "Point", "coordinates": [-16.041279, 14.158832]}, "properties": {"id": "hotelerie-1060", "type": "hotelerie", "type_label": "Hôtellerie", "nom": "AUBERGE LE  SALOUM 2", "region": {"nom": "KAOLACK", "code": 6}, "departement": {"nom": "KAOLACK", "code": 61}, "commune": {"nom": "KAHONE", "code": 61102}, "communaute_rurale": {"nom": "KAHONE", "code": 6110200}, "quartier_village": "KAHONE I", "milieu": "URBAIN", "thematique": null, "type_qvh": null}}, {"type": "Feature", "geometry": {"type": "Point", "coordinates": [-16.10771, 14.155965]}, "properties": {"id": "hotelerie-1061", "type": "hotelerie", "type_label": "Hôtellerie", "nom": "Hôtel djiloff inn", "region": {"nom": "KAOLACK", "code": 6}, "departement": {"nom": "KAOLACK", "code": 61}, "commune": {"nom": "KAOLACK", "code": 61101}, "communaute_rurale": {"nom": "KAOLACK", "code": 6110100}, "quartier_village": "FASS CAMP DES GARDES", "milieu": "URBAIN", "thematique": null, "type_qvh": null}}, {"type": "Feature", "geometry": {"type": "Point", "coordinates": [-16.108366, 14.157263]}, "properties": {"id": "hotelerie-1062", "type": "hotelerie", "type_label": "Hôtellerie", "nom": "Auberge", "region": {"nom": "KAOLACK", "code": 6}, "departement": {"nom": "KAOLACK", "code": 61}, "commune": {"nom": "KAOLACK", "code": 61101}, "communaute_rurale": {"nom": "KAOLACK", "code": 6110100}, "quartier_village": "FASS CAMP DES GARDES", "milieu": "URBAIN", "thematique": null, "type_qvh": null}}, {"type": "Feature", "geometry": {"type": "Point", "coordinates": [-16.109352, 14.156836]}, "properties": {"id": "hotelerie-1063", "type": "hotelerie", "type_label": "Hôtellerie", "nom": "Auberge le saloum", "region": {"nom": "KAOLACK", "code": 6}, "departement": {"nom": "KAOLACK", "code": 61}, "commune": {"nom": "KAOLACK", "code": 61101}, "communaute_rurale": {"nom": "KAOLACK", "code": 6110100}, "quartier_village": "FASS CAMP DES GARDES", "milieu": "URBAIN", "thematique": null, "type_qvh": null}}, {"type": "Feature", "geometry": {"type": "Point", "coordinates": [-16.106726, 14.154115]}, "properties": {"id": "hotelerie-1064", "type": "hotelerie", "type_label": "Hôtellerie", "nom": "Auberge annex le saloum", "region": {"nom": "KAOLACK", "code": 6}, "departement": {"nom": "KAOLACK", "code": 61}, "commune": {"nom": "KAOLACK", "code": 61101}, "communaute_rurale": {"nom": "KAOLACK", "code": 6110100}, "quartier_village": "DAROU RIDWANE", "milieu": "URBAIN", "thematique": null, "type_qvh": null}}, {"type": "Feature", "geometry": {"type": "Point", "coordinates": [-16.083574, 14.14278]}, "properties": {"id": "hotelerie-1065", "type": "hotelerie", "type_label": "Hôtellerie", "nom": "Imek", "region": {"nom": "KAOLACK", "code": 6}, "departement": {"nom": "KAOLACK", "code": 61}, "commune": {"nom": "KAOLACK", "code": 61101}, "communaute_rurale": {"nom": "KAOLACK", "code": 6110100}, "quartier_village": "KASNACK", "milieu": "URBAIN", "thematique": null, "type_qvh": null}}, {"type": "Feature", "geometry": {"type": "Point", "coordinates": [-16.079064, 14.143987]}, "properties": {"id": "hotelerie-1066", "type": "hotelerie", "type_label": "Hôtellerie", "nom": "Centre aprofes", "region": {"nom": "KAOLACK", "code": 6}, "departement": {"nom": "KAOLACK", "code": 61}, "commune": {"nom": "KAOLACK", "code": 61101}, "communaute_rurale": {"nom": "KAOLACK", "code": 6110100}, "quartier_village": "KASNACK", "milieu": "URBAIN", "thematique": null, "type_qvh": null}}, {"type": "Feature", "geometry": {"type": "Point", "coordinates": [-16.083276, 14.141769]}, "properties": {"id": "hotelerie-1067", "type": "hotelerie", "type_label": "Hôtellerie", "nom": "Résidence mame diarra", "region": {"nom": "KAOLACK", "code": 6}, "departement": {"nom": "KAOLACK", "code": 61}, "commune": {"nom": "KAOLACK", "code": 61101}, "communaute_rurale": {"nom": "KAOLACK", "code": 6110100}, "quartier_village": "KOUNDAM", "milieu": "URBAIN", "thematique": null, "type_qvh": null}}, {"type": "Feature", "geometry": {"type": "Point", "coordinates": [-16.083233, 14.142101]}, "properties": {"id": "hotelerie-1068", "type": "hotelerie", "type_label": "Hôtellerie", "nom": "Résidence mame diarra", "region": {"nom": "KAOLACK", "code": 6}, "departement": {"nom": "KAOLACK", "code": 61}, "commune": {"nom": "KAOLACK", "code": 61101}, "communaute_rurale": {"nom": "KAOLACK", "code": 6110100}, "quartier_village": "KOUNDAM", "milieu": "URBAIN", "thematique": null, "type_qvh": null}}, {"type": "Feature", "geometry": {"type": "Point", "coordinates": [-16.072334, 14.141925]}, "properties": {"id": "hotelerie-1069", "type": "hotelerie", "type_label": "Hôtellerie", "nom": "Résidence hilton", "region": {"nom": "KAOLACK", "code": 6}, "departement": {"nom": "KAOLACK", "code": 61}, "commune": {"nom": "KAOLACK", "code": 61101}, "communaute_rurale": {"nom": "KAOLACK", "code": 6110100}, "quartier_village": "LEONA CENTRE", "milieu": "URBAIN", "thematique": null, "type_qvh": null}}, {"type": "Feature", "geometry": {"type": "Point", "coordinates": [-16.059893, 14.166665]}, "properties": {"id": "hotelerie-1070", "type": "hotelerie", "type_label": "Hôtellerie", "nom": "Residence daroul himane", "region": {"nom": "KAOLACK", "code": 6}, "departement": {"nom": "KAOLACK", "code": 61}, "commune": {"nom": "KAOLACK", "code": 61101}, "communaute_rurale": {"nom": "KAOLACK", "code": 6110100}, "quartier_village": "MEDINA BAYE", "milieu": "URBAIN", "thematique": null, "type_qvh": null}}, {"type": "Feature", "geometry": {"type": "Point", "coordinates": [-16.059632, 14.16704]}, "properties": {"id": "hotelerie-1071", "type": "hotelerie", "type_label": "Hôtellerie", "nom": "Residence daroul himane", "region": {"nom": "KAOLACK", "code": 6}, "departement": {"nom": "KAOLACK", "code": 61}, "commune": {"nom": "KAOLACK", "code": 61101}, "communaute_rurale": {"nom": "KAOLACK", "code": 6110100}, "quartier_village": "MEDINA BAYE", "milieu": "URBAIN", "thematique": null, "type_qvh": null}}, {"type": "Feature", "geometry": {"type": "Point", "coordinates": [-16.083075, 14.13034]}, "properties": {"id": "hotelerie-1072", "type": "hotelerie", "type_label": "Hôtellerie", "nom": "Hôtel le relais de kaolack", "region": {"nom": "KAOLACK", "code": 6}, "departement": {"nom": "KAOLACK", "code": 61}, "commune": {"nom": "KAOLACK", "code": 61101}, "communaute_rurale": {"nom": "KAOLACK", "code": 6110100}, "quartier_village": "KOUNDAM", "milieu": "URBAIN", "thematique": null, "type_qvh": null}}, {"type": "Feature", "geometry": {"type": "Point", "coordinates": [-16.072775, 14.137883]}, "properties": {"id": "hotelerie-1073", "type": "hotelerie", "type_label": "Hôtellerie", "nom": "Auberge", "region": {"nom": "KAOLACK", "code": 6}, "departement": {"nom": "KAOLACK", "code": 61}, "commune": {"nom": "KAOLACK", "code": 61101}, "communaute_rurale": {"nom": "KAOLACK", "code": 6110100}, "quartier_village": "LEONA ESCALE", "milieu": "URBAIN", "thematique": null, "type_qvh": null}}, {"type": "Feature", "geometry": {"type": "Point", "coordinates": [-16.072842, 14.138263]}, "properties": {"id": "hotelerie-1074", "type": "hotelerie", "type_label": "Hôtellerie", "nom": "Hôtel napoléon", "region": {"nom": "KAOLACK", "code": 6}, "departement": {"nom": "KAOLACK", "code": 61}, "commune": {"nom": "KAOLACK", "code": 61101}, "communaute_rurale": {"nom": "KAOLACK", "code": 6110100}, "quartier_village": "LEONA ESCALE", "milieu": "URBAIN", "thematique": null, "type_qvh": null}}, {"type": "Feature", "geometry": {"type": "Point", "coordinates": [-16.073046, 14.138751]}, "properties": {"id": "hotelerie-1075", "type": "hotelerie", "type_label": "Hôtellerie", "nom": "Hotel restaurant chez adama cire", "region": {"nom": "KAOLACK", "code": 6}, "departement": {"nom": "KAOLACK", "code": 61}, "commune": {"nom": "KAOLACK", "code": 61101}, "communaute_rurale": {"nom": "KAOLACK", "code": 6110100}, "quartier_village": "LEONA ESCALE", "milieu": "URBAIN", "thematique": null, "type_qvh": null}}, {"type": "Feature", "geometry": {"type": "Point", "coordinates": [-16.077963, 14.138535]}, "properties": {"id": "hotelerie-1076", "type": "hotelerie", "type_label": "Hôtellerie", "nom": "Hôtel arc en ciel", "region": {"nom": "KAOLACK", "code": 6}, "departement": {"nom": "KAOLACK", "code": 61}, "commune": {"nom": "KAOLACK", "code": 61101}, "communaute_rurale": {"nom": "KAOLACK", "code": 6110100}, "quartier_village": "LEONA ESCALE", "milieu": "URBAIN", "thematique": null, "type_qvh": null}}, {"type": "Feature", "geometry": {"type": "Point", "coordinates": [-16.07732, 14.133248]}, "properties": {"id": "hotelerie-1077", "type": "hotelerie", "type_label": "Hôtellerie", "nom": "Hôtel de paris", "region": {"nom": "KAOLACK", "code": 6}, "departement": {"nom": "KAOLACK", "code": 61}, "commune": {"nom": "KAOLACK", "code": 61101}, "communaute_rurale": {"nom": "KAOLACK", "code": 6110100}, "quartier_village": "LEONA ESCALE", "milieu": "URBAIN", "thematique": null, "type_qvh": null}}, {"type": "Feature", "geometry": {"type": "Point", "coordinates": [-16.134854, 14.170302]}, "properties": {"id": "hotelerie-1078", "type": "hotelerie", "type_label": "Hôtellerie", "nom": "Auberge de l amitié (keur bour)", "region": {"nom": "KAOLACK", "code": 6}, "departement": {"nom": "KAOLACK", "code": 61}, "commune": {"nom": "KAOLACK", "code": 61101}, "communaute_rurale": {"nom": "KAOLACK", "code": 6110100}, "quartier_village": "KABATOKI", "milieu": "URBAIN", "thematique": null, "type_qvh": null}}, {"type": "Feature", "geometry": {"type": "Point", "coordinates": [-16.134366, 14.170219]}, "properties": {"id": "hotelerie-1079", "type": "hotelerie", "type_label": "Hôtellerie", "nom": "Auberge", "region": {"nom": "KAOLACK", "code": 6}, "departement": {"nom": "KAOLACK", "code": 61}, "commune": {"nom": "KAOLACK", "code": 61101}, "communaute_rurale": {"nom": "KAOLACK", "code": 6110100}, "quartier_village": "KABATOKI", "milieu": "URBAIN", "thematique": null, "type_qvh": null}}, {"type": "Feature", "geometry": {"type": "Point", "coordinates": [-15.918546, 14.004744]}, "properties": {"id": "hotelerie-1080", "type": "hotelerie", "type_label": "Hôtellerie", "nom": "AUBERGE SIDY CISSOKHO", "region": {"nom": "KAOLACK", "code": 6}, "departement": {"nom": "KAOLACK", "code": 61}, "commune": {"nom": "KOUMBAL", "code": 61202}, "communaute_rurale": {"nom": "LATMINGUE", "code": 6120201}, "quartier_village": "DAGA YOUNDOUM BAMBARA", "milieu": "RURAL", "thematique": null, "type_qvh": null}}, {"type": "Feature", "geometry": {"type": "Point", "coordinates": [-15.928536, 14.084215]}, "properties": {"id": "hotelerie-1081", "type": "hotelerie", "type_label": "Hôtellerie", "nom": "CAMPEMENT EMILIE WARDINI (HOTEL)", "region": {"nom": "KAOLACK", "code": 6}, "departement": {"nom": "KAOLACK", "code": 61}, "commune": {"nom": "KOUMBAL", "code": 61202}, "communaute_rurale": {"nom": "LATMINGUE", "code": 6120201}, "quartier_village": "NDANGANE", "milieu": "RURAL", "thematique": null, "type_qvh": null}}, {"type": "Feature", "geometry": {"type": "Point", "coordinates": [-15.604237, 13.602221]}, "properties": {"id": "hotelerie-1082", "type": "hotelerie", "type_label": "Hôtellerie", "nom": "HETEL", "region": {"nom": "KAOLACK", "code": 6}, "departement": {"nom": "NIORO", "code": 62}, "commune": {"nom": "MEDINA SABAKH", "code": 62201}, "communaute_rurale": {"nom": "MEDINA SABAKH", "code": 6220102}, "quartier_village": "KEUR AYIB GUEYE", "milieu": "RURAL", "thematique": null, "type_qvh": null}}, {"type": "Feature", "geometry": {"type": "Point", "coordinates": [-15.493622, 13.686997]}, "properties": {"id": "hotelerie-1083", "type": "hotelerie", "type_label": "Hôtellerie", "nom": "CAMPEMENT", "region": {"nom": "KAOLACK", "code": 6}, "departement": {"nom": "NIORO", "code": 62}, "commune": {"nom": "MEDINA SABAKH", "code": 62201}, "communaute_rurale": {"nom": "NGAYENE", "code": 6220103}, "quartier_village": "NGAYENE SABAKH", "milieu": "RURAL", "thematique": null, "type_qvh": null}}, {"type": "Feature", "geometry": {"type": "Point", "coordinates": [-15.779113, 13.747105]}, "properties": {"id": "hotelerie-1084", "type": "hotelerie", "type_label": "Hôtellerie", "nom": "Auberge", "region": {"nom": "KAOLACK", "code": 6}, "departement": {"nom": "NIORO", "code": 62}, "commune": {"nom": "NIORO", "code": 62101}, "communaute_rurale": {"nom": "NIORO", "code": 6210100}, "quartier_village": "MEDINA", "milieu": "URBAIN", "thematique": null, "type_qvh": null}}, {"type": "Feature", "geometry": {"type": "Point", "coordinates": [-15.779313, 13.747002]}, "properties": {"id": "hotelerie-1085", "type": "hotelerie", "type_label": "Hôtellerie", "nom": "Auberge", "region": {"nom": "KAOLACK", "code": 6}, "departement": {"nom": "NIORO", "code": 62}, "commune": {"nom": "NIORO", "code": 62101}, "communaute_rurale": {"nom": "NIORO", "code": 6210100}, "quartier_village": "MEDINA", "milieu": "URBAIN", "thematique": null, "type_qvh": null}}, {"type": "Feature", "geometry": {"type": "Point", "coordinates": [-15.895138, 14.819987]}, "properties": {"id": "hotelerie-1086", "type": "hotelerie", "type_label": "Hôtellerie", "nom": "Résidence", "region": {"nom": "DIOURBEL", "code": 3}, "departement": {"nom": "MBACKE", "code": 33}, "commune": {"nom": "NDAME", "code": 33202}, "communaute_rurale": {"nom": "TOUBA MOSQUEE", "code": 3320205}, "quartier_village": "DAROU SALAM NDAME", "milieu": "RURAL", "thematique": null, "type_qvh": null}}, {"type": "Feature", "geometry": {"type": "Point", "coordinates": [-15.889517, 14.839074]}, "properties": {"id": "hotelerie-1087", "type": "hotelerie", "type_label": "Hôtellerie", "nom": "RESIDENCE KHADIM RASSOUL", "region": {"nom": "DIOURBEL", "code": 3}, "departement": {"nom": "MBACKE", "code": 33}, "commune": {"nom": "NDAME", "code": 33202}, "communaute_rurale": {"nom": "TOUBA MOSQUEE", "code": 3320205}, "quartier_village": "DAROU MARNANE", "milieu": "RURAL", "thematique": null, "type_qvh": null}}, {"type": "Feature", "geometry": {"type": "Point", "coordinates": [-16.427903, 14.973282]}, "properties": {"id": "hotelerie-1088", "type": "hotelerie", "type_label": "Hôtellerie", "nom": "Maison communautaire", "region": {"nom": "DIOURBEL", "code": 3}, "departement": {"nom": "BAMBEY", "code": 31}, "commune": {"nom": "BABA GARAGE", "code": 31201}, "communaute_rurale": {"nom": "DINGUIRAYE", "code": 3120102}, "quartier_village": "DINGUIRAYE", "milieu": "RURAL", "thematique": null, "type_qvh": null}}, {"type": "Feature", "geometry": {"type": "Point", "coordinates": [-16.549844, 14.915269]}, "properties": {"id": "hotelerie-1089", "type": "hotelerie", "type_label": "Hôtellerie", "nom": "TENTE", "region": {"nom": "DIOURBEL", "code": 3}, "departement": {"nom": "BAMBEY", "code": 31}, "commune": {"nom": "BABA GARAGE", "code": 31201}, "communaute_rurale": {"nom": "KEUR SAMBA KANE", "code": 3120103}, "quartier_village": "NDIOUDIOUF I", "milieu": "RURAL", "thematique": null, "type_qvh": null}}, {"type": "Feature", "geometry": {"type": "Point", "coordinates": [-16.479425, 14.709916]}, "properties": {"id": "hotelerie-1090", "type": "hotelerie", "type_label": "Hôtellerie", "nom": "AUBERGE CAMPEMENT", "region": {"nom": "DIOURBEL", "code": 3}, "departement": {"nom": "BAMBEY", "code": 31}, "commune": {"nom": "LAMBAYE", "code": 31202}, "communaute_rurale": {"nom": "NGOGOM", "code": 3120203}, "quartier_village": "ISRA (CNRA)", "milieu": "RURAL", "thematique": null, "type_qvh": null}}, {"type": "Feature", "geometry": {"type": "Point", "coordinates": [-16.423321, 14.755684]}, "properties": {"id": "hotelerie-1091", "type": "hotelerie", "type_label": "Hôtellerie", "nom": "Hôtellerie", "region": {"nom": "DIOURBEL", "code": 3}, "departement": {"nom": "BAMBEY", "code": 31}, "commune": {"nom": "LAMBAYE", "code": 31202}, "communaute_rurale": {"nom": "NGOGOM", "code": 3120203}, "quartier_village": "H2 GOUYE NDIOGOU DAKHAR", "milieu": "RURAL", "thematique": null, "type_qvh": null}}, {"type": "Feature", "geometry": {"type": "Point", "coordinates": [-16.202893, 14.652346]}, "properties": {"id": "hotelerie-1092", "type": "hotelerie", "type_label": "Hôtellerie", "nom": "KEUR PATRICK", "region": {"nom": "DIOURBEL", "code": 3}, "departement": {"nom": "DIOURBEL", "code": 32}, "commune": {"nom": "DIOURBEL", "code": 32101}, "communaute_rurale": {"nom": "DIOURBEL", "code": 3210100}, "quartier_village": "THIERNO KANDJI", "milieu": "URBAIN", "thematique": null, "type_qvh": null}}, {"type": "Feature", "geometry": {"type": "Point", "coordinates": [-16.211569, 14.660519]}, "properties": {"id": "hotelerie-1093", "type": "hotelerie", "type_label": "Hôtellerie", "nom": "HOTEL HALAL DAROU SALAM", "region": {"nom": "DIOURBEL", "code": 3}, "departement": {"nom": "DIOURBEL", "code": 32}, "commune": {"nom": "DIOURBEL", "code": 32101}, "communaute_rurale": {"nom": "DIOURBEL", "code": 3210100}, "quartier_village": "THIERNO KANDJI", "milieu": "URBAIN", "thematique": null, "type_qvh": null}}, {"type": "Feature", "geometry": {"type": "Point", "coordinates": [-16.211915, 14.644598]}, "properties": {"id": "hotelerie-1094", "type": "hotelerie", "type_label": "Hôtellerie", "nom": "HOTEL BALKAN", "region": {"nom": "DIOURBEL", "code": 3}, "departement": {"nom": "DIOURBEL", "code": 32}, "commune": {"nom": "DIOURBEL", "code": 32101}, "communaute_rurale": {"nom": "DIOURBEL", "code": 3210100}, "quartier_village": "THIERNO KANDJI", "milieu": "URBAIN", "thematique": null, "type_qvh": null}}, {"type": "Feature", "geometry": {"type": "Point", "coordinates": [-16.219436, 14.653696]}, "properties": {"id": "hotelerie-1095", "type": "hotelerie", "type_label": "Hôtellerie", "nom": "LE PALMARIN", "region": {"nom": "DIOURBEL", "code": 3}, "departement": {"nom": "DIOURBEL", "code": 32}, "commune": {"nom": "DIOURBEL", "code": 32101}, "communaute_rurale": {"nom": "DIOURBEL", "code": 3210100}, "quartier_village": "THIERNO KANDJI", "milieu": "URBAIN", "thematique": null, "type_qvh": null}}, {"type": "Feature", "geometry": {"type": "Point", "coordinates": [-16.220631, 14.651733]}, "properties": {"id": "hotelerie-1096", "type": "hotelerie", "type_label": "Hôtellerie", "nom": "JARDIN MATERNEL", "region": {"nom": "DIOURBEL", "code": 3}, "departement": {"nom": "DIOURBEL", "code": 32}, "commune": {"nom": "DIOURBEL", "code": 32101}, "communaute_rurale": {"nom": "DIOURBEL", "code": 3210100}, "quartier_village": "THIERNO KANDJI", "milieu": "URBAIN", "thematique": null, "type_qvh": null}}, {"type": "Feature", "geometry": {"type": "Point", "coordinates": [-16.221349, 14.635021]}, "properties": {"id": "hotelerie-1097", "type": "hotelerie", "type_label": "Hôtellerie", "nom": "BHP HOTEL", "region": {"nom": "DIOURBEL", "code": 3}, "departement": {"nom": "DIOURBEL", "code": 32}, "commune": {"nom": "DIOURBEL", "code": 32101}, "communaute_rurale": {"nom": "DIOURBEL", "code": 3210100}, "quartier_village": "THIERNO KANDJI", "milieu": "URBAIN", "thematique": null, "type_qvh": null}}, {"type": "Feature", "geometry": {"type": "Point", "coordinates": [-16.151467, 14.596411]}, "properties": {"id": "hotelerie-1098", "type": "hotelerie", "type_label": "Hôtellerie", "nom": "CAMPEMENT", "region": {"nom": "DIOURBEL", "code": 3}, "departement": {"nom": "DIOURBEL", "code": 32}, "commune": {"nom": "NDOULO", "code": 32202}, "communaute_rurale": {"nom": "TOCKY GARE", "code": 3220204}, "quartier_village": "TOCKY GARE", "milieu": "RURAL", "thematique": null, "type_qvh": null}}, {"type": "Feature", "geometry": {"type": "Point", "coordinates": [-16.221245, 14.725543]}, "properties": {"id": "hotelerie-1099", "type": "hotelerie", "type_label": "Hôtellerie", "nom": "HOTEL COMMUNALE DE TOURE MBONDE", "region": {"nom": "DIOURBEL", "code": 3}, "departement": {"nom": "DIOURBEL", "code": 32}, "commune": {"nom": "NDOULO", "code": 32202}, "communaute_rurale": {"nom": "TOURE MBONDE", "code": 3220205}, "quartier_village": "TOURE MBONDE", "milieu": "RURAL", "thematique": null, "type_qvh": null}}, {"type": "Feature", "geometry": {"type": "Point", "coordinates": [-16.033514, 14.725053]}, "properties": {"id": "hotelerie-1100", "type": "hotelerie", "type_label": "Hôtellerie", "nom": "MAISON COMMUNAUTAIRE", "region": {"nom": "DIOURBEL", "code": 3}, "departement": {"nom": "MBACKE", "code": 33}, "commune": {"nom": "KAEL", "code": 33201}, "communaute_rurale": {"nom": "DENDEYE GOUYE GUI", "code": 3320101}, "quartier_village": "DENDEYE ESCALE", "milieu": "RURAL", "thematique": null, "type_qvh": null}}, {"type": "Feature", "geometry": {"type": "Point", "coordinates": [-15.909349, 14.797507]}, "properties": {"id": "hotelerie-1101", "type": "hotelerie", "type_label": "Hôtellerie", "nom": "CAMPEMENT", "region": {"nom": "DIOURBEL", "code": 3}, "departement": {"nom": "MBACKE", "code": 33}, "commune": {"nom": "MBACKE", "code": 33101}, "communaute_rurale": {"nom": "MBACKE", "code": 3310100}, "quartier_village": "MBACKE KHEWAR", "milieu": "URBAIN", "thematique": null, "type_qvh": null}}, {"type": "Feature", "geometry": {"type": "Point", "coordinates": [-15.915503, 14.796235]}, "properties": {"id": "hotelerie-1102", "type": "hotelerie", "type_label": "Hôtellerie", "nom": "CAMPEMENT TOURISTIQUE", "region": {"nom": "DIOURBEL", "code": 3}, "departement": {"nom": "MBACKE", "code": 33}, "commune": {"nom": "MBACKE", "code": 33101}, "communaute_rurale": {"nom": "MBACKE", "code": 3310100}, "quartier_village": "MBACKE KHEWAR", "milieu": "URBAIN", "thematique": null, "type_qvh": null}}, {"type": "Feature", "geometry": {"type": "Point", "coordinates": [-15.546232, 14.796819]}, "properties": {"id": "hotelerie-1103", "type": "hotelerie", "type_label": "Hôtellerie", "nom": "HOTE DE VILLE DE SADIO", "region": {"nom": "DIOURBEL", "code": 3}, "departement": {"nom": "MBACKE", "code": 33}, "commune": {"nom": "TAIF", "code": 33203}, "communaute_rurale": {"nom": "SADIO", "code": 3320301}, "quartier_village": "SADIO ESCALE", "milieu": "RURAL", "thematique": null, "type_qvh": null}}, {"type": "Feature", "geometry": {"type": "Point", "coordinates": [-12.193144, 12.556486]}, "properties": {"id": "hotelerie-1104", "type": "hotelerie", "type_label": "Hôtellerie", "nom": "AUBERGE OBAMA", "region": {"nom": "KEDOUGOU", "code": 13}, "departement": {"nom": "KEDOUGOU", "code": 131}, "commune": {"nom": "KEDOUGOU", "code": 131101}, "communaute_rurale": {"nom": "KEDOUGOU", "code": 13110100}, "quartier_village": "DANDEMAYO", "milieu": "URBAIN", "thematique": null, "type_qvh": null}}, {"type": "Feature", "geometry": {"type": "Point", "coordinates": [-12.200598, 12.557219]}, "properties": {"id": "hotelerie-1105", "type": "hotelerie", "type_label": "Hôtellerie", "nom": "CAMPEMENT TIMINANDYA", "region": {"nom": "KEDOUGOU", "code": 13}, "departement": {"nom": "KEDOUGOU", "code": 131}, "commune": {"nom": "KEDOUGOU", "code": 131101}, "communaute_rurale": {"nom": "KEDOUGOU", "code": 13110100}, "quartier_village": "GOMBA", "milieu": "URBAIN", "thematique": null, "type_qvh": null}}, {"type": "Feature", "geometry": {"type": "Point", "coordinates": [-12.178942, 12.548956]}, "properties": {"id": "hotelerie-1106", "type": "hotelerie", "type_label": "Hôtellerie", "nom": "CAMPEMENT", "region": {"nom": "KEDOUGOU", "code": 13}, "departement": {"nom": "KEDOUGOU", "code": 131}, "commune": {"nom": "KEDOUGOU", "code": 131101}, "communaute_rurale": {"nom": "KEDOUGOU", "code": 13110100}, "quartier_village": "TOGORO", "milieu": "URBAIN", "thematique": null, "type_qvh": null}}, {"type": "Feature", "geometry": {"type": "Point", "coordinates": [-11.958184, 12.476438]}, "properties": {"id": "hotelerie-1107", "type": "hotelerie", "type_label": "Hôtellerie", "nom": "CAMPEMENT DE NIAGASSOU", "region": {"nom": "KEDOUGOU", "code": 13}, "departement": {"nom": "KEDOUGOU", "code": 131}, "commune": {"nom": "FONGOLEMBI", "code": 131202}, "communaute_rurale": {"nom": "DIMBOLI", "code": 13120201}, "quartier_village": "MALINDA", "milieu": "RURAL", "thematique": null, "type_qvh": null}}, {"type": "Feature", "geometry": {"type": "Point", "coordinates": [-12.335491, 12.516813]}, "properties": {"id": "hotelerie-1108", "type": "hotelerie", "type_label": "Hôtellerie", "nom": "CAMPEMENT", "region": {"nom": "KEDOUGOU", "code": 13}, "departement": {"nom": "KEDOUGOU", "code": 131}, "commune": {"nom": "BANDAFASSI", "code": 131201}, "communaute_rurale": {"nom": "BANDAFASSI", "code": 13120101}, "quartier_village": "BOUNDOUCONDI", "milieu": "RURAL", "thematique": null, "type_qvh": null}}, {"type": "Feature", "geometry": {"type": "Point", "coordinates": [-12.309854, 12.534187]}, "properties": {"id": "hotelerie-1109", "type": "hotelerie", "type_label": "Hôtellerie", "nom": "AUBERGE ADJI CISSE", "region": {"nom": "KEDOUGOU", "code": 13}, "departement": {"nom": "KEDOUGOU", "code": 131}, "commune": {"nom": "BANDAFASSI", "code": 131201}, "communaute_rurale": {"nom": "BANDAFASSI", "code": 13120101}, "quartier_village": "H1 INDAR", "milieu": "RURAL", "thematique": null, "type_qvh": null}}, {"type": "Feature", "geometry": {"type": "Point", "coordinates": [-12.314273, 12.535656]}, "properties": {"id": "hotelerie-1110", "type": "hotelerie", "type_label": "Hôtellerie", "nom": "CAMPEMENT VILLAGE COMMUNAUTAIRE", "region": {"nom": "KEDOUGOU", "code": 13}, "departement": {"nom": "KEDOUGOU", "code": 131}, "commune": {"nom": "BANDAFASSI", "code": 131201}, "communaute_rurale": {"nom": "BANDAFASSI", "code": 13120101}, "quartier_village": "BANDAFASSI TANDA", "milieu": "RURAL", "thematique": null, "type_qvh": null}}, {"type": "Feature", "geometry": {"type": "Point", "coordinates": [-12.313153, 12.530942]}, "properties": {"id": "hotelerie-1111", "type": "hotelerie", "type_label": "Hôtellerie", "nom": "CAMPEMENT TOURISTIQUE LE BEDIK", "region": {"nom": "KEDOUGOU", "code": 13}, "departement": {"nom": "KEDOUGOU", "code": 131}, "commune": {"nom": "BANDAFASSI", "code": 131201}, "communaute_rurale": {"nom": "BANDAFASSI", "code": 13120101}, "quartier_village": "H1 INDAR", "milieu": "RURAL", "thematique": null, "type_qvh": null}}, {"type": "Feature", "geometry": {"type": "Point", "coordinates": [-12.310343, 12.53918]}, "properties": {"id": "hotelerie-1112", "type": "hotelerie", "type_label": "Hôtellerie", "nom": "CAMPEMENT", "region": {"nom": "KEDOUGOU", "code": 13}, "departement": {"nom": "KEDOUGOU", "code": 131}, "commune": {"nom": "BANDAFASSI", "code": 131201}, "communaute_rurale": {"nom": "BANDAFASSI", "code": 13120101}, "quartier_village": "BANDAFASSI PEULH", "milieu": "RURAL", "thematique": null, "type_qvh": null}}, {"type": "Feature", "geometry": {"type": "Point", "coordinates": [-12.283168, 12.40412]}, "properties": {"id": "hotelerie-1113", "type": "hotelerie", "type_label": "Hôtellerie", "nom": "CAMPEMENT RAYMOND", "region": {"nom": "KEDOUGOU", "code": 13}, "departement": {"nom": "KEDOUGOU", "code": 131}, "commune": {"nom": "BANDAFASSI", "code": 131201}, "communaute_rurale": {"nom": "DINDEFELO", "code": 13120103}, "quartier_village": "YAMOUSSA SEGOU", "milieu": "RURAL", "thematique": null, "type_qvh": null}}, {"type": "Feature", "geometry": {"type": "Point", "coordinates": [-12.281862, 12.412462]}, "properties": {"id": "hotelerie-1114", "type": "hotelerie", "type_label": "Hôtellerie", "nom": "CAMPEMENT", "region": {"nom": "KEDOUGOU", "code": 13}, "departement": {"nom": "KEDOUGOU", "code": 131}, "commune": {"nom": "BANDAFASSI", "code": 131201}, "communaute_rurale": {"nom": "DINDEFELO", "code": 13120103}, "quartier_village": "YAMOUSSA SEGOU", "milieu": "RURAL", "thematique": null, "type_qvh": null}}, {"type": "Feature", "geometry": {"type": "Point", "coordinates": [-12.81181, 12.636222]}, "properties": {"id": "hotelerie-1115", "type": "hotelerie", "type_label": "Hôtellerie", "nom": "CAMPEMENT DENIS IRA", "region": {"nom": "KEDOUGOU", "code": 13}, "departement": {"nom": "SALEMATA", "code": 132}, "commune": {"nom": "SALEMATA", "code": 132101}, "communaute_rurale": {"nom": "SALEMATA", "code": 13210100}, "quartier_village": "LAWAL KEDOUGOU", "milieu": "URBAIN", "thematique": null, "type_qvh": null}}, {"type": "Feature", "geometry": {"type": "Point", "coordinates": [-11.697682, 13.085108]}, "properties": {"id": "hotelerie-1116", "type": "hotelerie", "type_label": "Hôtellerie", "nom": "CAMPEMENT", "region": {"nom": "KEDOUGOU", "code": 13}, "departement": {"nom": "SARAYA", "code": 133}, "commune": {"nom": "SABODALA", "code": 133202}, "communaute_rurale": {"nom": "MISSIRAH SIRIMANA", "code": 13320202}, "quartier_village": "MISSIRAH SIRIMANA", "milieu": "RURAL", "thematique": null, "type_qvh": null}}, {"type": "Feature", "geometry": {"type": "Point", "coordinates": [-12.238161, 12.643346]}, "properties": {"id": "hotelerie-1117", "type": "hotelerie", "type_label": "Hôtellerie", "nom": "CAMPEMENT OUNOUNDOU", "region": {"nom": "KEDOUGOU", "code": 13}, "departement": {"nom": "KEDOUGOU", "code": 131}, "commune": {"nom": "BANDAFASSI", "code": 131201}, "communaute_rurale": {"nom": "TOMBORONKOTO", "code": 13120102}, "quartier_village": "MAROUGOUDING", "milieu": "RURAL", "thematique": null, "type_qvh": null}}, {"type": "Feature", "geometry": {"type": "Point", "coordinates": [-12.22761, 12.683814]}, "properties": {"id": "hotelerie-1118", "type": "hotelerie", "type_label": "Hôtellerie", "nom": "CAMPEMENT", "region": {"nom": "KEDOUGOU", "code": 13}, "departement": {"nom": "KEDOUGOU", "code": 131}, "commune": {"nom": "BANDAFASSI", "code": 131201}, "communaute_rurale": {"nom": "TOMBORONKOTO", "code": 13120102}, "quartier_village": "H1 FANKOLY", "milieu": "RURAL", "thematique": null, "type_qvh": null}}, {"type": "Feature", "geometry": {"type": "Point", "coordinates": [-12.171994, 12.549206]}, "properties": {"id": "hotelerie-1119", "type": "hotelerie", "type_label": "Hôtellerie", "nom": "AUBERGE SOUS LES MANGUIERS", "region": {"nom": "KEDOUGOU", "code": 13}, "departement": {"nom": "KEDOUGOU", "code": 131}, "commune": {"nom": "KEDOUGOU", "code": 131101}, "communaute_rurale": {"nom": "KEDOUGOU", "code": 13110100}, "quartier_village": "MOSQUEE", "milieu": "URBAIN", "thematique": null, "type_qvh": null}}, {"type": "Feature", "geometry": {"type": "Point", "coordinates": [-12.203507, 12.568233]}, "properties": {"id": "hotelerie-1120", "type": "hotelerie", "type_label": "Hôtellerie", "nom": "HETEL DAROU SALAM", "region": {"nom": "KEDOUGOU", "code": 13}, "departement": {"nom": "KEDOUGOU", "code": 131}, "commune": {"nom": "KEDOUGOU", "code": 131101}, "communaute_rurale": {"nom": "KEDOUGOU", "code": 13110100}, "quartier_village": "DINGUESSOU", "milieu": "URBAIN", "thematique": null, "type_qvh": null}}, {"type": "Feature", "geometry": {"type": "Point", "coordinates": [-12.197817, 12.564197]}, "properties": {"id": "hotelerie-1121", "type": "hotelerie", "type_label": "Hôtellerie", "nom": "AUBERGE", "region": {"nom": "KEDOUGOU", "code": 13}, "departement": {"nom": "KEDOUGOU", "code": 131}, "commune": {"nom": "KEDOUGOU", "code": 131101}, "communaute_rurale": {"nom": "KEDOUGOU", "code": 13110100}, "quartier_village": "DINGUESSOU", "milieu": "URBAIN", "thematique": null, "type_qvh": null}}, {"type": "Feature", "geometry": {"type": "Point", "coordinates": [-12.192804, 12.561917]}, "properties": {"id": "hotelerie-1122", "type": "hotelerie", "type_label": "Hôtellerie", "nom": "GILMA HOTEL", "region": {"nom": "KEDOUGOU", "code": 13}, "departement": {"nom": "KEDOUGOU", "code": 131}, "commune": {"nom": "KEDOUGOU", "code": 131101}, "communaute_rurale": {"nom": "KEDOUGOU", "code": 13110100}, "quartier_village": "DINGUESSOU", "milieu": "URBAIN", "thematique": null, "type_qvh": null}}, {"type": "Feature", "geometry": {"type": "Point", "coordinates": [-12.184331, 12.550042]}, "properties": {"id": "hotelerie-1123", "type": "hotelerie", "type_label": "Hôtellerie", "nom": "HETEL LE BEDIK", "region": {"nom": "KEDOUGOU", "code": 13}, "departement": {"nom": "KEDOUGOU", "code": 131}, "commune": {"nom": "KEDOUGOU", "code": 131101}, "communaute_rurale": {"nom": "KEDOUGOU", "code": 13110100}, "quartier_village": "DANDEMAYO", "milieu": "URBAIN", "thematique": null, "type_qvh": null}}, {"type": "Feature", "geometry": {"type": "Point", "coordinates": [-12.177515, 12.548334]}, "properties": {"id": "hotelerie-1124", "type": "hotelerie", "type_label": "Hôtellerie", "nom": "CAMPEMENT LE SONINKE", "region": {"nom": "KEDOUGOU", "code": 13}, "departement": {"nom": "KEDOUGOU", "code": 131}, "commune": {"nom": "KEDOUGOU", "code": 131101}, "communaute_rurale": {"nom": "KEDOUGOU", "code": 13110100}, "quartier_village": "TOGORO", "milieu": "URBAIN", "thematique": null, "type_qvh": null}}, {"type": "Feature", "geometry": {"type": "Point", "coordinates": [-12.176809, 12.548149]}, "properties": {"id": "hotelerie-1125", "type": "hotelerie", "type_label": "Hôtellerie", "nom": "ANNEXE CAMPEMENT LE SONINKE", "region": {"nom": "KEDOUGOU", "code": 13}, "departement": {"nom": "KEDOUGOU", "code": 131}, "commune": {"nom": "KEDOUGOU", "code": 131101}, "communaute_rurale": {"nom": "KEDOUGOU", "code": 13110100}, "quartier_village": "TOGORO", "milieu": "URBAIN", "thematique": null, "type_qvh": null}}, {"type": "Feature", "geometry": {"type": "Point", "coordinates": [-12.176095, 12.539417]}, "properties": {"id": "hotelerie-1126", "type": "hotelerie", "type_label": "Hôtellerie", "nom": "CAMPEMENT", "region": {"nom": "KEDOUGOU", "code": 13}, "departement": {"nom": "KEDOUGOU", "code": 131}, "commune": {"nom": "KEDOUGOU", "code": 131101}, "communaute_rurale": {"nom": "KEDOUGOU", "code": 13110100}, "quartier_village": "TOGORO", "milieu": "URBAIN", "thematique": null, "type_qvh": null}}, {"type": "Feature", "geometry": {"type": "Point", "coordinates": [-12.174015, 12.546466]}, "properties": {"id": "hotelerie-1127", "type": "hotelerie", "type_label": "Hôtellerie", "nom": "CAMPEMENT", "region": {"nom": "KEDOUGOU", "code": 13}, "departement": {"nom": "KEDOUGOU", "code": 131}, "commune": {"nom": "KEDOUGOU", "code": 131101}, "communaute_rurale": {"nom": "KEDOUGOU", "code": 13110100}, "quartier_village": "TOGORO", "milieu": "URBAIN", "thematique": null, "type_qvh": null}}, {"type": "Feature", "geometry": {"type": "Point", "coordinates": [-12.173515, 12.545985]}, "properties": {"id": "hotelerie-1128", "type": "hotelerie", "type_label": "Hôtellerie", "nom": "ANNEX MOISE QUARTIER TOGORO", "region": {"nom": "KEDOUGOU", "code": 13}, "departement": {"nom": "KEDOUGOU", "code": 131}, "commune": {"nom": "KEDOUGOU", "code": 131101}, "communaute_rurale": {"nom": "KEDOUGOU", "code": 13110100}, "quartier_village": "TOGORO", "milieu": "URBAIN", "thematique": null, "type_qvh": null}}, {"type": "Feature", "geometry": {"type": "Point", "coordinates": [-12.178101, 12.559201]}, "properties": {"id": "hotelerie-1129", "type": "hotelerie", "type_label": "Hôtellerie", "nom": "HETEL", "region": {"nom": "KEDOUGOU", "code": 13}, "departement": {"nom": "KEDOUGOU", "code": 131}, "commune": {"nom": "KEDOUGOU", "code": 131101}, "communaute_rurale": {"nom": "KEDOUGOU", "code": 13110100}, "quartier_village": "DALABA", "milieu": "URBAIN", "thematique": null, "type_qvh": null}}, {"type": "Feature", "geometry": {"type": "Point", "coordinates": [-12.168117, 12.551648]}, "properties": {"id": "hotelerie-1130", "type": "hotelerie", "type_label": "Hôtellerie", "nom": "CAMPEMENT LE DIOULABA", "region": {"nom": "KEDOUGOU", "code": 13}, "departement": {"nom": "KEDOUGOU", "code": 131}, "commune": {"nom": "KEDOUGOU", "code": 131101}, "communaute_rurale": {"nom": "KEDOUGOU", "code": 13110100}, "quartier_village": "MOSQUEE", "milieu": "URBAIN", "thematique": null, "type_qvh": null}}, {"type": "Feature", "geometry": {"type": "Point", "coordinates": [-12.169519, 12.547365]}, "properties": {"id": "hotelerie-1131", "type": "hotelerie", "type_label": "Hôtellerie", "nom": "HOTEL", "region": {"nom": "KEDOUGOU", "code": 13}, "departement": {"nom": "KEDOUGOU", "code": 131}, "commune": {"nom": "KEDOUGOU", "code": 131101}, "communaute_rurale": {"nom": "KEDOUGOU", "code": 13110100}, "quartier_village": "MOSQUEE", "milieu": "URBAIN", "thematique": null, "type_qvh": null}}, {"type": "Feature", "geometry": {"type": "Point", "coordinates": [-12.181144, 12.558477]}, "properties": {"id": "hotelerie-1132", "type": "hotelerie", "type_label": "Hôtellerie", "nom": "AUBERGE CHEZ MOÏS", "region": {"nom": "KEDOUGOU", "code": 13}, "departement": {"nom": "KEDOUGOU", "code": 131}, "commune": {"nom": "KEDOUGOU", "code": 131101}, "communaute_rurale": {"nom": "KEDOUGOU", "code": 13110100}, "quartier_village": "DINGUESSOU", "milieu": "URBAIN", "thematique": null, "type_qvh": null}}, {"type": "Feature", "geometry": {"type": "Point", "coordinates": [-12.185199, 12.550546]}, "properties": {"id": "hotelerie-1133", "type": "hotelerie", "type_label": "Hôtellerie", "nom": "HETEL-BEDICK", "region": {"nom": "KEDOUGOU", "code": 13}, "departement": {"nom": "KEDOUGOU", "code": 131}, "commune": {"nom": "KEDOUGOU", "code": 131101}, "communaute_rurale": {"nom": "KEDOUGOU", "code": 13110100}, "quartier_village": "DANDEMAYO", "milieu": "URBAIN", "thematique": null, "type_qvh": null}}, {"type": "Feature", "geometry": {"type": "Point", "coordinates": [-12.185089, 12.551045]}, "properties": {"id": "hotelerie-1134", "type": "hotelerie", "type_label": "Hôtellerie", "nom": "HETEL-BEDICK", "region": {"nom": "KEDOUGOU", "code": 13}, "departement": {"nom": "KEDOUGOU", "code": 131}, "commune": {"nom": "KEDOUGOU", "code": 131101}, "communaute_rurale": {"nom": "KEDOUGOU", "code": 13110100}, "quartier_village": "DANDEMAYO", "milieu": "URBAIN", "thematique": null, "type_qvh": null}}, {"type": "Feature", "geometry": {"type": "Point", "coordinates": [-12.181948, 12.549482]}, "properties": {"id": "hotelerie-1135", "type": "hotelerie", "type_label": "Hôtellerie", "nom": "HETEL LES COCOTIERS DE KEDOUGOU", "region": {"nom": "KEDOUGOU", "code": 13}, "departement": {"nom": "KEDOUGOU", "code": 131}, "commune": {"nom": "KEDOUGOU", "code": 131101}, "communaute_rurale": {"nom": "KEDOUGOU", "code": 13110100}, "quartier_village": "DANDEMAYO", "milieu": "URBAIN", "thematique": null, "type_qvh": null}}, {"type": "Feature", "geometry": {"type": "Point", "coordinates": [-12.169813, 12.552805]}, "properties": {"id": "hotelerie-1136", "type": "hotelerie", "type_label": "Hôtellerie", "nom": "CAMPEMENT", "region": {"nom": "KEDOUGOU", "code": 13}, "departement": {"nom": "KEDOUGOU", "code": 131}, "commune": {"nom": "KEDOUGOU", "code": 131101}, "communaute_rurale": {"nom": "KEDOUGOU", "code": 13110100}, "quartier_village": "MOSQUEE", "milieu": "URBAIN", "thematique": null, "type_qvh": null}}, {"type": "Feature", "geometry": {"type": "Point", "coordinates": [-12.181682, 12.555362]}, "properties": {"id": "hotelerie-1137", "type": "hotelerie", "type_label": "Hôtellerie", "nom": "CAMPEMENT", "region": {"nom": "KEDOUGOU", "code": 13}, "departement": {"nom": "KEDOUGOU", "code": 131}, "commune": {"nom": "KEDOUGOU", "code": 131101}, "communaute_rurale": {"nom": "KEDOUGOU", "code": 13110100}, "quartier_village": "DANDEMAYO", "milieu": "URBAIN", "thematique": null, "type_qvh": null}}, {"type": "Feature", "geometry": {"type": "Point", "coordinates": [-12.203793, 12.568289]}, "properties": {"id": "hotelerie-1138", "type": "hotelerie", "type_label": "Hôtellerie", "nom": "HETEL DAR SALAM", "region": {"nom": "KEDOUGOU", "code": 13}, "departement": {"nom": "KEDOUGOU", "code": 131}, "commune": {"nom": "KEDOUGOU", "code": 131101}, "communaute_rurale": {"nom": "KEDOUGOU", "code": 13110100}, "quartier_village": "DINGUESSOU", "milieu": "URBAIN", "thematique": null, "type_qvh": null}}, {"type": "Feature", "geometry": {"type": "Point", "coordinates": [-12.135746, 12.570589]}, "properties": {"id": "hotelerie-1139", "type": "hotelerie", "type_label": "Hôtellerie", "nom": "CAMPEMENT KEDOUGOU BIOPARC", "region": {"nom": "KEDOUGOU", "code": 13}, "departement": {"nom": "KEDOUGOU", "code": 131}, "commune": {"nom": "KEDOUGOU", "code": 131101}, "communaute_rurale": {"nom": "KEDOUGOU", "code": 13110100}, "quartier_village": "KEGNETO PEULH", "milieu": "URBAIN", "thematique": null, "type_qvh": null}}, {"type": "Feature", "geometry": {"type": "Point", "coordinates": [-12.201932, 12.566397]}, "properties": {"id": "hotelerie-1140", "type": "hotelerie", "type_label": "Hôtellerie", "nom": "AUBERGE", "region": {"nom": "KEDOUGOU", "code": 13}, "departement": {"nom": "KEDOUGOU", "code": 131}, "commune": {"nom": "KEDOUGOU", "code": 131101}, "communaute_rurale": {"nom": "KEDOUGOU", "code": 13110100}, "quartier_village": "DINGUESSOU", "milieu": "URBAIN", "thematique": null, "type_qvh": null}}, {"type": "Feature", "geometry": {"type": "Point", "coordinates": [-12.181813, 12.552065]}, "properties": {"id": "hotelerie-1141", "type": "hotelerie", "type_label": "Hôtellerie", "nom": "AUBERGE THOMAS SANKARA", "region": {"nom": "KEDOUGOU", "code": 13}, "departement": {"nom": "KEDOUGOU", "code": 131}, "commune": {"nom": "KEDOUGOU", "code": 131101}, "communaute_rurale": {"nom": "KEDOUGOU", "code": 13110100}, "quartier_village": "DANDEMAYO", "milieu": "URBAIN", "thematique": null, "type_qvh": null}}, {"type": "Feature", "geometry": {"type": "Point", "coordinates": [-12.18773, 12.551477]}, "properties": {"id": "hotelerie-1142", "type": "hotelerie", "type_label": "Hôtellerie", "nom": "CAMPEMENT", "region": {"nom": "KEDOUGOU", "code": 13}, "departement": {"nom": "KEDOUGOU", "code": 131}, "commune": {"nom": "KEDOUGOU", "code": 131101}, "communaute_rurale": {"nom": "KEDOUGOU", "code": 13110100}, "quartier_village": "DANDEMAYO", "milieu": "URBAIN", "thematique": null, "type_qvh": null}}, {"type": "Feature", "geometry": {"type": "Point", "coordinates": [-12.165436, 12.554256]}, "properties": {"id": "hotelerie-1143", "type": "hotelerie", "type_label": "Hôtellerie", "nom": "CAMPEMENT PRIVE", "region": {"nom": "KEDOUGOU", "code": 13}, "departement": {"nom": "KEDOUGOU", "code": 131}, "commune": {"nom": "FONGOLEMBI", "code": 131202}, "communaute_rurale": {"nom": "DIMBOLI", "code": 13120201}, "quartier_village": "AFIA DANDEMAYO", "milieu": "RURAL", "thematique": null, "type_qvh": null}}, {"type": "Feature", "geometry": {"type": "Point", "coordinates": [-12.372111, 12.519331]}, "properties": {"id": "hotelerie-1144", "type": "hotelerie", "type_label": "Hôtellerie", "nom": "CAMPEMENT OUSSEYNOU BA", "region": {"nom": "KEDOUGOU", "code": 13}, "departement": {"nom": "KEDOUGOU", "code": 131}, "commune": {"nom": "BANDAFASSI", "code": 131201}, "communaute_rurale": {"nom": "BANDAFASSI", "code": 13120101}, "quartier_village": "IBEL", "milieu": "RURAL", "thematique": null, "type_qvh": null}}, {"type": "Feature", "geometry": {"type": "Point", "coordinates": [-12.326849, 12.382604]}, "properties": {"id": "hotelerie-1145", "type": "hotelerie", "type_label": "Hôtellerie", "nom": "CAMPEMENT", "region": {"nom": "KEDOUGOU", "code": 13}, "departement": {"nom": "KEDOUGOU", "code": 131}, "commune": {"nom": "BANDAFASSI", "code": 131201}, "communaute_rurale": {"nom": "DINDEFELO", "code": 13120103}, "quartier_village": "DINDEFELLO", "milieu": "RURAL", "thematique": null, "type_qvh": null}}, {"type": "Feature", "geometry": {"type": "Point", "coordinates": [-12.323604, 12.380167]}, "properties": {"id": "hotelerie-1146", "type": "hotelerie", "type_label": "Hôtellerie", "nom": "CAMPEMENT LE DOGON DU FOUTA", "region": {"nom": "KEDOUGOU", "code": 13}, "departement": {"nom": "KEDOUGOU", "code": 131}, "commune": {"nom": "BANDAFASSI", "code": 131201}, "communaute_rurale": {"nom": "DINDEFELO", "code": 13120103}, "quartier_village": "DINDEFELLO", "milieu": "RURAL", "thematique": null, "type_qvh": null}}, {"type": "Feature", "geometry": {"type": "Point", "coordinates": [-12.321492, 12.383252]}, "properties": {"id": "hotelerie-1147", "type": "hotelerie", "type_label": "Hôtellerie", "nom": "CAMPEMENT AFRICA CASCADE", "region": {"nom": "KEDOUGOU", "code": 13}, "departement": {"nom": "KEDOUGOU", "code": 131}, "commune": {"nom": "BANDAFASSI", "code": 131201}, "communaute_rurale": {"nom": "DINDEFELO", "code": 13120103}, "quartier_village": "DINDEFELLO", "milieu": "RURAL", "thematique": null, "type_qvh": null}}, {"type": "Feature", "geometry": {"type": "Point", "coordinates": [-12.273835, 12.419536]}, "properties": {"id": "hotelerie-1148", "type": "hotelerie", "type_label": "Hôtellerie", "nom": "CAMPEMENT TOURISTIQUE", "region": {"nom": "KEDOUGOU", "code": 13}, "departement": {"nom": "KEDOUGOU", "code": 131}, "commune": {"nom": "BANDAFASSI", "code": 131201}, "communaute_rurale": {"nom": "DINDEFELO", "code": 13120103}, "quartier_village": "YAMOUSSA SEGOU", "milieu": "RURAL", "thematique": null, "type_qvh": null}}, {"type": "Feature", "geometry": {"type": "Point", "coordinates": [-12.324017, 12.379069]}, "properties": {"id": "hotelerie-1149", "type": "hotelerie", "type_label": "Hôtellerie", "nom": "CAMPEMENT VILLAGEOIS", "region": {"nom": "KEDOUGOU", "code": 13}, "departement": {"nom": "KEDOUGOU", "code": 131}, "commune": {"nom": "BANDAFASSI", "code": 131201}, "communaute_rurale": {"nom": "DINDEFELO", "code": 13120103}, "quartier_village": "DINDEFELLO", "milieu": "RURAL", "thematique": null, "type_qvh": null}}, {"type": "Feature", "geometry": {"type": "Point", "coordinates": [-12.819208, 12.638246]}, "properties": {"id": "hotelerie-1150", "type": "hotelerie", "type_label": "Hôtellerie", "nom": "CAMPEMENT TOURISTIQUE CHEZ GILBERT", "region": {"nom": "KEDOUGOU", "code": 13}, "departement": {"nom": "SALEMATA", "code": 132}, "commune": {"nom": "SALEMATA", "code": 132101}, "communaute_rurale": {"nom": "SALEMATA", "code": 13210100}, "quartier_village": "COULOUBA", "milieu": "URBAIN", "thematique": null, "type_qvh": null}}, {"type": "Feature", "geometry": {"type": "Point", "coordinates": [-12.818314, 12.633043]}, "properties": {"id": "hotelerie-1151", "type": "hotelerie", "type_label": "Hôtellerie", "nom": "CAMPEMENT TOURISTIQUE", "region": {"nom": "KEDOUGOU", "code": 13}, "departement": {"nom": "SALEMATA", "code": 132}, "commune": {"nom": "SALEMATA", "code": 132101}, "communaute_rurale": {"nom": "SALEMATA", "code": 13210100}, "quartier_village": "MOSQUEE", "milieu": "URBAIN", "thematique": null, "type_qvh": null}}, {"type": "Feature", "geometry": {"type": "Point", "coordinates": [-13.048434, 12.67101]}, "properties": {"id": "hotelerie-1152", "type": "hotelerie", "type_label": "Hôtellerie", "nom": "CAMPEMENT TOURISME", "region": {"nom": "KEDOUGOU", "code": 13}, "departement": {"nom": "SALEMATA", "code": 132}, "commune": {"nom": "DAR SALAM", "code": 132202}, "communaute_rurale": {"nom": "OUBADJI", "code": 13220203}, "quartier_village": "EDALE", "milieu": "RURAL", "thematique": null, "type_qvh": null}}, {"type": "Feature", "geometry": {"type": "Point", "coordinates": [-11.70747, 13.192467]}, "properties": {"id": "hotelerie-1153", "type": "hotelerie", "type_label": "Hôtellerie", "nom": "CAMPEMENT DU VILLAGE", "region": {"nom": "KEDOUGOU", "code": 13}, "departement": {"nom": "SARAYA", "code": 133}, "commune": {"nom": "SABODALA", "code": 133202}, "communaute_rurale": {"nom": "MISSIRAH SIRIMANA", "code": 13320202}, "quartier_village": "DALOTO", "milieu": "RURAL", "thematique": null, "type_qvh": null}}, {"type": "Feature", "geometry": {"type": "Point", "coordinates": [-11.871356, 13.023628]}, "properties": {"id": "hotelerie-1154", "type": "hotelerie", "type_label": "Hôtellerie", "nom": "CAMPEMENT MAKABINGUI GOLD OPERATION", "region": {"nom": "KEDOUGOU", "code": 13}, "departement": {"nom": "SARAYA", "code": 133}, "commune": {"nom": "SABODALA", "code": 133202}, "communaute_rurale": {"nom": "MISSIRAH SIRIMANA", "code": 13320202}, "quartier_village": "DOUTA", "milieu": "RURAL", "thematique": null, "type_qvh": null}}, {"type": "Feature", "geometry": {"type": "Point", "coordinates": [-11.707348, 13.19177]}, "properties": {"id": "hotelerie-1155", "type": "hotelerie", "type_label": "Hôtellerie", "nom": "AUBERGE", "region": {"nom": "KEDOUGOU", "code": 13}, "departement": {"nom": "SARAYA", "code": 133}, "commune": {"nom": "SABODALA", "code": 133202}, "communaute_rurale": {"nom": "MISSIRAH SIRIMANA", "code": 13320202}, "quartier_village": "DALOTO", "milieu": "RURAL", "thematique": null, "type_qvh": null}}, {"type": "Feature", "geometry": {"type": "Point", "coordinates": [-11.759683, 12.835059]}, "properties": {"id": "hotelerie-1156", "type": "hotelerie", "type_label": "Hôtellerie", "nom": "AUBERGE", "region": {"nom": "KEDOUGOU", "code": 13}, "departement": {"nom": "SARAYA", "code": 133}, "commune": {"nom": "SARAYA", "code": 133101}, "communaute_rurale": {"nom": "SARAYA", "code": 13310100}, "quartier_village": "FOUNSAMBA", "milieu": "URBAIN", "thematique": null, "type_qvh": null}}, {"type": "Feature", "geometry": {"type": "Point", "coordinates": [-11.753232, 12.849405]}, "properties": {"id": "hotelerie-1157", "type": "hotelerie", "type_label": "Hôtellerie", "nom": "CAMPEMENT MINIERE", "region": {"nom": "KEDOUGOU", "code": 13}, "departement": {"nom": "SARAYA", "code": 133}, "commune": {"nom": "SARAYA", "code": 133101}, "communaute_rurale": {"nom": "SARAYA", "code": 13310100}, "quartier_village": "LIBERTE", "milieu": "URBAIN", "thematique": null, "type_qvh": null}}, {"type": "Feature", "geometry": {"type": "Point", "coordinates": [-11.751267, 12.836759]}, "properties": {"id": "hotelerie-1158", "type": "hotelerie", "type_label": "Hôtellerie", "nom": "CAMPEMENT TOURISTIQUE", "region": {"nom": "KEDOUGOU", "code": 13}, "departement": {"nom": "SARAYA", "code": 133}, "commune": {"nom": "SARAYA", "code": 133101}, "communaute_rurale": {"nom": "SARAYA", "code": 13310100}, "quartier_village": "MOSQUEE", "milieu": "URBAIN", "thematique": null, "type_qvh": null}}, {"type": "Feature", "geometry": {"type": "Point", "coordinates": [-11.753145, 12.831742]}, "properties": {"id": "hotelerie-1159", "type": "hotelerie", "type_label": "Hôtellerie", "nom": "CAMPEMENT BASSARI RESSOURCE", "region": {"nom": "KEDOUGOU", "code": 13}, "departement": {"nom": "SARAYA", "code": 133}, "commune": {"nom": "SARAYA", "code": 133101}, "communaute_rurale": {"nom": "SARAYA", "code": 13310100}, "quartier_village": "FOUNSAMBA", "milieu": "URBAIN", "thematique": null, "type_qvh": null}}, {"type": "Feature", "geometry": {"type": "Point", "coordinates": [-11.751934, 12.837458]}, "properties": {"id": "hotelerie-1160", "type": "hotelerie", "type_label": "Hôtellerie", "nom": "AUBERGE", "region": {"nom": "KEDOUGOU", "code": 13}, "departement": {"nom": "SARAYA", "code": 133}, "commune": {"nom": "SARAYA", "code": 133101}, "communaute_rurale": {"nom": "SARAYA", "code": 13310100}, "quartier_village": "LIBERTE", "milieu": "URBAIN", "thematique": null, "type_qvh": null}}, {"type": "Feature", "geometry": {"type": "Point", "coordinates": [-12.111855, 13.165104]}, "properties": {"id": "hotelerie-1161", "type": "hotelerie", "type_label": "Hôtellerie", "nom": "CAMPEMENT EN RUINE", "region": {"nom": "KEDOUGOU", "code": 13}, "departement": {"nom": "SARAYA", "code": 133}, "commune": {"nom": "SABODALA", "code": 133202}, "communaute_rurale": {"nom": "SABODALA", "code": 13320203}, "quartier_village": "SABODALA", "milieu": "RURAL", "thematique": null, "type_qvh": null}}, {"type": "Feature", "geometry": {"type": "Point", "coordinates": [-11.936114, 13.260036]}, "properties": {"id": "hotelerie-1162", "type": "hotelerie", "type_label": "Hôtellerie", "nom": "AUBERGE", "region": {"nom": "KEDOUGOU", "code": 13}, "departement": {"nom": "SARAYA", "code": 133}, "commune": {"nom": "SABODALA", "code": 133202}, "communaute_rurale": {"nom": "KHOSSANTO", "code": 13320201}, "quartier_village": "DIAKHALING", "milieu": "RURAL", "thematique": null, "type_qvh": null}}, {"type": "Feature", "geometry": {"type": "Point", "coordinates": [-11.969451, 13.134707]}, "properties": {"id": "hotelerie-1163", "type": "hotelerie", "type_label": "Hôtellerie", "nom": "CAMPEMENT MINIERE", "region": {"nom": "KEDOUGOU", "code": 13}, "departement": {"nom": "SARAYA", "code": 133}, "commune": {"nom": "SABODALA", "code": 133202}, "communaute_rurale": {"nom": "KHOSSANTO", "code": 13320201}, "quartier_village": "KHOSSANTO", "milieu": "RURAL", "thematique": null, "type_qvh": null}}, {"type": "Feature", "geometry": {"type": "Point", "coordinates": [-11.975828, 13.137362]}, "properties": {"id": "hotelerie-1164", "type": "hotelerie", "type_label": "Hôtellerie", "nom": "AUBERGE", "region": {"nom": "KEDOUGOU", "code": 13}, "departement": {"nom": "SARAYA", "code": 133}, "commune": {"nom": "SABODALA", "code": 133202}, "communaute_rurale": {"nom": "KHOSSANTO", "code": 13320201}, "quartier_village": "KHOSSANTO", "milieu": "RURAL", "thematique": null, "type_qvh": null}}, {"type": "Feature", "geometry": {"type": "Point", "coordinates": [-11.690493, 12.858672]}, "properties": {"id": "hotelerie-1165", "type": "hotelerie", "type_label": "Hôtellerie", "nom": "CAMPEMENT TOURISTIQUE", "region": {"nom": "KEDOUGOU", "code": 13}, "departement": {"nom": "SARAYA", "code": 133}, "commune": {"nom": "BEMBOU", "code": 133201}, "communaute_rurale": {"nom": "BEMBOU", "code": 13320102}, "quartier_village": "DALAFING", "milieu": "RURAL", "thematique": null, "type_qvh": null}}, {"type": "Feature", "geometry": {"type": "Point", "coordinates": [-11.614146, 12.626508]}, "properties": {"id": "hotelerie-1166", "type": "hotelerie", "type_label": "Hôtellerie", "nom": "CAMPEMENT DE PROJET", "region": {"nom": "KEDOUGOU", "code": 13}, "departement": {"nom": "SARAYA", "code": 133}, "commune": {"nom": "BEMBOU", "code": 133201}, "communaute_rurale": {"nom": "BEMBOU", "code": 13320102}, "quartier_village": "NAFADJI", "milieu": "RURAL", "thematique": null, "type_qvh": null}}, {"type": "Feature", "geometry": {"type": "Point", "coordinates": [-11.52071, 12.923947]}, "properties": {"id": "hotelerie-1167", "type": "hotelerie", "type_label": "Hôtellerie", "nom": "CAMPEMENT GOLD AFRICANISTE", "region": {"nom": "KEDOUGOU", "code": 13}, "departement": {"nom": "SARAYA", "code": 133}, "commune": {"nom": "BEMBOU", "code": 133201}, "communaute_rurale": {"nom": "BEMBOU", "code": 13320102}, "quartier_village": "KHARAKHAINA", "milieu": "RURAL", "thematique": null, "type_qvh": null}}, {"type": "Feature", "geometry": {"type": "Point", "coordinates": [-11.52814, 12.912912]}, "properties": {"id": "hotelerie-1168", "type": "hotelerie", "type_label": "Hôtellerie", "nom": "CAMPEMENT LONGUEA KHARAKHAINA", "region": {"nom": "KEDOUGOU", "code": 13}, "departement": {"nom": "SARAYA", "code": 133}, "commune": {"nom": "BEMBOU", "code": 133201}, "communaute_rurale": {"nom": "BEMBOU", "code": 13320102}, "quartier_village": "KHARAKHAINA", "milieu": "RURAL", "thematique": null, "type_qvh": null}}, {"type": "Feature", "geometry": {"type": "Point", "coordinates": [-11.528004, 12.913091]}, "properties": {"id": "hotelerie-1169", "type": "hotelerie", "type_label": "Hôtellerie", "nom": "CAMPEMENT IDC COMPAGNY KHARAKHAINA", "region": {"nom": "KEDOUGOU", "code": 13}, "departement": {"nom": "SARAYA", "code": 133}, "commune": {"nom": "BEMBOU", "code": 133201}, "communaute_rurale": {"nom": "BEMBOU", "code": 13320102}, "quartier_village": "KHARAKHAINA", "milieu": "RURAL", "thematique": null, "type_qvh": null}}, {"type": "Feature", "geometry": {"type": "Point", "coordinates": [-11.526184, 12.496137]}, "properties": {"id": "hotelerie-1170", "type": "hotelerie", "type_label": "Hôtellerie", "nom": "CAMPEMENT TOURISTIQUE", "region": {"nom": "KEDOUGOU", "code": 13}, "departement": {"nom": "SARAYA", "code": 133}, "commune": {"nom": "BEMBOU", "code": 133201}, "communaute_rurale": {"nom": "MEDINA BAFFE", "code": 13320101}, "quartier_village": "MEDINA BAFFE", "milieu": "RURAL", "thematique": null, "type_qvh": null}}, {"type": "Feature", "geometry": {"type": "Point", "coordinates": [-11.391887, 12.45894]}, "properties": {"id": "hotelerie-1171", "type": "hotelerie", "type_label": "Hôtellerie", "nom": "CAMPEMENT IAM GOL", "region": {"nom": "KEDOUGOU", "code": 13}, "departement": {"nom": "SARAYA", "code": 133}, "commune": {"nom": "BEMBOU", "code": 133201}, "communaute_rurale": {"nom": "MEDINA BAFFE", "code": 13320101}, "quartier_village": "GUEMEDJI", "milieu": "RURAL", "thematique": null, "type_qvh": null}}, {"type": "Feature", "geometry": {"type": "Point", "coordinates": [-15.549129, 14.103213]}, "properties": {"id": "hotelerie-1172", "type": "hotelerie", "type_label": "Hôtellerie", "nom": "HOTEL KEUR VENUS", "region": {"nom": "KAFFRINE", "code": 12}, "departement": {"nom": "KAFFRINE", "code": 121}, "commune": {"nom": "KAFFRINE", "code": 121101}, "communaute_rurale": {"nom": "KAFFRINE", "code": 12110100}, "quartier_village": "ESCALE EST", "milieu": "URBAIN", "thematique": null, "type_qvh": null}}, {"type": "Feature", "geometry": {"type": "Point", "coordinates": [-15.539632, 14.103354]}, "properties": {"id": "hotelerie-1173", "type": "hotelerie", "type_label": "Hôtellerie", "nom": "HETEL DE KAFFRINE", "region": {"nom": "KAFFRINE", "code": 12}, "departement": {"nom": "KAFFRINE", "code": 121}, "commune": {"nom": "KAFFRINE", "code": 121101}, "communaute_rurale": {"nom": "KAFFRINE", "code": 12110100}, "quartier_village": "ESCALE EST", "milieu": "URBAIN", "thematique": null, "type_qvh": null}}, {"type": "Feature", "geometry": {"type": "Point", "coordinates": [-15.554593, 14.102616]}, "properties": {"id": "hotelerie-1174", "type": "hotelerie", "type_label": "Hôtellerie", "nom": "AUBERGE(LE CORRIDOR)", "region": {"nom": "KAFFRINE", "code": 12}, "departement": {"nom": "KAFFRINE", "code": 121}, "commune": {"nom": "KAFFRINE", "code": 121101}, "communaute_rurale": {"nom": "KAFFRINE", "code": 12110100}, "quartier_village": "ESCALE OUEST/CITE MILLIONNAIRE", "milieu": "URBAIN", "thematique": null, "type_qvh": null}}, {"type": "Feature", "geometry": {"type": "Point", "coordinates": [-15.554943, 14.103981]}, "properties": {"id": "hotelerie-1175", "type": "hotelerie", "type_label": "Hôtellerie", "nom": "AUBERGE (CORIDORE ANNEXE 3)", "region": {"nom": "KAFFRINE", "code": 12}, "departement": {"nom": "KAFFRINE", "code": 121}, "commune": {"nom": "KAFFRINE", "code": 121101}, "communaute_rurale": {"nom": "KAFFRINE", "code": 12110100}, "quartier_village": "ESCALE OUEST/CITE MILLIONNAIRE", "milieu": "URBAIN", "thematique": null, "type_qvh": null}}, {"type": "Feature", "geometry": {"type": "Point", "coordinates": [-15.552941, 14.098141]}, "properties": {"id": "hotelerie-1176", "type": "hotelerie", "type_label": "Hôtellerie", "nom": "AUBERGE", "region": {"nom": "KAFFRINE", "code": 12}, "departement": {"nom": "KAFFRINE", "code": 121}, "commune": {"nom": "KAFFRINE", "code": 121101}, "communaute_rurale": {"nom": "KAFFRINE", "code": 12110100}, "quartier_village": "ESCALE OUEST/CITE MILLIONNAIRE", "milieu": "URBAIN", "thematique": null, "type_qvh": null}}, {"type": "Feature", "geometry": {"type": "Point", "coordinates": [-15.554421, 13.857513]}, "properties": {"id": "hotelerie-1177", "type": "hotelerie", "type_label": "Hôtellerie", "nom": "CAMPEMENT DE NDIAO BAMBALY", "region": {"nom": "KAFFRINE", "code": 12}, "departement": {"nom": "KAFFRINE", "code": 121}, "commune": {"nom": "KATAKEL", "code": 121202}, "communaute_rurale": {"nom": "DIAMAGADIO", "code": 12120204}, "quartier_village": "NDIAO BAMBALY", "milieu": "RURAL", "thematique": null, "type_qvh": null}}, {"type": "Feature", "geometry": {"type": "Point", "coordinates": [-14.951319, 13.827043]}, "properties": {"id": "hotelerie-1178", "type": "hotelerie", "type_label": "Hôtellerie", "nom": "CAMPEMENT", "region": {"nom": "KAFFRINE", "code": 12}, "departement": {"nom": "KOUNGHEUL", "code": 123}, "commune": {"nom": "IDA MOURIDE", "code": 123201}, "communaute_rurale": {"nom": "SALY ESCALE", "code": 12320101}, "quartier_village": "PAKALA (PAKABOURE)", "milieu": "RURAL", "thematique": null, "type_qvh": null}}, {"type": "Feature", "geometry": {"type": "Point", "coordinates": [-14.746527, 13.895522]}, "properties": {"id": "hotelerie-1179", "type": "hotelerie", "type_label": "Hôtellerie", "nom": "INTERNAT DARRA EL HADJI OMAR NGONE THIAM", "region": {"nom": "KAFFRINE", "code": 12}, "departement": {"nom": "KOUNGHEUL", "code": 123}, "commune": {"nom": "IDA MOURIDE", "code": 123201}, "communaute_rurale": {"nom": "FASS THIEKENE", "code": 12320102}, "quartier_village": "FASS THIEKENE", "milieu": "RURAL", "thematique": null, "type_qvh": null}}, {"type": "Feature", "geometry": {"type": "Point", "coordinates": [-14.843553, 13.9644]}, "properties": {"id": "hotelerie-1180", "type": "hotelerie", "type_label": "Hôtellerie", "nom": "HOTEL CAMPEMENT BAMBOUCK", "region": {"nom": "KAFFRINE", "code": 12}, "departement": {"nom": "KOUNGHEUL", "code": 123}, "commune": {"nom": "IDA MOURIDE", "code": 123201}, "communaute_rurale": {"nom": "FASS THIEKENE", "code": 12320102}, "quartier_village": "KEUR SERIGNE DIABEL", "milieu": "RURAL", "thematique": null, "type_qvh": null}}, {"type": "Feature", "geometry": {"type": "Point", "coordinates": [-14.794773, 13.982146]}, "properties": {"id": "hotelerie-1181", "type": "hotelerie", "type_label": "Hôtellerie", "nom": "Hôtellerie", "region": {"nom": "KAFFRINE", "code": 12}, "departement": {"nom": "KOUNGHEUL", "code": 123}, "commune": {"nom": "KOUNGHEUL", "code": 123101}, "communaute_rurale": {"nom": "KOUNGHEUL", "code": 12310100}, "quartier_village": "KOUNGHUEL VILLE 2", "milieu": "URBAIN", "thematique": null, "type_qvh": null}}, {"type": "Feature", "geometry": {"type": "Point", "coordinates": [-14.792576, 13.980987]}, "properties": {"id": "hotelerie-1182", "type": "hotelerie", "type_label": "Hôtellerie", "nom": "AUBERGE LE PARADIS", "region": {"nom": "KAFFRINE", "code": 12}, "departement": {"nom": "KOUNGHEUL", "code": 123}, "commune": {"nom": "KOUNGHEUL", "code": 123101}, "communaute_rurale": {"nom": "KOUNGHEUL", "code": 12310100}, "quartier_village": "KOUNGHUEL VILLE 2", "milieu": "URBAIN", "thematique": null, "type_qvh": null}}, {"type": "Feature", "geometry": {"type": "Point", "coordinates": [-14.46598, 12.90612]}, "properties": {"id": "hotelerie-1183", "type": "hotelerie", "type_label": "Hôtellerie", "nom": "CAMPEMENT", "region": {"nom": "KOLDA", "code": 10}, "departement": {"nom": "KOLDA", "code": 101}, "commune": {"nom": "MAMPATIM", "code": 101202}, "communaute_rurale": {"nom": "DABO", "code": 10120206}, "quartier_village": "TABASSAYE", "milieu": "URBAIN", "thematique": null, "type_qvh": null}}, {"type": "Feature", "geometry": {"type": "Point", "coordinates": [-14.911199, 12.877109]}, "properties": {"id": "hotelerie-1184", "type": "hotelerie", "type_label": "Hôtellerie", "nom": "Hôtel Le Relais", "region": {"nom": "KOLDA", "code": 10}, "departement": {"nom": "KOLDA", "code": 101}, "commune": {"nom": "DIOULACOLON", "code": 101201}, "communaute_rurale": {"nom": "DIOULACOLON", "code": 10120101}, "quartier_village": "SINTHIANG SAMBA COULIBALY", "milieu": "RURAL", "thematique": null, "type_qvh": null}}, {"type": "Feature", "geometry": {"type": "Point", "coordinates": [-14.961544, 12.872674]}, "properties": {"id": "hotelerie-1185", "type": "hotelerie", "type_label": "Hôtellerie", "nom": "HOTEL KOLIDADO", "region": {"nom": "KOLDA", "code": 10}, "departement": {"nom": "KOLDA", "code": 101}, "commune": {"nom": "SARE BIDJI", "code": 101203}, "communaute_rurale": {"nom": "SARE BIDJI", "code": 10120301}, "quartier_village": "BANDIAGARA MOUSSA ( SARE MOUSSA NDOUR )", "milieu": "RURAL", "thematique": null, "type_qvh": null}}, {"type": "Feature", "geometry": {"type": "Point", "coordinates": [-14.968017, 12.869844]}, "properties": {"id": "hotelerie-1186", "type": "hotelerie", "type_label": "Hôtellerie", "nom": "CAMPEMENT", "region": {"nom": "KOLDA", "code": 10}, "departement": {"nom": "KOLDA", "code": 101}, "commune": {"nom": "SARE BIDJI", "code": 101203}, "communaute_rurale": {"nom": "SARE BIDJI", "code": 10120301}, "quartier_village": "BANDIAGARA MOUSSA ( SARE MOUSSA NDOUR )", "milieu": "RURAL", "thematique": null, "type_qvh": null}}, {"type": "Feature", "geometry": {"type": "Point", "coordinates": [-14.997825, 12.853604]}, "properties": {"id": "hotelerie-1187", "type": "hotelerie", "type_label": "Hôtellerie", "nom": "CAMPEMENT TOURISTIQUE", "region": {"nom": "KOLDA", "code": 10}, "departement": {"nom": "KOLDA", "code": 101}, "commune": {"nom": "SARE BIDJI", "code": 101203}, "communaute_rurale": {"nom": "SARE BIDJI", "code": 10120301}, "quartier_village": "SARE BILALY", "milieu": "RURAL", "thematique": null, "type_qvh": null}}, {"type": "Feature", "geometry": {"type": "Point", "coordinates": [-14.928947, 12.930707]}, "properties": {"id": "hotelerie-1188", "type": "hotelerie", "type_label": "Hôtellerie", "nom": "CAMPEMENT", "region": {"nom": "KOLDA", "code": 10}, "departement": {"nom": "MEDINA YORO FOULAH", "code": 103}, "commune": {"nom": "NDORNA", "code": 103202}, "communaute_rurale": {"nom": "BIGNARABE", "code": 10320202}, "quartier_village": "TAMASSANKA", "milieu": "RURAL", "thematique": null, "type_qvh": null}}, {"type": "Feature", "geometry": {"type": "Point", "coordinates": [-14.558081, 13.053105]}, "properties": {"id": "hotelerie-1189", "type": "hotelerie", "type_label": "Hôtellerie", "nom": "Campement", "region": {"nom": "KOLDA", "code": 10}, "departement": {"nom": "MEDINA YORO FOULAH", "code": 103}, "commune": {"nom": "FAFACOUROU", "code": 103201}, "communaute_rurale": {"nom": "FAFACOUROU", "code": 10320101}, "quartier_village": "FAFACOUROU", "milieu": "RURAL", "thematique": null, "type_qvh": null}}, {"type": "Feature", "geometry": {"type": "Point", "coordinates": [-15.127463, 13.529306]}, "properties": {"id": "hotelerie-1190", "type": "hotelerie", "type_label": "Hôtellerie", "nom": "CAMPEMENT", "region": {"nom": "KOLDA", "code": 10}, "departement": {"nom": "MEDINA YORO FOULAH", "code": 103}, "commune": {"nom": "NIAMING", "code": 103203}, "communaute_rurale": {"nom": "KEREWANE", "code": 10320302}, "quartier_village": "DIAKHALY", "milieu": "RURAL", "thematique": null, "type_qvh": null}}, {"type": "Feature", "geometry": {"type": "Point", "coordinates": [-15.127456, 13.529691]}, "properties": {"id": "hotelerie-1191", "type": "hotelerie", "type_label": "Hôtellerie", "nom": "Campement", "region": {"nom": "KOLDA", "code": 10}, "departement": {"nom": "MEDINA YORO FOULAH", "code": 103}, "commune": {"nom": "NIAMING", "code": 103203}, "communaute_rurale": {"nom": "KEREWANE", "code": 10320302}, "quartier_village": "DIAKHALY", "milieu": "RURAL", "thematique": null, "type_qvh": null}}, {"type": "Feature", "geometry": {"type": "Point", "coordinates": [-14.718713, 13.2955]}, "properties": {"id": "hotelerie-1192", "type": "hotelerie", "type_label": "Hôtellerie", "nom": "Campement", "region": {"nom": "KOLDA", "code": 10}, "departement": {"nom": "MEDINA YORO FOULAH", "code": 103}, "commune": {"nom": "MEDINA YORO FOULAH", "code": 103101}, "communaute_rurale": {"nom": "MEDINA YORO FOULAH", "code": 10310100}, "quartier_village": "BOUNDOU MBALLO", "milieu": "URBAIN", "thematique": null, "type_qvh": null}}, {"type": "Feature", "geometry": {"type": "Point", "coordinates": [-14.707884, 13.296373]}, "properties": {"id": "hotelerie-1193", "type": "hotelerie", "type_label": "Hôtellerie", "nom": "HETEL", "region": {"nom": "KOLDA", "code": 10}, "departement": {"nom": "MEDINA YORO FOULAH", "code": 103}, "commune": {"nom": "MEDINA YORO FOULAH", "code": 103101}, "communaute_rurale": {"nom": "MEDINA YORO FOULAH", "code": 10310100}, "quartier_village": "LALY DEME", "milieu": "URBAIN", "thematique": null, "type_qvh": null}}, {"type": "Feature", "geometry": {"type": "Point", "coordinates": [-15.031703, 13.159613]}, "properties": {"id": "hotelerie-1194", "type": "hotelerie", "type_label": "Hôtellerie", "nom": "Hôtelerie", "region": {"nom": "KOLDA", "code": 10}, "departement": {"nom": "MEDINA YORO FOULAH", "code": 103}, "commune": {"nom": "NDORNA", "code": 103202}, "communaute_rurale": {"nom": "NDORNA", "code": 10320201}, "quartier_village": "NDORNA", "milieu": "RURAL", "thematique": null, "type_qvh": null}}, {"type": "Feature", "geometry": {"type": "Point", "coordinates": [-14.952623, 13.434372]}, "properties": {"id": "hotelerie-1195", "type": "hotelerie", "type_label": "Hôtellerie", "nom": "CAMPEMENT", "region": {"nom": "KOLDA", "code": 10}, "departement": {"nom": "MEDINA YORO FOULAH", "code": 103}, "commune": {"nom": "NIAMING", "code": 103203}, "communaute_rurale": {"nom": "PATA", "code": 10320304}, "quartier_village": "BOUNDOU MEDINE", "milieu": "URBAIN", "thematique": null, "type_qvh": null}}, {"type": "Feature", "geometry": {"type": "Point", "coordinates": [-14.163152, 12.913607]}, "properties": {"id": "hotelerie-1196", "type": "hotelerie", "type_label": "Hôtellerie", "nom": "AUBERGE", "region": {"nom": "KOLDA", "code": 10}, "departement": {"nom": "VELINGARA", "code": 102}, "commune": {"nom": "SARE COLY SALLE", "code": 102203}, "communaute_rurale": {"nom": "DIAOBE KABENDOU", "code": 10220305}, "quartier_village": "DIAOBE 1 OUEST", "milieu": "URBAIN", "thematique": null, "type_qvh": null}}, {"type": "Feature", "geometry": {"type": "Point", "coordinates": [-14.070552, 12.846046]}, "properties": {"id": "hotelerie-1197", "type": "hotelerie", "type_label": "Hôtellerie", "nom": "AUBERGE", "region": {"nom": "KOLDA", "code": 10}, "departement": {"nom": "VELINGARA", "code": 102}, "commune": {"nom": "SARE COLY SALLE", "code": 102203}, "communaute_rurale": {"nom": "KANDIAYE", "code": 10220304}, "quartier_village": "MADINA PATHE (SARE PATHE)", "milieu": "RURAL", "thematique": null, "type_qvh": null}}, {"type": "Feature", "geometry": {"type": "Point", "coordinates": [-14.078078, 12.931988]}, "properties": {"id": "hotelerie-1198", "type": "hotelerie", "type_label": "Hôtellerie", "nom": "Hotel Sehelia", "region": {"nom": "KOLDA", "code": 10}, "departement": {"nom": "VELINGARA", "code": 102}, "commune": {"nom": "SARE COLY SALLE", "code": 102203}, "communaute_rurale": {"nom": "KOUNKANE", "code": 10220306}, "quartier_village": "ESCALE", "milieu": "URBAIN", "thematique": null, "type_qvh": null}}, {"type": "Feature", "geometry": {"type": "Point", "coordinates": [-14.089058, 12.924292]}, "properties": {"id": "hotelerie-1199", "type": "hotelerie", "type_label": "Hôtellerie", "nom": "AUBERGE", "region": {"nom": "KOLDA", "code": 10}, "departement": {"nom": "VELINGARA", "code": 102}, "commune": {"nom": "SARE COLY SALLE", "code": 102203}, "communaute_rurale": {"nom": "KOUNKANE", "code": 10220306}, "quartier_village": "DOULA SOW I", "milieu": "URBAIN", "thematique": null, "type_qvh": null}}, {"type": "Feature", "geometry": {"type": "Point", "coordinates": [-14.078208, 12.920565]}, "properties": {"id": "hotelerie-1200", "type": "hotelerie", "type_label": "Hôtellerie", "nom": "Hôtel en CONSTRUCTION", "region": {"nom": "KOLDA", "code": 10}, "departement": {"nom": "VELINGARA", "code": 102}, "commune": {"nom": "SARE COLY SALLE", "code": 102203}, "communaute_rurale": {"nom": "KOUNKANE", "code": 10220306}, "quartier_village": "DOULA SOW II", "milieu": "URBAIN", "thematique": null, "type_qvh": null}}, {"type": "Feature", "geometry": {"type": "Point", "coordinates": [-13.748765, 12.96155]}, "properties": {"id": "hotelerie-1201", "type": "hotelerie", "type_label": "Hôtellerie", "nom": "Campement", "region": {"nom": "KOLDA", "code": 10}, "departement": {"nom": "VELINGARA", "code": 102}, "commune": {"nom": "BONCONTO", "code": 102201}, "communaute_rurale": {"nom": "LINKERING", "code": 10220102}, "quartier_village": "LINKERING", "milieu": "RURAL", "thematique": null, "type_qvh": null}}, {"type": "Feature", "geometry": {"type": "Point", "coordinates": [-13.750981, 12.959617]}, "properties": {"id": "hotelerie-1202", "type": "hotelerie", "type_label": "Hôtellerie", "nom": "Campement", "region": {"nom": "KOLDA", "code": 10}, "departement": {"nom": "VELINGARA", "code": 102}, "commune": {"nom": "BONCONTO", "code": 102201}, "communaute_rurale": {"nom": "LINKERING", "code": 10220102}, "quartier_village": "LINKERING", "milieu": "RURAL", "thematique": null, "type_qvh": null}}, {"type": "Feature", "geometry": {"type": "Point", "coordinates": [-14.149762, 12.741456]}, "properties": {"id": "hotelerie-1203", "type": "hotelerie", "type_label": "Hôtellerie", "nom": "CAMPEMENT", "region": {"nom": "KOLDA", "code": 10}, "departement": {"nom": "VELINGARA", "code": 102}, "commune": {"nom": "PAKOUR", "code": 102202}, "communaute_rurale": {"nom": "OUASSADOU", "code": 10220201}, "quartier_village": "SARE DIAE", "milieu": "RURAL", "thematique": null, "type_qvh": null}}, {"type": "Feature", "geometry": {"type": "Point", "coordinates": [-14.072066, 13.119688]}, "properties": {"id": "hotelerie-1204", "type": "hotelerie", "type_label": "Hôtellerie", "nom": "HOTEL", "region": {"nom": "KOLDA", "code": 10}, "departement": {"nom": "VELINGARA", "code": 102}, "commune": {"nom": "SARE COLY SALLE", "code": 102203}, "communaute_rurale": {"nom": "SARE COLY SALLE", "code": 10220302}, "quartier_village": "DARSALAM DJIBY KANDE", "milieu": "RURAL", "thematique": null, "type_qvh": null}}, {"type": "Feature", "geometry": {"type": "Point", "coordinates": [-14.09297, 13.135079]}, "properties": {"id": "hotelerie-1205", "type": "hotelerie", "type_label": "Hôtellerie", "nom": "AUBERGE", "region": {"nom": "KOLDA", "code": 10}, "departement": {"nom": "VELINGARA", "code": 102}, "commune": {"nom": "SARE COLY SALLE", "code": 102203}, "communaute_rurale": {"nom": "SARE COLY SALLE", "code": 10220302}, "quartier_village": "GOUNDAGA SAMBA (SARE SAMBA TALA)", "milieu": "RURAL", "thematique": null, "type_qvh": null}}, {"type": "Feature", "geometry": {"type": "Point", "coordinates": [-14.089588, 13.133836]}, "properties": {"id": "hotelerie-1206", "type": "hotelerie", "type_label": "Hôtellerie", "nom": "HETELS", "region": {"nom": "KOLDA", "code": 10}, "departement": {"nom": "VELINGARA", "code": 102}, "commune": {"nom": "SARE COLY SALLE", "code": 102203}, "communaute_rurale": {"nom": "SARE COLY SALLE", "code": 10220302}, "quartier_village": "GOUNDAGA SAMBA (SARE SAMBA TALA)", "milieu": "RURAL", "thematique": null, "type_qvh": null}}, {"type": "Feature", "geometry": {"type": "Point", "coordinates": [-13.716227, 13.465673]}, "properties": {"id": "hotelerie-1207", "type": "hotelerie", "type_label": "Hôtellerie", "nom": "Campement Gouloumbou", "region": {"nom": "KOLDA", "code": 10}, "departement": {"nom": "VELINGARA", "code": 102}, "commune": {"nom": "BONCONTO", "code": 102201}, "communaute_rurale": {"nom": "SINTHIANG KOUNDARA", "code": 10220104}, "quartier_village": "RAWADATOU GOULOUMBOU", "milieu": "RURAL", "thematique": null, "type_qvh": null}}, {"type": "Feature", "geometry": {"type": "Point", "coordinates": [-13.72088, 13.469035]}, "properties": {"id": "hotelerie-1208", "type": "hotelerie", "type_label": "Hôtellerie", "nom": "Hôtel CAMPEMENT DE CHASSE", "region": {"nom": "KOLDA", "code": 10}, "departement": {"nom": "VELINGARA", "code": 102}, "commune": {"nom": "BONCONTO", "code": 102201}, "communaute_rurale": {"nom": "SINTHIANG KOUNDARA", "code": 10220104}, "quartier_village": "RAWADATOU GOULOUMBOU", "milieu": "RURAL", "thematique": null, "type_qvh": null}}, {"type": "Feature", "geometry": {"type": "Point", "coordinates": [-13.833581, 13.333184]}, "properties": {"id": "hotelerie-1209", "type": "hotelerie", "type_label": "Hôtellerie", "nom": "HETELS VIVIANE", "region": {"nom": "KOLDA", "code": 10}, "departement": {"nom": "VELINGARA", "code": 102}, "commune": {"nom": "BONCONTO", "code": 102201}, "communaute_rurale": {"nom": "SINTHIANG KOUNDARA", "code": 10220104}, "quartier_village": "MANDA DOUANES", "milieu": "RURAL", "thematique": null, "type_qvh": null}}, {"type": "Feature", "geometry": {"type": "Point", "coordinates": [-14.1186, 13.137947]}, "properties": {"id": "hotelerie-1210", "type": "hotelerie", "type_label": "Hôtellerie", "nom": "CAMPEMENT", "region": {"nom": "KOLDA", "code": 10}, "departement": {"nom": "VELINGARA", "code": 102}, "commune": {"nom": "VELINGARA", "code": 102101}, "communaute_rurale": {"nom": "VELINGARA", "code": 10210100}, "quartier_village": "THIANKAN I", "milieu": "URBAIN", "thematique": null, "type_qvh": null}}, {"type": "Feature", "geometry": {"type": "Point", "coordinates": [-14.118823, 13.138975]}, "properties": {"id": "hotelerie-1211", "type": "hotelerie", "type_label": "Hôtellerie", "nom": "AUBERGE", "region": {"nom": "KOLDA", "code": 10}, "departement": {"nom": "VELINGARA", "code": 102}, "commune": {"nom": "VELINGARA", "code": 102101}, "communaute_rurale": {"nom": "VELINGARA", "code": 10210100}, "quartier_village": "THIANKAN I", "milieu": "URBAIN", "thematique": null, "type_qvh": null}}, {"type": "Feature", "geometry": {"type": "Point", "coordinates": [-14.109963, 13.150273]}, "properties": {"id": "hotelerie-1212", "type": "hotelerie", "type_label": "Hôtellerie", "nom": "NAJLA HETEL", "region": {"nom": "KOLDA", "code": 10}, "departement": {"nom": "VELINGARA", "code": 102}, "commune": {"nom": "VELINGARA", "code": 102101}, "communaute_rurale": {"nom": "VELINGARA", "code": 10210100}, "quartier_village": "CENTRE", "milieu": "URBAIN", "thematique": null, "type_qvh": null}}, {"type": "Feature", "geometry": {"type": "Point", "coordinates": [-14.109696, 13.150716]}, "properties": {"id": "hotelerie-1213", "type": "hotelerie", "type_label": "Hôtellerie", "nom": "NAJLA HETEL", "region": {"nom": "KOLDA", "code": 10}, "departement": {"nom": "VELINGARA", "code": 102}, "commune": {"nom": "VELINGARA", "code": 102101}, "communaute_rurale": {"nom": "VELINGARA", "code": 10210100}, "quartier_village": "CENTRE", "milieu": "URBAIN", "thematique": null, "type_qvh": null}}, {"type": "Feature", "geometry": {"type": "Point", "coordinates": [-14.099354, 13.147343]}, "properties": {"id": "hotelerie-1214", "type": "hotelerie", "type_label": "Hôtellerie", "nom": "Auberge", "region": {"nom": "KOLDA", "code": 10}, "departement": {"nom": "VELINGARA", "code": 102}, "commune": {"nom": "VELINGARA", "code": 102101}, "communaute_rurale": {"nom": "VELINGARA", "code": 10210100}, "quartier_village": "FOULBE", "milieu": "URBAIN", "thematique": null, "type_qvh": null}}, {"type": "Feature", "geometry": {"type": "Point", "coordinates": [-14.120575, 13.143645]}, "properties": {"id": "hotelerie-1215", "type": "hotelerie", "type_label": "Hôtellerie", "nom": "JAM -TAN", "region": {"nom": "KOLDA", "code": 10}, "departement": {"nom": "VELINGARA", "code": 102}, "commune": {"nom": "VELINGARA", "code": 102101}, "communaute_rurale": {"nom": "VELINGARA", "code": 10210100}, "quartier_village": "THIANKAN I", "milieu": "URBAIN", "thematique": null, "type_qvh": null}}, {"type": "Feature", "geometry": {"type": "Point", "coordinates": [-14.110395, 13.142256]}, "properties": {"id": "hotelerie-1216", "type": "hotelerie", "type_label": "Hôtellerie", "nom": "HOTEL LA PAILLOTE", "region": {"nom": "KOLDA", "code": 10}, "departement": {"nom": "VELINGARA", "code": 102}, "commune": {"nom": "VELINGARA", "code": 102101}, "communaute_rurale": {"nom": "VELINGARA", "code": 10210100}, "quartier_village": "SAMBA 15 ANS", "milieu": "URBAIN", "thematique": null, "type_qvh": null}}, {"type": "Feature", "geometry": {"type": "Point", "coordinates": [-14.9395, 12.8697]}, "properties": {"id": "hotelerie-1217", "type": "hotelerie", "type_label": "Hôtellerie", "nom": "HOTEL MALAHIKA", "region": {"nom": "KOLDA", "code": 10}, "departement": {"nom": "KOLDA", "code": 101}, "commune": {"nom": "KOLDA", "code": 101101}, "communaute_rurale": {"nom": "KOLDA", "code": 10110100}, "quartier_village": "BOUNA KANE", "milieu": "URBAIN", "thematique": null, "type_qvh": null}}, {"type": "Feature", "geometry": {"type": "Point", "coordinates": [-14.9544, 12.8738]}, "properties": {"id": "hotelerie-1218", "type": "hotelerie", "type_label": "Hôtellerie", "nom": "HOTEL LE FIRDOU", "region": {"nom": "KOLDA", "code": 10}, "departement": {"nom": "KOLDA", "code": 101}, "commune": {"nom": "KOLDA", "code": 101101}, "communaute_rurale": {"nom": "KOLDA", "code": 10110100}, "quartier_village": "SARE KEMO", "milieu": "URBAIN", "thematique": null, "type_qvh": null}}, {"type": "Feature", "geometry": {"type": "Point", "coordinates": [-14.9616, 12.8726]}, "properties": {"id": "hotelerie-1219", "type": "hotelerie", "type_label": "Hôtellerie", "nom": "HOTEL KOLIDADO", "region": {"nom": "KOLDA", "code": 10}, "departement": {"nom": "KOLDA", "code": 101}, "commune": {"nom": "KOLDA", "code": 101101}, "communaute_rurale": {"nom": "KOLDA", "code": 10110100}, "quartier_village": "SARE KEMO", "milieu": "RURAL", "thematique": null, "type_qvh": null}}, {"type": "Feature", "geometry": {"type": "Point", "coordinates": [-14.956598, 12.896831]}, "properties": {"id": "hotelerie-1220", "type": "hotelerie", "type_label": "Hôtellerie", "nom": "AUBERGE", "region": {"nom": "KOLDA", "code": 10}, "departement": {"nom": "KOLDA", "code": 101}, "commune": {"nom": "KOLDA", "code": 101101}, "communaute_rurale": {"nom": "KOLDA", "code": 10110100}, "quartier_village": "GADAPARA", "milieu": "URBAIN", "thematique": null, "type_qvh": null}}, {"type": "Feature", "geometry": {"type": "Point", "coordinates": [-14.9424, 12.8921]}, "properties": {"id": "hotelerie-1221", "type": "hotelerie", "type_label": "Hôtellerie", "nom": "AUBERGE", "region": {"nom": "KOLDA", "code": 10}, "departement": {"nom": "KOLDA", "code": 101}, "commune": {"nom": "KOLDA", "code": 101101}, "communaute_rurale": {"nom": "KOLDA", "code": 10110100}, "quartier_village": "GADAPARA", "milieu": "URBAIN", "thematique": null, "type_qvh": null}}, {"type": "Feature", "geometry": {"type": "Point", "coordinates": [-14.9397, 12.8895]}, "properties": {"id": "hotelerie-1222", "type": "hotelerie", "type_label": "Hôtellerie", "nom": "HOTEL MOYA", "region": {"nom": "KOLDA", "code": 10}, "departement": {"nom": "KOLDA", "code": 101}, "commune": {"nom": "KOLDA", "code": 101101}, "communaute_rurale": {"nom": "KOLDA", "code": 10110100}, "quartier_village": "GADAPARA", "milieu": "URBAIN", "thematique": null, "type_qvh": null}}, {"type": "Feature", "geometry": {"type": "Point", "coordinates": [-14.9398, 12.8882]}, "properties": {"id": "hotelerie-1223", "type": "hotelerie", "type_label": "Hôtellerie", "nom": "HOTEL HOBBE", "region": {"nom": "KOLDA", "code": 10}, "departement": {"nom": "KOLDA", "code": 101}, "commune": {"nom": "KOLDA", "code": 101101}, "communaute_rurale": {"nom": "KOLDA", "code": 10110100}, "quartier_village": "GADAPARA", "milieu": "URBAIN", "thematique": null, "type_qvh": null}}, {"type": "Feature", "geometry": {"type": "Point", "coordinates": [-16.95202, 14.775949]}, "properties": {"id": "hotelerie-1224", "type": "hotelerie", "type_label": "Hôtellerie", "nom": "HOTEL LE MASSAMBA", "region": {"nom": "THIES", "code": 7}, "departement": {"nom": "THIES", "code": 72}, "commune": {"nom": "THIES", "code": 72301}, "communaute_rurale": {"nom": "THIES OUEST", "code": 7230122}, "quartier_village": "GRAND STANDING", "milieu": "URBAIN", "thematique": null, "type_qvh": null}}, {"type": "Feature", "geometry": {"type": "Point", "coordinates": [-16.937442, 14.793291]}, "properties": {"id": "hotelerie-1225", "type": "hotelerie", "type_label": "Hôtellerie", "nom": "RESIDENCE DABY", "region": {"nom": "THIES", "code": 7}, "departement": {"nom": "THIES", "code": 72}, "commune": {"nom": "THIES", "code": 72301}, "communaute_rurale": {"nom": "THIES OUEST", "code": 7230122}, "quartier_village": "HLM DIXIEME", "milieu": "URBAIN", "thematique": null, "type_qvh": null}}, {"type": "Feature", "geometry": {"type": "Point", "coordinates": [-16.925855, 14.795112]}, "properties": {"id": "hotelerie-1226", "type": "hotelerie", "type_label": "Hôtellerie", "nom": "Annexe Big Faim", "region": {"nom": "THIES", "code": 7}, "departement": {"nom": "THIES", "code": 72}, "commune": {"nom": "THIES", "code": 72301}, "communaute_rurale": {"nom": "THIES OUEST", "code": 7230122}, "quartier_village": "ESCALE SUD", "milieu": "URBAIN", "thematique": null, "type_qvh": null}}, {"type": "Feature", "geometry": {"type": "Point", "coordinates": [-16.927996, 14.794726]}, "properties": {"id": "hotelerie-1227", "type": "hotelerie", "type_label": "Hôtellerie", "nom": "HOTEL DE THIES", "region": {"nom": "THIES", "code": 7}, "departement": {"nom": "THIES", "code": 72}, "commune": {"nom": "THIES", "code": 72301}, "communaute_rurale": {"nom": "THIES OUEST", "code": 7230122}, "quartier_village": "ESCALE SUD", "milieu": "URBAIN", "thematique": null, "type_qvh": null}}, {"type": "Feature", "geometry": {"type": "Point", "coordinates": [-16.925968, 14.79507]}, "properties": {"id": "hotelerie-1228", "type": "hotelerie", "type_label": "Hôtellerie", "nom": "Annexe Big Faim", "region": {"nom": "THIES", "code": 7}, "departement": {"nom": "THIES", "code": 72}, "commune": {"nom": "THIES", "code": 72301}, "communaute_rurale": {"nom": "THIES OUEST", "code": 7230122}, "quartier_village": "ESCALE SUD", "milieu": "URBAIN", "thematique": null, "type_qvh": null}}, {"type": "Feature", "geometry": {"type": "Point", "coordinates": [-16.950586, 14.776823]}, "properties": {"id": "hotelerie-1229", "type": "hotelerie", "type_label": "Hôtellerie", "nom": "RESIDENCES SIRANDOU", "region": {"nom": "THIES", "code": 7}, "departement": {"nom": "THIES", "code": 72}, "commune": {"nom": "THIES", "code": 72301}, "communaute_rurale": {"nom": "THIES OUEST", "code": 7230122}, "quartier_village": "GRAND STANDING", "milieu": "URBAIN", "thematique": null, "type_qvh": null}}, {"type": "Feature", "geometry": {"type": "Point", "coordinates": [-16.951491, 14.778539]}, "properties": {"id": "hotelerie-1230", "type": "hotelerie", "type_label": "Hôtellerie", "nom": "HOTEL LES RESIDENCES", "region": {"nom": "THIES", "code": 7}, "departement": {"nom": "THIES", "code": 72}, "commune": {"nom": "THIES", "code": 72301}, "communaute_rurale": {"nom": "THIES OUEST", "code": 7230122}, "quartier_village": "GRAND STANDING", "milieu": "URBAIN", "thematique": null, "type_qvh": null}}, {"type": "Feature", "geometry": {"type": "Point", "coordinates": [-16.950482, 14.780593]}, "properties": {"id": "hotelerie-1231", "type": "hotelerie", "type_label": "Hôtellerie", "nom": "Auberge", "region": {"nom": "THIES", "code": 7}, "departement": {"nom": "THIES", "code": 72}, "commune": {"nom": "THIES", "code": 72301}, "communaute_rurale": {"nom": "THIES OUEST", "code": 7230122}, "quartier_village": "GRAND STANDING", "milieu": "URBAIN", "thematique": null, "type_qvh": null}}, {"type": "Feature", "geometry": {"type": "Point", "coordinates": [-16.949969, 14.778132]}, "properties": {"id": "hotelerie-1232", "type": "hotelerie", "type_label": "Hôtellerie", "nom": "Auberge", "region": {"nom": "THIES", "code": 7}, "departement": {"nom": "THIES", "code": 72}, "commune": {"nom": "THIES", "code": 72301}, "communaute_rurale": {"nom": "THIES OUEST", "code": 7230122}, "quartier_village": "GRAND STANDING", "milieu": "URBAIN", "thematique": null, "type_qvh": null}}, {"type": "Feature", "geometry": {"type": "Point", "coordinates": [-16.927238, 14.792394]}, "properties": {"id": "hotelerie-1233", "type": "hotelerie", "type_label": "Hôtellerie", "nom": "HOTEL DE REGION", "region": {"nom": "THIES", "code": 7}, "departement": {"nom": "THIES", "code": 72}, "commune": {"nom": "THIES", "code": 72301}, "communaute_rurale": {"nom": "THIES OUEST", "code": 7230122}, "quartier_village": "CARRIERE", "milieu": "URBAIN", "thematique": null, "type_qvh": null}}, {"type": "Feature", "geometry": {"type": "Point", "coordinates": [-16.929677, 14.794131]}, "properties": {"id": "hotelerie-1234", "type": "hotelerie", "type_label": "Hôtellerie", "nom": "ANNEXE HOTEL", "region": {"nom": "THIES", "code": 7}, "departement": {"nom": "THIES", "code": 72}, "commune": {"nom": "THIES", "code": 72301}, "communaute_rurale": {"nom": "THIES OUEST", "code": 7230122}, "quartier_village": "CARRIERE", "milieu": "URBAIN", "thematique": null, "type_qvh": null}}, {"type": "Feature", "geometry": {"type": "Point", "coordinates": [-16.941752, 14.783288]}, "properties": {"id": "hotelerie-1235", "type": "hotelerie", "type_label": "Hôtellerie", "nom": "AUBERGE RESTAURANT", "region": {"nom": "THIES", "code": 7}, "departement": {"nom": "THIES", "code": 72}, "commune": {"nom": "THIES", "code": 72301}, "communaute_rurale": {"nom": "THIES OUEST", "code": 7230122}, "quartier_village": "CITE MALICK SY", "milieu": "URBAIN", "thematique": null, "type_qvh": null}}, {"type": "Feature", "geometry": {"type": "Point", "coordinates": [-16.92604, 14.793642]}, "properties": {"id": "hotelerie-1236", "type": "hotelerie", "type_label": "Hôtellerie", "nom": "Croissant Magique", "region": {"nom": "THIES", "code": 7}, "departement": {"nom": "THIES", "code": 72}, "commune": {"nom": "THIES", "code": 72301}, "communaute_rurale": {"nom": "THIES OUEST", "code": 7230122}, "quartier_village": "ESCALE SUD", "milieu": "URBAIN", "thematique": null, "type_qvh": null}}, {"type": "Feature", "geometry": {"type": "Point", "coordinates": [-16.925896, 14.794901]}, "properties": {"id": "hotelerie-1237", "type": "hotelerie", "type_label": "Hôtellerie", "nom": "Big Faim", "region": {"nom": "THIES", "code": 7}, "departement": {"nom": "THIES", "code": 72}, "commune": {"nom": "THIES", "code": 72301}, "communaute_rurale": {"nom": "THIES OUEST", "code": 7230122}, "quartier_village": "ESCALE SUD", "milieu": "URBAIN", "thematique": null, "type_qvh": null}}, {"type": "Feature", "geometry": {"type": "Point", "coordinates": [-16.950293, 14.780606]}, "properties": {"id": "hotelerie-1238", "type": "hotelerie", "type_label": "Hôtellerie", "nom": "AUberge", "region": {"nom": "THIES", "code": 7}, "departement": {"nom": "THIES", "code": 72}, "commune": {"nom": "THIES", "code": 72301}, "communaute_rurale": {"nom": "THIES OUEST", "code": 7230122}, "quartier_village": "GRAND STANDING", "milieu": "URBAIN", "thematique": null, "type_qvh": null}}, {"type": "Feature", "geometry": {"type": "Point", "coordinates": [-16.956063, 14.779066]}, "properties": {"id": "hotelerie-1239", "type": "hotelerie", "type_label": "Hôtellerie", "nom": "EKSIL HOTEL", "region": {"nom": "THIES", "code": 7}, "departement": {"nom": "THIES", "code": 72}, "commune": {"nom": "THIES", "code": 72301}, "communaute_rurale": {"nom": "THIES OUEST", "code": 7230122}, "quartier_village": "ROUTE DE DAKAR 1", "milieu": "URBAIN", "thematique": null, "type_qvh": null}}, {"type": "Feature", "geometry": {"type": "Point", "coordinates": [-16.957417, 14.779632]}, "properties": {"id": "hotelerie-1240", "type": "hotelerie", "type_label": "Hôtellerie", "nom": "AUBERGE", "region": {"nom": "THIES", "code": 7}, "departement": {"nom": "THIES", "code": 72}, "commune": {"nom": "THIES", "code": 72301}, "communaute_rurale": {"nom": "THIES OUEST", "code": 7230122}, "quartier_village": "ROUTE DE DAKAR 1", "milieu": "URBAIN", "thematique": null, "type_qvh": null}}, {"type": "Feature", "geometry": {"type": "Point", "coordinates": [-16.959881, 14.778113]}, "properties": {"id": "hotelerie-1241", "type": "hotelerie", "type_label": "Hôtellerie", "nom": "NASINA", "region": {"nom": "THIES", "code": 7}, "departement": {"nom": "THIES", "code": 72}, "commune": {"nom": "THIES", "code": 72301}, "communaute_rurale": {"nom": "THIES OUEST", "code": 7230122}, "quartier_village": "ROUTE DE DAKAR 1", "milieu": "URBAIN", "thematique": null, "type_qvh": null}}, {"type": "Feature", "geometry": {"type": "Point", "coordinates": [-16.946542, 14.771055]}, "properties": {"id": "hotelerie-1242", "type": "hotelerie", "type_label": "Hôtellerie", "nom": "RESIDWNCE LAT DIOR", "region": {"nom": "THIES", "code": 7}, "departement": {"nom": "THIES", "code": 72}, "commune": {"nom": "THIES", "code": 72301}, "communaute_rurale": {"nom": "THIES OUEST", "code": 7230122}, "quartier_village": "MBOUR III (AMITIE)", "milieu": "URBAIN", "thematique": null, "type_qvh": null}}, {"type": "Feature", "geometry": {"type": "Point", "coordinates": [-16.959388, 14.771474]}, "properties": {"id": "hotelerie-1243", "type": "hotelerie", "type_label": "Hôtellerie", "nom": "RESIDENCE BOGHE", "region": {"nom": "THIES", "code": 7}, "departement": {"nom": "THIES", "code": 72}, "commune": {"nom": "THIES", "code": 72301}, "communaute_rurale": {"nom": "THIES OUEST", "code": 7230122}, "quartier_village": "ROUTE DE DAKAR II", "milieu": "URBAIN", "thematique": null, "type_qvh": null}}, {"type": "Feature", "geometry": {"type": "Point", "coordinates": [-16.93901, 14.781971]}, "properties": {"id": "hotelerie-1244", "type": "hotelerie", "type_label": "Hôtellerie", "nom": "RESIDENCE TERANGA", "region": {"nom": "THIES", "code": 7}, "departement": {"nom": "THIES", "code": 72}, "commune": {"nom": "THIES", "code": 72301}, "communaute_rurale": {"nom": "THIES OUEST", "code": 7230122}, "quartier_village": "SOM", "milieu": "URBAIN", "thematique": null, "type_qvh": null}}, {"type": "Feature", "geometry": {"type": "Point", "coordinates": [-16.928798, 14.782229]}, "properties": {"id": "hotelerie-1245", "type": "hotelerie", "type_label": "Hôtellerie", "nom": "NON FONCTIONNEL", "region": {"nom": "THIES", "code": 7}, "departement": {"nom": "THIES", "code": 72}, "commune": {"nom": "THIES", "code": 72301}, "communaute_rurale": {"nom": "THIES OUEST", "code": 7230122}, "quartier_village": "RANDOULENE SUD (GRAND THIES)", "milieu": "URBAIN", "thematique": null, "type_qvh": null}}, {"type": "Feature", "geometry": {"type": "Point", "coordinates": [-16.956072, 14.785847]}, "properties": {"id": "hotelerie-1246", "type": "hotelerie", "type_label": "Hôtellerie", "nom": "AUBERGE", "region": {"nom": "THIES", "code": 7}, "departement": {"nom": "THIES", "code": 72}, "commune": {"nom": "THIES", "code": 72301}, "communaute_rurale": {"nom": "THIES OUEST", "code": 7230122}, "quartier_village": "ZONE INDUSTRIELLE", "milieu": "URBAIN", "thematique": null, "type_qvh": null}}, {"type": "Feature", "geometry": {"type": "Point", "coordinates": [-16.962715, 14.784583]}, "properties": {"id": "hotelerie-1247", "type": "hotelerie", "type_label": "Hôtellerie", "nom": "AUBERGE CHEZ NICOLAS", "region": {"nom": "THIES", "code": 7}, "departement": {"nom": "THIES", "code": 72}, "commune": {"nom": "THIES", "code": 72301}, "communaute_rurale": {"nom": "THIES OUEST", "code": 7230122}, "quartier_village": "THIES NONE", "milieu": "URBAIN", "thematique": null, "type_qvh": null}}, {"type": "Feature", "geometry": {"type": "Point", "coordinates": [-16.963316, 14.784685]}, "properties": {"id": "hotelerie-1248", "type": "hotelerie", "type_label": "Hôtellerie", "nom": "AUBERGE GILBERT", "region": {"nom": "THIES", "code": 7}, "departement": {"nom": "THIES", "code": 72}, "commune": {"nom": "THIES", "code": 72301}, "communaute_rurale": {"nom": "THIES OUEST", "code": 7230122}, "quartier_village": "THIES NONE", "milieu": "URBAIN", "thematique": null, "type_qvh": null}}, {"type": "Feature", "geometry": {"type": "Point", "coordinates": [-16.94687, 14.768745]}, "properties": {"id": "hotelerie-1249", "type": "hotelerie", "type_label": "Hôtellerie", "nom": "AUBERGE", "region": {"nom": "THIES", "code": 7}, "departement": {"nom": "THIES", "code": 72}, "commune": {"nom": "THIES", "code": 72301}, "communaute_rurale": {"nom": "THIES OUEST", "code": 7230122}, "quartier_village": "SUD STADE", "milieu": "URBAIN", "thematique": null, "type_qvh": null}}, {"type": "Feature", "geometry": {"type": "Point", "coordinates": [-16.926569, 14.794859]}, "properties": {"id": "hotelerie-1250", "type": "hotelerie", "type_label": "Hôtellerie", "nom": "Le Square", "region": {"nom": "THIES", "code": 7}, "departement": {"nom": "THIES", "code": 72}, "commune": {"nom": "THIES", "code": 72301}, "communaute_rurale": {"nom": "THIES OUEST", "code": 7230122}, "quartier_village": "ESCALE SUD", "milieu": "URBAIN", "thematique": null, "type_qvh": null}}, {"type": "Feature", "geometry": {"type": "Point", "coordinates": [-16.945334, 14.773758]}, "properties": {"id": "hotelerie-1251", "type": "hotelerie", "type_label": "Hôtellerie", "nom": "AUBERGE", "region": {"nom": "THIES", "code": 7}, "departement": {"nom": "THIES", "code": 72}, "commune": {"nom": "THIES", "code": 72301}, "communaute_rurale": {"nom": "THIES OUEST", "code": 7230122}, "quartier_village": "HLM ROUTE DE MBOUR", "milieu": "URBAIN", "thematique": null, "type_qvh": null}}, {"type": "Feature", "geometry": {"type": "Point", "coordinates": [-16.947002, 14.773809]}, "properties": {"id": "hotelerie-1252", "type": "hotelerie", "type_label": "Hôtellerie", "nom": "Hôtellerie", "region": {"nom": "THIES", "code": 7}, "departement": {"nom": "THIES", "code": 72}, "commune": {"nom": "THIES", "code": 72301}, "communaute_rurale": {"nom": "THIES OUEST", "code": 7230122}, "quartier_village": "HLM ROUTE DE MBOUR", "milieu": "URBAIN", "thematique": null, "type_qvh": null}}, {"type": "Feature", "geometry": {"type": "Point", "coordinates": [-16.941588, 14.788392]}, "properties": {"id": "hotelerie-1253", "type": "hotelerie", "type_label": "Hôtellerie", "nom": "AUBERGE MANJOLA", "region": {"nom": "THIES", "code": 7}, "departement": {"nom": "THIES", "code": 72}, "commune": {"nom": "THIES", "code": 72301}, "communaute_rurale": {"nom": "THIES OUEST", "code": 7230122}, "quartier_village": "CITE MALICK SY", "milieu": "URBAIN", "thematique": null, "type_qvh": null}}, {"type": "Feature", "geometry": {"type": "Point", "coordinates": [-16.942668, 14.776963]}, "properties": {"id": "hotelerie-1254", "type": "hotelerie", "type_label": "Hôtellerie", "nom": "Clef Aldiana", "region": {"nom": "THIES", "code": 7}, "departement": {"nom": "THIES", "code": 72}, "commune": {"nom": "THIES", "code": 72301}, "communaute_rurale": {"nom": "THIES OUEST", "code": 7230122}, "quartier_village": "SOM", "milieu": "URBAIN", "thematique": null, "type_qvh": null}}, {"type": "Feature", "geometry": {"type": "Point", "coordinates": [-16.925691, 14.792592]}, "properties": {"id": "hotelerie-1255", "type": "hotelerie", "type_label": "Hôtellerie", "nom": "RESIDENCE JB", "region": {"nom": "THIES", "code": 7}, "departement": {"nom": "THIES", "code": 72}, "commune": {"nom": "THIES", "code": 72301}, "communaute_rurale": {"nom": "THIES OUEST", "code": 7230122}, "quartier_village": "ESCALE SUD", "milieu": "URBAIN", "thematique": null, "type_qvh": null}}, {"type": "Feature", "geometry": {"type": "Point", "coordinates": [-16.898716, 14.817428]}, "properties": {"id": "hotelerie-1256", "type": "hotelerie", "type_label": "Hôtellerie", "nom": "DOMAINE LE KALAO", "region": {"nom": "THIES", "code": 7}, "departement": {"nom": "THIES", "code": 72}, "commune": {"nom": "THIES", "code": 72301}, "communaute_rurale": {"nom": "THIES NORD", "code": 7230111}, "quartier_village": "KEUR SAIB NDOYE", "milieu": "URBAIN", "thematique": null, "type_qvh": null}}, {"type": "Feature", "geometry": {"type": "Point", "coordinates": [-16.93401, 14.798884]}, "properties": {"id": "hotelerie-1257", "type": "hotelerie", "type_label": "Hôtellerie", "nom": "HETEL", "region": {"nom": "THIES", "code": 7}, "departement": {"nom": "THIES", "code": 72}, "commune": {"nom": "THIES", "code": 72301}, "communaute_rurale": {"nom": "THIES NORD", "code": 7230111}, "quartier_village": "DIAKHAO", "milieu": "URBAIN", "thematique": null, "type_qvh": null}}, {"type": "Feature", "geometry": {"type": "Point", "coordinates": [-16.929146, 14.799763]}, "properties": {"id": "hotelerie-1258", "type": "hotelerie", "type_label": "Hôtellerie", "nom": "Hotel rex", "region": {"nom": "THIES", "code": 7}, "departement": {"nom": "THIES", "code": 72}, "commune": {"nom": "THIES", "code": 72301}, "communaute_rurale": {"nom": "THIES NORD", "code": 7230111}, "quartier_village": "ESCALE NORD", "milieu": "URBAIN", "thematique": null, "type_qvh": null}}, {"type": "Feature", "geometry": {"type": "Point", "coordinates": [-16.934165, 14.804974]}, "properties": {"id": "hotelerie-1259", "type": "hotelerie", "type_label": "Hôtellerie", "nom": "HETEL ADAMA", "region": {"nom": "THIES", "code": 7}, "departement": {"nom": "THIES", "code": 72}, "commune": {"nom": "THIES", "code": 72301}, "communaute_rurale": {"nom": "THIES NORD", "code": 7230111}, "quartier_village": "THIALY (GRAND THIALY)", "milieu": "URBAIN", "thematique": null, "type_qvh": null}}, {"type": "Feature", "geometry": {"type": "Point", "coordinates": [-16.898328, 14.817954]}, "properties": {"id": "hotelerie-1260", "type": "hotelerie", "type_label": "Hôtellerie", "nom": "DOMAINE KALAO", "region": {"nom": "THIES", "code": 7}, "departement": {"nom": "THIES", "code": 72}, "commune": {"nom": "THIES", "code": 72301}, "communaute_rurale": {"nom": "THIES NORD", "code": 7230111}, "quartier_village": "KEUR SAIB NDOYE", "milieu": "URBAIN", "thematique": null, "type_qvh": null}}, {"type": "Feature", "geometry": {"type": "Point", "coordinates": [-16.894776, 14.772229]}, "properties": {"id": "hotelerie-1261", "type": "hotelerie", "type_label": "Hôtellerie", "nom": "AUBERGE", "region": {"nom": "THIES", "code": 7}, "departement": {"nom": "THIES", "code": 72}, "commune": {"nom": "THIES SUD", "code": 72301}, "communaute_rurale": {"nom": "THIES EST", "code": 7230121}, "quartier_village": "SAMPATHE", "milieu": "URBAIN", "thematique": null, "type_qvh": null}}, {"type": "Feature", "geometry": {"type": "Point", "coordinates": [-16.91797, 14.764864]}, "properties": {"id": "hotelerie-1262", "type": "hotelerie", "type_label": "Hôtellerie", "nom": "HOTEL", "region": {"nom": "THIES", "code": 7}, "departement": {"nom": "THIES", "code": 72}, "commune": {"nom": "THIES SUD", "code": 72301}, "communaute_rurale": {"nom": "THIES EST", "code": 7230121}, "quartier_village": "SILMANG (KEUR DAGO)", "milieu": "URBAIN", "thematique": null, "type_qvh": null}}, {"type": "Feature", "geometry": {"type": "Point", "coordinates": [-16.698318, 14.684443]}, "properties": {"id": "hotelerie-1263", "type": "hotelerie", "type_label": "Hôtellerie", "nom": "CAMPEMENT", "region": {"nom": "THIES", "code": 7}, "departement": {"nom": "THIES", "code": 72}, "commune": {"nom": "THIENABA", "code": 72202}, "communaute_rurale": {"nom": "NDIEYENE SIRAKH", "code": 7220201}, "quartier_village": "DIOL NDIAYE", "milieu": "RURAL", "thematique": null, "type_qvh": null}}, {"type": "Feature", "geometry": {"type": "Point", "coordinates": [-17.108551, 14.766473]}, "properties": {"id": "hotelerie-1264", "type": "hotelerie", "type_label": "Hôtellerie", "nom": "HOTEL BELIER", "region": {"nom": "THIES", "code": 7}, "departement": {"nom": "THIES", "code": 72}, "commune": {"nom": "KEUR MOUSSEU", "code": 72203}, "communaute_rurale": {"nom": "KEUR MOUSSA", "code": 7220303}, "quartier_village": "H4 GUINAW RAIL", "milieu": "RURAL", "thematique": null, "type_qvh": null}}, {"type": "Feature", "geometry": {"type": "Point", "coordinates": [-17.110727, 14.798252]}, "properties": {"id": "hotelerie-1265", "type": "hotelerie", "type_label": "Hôtellerie", "nom": "MOTEL DU MONASTERE", "region": {"nom": "THIES", "code": 7}, "departement": {"nom": "THIES", "code": 72}, "commune": {"nom": "KEUR MOUSSEU", "code": 72203}, "communaute_rurale": {"nom": "KEUR MOUSSA", "code": 7220303}, "quartier_village": "KEUR GUILAYE", "milieu": "RURAL", "thematique": null, "type_qvh": null}}, {"type": "Feature", "geometry": {"type": "Point", "coordinates": [-17.123512, 14.781309]}, "properties": {"id": "hotelerie-1266", "type": "hotelerie", "type_label": "Hôtellerie", "nom": "AUBERGE", "region": {"nom": "THIES", "code": 7}, "departement": {"nom": "THIES", "code": 72}, "commune": {"nom": "KEUR MOUSSEU", "code": 72203}, "communaute_rurale": {"nom": "KEUR MOUSSA", "code": 7220303}, "quartier_village": "KEUR MOUSSEU (KEUR MOUSSA)", "milieu": "RURAL", "thematique": null, "type_qvh": null}}, {"type": "Feature", "geometry": {"type": "Point", "coordinates": [-17.114149, 14.778991]}, "properties": {"id": "hotelerie-1267", "type": "hotelerie", "type_label": "Hôtellerie", "nom": "AUBERGE", "region": {"nom": "THIES", "code": 7}, "departement": {"nom": "THIES", "code": 72}, "commune": {"nom": "KEUR MOUSSEU", "code": 72203}, "communaute_rurale": {"nom": "KEUR MOUSSA", "code": 7220303}, "quartier_village": "KEUR MOUSSEU (KEUR MOUSSA)", "milieu": "RURAL", "thematique": null, "type_qvh": null}}, {"type": "Feature", "geometry": {"type": "Point", "coordinates": [-17.107902, 14.766198]}, "properties": {"id": "hotelerie-1268", "type": "hotelerie", "type_label": "Hôtellerie", "nom": "RESIDENCE HOTEL", "region": {"nom": "THIES", "code": 7}, "departement": {"nom": "THIES", "code": 72}, "commune": {"nom": "KEUR MOUSSEU", "code": 72203}, "communaute_rurale": {"nom": "KEUR MOUSSA", "code": 7220303}, "quartier_village": "H4 GUINAW RAIL", "milieu": "RURAL", "thematique": null, "type_qvh": null}}, {"type": "Feature", "geometry": {"type": "Point", "coordinates": [-17.106672, 14.767241]}, "properties": {"id": "hotelerie-1269", "type": "hotelerie", "type_label": "Hôtellerie", "nom": "HOTEL", "region": {"nom": "THIES", "code": 7}, "departement": {"nom": "THIES", "code": 72}, "commune": {"nom": "KEUR MOUSSEU", "code": 72203}, "communaute_rurale": {"nom": "KEUR MOUSSA", "code": 7220303}, "quartier_village": "H4 GUINAW RAIL", "milieu": "RURAL", "thematique": null, "type_qvh": null}}, {"type": "Feature", "geometry": {"type": "Point", "coordinates": [-17.118178, 14.926212]}, "properties": {"id": "hotelerie-1270", "type": "hotelerie", "type_label": "Hôtellerie", "nom": "Auberge océan Bleu", "region": {"nom": "THIES", "code": 7}, "departement": {"nom": "THIES", "code": 72}, "commune": {"nom": "KEUR MOUSSEU", "code": 72203}, "communaute_rurale": {"nom": "KAYAR", "code": 7220304}, "quartier_village": "POINT ROND", "milieu": "URBAIN", "thematique": null, "type_qvh": null}}, {"type": "Feature", "geometry": {"type": "Point", "coordinates": [-17.133284, 14.907396]}, "properties": {"id": "hotelerie-1271", "type": "hotelerie", "type_label": "Hôtellerie", "nom": "HOTEL", "region": {"nom": "THIES", "code": 7}, "departement": {"nom": "THIES", "code": 72}, "commune": {"nom": "KEUR MOUSSEU", "code": 72203}, "communaute_rurale": {"nom": "KAYAR", "code": 7220304}, "quartier_village": "TANTY YOFF", "milieu": "URBAIN", "thematique": null, "type_qvh": null}}, {"type": "Feature", "geometry": {"type": "Point", "coordinates": [-17.14571, 14.901586]}, "properties": {"id": "hotelerie-1272", "type": "hotelerie", "type_label": "Hôtellerie", "nom": "HOTEL", "region": {"nom": "THIES", "code": 7}, "departement": {"nom": "THIES", "code": 72}, "commune": {"nom": "KEUR MOUSSEU", "code": 72203}, "communaute_rurale": {"nom": "KAYAR", "code": 7220304}, "quartier_village": "NDIOKHOP GUEDJI", "milieu": "URBAIN", "thematique": null, "type_qvh": null}}, {"type": "Feature", "geometry": {"type": "Point", "coordinates": [-16.889513, 14.798495]}, "properties": {"id": "hotelerie-1273", "type": "hotelerie", "type_label": "Hôtellerie", "nom": "AUBERGE", "region": {"nom": "THIES", "code": 7}, "departement": {"nom": "THIES", "code": 72}, "commune": {"nom": "KEUR MOUSSEU", "code": 72203}, "communaute_rurale": {"nom": "FANDENE", "code": 7220302}, "quartier_village": "FANDENE DIAW ( TONGOL)", "milieu": "RURAL", "thematique": null, "type_qvh": null}}, {"type": "Feature", "geometry": {"type": "Point", "coordinates": [-16.873826, 14.798682]}, "properties": {"id": "hotelerie-1274", "type": "hotelerie", "type_label": "Hôtellerie", "nom": "CAMPEMENT", "region": {"nom": "THIES", "code": 7}, "departement": {"nom": "THIES", "code": 72}, "commune": {"nom": "KEUR MOUSSEU", "code": 72203}, "communaute_rurale": {"nom": "FANDENE", "code": 7220302}, "quartier_village": "FANDENE DIAW ( TONGOL)", "milieu": "RURAL", "thematique": null, "type_qvh": null}}, {"type": "Feature", "geometry": {"type": "Point", "coordinates": [-16.932924, 14.715169]}, "properties": {"id": "hotelerie-1275", "type": "hotelerie", "type_label": "Hôtellerie", "nom": "DORTOIR", "region": {"nom": "THIES", "code": 7}, "departement": {"nom": "THIES", "code": 72}, "commune": {"nom": "NOTTO", "code": 72201}, "communaute_rurale": {"nom": "NOTTO", "code": 7220101}, "quartier_village": "H3 TAHACK", "milieu": "RURAL", "thematique": null, "type_qvh": null}}, {"type": "Feature", "geometry": {"type": "Point", "coordinates": [-16.936116, 14.733249]}, "properties": {"id": "hotelerie-1276", "type": "hotelerie", "type_label": "Hôtellerie", "nom": "DORTOIR", "region": {"nom": "THIES", "code": 7}, "departement": {"nom": "THIES", "code": 72}, "commune": {"nom": "NOTTO", "code": 72201}, "communaute_rurale": {"nom": "NOTTO", "code": 7220101}, "quartier_village": "H1 PEULGA", "milieu": "RURAL", "thematique": null, "type_qvh": null}}, {"type": "Feature", "geometry": {"type": "Point", "coordinates": [-16.957427, 14.671231]}, "properties": {"id": "hotelerie-1277", "type": "hotelerie", "type_label": "Hôtellerie", "nom": "DORTOIR", "region": {"nom": "THIES", "code": 7}, "departement": {"nom": "THIES", "code": 72}, "commune": {"nom": "NOTTO", "code": 72201}, "communaute_rurale": {"nom": "NOTTO", "code": 7220101}, "quartier_village": "KISSANE", "milieu": "RURAL", "thematique": null, "type_qvh": null}}, {"type": "Feature", "geometry": {"type": "Point", "coordinates": [-16.849836, 14.759027]}, "properties": {"id": "hotelerie-1278", "type": "hotelerie", "type_label": "Hôtellerie", "nom": "AUBERGE CHEZ AIDA", "region": {"nom": "THIES", "code": 7}, "departement": {"nom": "THIES", "code": 72}, "commune": {"nom": "NOTTO", "code": 72201}, "communaute_rurale": {"nom": "NOTTO", "code": 7220101}, "quartier_village": "KEUR MADARO NIANG", "milieu": "RURAL", "thematique": null, "type_qvh": null}}, {"type": "Feature", "geometry": {"type": "Point", "coordinates": [-16.895368, 14.703113]}, "properties": {"id": "hotelerie-1279", "type": "hotelerie", "type_label": "Hôtellerie", "nom": "DORTOIR", "region": {"nom": "THIES", "code": 7}, "departement": {"nom": "THIES", "code": 72}, "commune": {"nom": "NOTTO", "code": 72201}, "communaute_rurale": {"nom": "NOTTO", "code": 7220101}, "quartier_village": "H2 NGOKHOTHIE", "milieu": "RURAL", "thematique": null, "type_qvh": null}}, {"type": "Feature", "geometry": {"type": "Point", "coordinates": [-16.895079, 14.702838]}, "properties": {"id": "hotelerie-1280", "type": "hotelerie", "type_label": "Hôtellerie", "nom": "DORTOIR", "region": {"nom": "THIES", "code": 7}, "departement": {"nom": "THIES", "code": 72}, "commune": {"nom": "NOTTO", "code": 72201}, "communaute_rurale": {"nom": "NOTTO", "code": 7220101}, "quartier_village": "H2 NGOKHOTHIE", "milieu": "RURAL", "thematique": null, "type_qvh": null}}, {"type": "Feature", "geometry": {"type": "Point", "coordinates": [-16.880215, 14.693913]}, "properties": {"id": "hotelerie-1281", "type": "hotelerie", "type_label": "Hôtellerie", "nom": "DORTOIR", "region": {"nom": "THIES", "code": 7}, "departement": {"nom": "THIES", "code": 72}, "commune": {"nom": "NOTTO", "code": 72201}, "communaute_rurale": {"nom": "NOTTO", "code": 7220101}, "quartier_village": "KEUR DIATTA", "milieu": "RURAL", "thematique": null, "type_qvh": null}}, {"type": "Feature", "geometry": {"type": "Point", "coordinates": [-16.87527, 14.696434]}, "properties": {"id": "hotelerie-1282", "type": "hotelerie", "type_label": "Hôtellerie", "nom": "DORTOIR", "region": {"nom": "THIES", "code": 7}, "departement": {"nom": "THIES", "code": 72}, "commune": {"nom": "NOTTO", "code": 72201}, "communaute_rurale": {"nom": "NOTTO", "code": 7220101}, "quartier_village": "NOTTO", "milieu": "RURAL", "thematique": null, "type_qvh": null}}, {"type": "Feature", "geometry": {"type": "Point", "coordinates": [-16.878654, 14.69662]}, "properties": {"id": "hotelerie-1283", "type": "hotelerie", "type_label": "Hôtellerie", "nom": "DORTOIR", "region": {"nom": "THIES", "code": 7}, "departement": {"nom": "THIES", "code": 72}, "commune": {"nom": "NOTTO", "code": 72201}, "communaute_rurale": {"nom": "NOTTO", "code": 7220101}, "quartier_village": "KEUR DIATTA", "milieu": "RURAL", "thematique": null, "type_qvh": null}}, {"type": "Feature", "geometry": {"type": "Point", "coordinates": [-16.876854, 14.698658]}, "properties": {"id": "hotelerie-1284", "type": "hotelerie", "type_label": "Hôtellerie", "nom": "DORTOIR", "region": {"nom": "THIES", "code": 7}, "departement": {"nom": "THIES", "code": 72}, "commune": {"nom": "NOTTO", "code": 72201}, "communaute_rurale": {"nom": "NOTTO", "code": 7220101}, "quartier_village": "NOTTO", "milieu": "RURAL", "thematique": null, "type_qvh": null}}, {"type": "Feature", "geometry": {"type": "Point", "coordinates": [-16.877, 14.698754]}, "properties": {"id": "hotelerie-1285", "type": "hotelerie", "type_label": "Hôtellerie", "nom": "DORTOIR", "region": {"nom": "THIES", "code": 7}, "departement": {"nom": "THIES", "code": 72}, "commune": {"nom": "NOTTO", "code": 72201}, "communaute_rurale": {"nom": "NOTTO", "code": 7220101}, "quartier_village": "NOTTO", "milieu": "RURAL", "thematique": null, "type_qvh": null}}, {"type": "Feature", "geometry": {"type": "Point", "coordinates": [-16.956757, 14.66993]}, "properties": {"id": "hotelerie-1286", "type": "hotelerie", "type_label": "Hôtellerie", "nom": "DORTOIR", "region": {"nom": "THIES", "code": 7}, "departement": {"nom": "THIES", "code": 72}, "commune": {"nom": "NOTTO", "code": 72201}, "communaute_rurale": {"nom": "NOTTO", "code": 7220101}, "quartier_village": "KISSANE", "milieu": "RURAL", "thematique": null, "type_qvh": null}}, {"type": "Feature", "geometry": {"type": "Point", "coordinates": [-16.857569, 14.650831]}, "properties": {"id": "hotelerie-1287", "type": "hotelerie", "type_label": "Hôtellerie", "nom": "DORTOIR", "region": {"nom": "THIES", "code": 7}, "departement": {"nom": "THIES", "code": 72}, "commune": {"nom": "NOTTO", "code": 72201}, "communaute_rurale": {"nom": "NOTTO", "code": 7220101}, "quartier_village": "H1 POUT NDACKNE", "milieu": "RURAL", "thematique": null, "type_qvh": null}}, {"type": "Feature", "geometry": {"type": "Point", "coordinates": [-16.858573, 14.694533]}, "properties": {"id": "hotelerie-1288", "type": "hotelerie", "type_label": "Hôtellerie", "nom": "DORTOIR", "region": {"nom": "THIES", "code": 7}, "departement": {"nom": "THIES", "code": 72}, "commune": {"nom": "NOTTO", "code": 72201}, "communaute_rurale": {"nom": "NOTTO", "code": 7220101}, "quartier_village": "GOTTE II", "milieu": "RURAL", "thematique": null, "type_qvh": null}}, {"type": "Feature", "geometry": {"type": "Point", "coordinates": [-16.78311, 14.682485]}, "properties": {"id": "hotelerie-1289", "type": "hotelerie", "type_label": "Hôtellerie", "nom": "DORTOIR", "region": {"nom": "THIES", "code": 7}, "departement": {"nom": "THIES", "code": 72}, "commune": {"nom": "NOTTO", "code": 72201}, "communaute_rurale": {"nom": "NOTTO", "code": 7220101}, "quartier_village": "MBOUSNAKH NGOR", "milieu": "RURAL", "thematique": null, "type_qvh": null}}, {"type": "Feature", "geometry": {"type": "Point", "coordinates": [-16.941272, 14.706067]}, "properties": {"id": "hotelerie-1290", "type": "hotelerie", "type_label": "Hôtellerie", "nom": "DORTOIR", "region": {"nom": "THIES", "code": 7}, "departement": {"nom": "THIES", "code": 72}, "commune": {"nom": "NOTTO", "code": 72201}, "communaute_rurale": {"nom": "NOTTO", "code": 7220101}, "quartier_village": "H1 SITHIA", "milieu": "RURAL", "thematique": null, "type_qvh": null}}, {"type": "Feature", "geometry": {"type": "Point", "coordinates": [-16.908176, 15.183891]}, "properties": {"id": "hotelerie-1291", "type": "hotelerie", "type_label": "Hôtellerie", "nom": "MAISON CLOSE", "region": {"nom": "THIES", "code": 7}, "departement": {"nom": "TIVAOUANE", "code": 73}, "commune": {"nom": "MEOUANE", "code": 73201}, "communaute_rurale": {"nom": "DAROU KHOUDOSS", "code": 7320103}, "quartier_village": "MBORO NDENDECATT", "milieu": "RURAL", "thematique": null, "type_qvh": null}}, {"type": "Feature", "geometry": {"type": "Point", "coordinates": [-16.901152, 15.169527]}, "properties": {"id": "hotelerie-1292", "type": "hotelerie", "type_label": "Hôtellerie", "nom": "MAISON CLOSE", "region": {"nom": "THIES", "code": 7}, "departement": {"nom": "TIVAOUANE", "code": 73}, "commune": {"nom": "MEOUANE", "code": 73201}, "communaute_rurale": {"nom": "DAROU KHOUDOSS", "code": 7320103}, "quartier_village": "H1 KEUR DJIBY SOUKEYE", "milieu": "RURAL", "thematique": null, "type_qvh": null}}, {"type": "Feature", "geometry": {"type": "Point", "coordinates": [-16.907593, 15.184132]}, "properties": {"id": "hotelerie-1293", "type": "hotelerie", "type_label": "Hôtellerie", "nom": "HOTEL", "region": {"nom": "THIES", "code": 7}, "departement": {"nom": "TIVAOUANE", "code": 73}, "commune": {"nom": "MEOUANE", "code": 73201}, "communaute_rurale": {"nom": "DAROU KHOUDOSS", "code": 7320103}, "quartier_village": "MBORO NDENDECATT", "milieu": "RURAL", "thematique": null, "type_qvh": null}}, {"type": "Feature", "geometry": {"type": "Point", "coordinates": [-16.895317, 15.157672]}, "properties": {"id": "hotelerie-1294", "type": "hotelerie", "type_label": "Hôtellerie", "nom": "AUBERGE", "region": {"nom": "THIES", "code": 7}, "departement": {"nom": "TIVAOUANE", "code": 73}, "commune": {"nom": "MEOUANE", "code": 73201}, "communaute_rurale": {"nom": "DAROU KHOUDOSS", "code": 7320103}, "quartier_village": "H1 SANTHIOU ANDAL", "milieu": "RURAL", "thematique": null, "type_qvh": null}}, {"type": "Feature", "geometry": {"type": "Point", "coordinates": [-16.889074, 15.153994]}, "properties": {"id": "hotelerie-1295", "type": "hotelerie", "type_label": "Hôtellerie", "nom": "HOTEL", "region": {"nom": "THIES", "code": 7}, "departement": {"nom": "TIVAOUANE", "code": 73}, "commune": {"nom": "MEOUANE", "code": 73201}, "communaute_rurale": {"nom": "DAROU KHOUDOSS", "code": 7320103}, "quartier_village": "H1 SANTHIOU ANDAL", "milieu": "RURAL", "thematique": null, "type_qvh": null}}, {"type": "Feature", "geometry": {"type": "Point", "coordinates": [-16.732914, 15.447852]}, "properties": {"id": "hotelerie-1296", "type": "hotelerie", "type_label": "Hôtellerie", "nom": "Hôtellerie", "region": {"nom": "THIES", "code": 7}, "departement": {"nom": "TIVAOUANE", "code": 73}, "commune": {"nom": "MEOUANE", "code": 73201}, "communaute_rurale": {"nom": "DAROU KHOUDOSS", "code": 7320103}, "quartier_village": "LOUMPOUL SUR MER", "milieu": "RURAL", "thematique": null, "type_qvh": null}}, {"type": "Feature", "geometry": {"type": "Point", "coordinates": [-16.806556, 14.956468]}, "properties": {"id": "hotelerie-1297", "type": "hotelerie", "type_label": "Hôtellerie", "nom": "Hôtellerie", "region": {"nom": "THIES", "code": 7}, "departement": {"nom": "TIVAOUANE", "code": 73}, "commune": {"nom": "TIVAOUANE", "code": 73102}, "communaute_rurale": {"nom": "TIVAOUANE", "code": 7310200}, "quartier_village": "FOGNY", "milieu": "URBAIN", "thematique": null, "type_qvh": null}}, {"type": "Feature", "geometry": {"type": "Point", "coordinates": [-16.826387, 14.942826]}, "properties": {"id": "hotelerie-1298", "type": "hotelerie", "type_label": "Hôtellerie", "nom": "RESIDENCE SERIGNE MOUSTAPHA SY AL MAKHTOUM", "region": {"nom": "THIES", "code": 7}, "departement": {"nom": "TIVAOUANE", "code": 73}, "commune": {"nom": "TIVAOUANE", "code": 73102}, "communaute_rurale": {"nom": "TIVAOUANE", "code": 7310200}, "quartier_village": "KEUR MATAR NDACK", "milieu": "URBAIN", "thematique": null, "type_qvh": null}}, {"type": "Feature", "geometry": {"type": "Point", "coordinates": [-16.819912, 14.954148]}, "properties": {"id": "hotelerie-1299", "type": "hotelerie", "type_label": "Hôtellerie", "nom": "Hotel", "region": {"nom": "THIES", "code": 7}, "departement": {"nom": "TIVAOUANE", "code": 73}, "commune": {"nom": "TIVAOUANE", "code": 73102}, "communaute_rurale": {"nom": "TIVAOUANE", "code": 7310200}, "quartier_village": "HLM", "milieu": "URBAIN", "thematique": null, "type_qvh": null}}, {"type": "Feature", "geometry": {"type": "Point", "coordinates": [-16.959455, 14.852024]}, "properties": {"id": "hotelerie-1300", "type": "hotelerie", "type_label": "Hôtellerie", "nom": "RESIDENCE SOPHIE", "region": {"nom": "THIES", "code": 7}, "departement": {"nom": "TIVAOUANE", "code": 73}, "commune": {"nom": "PAMBAL", "code": 73204}, "communaute_rurale": {"nom": "MONT ROLLAND", "code": 7320402}, "quartier_village": "H1 COLOBANE KAW", "milieu": "RURAL", "thematique": null, "type_qvh": null}}, {"type": "Feature", "geometry": {"type": "Point", "coordinates": [-16.960462, 14.854308]}, "properties": {"id": "hotelerie-1301", "type": "hotelerie", "type_label": "Hôtellerie", "nom": "AUBERGE", "region": {"nom": "THIES", "code": 7}, "departement": {"nom": "TIVAOUANE", "code": 73}, "commune": {"nom": "PAMBAL", "code": 73204}, "communaute_rurale": {"nom": "MONT ROLLAND", "code": 7320402}, "quartier_village": "H1 COLOBANE KAW", "milieu": "RURAL", "thematique": null, "type_qvh": null}}, {"type": "Feature", "geometry": {"type": "Point", "coordinates": [-16.699401, 14.419024]}, "properties": {"id": "hotelerie-1302", "type": "hotelerie", "type_label": "Hôtellerie", "nom": "AUBERGE", "region": {"nom": "THIES", "code": 7}, "departement": {"nom": "MBOUR", "code": 71}, "commune": {"nom": "SESSENE", "code": 71202}, "communaute_rurale": {"nom": "THIADIAYE", "code": 7120204}, "quartier_village": "CHAMPS DE COURSE EST", "milieu": "URBAIN", "thematique": null, "type_qvh": null}}, {"type": "Feature", "geometry": {"type": "Point", "coordinates": [-17.071543, 14.474634]}, "properties": {"id": "hotelerie-1303", "type": "hotelerie", "type_label": "Hôtellerie", "nom": "Résidence SALYMAR", "region": {"nom": "THIES", "code": 7}, "departement": {"nom": "MBOUR", "code": 71}, "commune": {"nom": "SINDIA", "code": 71203}, "communaute_rurale": {"nom": "SOMONE", "code": 7120308}, "quartier_village": "KANDA", "milieu": "URBAIN", "thematique": null, "type_qvh": null}}, {"type": "Feature", "geometry": {"type": "Point", "coordinates": [-17.071909, 14.474979]}, "properties": {"id": "hotelerie-1304", "type": "hotelerie", "type_label": "Hôtellerie", "nom": "RESIDENCE SALYMAR", "region": {"nom": "THIES", "code": 7}, "departement": {"nom": "MBOUR", "code": 71}, "commune": {"nom": "SINDIA", "code": 71203}, "communaute_rurale": {"nom": "SOMONE", "code": 7120308}, "quartier_village": "KANDA", "milieu": "URBAIN", "thematique": null, "type_qvh": null}}, {"type": "Feature", "geometry": {"type": "Point", "coordinates": [-17.06704, 14.473562]}, "properties": {"id": "hotelerie-1305", "type": "hotelerie", "type_label": "Hôtellerie", "nom": "HETEL BAR L ARANGERAI", "region": {"nom": "THIES", "code": 7}, "departement": {"nom": "MBOUR", "code": 71}, "commune": {"nom": "SINDIA", "code": 71203}, "communaute_rurale": {"nom": "SOMONE", "code": 7120308}, "quartier_village": "KANDA", "milieu": "URBAIN", "thematique": null, "type_qvh": null}}, {"type": "Feature", "geometry": {"type": "Point", "coordinates": [-17.07245, 14.476292]}, "properties": {"id": "hotelerie-1306", "type": "hotelerie", "type_label": "Hôtellerie", "nom": "HOTEL DIAMALA", "region": {"nom": "THIES", "code": 7}, "departement": {"nom": "MBOUR", "code": 71}, "commune": {"nom": "SINDIA", "code": 71203}, "communaute_rurale": {"nom": "SOMONE", "code": 7120308}, "quartier_village": "SEANE", "milieu": "URBAIN", "thematique": null, "type_qvh": null}}, {"type": "Feature", "geometry": {"type": "Point", "coordinates": [-17.071708, 14.476783]}, "properties": {"id": "hotelerie-1307", "type": "hotelerie", "type_label": "Hôtellerie", "nom": "RESIDENCE SAINT DIAMS", "region": {"nom": "THIES", "code": 7}, "departement": {"nom": "MBOUR", "code": 71}, "commune": {"nom": "SINDIA", "code": 71203}, "communaute_rurale": {"nom": "SOMONE", "code": 7120308}, "quartier_village": "KANDA", "milieu": "URBAIN", "thematique": null, "type_qvh": null}}, {"type": "Feature", "geometry": {"type": "Point", "coordinates": [-17.071492, 14.477025]}, "properties": {"id": "hotelerie-1308", "type": "hotelerie", "type_label": "Hôtellerie", "nom": "HETEL RESIDENCE SAINT DIAMS", "region": {"nom": "THIES", "code": 7}, "departement": {"nom": "MBOUR", "code": 71}, "commune": {"nom": "SINDIA", "code": 71203}, "communaute_rurale": {"nom": "SOMONE", "code": 7120308}, "quartier_village": "KANDA", "milieu": "URBAIN", "thematique": null, "type_qvh": null}}, {"type": "Feature", "geometry": {"type": "Point", "coordinates": [-17.075424, 14.478232]}, "properties": {"id": "hotelerie-1309", "type": "hotelerie", "type_label": "Hôtellerie", "nom": "HETEL LE PHENIX", "region": {"nom": "THIES", "code": 7}, "departement": {"nom": "MBOUR", "code": 71}, "commune": {"nom": "SINDIA", "code": 71203}, "communaute_rurale": {"nom": "SOMONE", "code": 7120308}, "quartier_village": "SEANE", "milieu": "URBAIN", "thematique": null, "type_qvh": null}}, {"type": "Feature", "geometry": {"type": "Point", "coordinates": [-17.076653, 14.479714]}, "properties": {"id": "hotelerie-1310", "type": "hotelerie", "type_label": "Hôtellerie", "nom": "Hotel", "region": {"nom": "THIES", "code": 7}, "departement": {"nom": "MBOUR", "code": 71}, "commune": {"nom": "SINDIA", "code": 71203}, "communaute_rurale": {"nom": "SOMONE", "code": 7120308}, "quartier_village": "SEANE", "milieu": "URBAIN", "thematique": null, "type_qvh": null}}, {"type": "Feature", "geometry": {"type": "Point", "coordinates": [-17.075968, 14.479353]}, "properties": {"id": "hotelerie-1311", "type": "hotelerie", "type_label": "Hôtellerie", "nom": "Campement TERANGA", "region": {"nom": "THIES", "code": 7}, "departement": {"nom": "MBOUR", "code": 71}, "commune": {"nom": "SINDIA", "code": 71203}, "communaute_rurale": {"nom": "SOMONE", "code": 7120308}, "quartier_village": "SEANE", "milieu": "URBAIN", "thematique": null, "type_qvh": null}}, {"type": "Feature", "geometry": {"type": "Point", "coordinates": [-17.081489, 14.488249]}, "properties": {"id": "hotelerie-1312", "type": "hotelerie", "type_label": "Hôtellerie", "nom": "Hotel LAGUNA", "region": {"nom": "THIES", "code": 7}, "departement": {"nom": "MBOUR", "code": 71}, "commune": {"nom": "SINDIA", "code": 71203}, "communaute_rurale": {"nom": "SOMONE", "code": 7120308}, "quartier_village": "TORINO", "milieu": "URBAIN", "thematique": null, "type_qvh": null}}, {"type": "Feature", "geometry": {"type": "Point", "coordinates": [-17.081031, 14.488097]}, "properties": {"id": "hotelerie-1313", "type": "hotelerie", "type_label": "Hôtellerie", "nom": "Hotel QUEEN", "region": {"nom": "THIES", "code": 7}, "departement": {"nom": "MBOUR", "code": 71}, "commune": {"nom": "SINDIA", "code": 71203}, "communaute_rurale": {"nom": "SOMONE", "code": 7120308}, "quartier_village": "TORINO", "milieu": "URBAIN", "thematique": null, "type_qvh": null}}, {"type": "Feature", "geometry": {"type": "Point", "coordinates": [-17.069015, 14.490347]}, "properties": {"id": "hotelerie-1314", "type": "hotelerie", "type_label": "Hôtellerie", "nom": "HOTEL SAMA NOPALU KAI", "region": {"nom": "THIES", "code": 7}, "departement": {"nom": "MBOUR", "code": 71}, "commune": {"nom": "SINDIA", "code": 71203}, "communaute_rurale": {"nom": "SOMONE", "code": 7120308}, "quartier_village": "GUINAW RAIL", "milieu": "URBAIN", "thematique": null, "type_qvh": null}}, {"type": "Feature", "geometry": {"type": "Point", "coordinates": [-17.076402, 14.479236]}, "properties": {"id": "hotelerie-1315", "type": "hotelerie", "type_label": "Hôtellerie", "nom": "Hotel", "region": {"nom": "THIES", "code": 7}, "departement": {"nom": "MBOUR", "code": 71}, "commune": {"nom": "SINDIA", "code": 71203}, "communaute_rurale": {"nom": "SOMONE", "code": 7120308}, "quartier_village": "SEANE", "milieu": "URBAIN", "thematique": null, "type_qvh": null}}, {"type": "Feature", "geometry": {"type": "Point", "coordinates": [-17.084069, 14.489847]}, "properties": {"id": "hotelerie-1316", "type": "hotelerie", "type_label": "Hôtellerie", "nom": "Hotel BAOBAB", "region": {"nom": "THIES", "code": 7}, "departement": {"nom": "MBOUR", "code": 71}, "commune": {"nom": "SINDIA", "code": 71203}, "communaute_rurale": {"nom": "SOMONE", "code": 7120308}, "quartier_village": "TORINO", "milieu": "URBAIN", "thematique": null, "type_qvh": null}}, {"type": "Feature", "geometry": {"type": "Point", "coordinates": [-17.080667, 14.488798]}, "properties": {"id": "hotelerie-1317", "type": "hotelerie", "type_label": "Hôtellerie", "nom": "HETEL AFRICA QUEEN", "region": {"nom": "THIES", "code": 7}, "departement": {"nom": "MBOUR", "code": 71}, "commune": {"nom": "SINDIA", "code": 71203}, "communaute_rurale": {"nom": "SOMONE", "code": 7120308}, "quartier_village": "TORINO", "milieu": "URBAIN", "thematique": null, "type_qvh": null}}, {"type": "Feature", "geometry": {"type": "Point", "coordinates": [-17.07813, 14.487133]}, "properties": {"id": "hotelerie-1318", "type": "hotelerie", "type_label": "Hôtellerie", "nom": "AUBERGE LE TAMARIN BAR RESTO", "region": {"nom": "THIES", "code": 7}, "departement": {"nom": "MBOUR", "code": 71}, "commune": {"nom": "SINDIA", "code": 71203}, "communaute_rurale": {"nom": "SOMONE", "code": 7120308}, "quartier_village": "TORINO", "milieu": "URBAIN", "thematique": null, "type_qvh": null}}, {"type": "Feature", "geometry": {"type": "Point", "coordinates": [-17.079187, 14.485928]}, "properties": {"id": "hotelerie-1319", "type": "hotelerie", "type_label": "Hôtellerie", "nom": "AUBERGE", "region": {"nom": "THIES", "code": 7}, "departement": {"nom": "MBOUR", "code": 71}, "commune": {"nom": "SINDIA", "code": 71203}, "communaute_rurale": {"nom": "SOMONE", "code": 7120308}, "quartier_village": "TEFESS", "milieu": "URBAIN", "thematique": null, "type_qvh": null}}, {"type": "Feature", "geometry": {"type": "Point", "coordinates": [-17.05941, 14.4809]}, "properties": {"id": "hotelerie-1320", "type": "hotelerie", "type_label": "Hôtellerie", "nom": "JOZENE HOUSE", "region": {"nom": "THIES", "code": 7}, "departement": {"nom": "MBOUR", "code": 71}, "commune": {"nom": "SINDIA", "code": 71203}, "communaute_rurale": {"nom": "SOMONE", "code": 7120308}, "quartier_village": "KANDA", "milieu": "URBAIN", "thematique": null, "type_qvh": null}}, {"type": "Feature", "geometry": {"type": "Point", "coordinates": [-17.072458, 14.475254]}, "properties": {"id": "hotelerie-1321", "type": "hotelerie", "type_label": "Hôtellerie", "nom": "HETEL RESTAURANT HAVRE DE PAIX", "region": {"nom": "THIES", "code": 7}, "departement": {"nom": "MBOUR", "code": 71}, "commune": {"nom": "SINDIA", "code": 71203}, "communaute_rurale": {"nom": "SOMONE", "code": 7120308}, "quartier_village": "KANDA", "milieu": "URBAIN", "thematique": null, "type_qvh": null}}, {"type": "Feature", "geometry": {"type": "Point", "coordinates": [-17.077984, 14.482754]}, "properties": {"id": "hotelerie-1322", "type": "hotelerie", "type_label": "Hôtellerie", "nom": "LE RAYON DU SOLEIL", "region": {"nom": "THIES", "code": 7}, "departement": {"nom": "MBOUR", "code": 71}, "commune": {"nom": "SINDIA", "code": 71203}, "communaute_rurale": {"nom": "SOMONE", "code": 7120308}, "quartier_village": "TEFESS", "milieu": "URBAIN", "thematique": null, "type_qvh": null}}, {"type": "Feature", "geometry": {"type": "Point", "coordinates": [-17.081367, 14.511338]}, "properties": {"id": "hotelerie-1323", "type": "hotelerie", "type_label": "Hôtellerie", "nom": "HETEL", "region": {"nom": "THIES", "code": 7}, "departement": {"nom": "MBOUR", "code": 71}, "commune": {"nom": "SINDIA", "code": 71203}, "communaute_rurale": {"nom": "SINDIA", "code": 7120303}, "quartier_village": "GUEREO", "milieu": "RURAL", "thematique": null, "type_qvh": null}}, {"type": "Feature", "geometry": {"type": "Point", "coordinates": [-17.089821, 14.505933]}, "properties": {"id": "hotelerie-1324", "type": "hotelerie", "type_label": "Hôtellerie", "nom": "Hotel CENTRE AERE DES ARMEES DE GUEREO", "region": {"nom": "THIES", "code": 7}, "departement": {"nom": "MBOUR", "code": 71}, "commune": {"nom": "SINDIA", "code": 71203}, "communaute_rurale": {"nom": "SINDIA", "code": 7120303}, "quartier_village": "GUEREO", "milieu": "RURAL", "thematique": null, "type_qvh": null}}, {"type": "Feature", "geometry": {"type": "Point", "coordinates": [-17.033731, 14.580054]}, "properties": {"id": "hotelerie-1325", "type": "hotelerie", "type_label": "Hôtellerie", "nom": "HETEL BIEN SER", "region": {"nom": "THIES", "code": 7}, "departement": {"nom": "MBOUR", "code": 71}, "commune": {"nom": "SINDIA", "code": 71203}, "communaute_rurale": {"nom": "SINDIA", "code": 7120303}, "quartier_village": "SINDIA", "milieu": "RURAL", "thematique": null, "type_qvh": null}}, {"type": "Feature", "geometry": {"type": "Point", "coordinates": [-17.032244, 14.481638]}, "properties": {"id": "hotelerie-1326", "type": "hotelerie", "type_label": "Hôtellerie", "nom": "RESIDENCE ASSEM", "region": {"nom": "THIES", "code": 7}, "departement": {"nom": "MBOUR", "code": 71}, "commune": {"nom": "SINDIA", "code": 71203}, "communaute_rurale": {"nom": "SINDIA", "code": 7120303}, "quartier_village": "NGUERIGNE (NGUERIGNE BAMBARA)", "milieu": "RURAL", "thematique": null, "type_qvh": null}}, {"type": "Feature", "geometry": {"type": "Point", "coordinates": [-17.037716, 14.481738]}, "properties": {"id": "hotelerie-1327", "type": "hotelerie", "type_label": "Hôtellerie", "nom": "HOTEL DEGG JAM", "region": {"nom": "THIES", "code": 7}, "departement": {"nom": "MBOUR", "code": 71}, "commune": {"nom": "SINDIA", "code": 71203}, "communaute_rurale": {"nom": "SINDIA", "code": 7120303}, "quartier_village": "H1 NGUERIGNE PEUL", "milieu": "RURAL", "thematique": null, "type_qvh": null}}, {"type": "Feature", "geometry": {"type": "Point", "coordinates": [-17.056476, 14.521302]}, "properties": {"id": "hotelerie-1328", "type": "hotelerie", "type_label": "Hôtellerie", "nom": "CHAMBRE DU CAMPEMENT", "region": {"nom": "THIES", "code": 7}, "departement": {"nom": "MBOUR", "code": 71}, "commune": {"nom": "SINDIA", "code": 71203}, "communaute_rurale": {"nom": "SINDIA", "code": 7120303}, "quartier_village": "THIAFOURA", "milieu": "RURAL", "thematique": null, "type_qvh": null}}, {"type": "Feature", "geometry": {"type": "Point", "coordinates": [-17.05711, 14.519607]}, "properties": {"id": "hotelerie-1329", "type": "hotelerie", "type_label": "Hôtellerie", "nom": "CHAMBRE DU CAMPEMENT", "region": {"nom": "THIES", "code": 7}, "departement": {"nom": "MBOUR", "code": 71}, "commune": {"nom": "SINDIA", "code": 71203}, "communaute_rurale": {"nom": "SINDIA", "code": 7120303}, "quartier_village": "THIAFOURA", "milieu": "RURAL", "thematique": null, "type_qvh": null}}, {"type": "Feature", "geometry": {"type": "Point", "coordinates": [-17.058652, 14.521261]}, "properties": {"id": "hotelerie-1330", "type": "hotelerie", "type_label": "Hôtellerie", "nom": "CHAMBRE DU CAMPEMENT", "region": {"nom": "THIES", "code": 7}, "departement": {"nom": "MBOUR", "code": 71}, "commune": {"nom": "SINDIA", "code": 71203}, "communaute_rurale": {"nom": "SINDIA", "code": 7120303}, "quartier_village": "THIAFOURA", "milieu": "RURAL", "thematique": null, "type_qvh": null}}, {"type": "Feature", "geometry": {"type": "Point", "coordinates": [-17.057291, 14.521688]}, "properties": {"id": "hotelerie-1331", "type": "hotelerie", "type_label": "Hôtellerie", "nom": "CHAMBRE DU CAMPEMENT", "region": {"nom": "THIES", "code": 7}, "departement": {"nom": "MBOUR", "code": 71}, "commune": {"nom": "SINDIA", "code": 71203}, "communaute_rurale": {"nom": "SINDIA", "code": 7120303}, "quartier_village": "THIAFOURA", "milieu": "RURAL", "thematique": null, "type_qvh": null}}, {"type": "Feature", "geometry": {"type": "Point", "coordinates": [-17.058321, 14.52162]}, "properties": {"id": "hotelerie-1332", "type": "hotelerie", "type_label": "Hôtellerie", "nom": "CHAMBRE DU CAMPEMENT", "region": {"nom": "THIES", "code": 7}, "departement": {"nom": "MBOUR", "code": 71}, "commune": {"nom": "SINDIA", "code": 71203}, "communaute_rurale": {"nom": "SINDIA", "code": 7120303}, "quartier_village": "THIAFOURA", "milieu": "RURAL", "thematique": null, "type_qvh": null}}, {"type": "Feature", "geometry": {"type": "Point", "coordinates": [-17.05756, 14.521673]}, "properties": {"id": "hotelerie-1333", "type": "hotelerie", "type_label": "Hôtellerie", "nom": "CHAMBRE DU CAMPEMENT", "region": {"nom": "THIES", "code": 7}, "departement": {"nom": "MBOUR", "code": 71}, "commune": {"nom": "SINDIA", "code": 71203}, "communaute_rurale": {"nom": "SINDIA", "code": 7120303}, "quartier_village": "THIAFOURA", "milieu": "RURAL", "thematique": null, "type_qvh": null}}, {"type": "Feature", "geometry": {"type": "Point", "coordinates": [-17.057061, 14.520559]}, "properties": {"id": "hotelerie-1334", "type": "hotelerie", "type_label": "Hôtellerie", "nom": "CAMPEMENT DALAAL DIAMA", "region": {"nom": "THIES", "code": 7}, "departement": {"nom": "MBOUR", "code": 71}, "commune": {"nom": "SINDIA", "code": 71203}, "communaute_rurale": {"nom": "SINDIA", "code": 7120303}, "quartier_village": "THIAFOURA", "milieu": "RURAL", "thematique": null, "type_qvh": null}}, {"type": "Feature", "geometry": {"type": "Point", "coordinates": [-17.057009, 14.521703]}, "properties": {"id": "hotelerie-1335", "type": "hotelerie", "type_label": "Hôtellerie", "nom": "CHAMBRE DU CAMPEMENT", "region": {"nom": "THIES", "code": 7}, "departement": {"nom": "MBOUR", "code": 71}, "commune": {"nom": "SINDIA", "code": 71203}, "communaute_rurale": {"nom": "SINDIA", "code": 7120303}, "quartier_village": "THIAFOURA", "milieu": "RURAL", "thematique": null, "type_qvh": null}}, {"type": "Feature", "geometry": {"type": "Point", "coordinates": [-17.056684, 14.521992]}, "properties": {"id": "hotelerie-1336", "type": "hotelerie", "type_label": "Hôtellerie", "nom": "CHAMBRE DU CAMPEMENT", "region": {"nom": "THIES", "code": 7}, "departement": {"nom": "MBOUR", "code": 71}, "commune": {"nom": "SINDIA", "code": 71203}, "communaute_rurale": {"nom": "SINDIA", "code": 7120303}, "quartier_village": "THIAFOURA", "milieu": "RURAL", "thematique": null, "type_qvh": null}}, {"type": "Feature", "geometry": {"type": "Point", "coordinates": [-17.056487, 14.522378]}, "properties": {"id": "hotelerie-1337", "type": "hotelerie", "type_label": "Hôtellerie", "nom": "CHAMBRE DU CAMPEMENT", "region": {"nom": "THIES", "code": 7}, "departement": {"nom": "MBOUR", "code": 71}, "commune": {"nom": "SINDIA", "code": 71203}, "communaute_rurale": {"nom": "SINDIA", "code": 7120303}, "quartier_village": "THIAFOURA", "milieu": "RURAL", "thematique": null, "type_qvh": null}}, {"type": "Feature", "geometry": {"type": "Point", "coordinates": [-17.056292, 14.522021]}, "properties": {"id": "hotelerie-1338", "type": "hotelerie", "type_label": "Hôtellerie", "nom": "RECEPTION DU CAMPEMENT", "region": {"nom": "THIES", "code": 7}, "departement": {"nom": "MBOUR", "code": 71}, "commune": {"nom": "SINDIA", "code": 71203}, "communaute_rurale": {"nom": "SINDIA", "code": 7120303}, "quartier_village": "THIAFOURA", "milieu": "RURAL", "thematique": null, "type_qvh": null}}, {"type": "Feature", "geometry": {"type": "Point", "coordinates": [-17.058495, 14.520641]}, "properties": {"id": "hotelerie-1339", "type": "hotelerie", "type_label": "Hôtellerie", "nom": "CHAMBRE DU CAMPEMENT", "region": {"nom": "THIES", "code": 7}, "departement": {"nom": "MBOUR", "code": 71}, "commune": {"nom": "SINDIA", "code": 71203}, "communaute_rurale": {"nom": "SINDIA", "code": 7120303}, "quartier_village": "THIAFOURA", "milieu": "RURAL", "thematique": null, "type_qvh": null}}, {"type": "Feature", "geometry": {"type": "Point", "coordinates": [-17.058603, 14.520278]}, "properties": {"id": "hotelerie-1340", "type": "hotelerie", "type_label": "Hôtellerie", "nom": "CHAMBRE DU CAMPEMENT", "region": {"nom": "THIES", "code": 7}, "departement": {"nom": "MBOUR", "code": 71}, "commune": {"nom": "SINDIA", "code": 71203}, "communaute_rurale": {"nom": "SINDIA", "code": 7120303}, "quartier_village": "THIAFOURA", "milieu": "RURAL", "thematique": null, "type_qvh": null}}, {"type": "Feature", "geometry": {"type": "Point", "coordinates": [-17.090589, 14.498769]}, "properties": {"id": "hotelerie-1341", "type": "hotelerie", "type_label": "Hôtellerie", "nom": "CABANO", "region": {"nom": "THIES", "code": 7}, "departement": {"nom": "MBOUR", "code": 71}, "commune": {"nom": "SINDIA", "code": 71203}, "communaute_rurale": {"nom": "SINDIA", "code": 7120303}, "quartier_village": "GUEREO", "milieu": "RURAL", "thematique": null, "type_qvh": null}}, {"type": "Feature", "geometry": {"type": "Point", "coordinates": [-17.091329, 14.509832]}, "properties": {"id": "hotelerie-1342", "type": "hotelerie", "type_label": "Hôtellerie", "nom": "Hotel", "region": {"nom": "THIES", "code": 7}, "departement": {"nom": "MBOUR", "code": 71}, "commune": {"nom": "SINDIA", "code": 71203}, "communaute_rurale": {"nom": "SINDIA", "code": 7120303}, "quartier_village": "GUEREO", "milieu": "RURAL", "thematique": null, "type_qvh": null}}, {"type": "Feature", "geometry": {"type": "Point", "coordinates": [-17.053948, 14.497512]}, "properties": {"id": "hotelerie-1343", "type": "hotelerie", "type_label": "Hôtellerie", "nom": "NOPALOU KAÏ", "region": {"nom": "THIES", "code": 7}, "departement": {"nom": "MBOUR", "code": 71}, "commune": {"nom": "SINDIA", "code": 71203}, "communaute_rurale": {"nom": "SINDIA", "code": 7120303}, "quartier_village": "H1 NGUERIGNE PEUL", "milieu": "RURAL", "thematique": null, "type_qvh": null}}, {"type": "Feature", "geometry": {"type": "Point", "coordinates": [-17.028208, 14.493976]}, "properties": {"id": "hotelerie-1344", "type": "hotelerie", "type_label": "Hôtellerie", "nom": "RESIDENCE COUMBA SALLA", "region": {"nom": "THIES", "code": 7}, "departement": {"nom": "MBOUR", "code": 71}, "commune": {"nom": "SINDIA", "code": 71203}, "communaute_rurale": {"nom": "SINDIA", "code": 7120303}, "quartier_village": "H2 NGUERIGNE SERERE", "milieu": "RURAL", "thematique": null, "type_qvh": null}}, {"type": "Feature", "geometry": {"type": "Point", "coordinates": [-17.022813, 14.493217]}, "properties": {"id": "hotelerie-1345", "type": "hotelerie", "type_label": "Hôtellerie", "nom": "LE DIAMANT NOIR", "region": {"nom": "THIES", "code": 7}, "departement": {"nom": "MBOUR", "code": 71}, "commune": {"nom": "SINDIA", "code": 71203}, "communaute_rurale": {"nom": "SINDIA", "code": 7120303}, "quartier_village": "H2 NGUERIGNE SERERE", "milieu": "RURAL", "thematique": null, "type_qvh": null}}, {"type": "Feature", "geometry": {"type": "Point", "coordinates": [-17.029077, 14.482842]}, "properties": {"id": "hotelerie-1346", "type": "hotelerie", "type_label": "Hôtellerie", "nom": "AUBERGE", "region": {"nom": "THIES", "code": 7}, "departement": {"nom": "MBOUR", "code": 71}, "commune": {"nom": "SINDIA", "code": 71203}, "communaute_rurale": {"nom": "SINDIA", "code": 7120303}, "quartier_village": "H2 NGUERIGNE SERERE", "milieu": "RURAL", "thematique": null, "type_qvh": null}}, {"type": "Feature", "geometry": {"type": "Point", "coordinates": [-17.042367, 14.470557]}, "properties": {"id": "hotelerie-1347", "type": "hotelerie", "type_label": "Hôtellerie", "nom": "AUBERGE", "region": {"nom": "THIES", "code": 7}, "departement": {"nom": "MBOUR", "code": 71}, "commune": {"nom": "SINDIA", "code": 71203}, "communaute_rurale": {"nom": "SINDIA", "code": 7120303}, "quartier_village": "H1 FERME DE NGAPAROU", "milieu": "RURAL", "thematique": null, "type_qvh": null}}, {"type": "Feature", "geometry": {"type": "Point", "coordinates": [-17.018976, 14.544068]}, "properties": {"id": "hotelerie-1348", "type": "hotelerie", "type_label": "Hôtellerie", "nom": "HETEL BAOBAB SOLEIL", "region": {"nom": "THIES", "code": 7}, "departement": {"nom": "MBOUR", "code": 71}, "commune": {"nom": "SINDIA", "code": 71203}, "communaute_rurale": {"nom": "SINDIA", "code": 7120303}, "quartier_village": "H2 SINDIA KAFNGOUNE", "milieu": "RURAL", "thematique": null, "type_qvh": null}}, {"type": "Feature", "geometry": {"type": "Point", "coordinates": [-17.037512, 14.45229]}, "properties": {"id": "hotelerie-1349", "type": "hotelerie", "type_label": "Hôtellerie", "nom": "RESIDENCE ORANGERS", "region": {"nom": "THIES", "code": 7}, "departement": {"nom": "MBOUR", "code": 71}, "commune": {"nom": "SINDIA", "code": 71203}, "communaute_rurale": {"nom": "SINDIA", "code": 7120303}, "quartier_village": "NDIOROTH MBOTH", "milieu": "RURAL", "thematique": null, "type_qvh": null}}, {"type": "Feature", "geometry": {"type": "Point", "coordinates": [-17.035694, 14.452794]}, "properties": {"id": "hotelerie-1350", "type": "hotelerie", "type_label": "Hôtellerie", "nom": "RESIDENCE SARABA", "region": {"nom": "THIES", "code": 7}, "departement": {"nom": "MBOUR", "code": 71}, "commune": {"nom": "SINDIA", "code": 71203}, "communaute_rurale": {"nom": "SINDIA", "code": 7120303}, "quartier_village": "NDIOROTH MBOTH", "milieu": "RURAL", "thematique": null, "type_qvh": null}}, {"type": "Feature", "geometry": {"type": "Point", "coordinates": [-17.032292, 14.451701]}, "properties": {"id": "hotelerie-1351", "type": "hotelerie", "type_label": "Hôtellerie", "nom": "RESIDENCE DROGBA", "region": {"nom": "THIES", "code": 7}, "departement": {"nom": "MBOUR", "code": 71}, "commune": {"nom": "SINDIA", "code": 71203}, "communaute_rurale": {"nom": "SINDIA", "code": 7120303}, "quartier_village": "NDIOROTH MBOTH", "milieu": "RURAL", "thematique": null, "type_qvh": null}}, {"type": "Feature", "geometry": {"type": "Point", "coordinates": [-17.03178, 14.452119]}, "properties": {"id": "hotelerie-1352", "type": "hotelerie", "type_label": "Hôtellerie", "nom": "RESIDENCE DROGBA", "region": {"nom": "THIES", "code": 7}, "departement": {"nom": "MBOUR", "code": 71}, "commune": {"nom": "SINDIA", "code": 71203}, "communaute_rurale": {"nom": "SINDIA", "code": 7120303}, "quartier_village": "NDIOROTH MBOTH", "milieu": "RURAL", "thematique": null, "type_qvh": null}}, {"type": "Feature", "geometry": {"type": "Point", "coordinates": [-17.031501, 14.452113]}, "properties": {"id": "hotelerie-1353", "type": "hotelerie", "type_label": "Hôtellerie", "nom": "RESIDENCE DROGBA", "region": {"nom": "THIES", "code": 7}, "departement": {"nom": "MBOUR", "code": 71}, "commune": {"nom": "SINDIA", "code": 71203}, "communaute_rurale": {"nom": "SINDIA", "code": 7120303}, "quartier_village": "NDIOROTH MBOTH", "milieu": "RURAL", "thematique": null, "type_qvh": null}}, {"type": "Feature", "geometry": {"type": "Point", "coordinates": [-17.024864, 14.558523]}, "properties": {"id": "hotelerie-1354", "type": "hotelerie", "type_label": "Hôtellerie", "nom": "LODGE", "region": {"nom": "THIES", "code": 7}, "departement": {"nom": "MBOUR", "code": 71}, "commune": {"nom": "SINDIA", "code": 71203}, "communaute_rurale": {"nom": "SINDIA", "code": 7120303}, "quartier_village": "H2 SINDIA KAFNGOUNE", "milieu": "RURAL", "thematique": null, "type_qvh": null}}, {"type": "Feature", "geometry": {"type": "Point", "coordinates": [-16.991959, 14.46986]}, "properties": {"id": "hotelerie-1355", "type": "hotelerie", "type_label": "Hôtellerie", "nom": "ACCUEIL RESIDENCE", "region": {"nom": "THIES", "code": 7}, "departement": {"nom": "MBOUR", "code": 71}, "commune": {"nom": "SINDIA", "code": 71203}, "communaute_rurale": {"nom": "SINDIA", "code": 7120303}, "quartier_village": "GANDIGAL", "milieu": "RURAL", "thematique": null, "type_qvh": null}}, {"type": "Feature", "geometry": {"type": "Point", "coordinates": [-17.029847, 14.46569]}, "properties": {"id": "hotelerie-1356", "type": "hotelerie", "type_label": "Hôtellerie", "nom": "HOTEL\" A LA TANIERE VILLA METSU\"", "region": {"nom": "THIES", "code": 7}, "departement": {"nom": "MBOUR", "code": 71}, "commune": {"nom": "SINDIA", "code": 71203}, "communaute_rurale": {"nom": "SINDIA", "code": 7120303}, "quartier_village": "NDIOROTH MBOTH", "milieu": "RURAL", "thematique": null, "type_qvh": null}}, {"type": "Feature", "geometry": {"type": "Point", "coordinates": [-17.019871, 14.467389]}, "properties": {"id": "hotelerie-1357", "type": "hotelerie", "type_label": "Hôtellerie", "nom": "AUBERGE", "region": {"nom": "THIES", "code": 7}, "departement": {"nom": "MBOUR", "code": 71}, "commune": {"nom": "SINDIA", "code": 71203}, "communaute_rurale": {"nom": "SINDIA", "code": 7120303}, "quartier_village": "H1 THIERERE ( NDRIOROTH SERERE )", "milieu": "RURAL", "thematique": null, "type_qvh": null}}, {"type": "Feature", "geometry": {"type": "Point", "coordinates": [-17.093874, 14.520982]}, "properties": {"id": "hotelerie-1358", "type": "hotelerie", "type_label": "Hôtellerie", "nom": "LE VILLAGE", "region": {"nom": "THIES", "code": 7}, "departement": {"nom": "MBOUR", "code": 71}, "commune": {"nom": "SINDIA", "code": 71203}, "communaute_rurale": {"nom": "SINDIA", "code": 7120303}, "quartier_village": "GUEREO", "milieu": "RURAL", "thematique": null, "type_qvh": null}}, {"type": "Feature", "geometry": {"type": "Point", "coordinates": [-17.02989, 14.478387]}, "properties": {"id": "hotelerie-1359", "type": "hotelerie", "type_label": "Hôtellerie", "nom": "TOUBANA LODGE", "region": {"nom": "THIES", "code": 7}, "departement": {"nom": "MBOUR", "code": 71}, "commune": {"nom": "SINDIA", "code": 71203}, "communaute_rurale": {"nom": "SINDIA", "code": 7120303}, "quartier_village": "NGUERIGNE (NGUERIGNE BAMBARA)", "milieu": "RURAL", "thematique": null, "type_qvh": null}}, {"type": "Feature", "geometry": {"type": "Point", "coordinates": [-17.04109, 14.474017]}, "properties": {"id": "hotelerie-1360", "type": "hotelerie", "type_label": "Hôtellerie", "nom": "AUBERGE", "region": {"nom": "THIES", "code": 7}, "departement": {"nom": "MBOUR", "code": 71}, "commune": {"nom": "SINDIA", "code": 71203}, "communaute_rurale": {"nom": "SINDIA", "code": 7120303}, "quartier_village": "H1 FERME DE NGAPAROU", "milieu": "RURAL", "thematique": null, "type_qvh": null}}, {"type": "Feature", "geometry": {"type": "Point", "coordinates": [-17.042094, 14.470605]}, "properties": {"id": "hotelerie-1361", "type": "hotelerie", "type_label": "Hôtellerie", "nom": "AUBERGE", "region": {"nom": "THIES", "code": 7}, "departement": {"nom": "MBOUR", "code": 71}, "commune": {"nom": "SINDIA", "code": 71203}, "communaute_rurale": {"nom": "SINDIA", "code": 7120303}, "quartier_village": "H1 FERME DE NGAPAROU", "milieu": "RURAL", "thematique": null, "type_qvh": null}}, {"type": "Feature", "geometry": {"type": "Point", "coordinates": [-17.033611, 14.450938]}, "properties": {"id": "hotelerie-1362", "type": "hotelerie", "type_label": "Hôtellerie", "nom": "LA MAISON DE SALY", "region": {"nom": "THIES", "code": 7}, "departement": {"nom": "MBOUR", "code": 71}, "commune": {"nom": "SINDIA", "code": 71203}, "communaute_rurale": {"nom": "SINDIA", "code": 7120303}, "quartier_village": "NDIOROTH MBOTH", "milieu": "RURAL", "thematique": null, "type_qvh": null}}, {"type": "Feature", "geometry": {"type": "Point", "coordinates": [-17.037319, 14.453567]}, "properties": {"id": "hotelerie-1363", "type": "hotelerie", "type_label": "Hôtellerie", "nom": "RESIDENCE AQUA REVE", "region": {"nom": "THIES", "code": 7}, "departement": {"nom": "MBOUR", "code": 71}, "commune": {"nom": "SINDIA", "code": 71203}, "communaute_rurale": {"nom": "SINDIA", "code": 7120303}, "quartier_village": "NDIOROTH MBOTH", "milieu": "RURAL", "thematique": null, "type_qvh": null}}, {"type": "Feature", "geometry": {"type": "Point", "coordinates": [-17.033055, 14.457435]}, "properties": {"id": "hotelerie-1364", "type": "hotelerie", "type_label": "Hôtellerie", "nom": "LA MAISON BLANCHE", "region": {"nom": "THIES", "code": 7}, "departement": {"nom": "MBOUR", "code": 71}, "commune": {"nom": "SINDIA", "code": 71203}, "communaute_rurale": {"nom": "SINDIA", "code": 7120303}, "quartier_village": "NDIOROTH MBOTH", "milieu": "RURAL", "thematique": null, "type_qvh": null}}, {"type": "Feature", "geometry": {"type": "Point", "coordinates": [-17.025007, 14.483432]}, "properties": {"id": "hotelerie-1365", "type": "hotelerie", "type_label": "Hôtellerie", "nom": "AUBERGE", "region": {"nom": "THIES", "code": 7}, "departement": {"nom": "MBOUR", "code": 71}, "commune": {"nom": "SINDIA", "code": 71203}, "communaute_rurale": {"nom": "SINDIA", "code": 7120303}, "quartier_village": "SINTHIANE TOUCOULEUR", "milieu": "RURAL", "thematique": null, "type_qvh": null}}, {"type": "Feature", "geometry": {"type": "Point", "coordinates": [-16.998586, 14.483002]}, "properties": {"id": "hotelerie-1366", "type": "hotelerie", "type_label": "Hôtellerie", "nom": "FLEUR DELA PETITE COTE", "region": {"nom": "THIES", "code": 7}, "departement": {"nom": "MBOUR", "code": 71}, "commune": {"nom": "SINDIA", "code": 71203}, "communaute_rurale": {"nom": "SINDIA", "code": 7120303}, "quartier_village": "H2 KEUR DIP", "milieu": "RURAL", "thematique": null, "type_qvh": null}}, {"type": "Feature", "geometry": {"type": "Point", "coordinates": [-16.798542, 14.435408]}, "properties": {"id": "hotelerie-1367", "type": "hotelerie", "type_label": "Hôtellerie", "nom": "HETEL", "region": {"nom": "THIES", "code": 7}, "departement": {"nom": "MBOUR", "code": 71}, "commune": {"nom": "SESSENE", "code": 71202}, "communaute_rurale": {"nom": "SANDIARA", "code": 7120202}, "quartier_village": "SANDIARA OUOLOF", "milieu": "RURAL", "thematique": null, "type_qvh": null}}, {"type": "Feature", "geometry": {"type": "Point", "coordinates": [-16.99896, 14.437445]}, "properties": {"id": "hotelerie-1368", "type": "hotelerie", "type_label": "Hôtellerie", "nom": "Hotel Rose des sables", "region": {"nom": "THIES", "code": 7}, "departement": {"nom": "MBOUR", "code": 71}, "commune": {"nom": "SINDIA", "code": 71203}, "communaute_rurale": {"nom": "SALY PORTUDAL", "code": 7120307}, "quartier_village": "SALY BAMBARA", "milieu": "URBAIN", "thematique": null, "type_qvh": null}}, {"type": "Feature", "geometry": {"type": "Point", "coordinates": [-16.99884, 14.436835]}, "properties": {"id": "hotelerie-1369", "type": "hotelerie", "type_label": "Hôtellerie", "nom": "MAREE HAUTE", "region": {"nom": "THIES", "code": 7}, "departement": {"nom": "MBOUR", "code": 71}, "commune": {"nom": "SINDIA", "code": 71203}, "communaute_rurale": {"nom": "SALY PORTUDAL", "code": 7120307}, "quartier_village": "SALY BAMBARA", "milieu": "URBAIN", "thematique": null, "type_qvh": null}}, {"type": "Feature", "geometry": {"type": "Point", "coordinates": [-16.997277, 14.438435]}, "properties": {"id": "hotelerie-1370", "type": "hotelerie", "type_label": "Hôtellerie", "nom": "Hôtellerie", "region": {"nom": "THIES", "code": 7}, "departement": {"nom": "MBOUR", "code": 71}, "commune": {"nom": "SINDIA", "code": 71203}, "communaute_rurale": {"nom": "SALY PORTUDAL", "code": 7120307}, "quartier_village": "SALY BAMBARA", "milieu": "URBAIN", "thematique": null, "type_qvh": null}}, {"type": "Feature", "geometry": {"type": "Point", "coordinates": [-17.004594, 14.439549]}, "properties": {"id": "hotelerie-1371", "type": "hotelerie", "type_label": "Hôtellerie", "nom": "AFRIKA KEUR HETEL BAR RESTAURANT", "region": {"nom": "THIES", "code": 7}, "departement": {"nom": "MBOUR", "code": 71}, "commune": {"nom": "SINDIA", "code": 71203}, "communaute_rurale": {"nom": "SALY PORTUDAL", "code": 7120307}, "quartier_village": "ZONE HOTELIERE (SAPCO)", "milieu": "URBAIN", "thematique": null, "type_qvh": null}}, {"type": "Feature", "geometry": {"type": "Point", "coordinates": [-17.000158, 14.438714]}, "properties": {"id": "hotelerie-1372", "type": "hotelerie", "type_label": "Hôtellerie", "nom": "AUBERGE LES JARDINS DE CYNTHIA BROWN", "region": {"nom": "THIES", "code": 7}, "departement": {"nom": "MBOUR", "code": 71}, "commune": {"nom": "SINDIA", "code": 71203}, "communaute_rurale": {"nom": "SALY PORTUDAL", "code": 7120307}, "quartier_village": "SALY BAMBARA", "milieu": "URBAIN", "thematique": null, "type_qvh": null}}, {"type": "Feature", "geometry": {"type": "Point", "coordinates": [-16.992281, 14.444803]}, "properties": {"id": "hotelerie-1373", "type": "hotelerie", "type_label": "Hôtellerie", "nom": "RESIDENCE SALL AFRICA TOURISME", "region": {"nom": "THIES", "code": 7}, "departement": {"nom": "MBOUR", "code": 71}, "commune": {"nom": "SINDIA", "code": 71203}, "communaute_rurale": {"nom": "SALY PORTUDAL", "code": 7120307}, "quartier_village": "SALY CARREFOUR", "milieu": "URBAIN", "thematique": null, "type_qvh": null}}, {"type": "Feature", "geometry": {"type": "Point", "coordinates": [-16.99613, 14.44395]}, "properties": {"id": "hotelerie-1374", "type": "hotelerie", "type_label": "Hôtellerie", "nom": "MELIA", "region": {"nom": "THIES", "code": 7}, "departement": {"nom": "MBOUR", "code": 71}, "commune": {"nom": "SINDIA", "code": 71203}, "communaute_rurale": {"nom": "SALY PORTUDAL", "code": 7120307}, "quartier_village": "SALY CARREFOUR", "milieu": "URBAIN", "thematique": null, "type_qvh": null}}, {"type": "Feature", "geometry": {"type": "Point", "coordinates": [-16.991335, 14.444866]}, "properties": {"id": "hotelerie-1375", "type": "hotelerie", "type_label": "Hôtellerie", "nom": "HETELS", "region": {"nom": "THIES", "code": 7}, "departement": {"nom": "MBOUR", "code": 71}, "commune": {"nom": "SINDIA", "code": 71203}, "communaute_rurale": {"nom": "SALY PORTUDAL", "code": 7120307}, "quartier_village": "SALY CARREFOUR", "milieu": "URBAIN", "thematique": null, "type_qvh": null}}, {"type": "Feature", "geometry": {"type": "Point", "coordinates": [-17.002799, 14.440092]}, "properties": {"id": "hotelerie-1376", "type": "hotelerie", "type_label": "Hôtellerie", "nom": "Hotel", "region": {"nom": "THIES", "code": 7}, "departement": {"nom": "MBOUR", "code": 71}, "commune": {"nom": "SINDIA", "code": 71203}, "communaute_rurale": {"nom": "SALY PORTUDAL", "code": 7120307}, "quartier_village": "SALY BAMBARA", "milieu": "URBAIN", "thematique": null, "type_qvh": null}}, {"type": "Feature", "geometry": {"type": "Point", "coordinates": [-16.995337, 14.433666]}, "properties": {"id": "hotelerie-1377", "type": "hotelerie", "type_label": "Hôtellerie", "nom": "Auberge Le DAKAN", "region": {"nom": "THIES", "code": 7}, "departement": {"nom": "MBOUR", "code": 71}, "commune": {"nom": "SINDIA", "code": 71203}, "communaute_rurale": {"nom": "SALY PORTUDAL", "code": 7120307}, "quartier_village": "SALY DAROU", "milieu": "URBAIN", "thematique": null, "type_qvh": null}}, {"type": "Feature", "geometry": {"type": "Point", "coordinates": [-16.996435, 14.433404]}, "properties": {"id": "hotelerie-1378", "type": "hotelerie", "type_label": "Hôtellerie", "nom": "KATMANDOU", "region": {"nom": "THIES", "code": 7}, "departement": {"nom": "MBOUR", "code": 71}, "commune": {"nom": "SINDIA", "code": 71203}, "communaute_rurale": {"nom": "SALY PORTUDAL", "code": 7120307}, "quartier_village": "SALY NIAKHNIAKHAL", "milieu": "URBAIN", "thematique": null, "type_qvh": null}}, {"type": "Feature", "geometry": {"type": "Point", "coordinates": [-17.014182, 14.43957]}, "properties": {"id": "hotelerie-1379", "type": "hotelerie", "type_label": "Hôtellerie", "nom": "Saly hotel", "region": {"nom": "THIES", "code": 7}, "departement": {"nom": "MBOUR", "code": 71}, "commune": {"nom": "SINDIA", "code": 71203}, "communaute_rurale": {"nom": "SALY PORTUDAL", "code": 7120307}, "quartier_village": "SALY COULANG", "milieu": "URBAIN", "thematique": null, "type_qvh": null}}, {"type": "Feature", "geometry": {"type": "Point", "coordinates": [-16.99251, 14.44388]}, "properties": {"id": "hotelerie-1380", "type": "hotelerie", "type_label": "Hôtellerie", "nom": "AUBERGE TENBI_1", "region": {"nom": "THIES", "code": 7}, "departement": {"nom": "MBOUR", "code": 71}, "commune": {"nom": "SINDIA", "code": 71203}, "communaute_rurale": {"nom": "SALY PORTUDAL", "code": 7120307}, "quartier_village": "SALY CARREFOUR", "milieu": "URBAIN", "thematique": null, "type_qvh": null}}, {"type": "Feature", "geometry": {"type": "Point", "coordinates": [-16.999424, 14.436597]}, "properties": {"id": "hotelerie-1381", "type": "hotelerie", "type_label": "Hôtellerie", "nom": "Hôtellerie", "region": {"nom": "THIES", "code": 7}, "departement": {"nom": "MBOUR", "code": 71}, "commune": {"nom": "SINDIA", "code": 71203}, "communaute_rurale": {"nom": "SALY PORTUDAL", "code": 7120307}, "quartier_village": "SALY BAMBARA", "milieu": "URBAIN", "thematique": null, "type_qvh": null}}, {"type": "Feature", "geometry": {"type": "Point", "coordinates": [-16.996217, 14.433697]}, "properties": {"id": "hotelerie-1382", "type": "hotelerie", "type_label": "Hôtellerie", "nom": "LE DAKAN", "region": {"nom": "THIES", "code": 7}, "departement": {"nom": "MBOUR", "code": 71}, "commune": {"nom": "SINDIA", "code": 71203}, "communaute_rurale": {"nom": "SALY PORTUDAL", "code": 7120307}, "quartier_village": "SALY DAROU", "milieu": "URBAIN", "thematique": null, "type_qvh": null}}, {"type": "Feature", "geometry": {"type": "Point", "coordinates": [-16.995633, 14.442141]}, "properties": {"id": "hotelerie-1383", "type": "hotelerie", "type_label": "Hôtellerie", "nom": "Hotel Seynabou", "region": {"nom": "THIES", "code": 7}, "departement": {"nom": "MBOUR", "code": 71}, "commune": {"nom": "SINDIA", "code": 71203}, "communaute_rurale": {"nom": "SALY PORTUDAL", "code": 7120307}, "quartier_village": "SALY DAROU", "milieu": "URBAIN", "thematique": null, "type_qvh": null}}, {"type": "Feature", "geometry": {"type": "Point", "coordinates": [-17.018633, 14.44192]}, "properties": {"id": "hotelerie-1384", "type": "hotelerie", "type_label": "Hôtellerie", "nom": "Hotel", "region": {"nom": "THIES", "code": 7}, "departement": {"nom": "MBOUR", "code": 71}, "commune": {"nom": "SINDIA", "code": 71203}, "communaute_rurale": {"nom": "SALY PORTUDAL", "code": 7120307}, "quartier_village": "SALY COULANG", "milieu": "URBAIN", "thematique": null, "type_qvh": null}}, {"type": "Feature", "geometry": {"type": "Point", "coordinates": [-17.016782, 14.442071]}, "properties": {"id": "hotelerie-1385", "type": "hotelerie", "type_label": "Hôtellerie", "nom": "HOTEL HACIENDA", "region": {"nom": "THIES", "code": 7}, "departement": {"nom": "MBOUR", "code": 71}, "commune": {"nom": "SINDIA", "code": 71203}, "communaute_rurale": {"nom": "SALY PORTUDAL", "code": 7120307}, "quartier_village": "SALY COULANG", "milieu": "URBAIN", "thematique": null, "type_qvh": null}}, {"type": "Feature", "geometry": {"type": "Point", "coordinates": [-17.023741, 14.450489]}, "properties": {"id": "hotelerie-1386", "type": "hotelerie", "type_label": "Hôtellerie", "nom": "RESIDENCE", "region": {"nom": "THIES", "code": 7}, "departement": {"nom": "MBOUR", "code": 71}, "commune": {"nom": "SINDIA", "code": 71203}, "communaute_rurale": {"nom": "SALY PORTUDAL", "code": 7120307}, "quartier_village": "SALY COULANG", "milieu": "URBAIN", "thematique": null, "type_qvh": null}}, {"type": "Feature", "geometry": {"type": "Point", "coordinates": [-17.022658, 14.447553]}, "properties": {"id": "hotelerie-1387", "type": "hotelerie", "type_label": "Hôtellerie", "nom": "RESIDENCE SECONDAIRE", "region": {"nom": "THIES", "code": 7}, "departement": {"nom": "MBOUR", "code": 71}, "commune": {"nom": "SINDIA", "code": 71203}, "communaute_rurale": {"nom": "SALY PORTUDAL", "code": 7120307}, "quartier_village": "SALY COULANG", "milieu": "URBAIN", "thematique": null, "type_qvh": null}}, {"type": "Feature", "geometry": {"type": "Point", "coordinates": [-17.02308, 14.44382]}, "properties": {"id": "hotelerie-1388", "type": "hotelerie", "type_label": "Hôtellerie", "nom": "Hotel", "region": {"nom": "THIES", "code": 7}, "departement": {"nom": "MBOUR", "code": 71}, "commune": {"nom": "SINDIA", "code": 71203}, "communaute_rurale": {"nom": "SALY PORTUDAL", "code": 7120307}, "quartier_village": "SALY COULANG", "milieu": "URBAIN", "thematique": null, "type_qvh": null}}, {"type": "Feature", "geometry": {"type": "Point", "coordinates": [-17.02244, 14.449548]}, "properties": {"id": "hotelerie-1389", "type": "hotelerie", "type_label": "Hôtellerie", "nom": "RESIDENCE", "region": {"nom": "THIES", "code": 7}, "departement": {"nom": "MBOUR", "code": 71}, "commune": {"nom": "SINDIA", "code": 71203}, "communaute_rurale": {"nom": "SALY PORTUDAL", "code": 7120307}, "quartier_village": "SALY COULANG", "milieu": "URBAIN", "thematique": null, "type_qvh": null}}, {"type": "Feature", "geometry": {"type": "Point", "coordinates": [-17.006319, 14.442466]}, "properties": {"id": "hotelerie-1390", "type": "hotelerie", "type_label": "Hôtellerie", "nom": "DOMAINE DES ANACADIERS", "region": {"nom": "THIES", "code": 7}, "departement": {"nom": "MBOUR", "code": 71}, "commune": {"nom": "SINDIA", "code": 71203}, "communaute_rurale": {"nom": "SALY PORTUDAL", "code": 7120307}, "quartier_village": "ZONE HOTELIERE (SAPCO)", "milieu": "URBAIN", "thematique": null, "type_qvh": null}}, {"type": "Feature", "geometry": {"type": "Point", "coordinates": [-17.018704, 14.442673]}, "properties": {"id": "hotelerie-1391", "type": "hotelerie", "type_label": "Hôtellerie", "nom": "Hotel", "region": {"nom": "THIES", "code": 7}, "departement": {"nom": "MBOUR", "code": 71}, "commune": {"nom": "SINDIA", "code": 71203}, "communaute_rurale": {"nom": "SALY PORTUDAL", "code": 7120307}, "quartier_village": "SALY COULANG", "milieu": "URBAIN", "thematique": null, "type_qvh": null}}, {"type": "Feature", "geometry": {"type": "Point", "coordinates": [-17.017968, 14.442112]}, "properties": {"id": "hotelerie-1392", "type": "hotelerie", "type_label": "Hôtellerie", "nom": "LE BAOBAB", "region": {"nom": "THIES", "code": 7}, "departement": {"nom": "MBOUR", "code": 71}, "commune": {"nom": "SINDIA", "code": 71203}, "communaute_rurale": {"nom": "SALY PORTUDAL", "code": 7120307}, "quartier_village": "SALY COULANG", "milieu": "URBAIN", "thematique": null, "type_qvh": null}}, {"type": "Feature", "geometry": {"type": "Point", "coordinates": [-17.020333, 14.442688]}, "properties": {"id": "hotelerie-1393", "type": "hotelerie", "type_label": "Hôtellerie", "nom": "Hotel", "region": {"nom": "THIES", "code": 7}, "departement": {"nom": "MBOUR", "code": 71}, "commune": {"nom": "SINDIA", "code": 71203}, "communaute_rurale": {"nom": "SALY PORTUDAL", "code": 7120307}, "quartier_village": "SALY COULANG", "milieu": "URBAIN", "thematique": null, "type_qvh": null}}, {"type": "Feature", "geometry": {"type": "Point", "coordinates": [-17.025152, 14.447524]}, "properties": {"id": "hotelerie-1394", "type": "hotelerie", "type_label": "Hôtellerie", "nom": "HETEL KEUR SALY", "region": {"nom": "THIES", "code": 7}, "departement": {"nom": "MBOUR", "code": 71}, "commune": {"nom": "SINDIA", "code": 71203}, "communaute_rurale": {"nom": "SALY PORTUDAL", "code": 7120307}, "quartier_village": "SALY COULANG", "milieu": "URBAIN", "thematique": null, "type_qvh": null}}, {"type": "Feature", "geometry": {"type": "Point", "coordinates": [-17.023233, 14.448047]}, "properties": {"id": "hotelerie-1395", "type": "hotelerie", "type_label": "Hôtellerie", "nom": "HETEL BAR VIP", "region": {"nom": "THIES", "code": 7}, "departement": {"nom": "MBOUR", "code": 71}, "commune": {"nom": "SINDIA", "code": 71203}, "communaute_rurale": {"nom": "SALY PORTUDAL", "code": 7120307}, "quartier_village": "SALY COULANG", "milieu": "URBAIN", "thematique": null, "type_qvh": null}}, {"type": "Feature", "geometry": {"type": "Point", "coordinates": [-16.995222, 14.436848]}, "properties": {"id": "hotelerie-1396", "type": "hotelerie", "type_label": "Hôtellerie", "nom": "MAISON EN LOCATION TEMPORAIRE", "region": {"nom": "THIES", "code": 7}, "departement": {"nom": "MBOUR", "code": 71}, "commune": {"nom": "SINDIA", "code": 71203}, "communaute_rurale": {"nom": "SALY PORTUDAL", "code": 7120307}, "quartier_village": "SALY BAMBARA", "milieu": "URBAIN", "thematique": null, "type_qvh": null}}, {"type": "Feature", "geometry": {"type": "Point", "coordinates": [-16.992543, 14.431793]}, "properties": {"id": "hotelerie-1397", "type": "hotelerie", "type_label": "Hôtellerie", "nom": "HOTEL BAR", "region": {"nom": "THIES", "code": 7}, "departement": {"nom": "MBOUR", "code": 71}, "commune": {"nom": "SINDIA", "code": 71203}, "communaute_rurale": {"nom": "SALY PORTUDAL", "code": 7120307}, "quartier_village": "SALY DAROU EXTENSION", "milieu": "URBAIN", "thematique": null, "type_qvh": null}}, {"type": "Feature", "geometry": {"type": "Point", "coordinates": [-16.984831, 14.446439]}, "properties": {"id": "hotelerie-1398", "type": "hotelerie", "type_label": "Hôtellerie", "nom": "Auberge le Rail HORIZON", "region": {"nom": "THIES", "code": 7}, "departement": {"nom": "MBOUR", "code": 71}, "commune": {"nom": "SINDIA", "code": 71203}, "communaute_rurale": {"nom": "SALY PORTUDAL", "code": 7120307}, "quartier_village": "SALY DIACKSAO", "milieu": "URBAIN", "thematique": null, "type_qvh": null}}, {"type": "Feature", "geometry": {"type": "Point", "coordinates": [-17.00407, 14.436439]}, "properties": {"id": "hotelerie-1399", "type": "hotelerie", "type_label": "Hôtellerie", "nom": "HOTEL  NEPTUNE", "region": {"nom": "THIES", "code": 7}, "departement": {"nom": "MBOUR", "code": 71}, "commune": {"nom": "SINDIA", "code": 71203}, "communaute_rurale": {"nom": "SALY PORTUDAL", "code": 7120307}, "quartier_village": "ZONE HOTELIERE (SAPCO)", "milieu": "URBAIN", "thematique": null, "type_qvh": null}}, {"type": "Feature", "geometry": {"type": "Point", "coordinates": [-17.006071, 14.438439]}, "properties": {"id": "hotelerie-1400", "type": "hotelerie", "type_label": "Hôtellerie", "nom": "HOTEL  ROYAM", "region": {"nom": "THIES", "code": 7}, "departement": {"nom": "MBOUR", "code": 71}, "commune": {"nom": "SINDIA", "code": 71203}, "communaute_rurale": {"nom": "SALY PORTUDAL", "code": 7120307}, "quartier_village": "ZONE HOTELIERE (SAPCO)", "milieu": "URBAIN", "thematique": null, "type_qvh": null}}, {"type": "Feature", "geometry": {"type": "Point", "coordinates": [-17.01925, 14.441364]}, "properties": {"id": "hotelerie-1401", "type": "hotelerie", "type_label": "Hôtellerie", "nom": "Hotel", "region": {"nom": "THIES", "code": 7}, "departement": {"nom": "MBOUR", "code": 71}, "commune": {"nom": "SINDIA", "code": 71203}, "communaute_rurale": {"nom": "SALY PORTUDAL", "code": 7120307}, "quartier_village": "SALY COULANG", "milieu": "URBAIN", "thematique": null, "type_qvh": null}}, {"type": "Feature", "geometry": {"type": "Point", "coordinates": [-17.017046, 14.442518]}, "properties": {"id": "hotelerie-1402", "type": "hotelerie", "type_label": "Hôtellerie", "nom": "Hotel LE HBR DE SALY", "region": {"nom": "THIES", "code": 7}, "departement": {"nom": "MBOUR", "code": 71}, "commune": {"nom": "SINDIA", "code": 71203}, "communaute_rurale": {"nom": "SALY PORTUDAL", "code": 7120307}, "quartier_village": "SALY COULANG", "milieu": "URBAIN", "thematique": null, "type_qvh": null}}, {"type": "Feature", "geometry": {"type": "Point", "coordinates": [-17.01821, 14.444342]}, "properties": {"id": "hotelerie-1403", "type": "hotelerie", "type_label": "Hôtellerie", "nom": "Hotel", "region": {"nom": "THIES", "code": 7}, "departement": {"nom": "MBOUR", "code": 71}, "commune": {"nom": "SINDIA", "code": 71203}, "communaute_rurale": {"nom": "SALY PORTUDAL", "code": 7120307}, "quartier_village": "SALY COULANG", "milieu": "URBAIN", "thematique": null, "type_qvh": null}}, {"type": "Feature", "geometry": {"type": "Point", "coordinates": [-17.021088, 14.445359]}, "properties": {"id": "hotelerie-1404", "type": "hotelerie", "type_label": "Hôtellerie", "nom": "Hotel", "region": {"nom": "THIES", "code": 7}, "departement": {"nom": "MBOUR", "code": 71}, "commune": {"nom": "SINDIA", "code": 71203}, "communaute_rurale": {"nom": "SALY PORTUDAL", "code": 7120307}, "quartier_village": "SALY COULANG", "milieu": "URBAIN", "thematique": null, "type_qvh": null}}, {"type": "Feature", "geometry": {"type": "Point", "coordinates": [-17.021485, 14.447007]}, "properties": {"id": "hotelerie-1405", "type": "hotelerie", "type_label": "Hôtellerie", "nom": "Hotel", "region": {"nom": "THIES", "code": 7}, "departement": {"nom": "MBOUR", "code": 71}, "commune": {"nom": "SINDIA", "code": 71203}, "communaute_rurale": {"nom": "SALY PORTUDAL", "code": 7120307}, "quartier_village": "SALY COULANG", "milieu": "URBAIN", "thematique": null, "type_qvh": null}}, {"type": "Feature", "geometry": {"type": "Point", "coordinates": [-17.002974, 14.443252]}, "properties": {"id": "hotelerie-1406", "type": "hotelerie", "type_label": "Hôtellerie", "nom": "RESIDENCE", "region": {"nom": "THIES", "code": 7}, "departement": {"nom": "MBOUR", "code": 71}, "commune": {"nom": "SINDIA", "code": 71203}, "communaute_rurale": {"nom": "SALY PORTUDAL", "code": 7120307}, "quartier_village": "SALY DAROU SALAM", "milieu": "URBAIN", "thematique": null, "type_qvh": null}}, {"type": "Feature", "geometry": {"type": "Point", "coordinates": [-17.002796, 14.44326]}, "properties": {"id": "hotelerie-1407", "type": "hotelerie", "type_label": "Hôtellerie", "nom": "RESIDENCE ALDIANA", "region": {"nom": "THIES", "code": 7}, "departement": {"nom": "MBOUR", "code": 71}, "commune": {"nom": "SINDIA", "code": 71203}, "communaute_rurale": {"nom": "SALY PORTUDAL", "code": 7120307}, "quartier_village": "SALY DAROU SALAM", "milieu": "URBAIN", "thematique": null, "type_qvh": null}}, {"type": "Feature", "geometry": {"type": "Point", "coordinates": [-17.003308, 14.444187]}, "properties": {"id": "hotelerie-1408", "type": "hotelerie", "type_label": "Hôtellerie", "nom": "SO SUITE", "region": {"nom": "THIES", "code": 7}, "departement": {"nom": "MBOUR", "code": 71}, "commune": {"nom": "SINDIA", "code": 71203}, "communaute_rurale": {"nom": "SALY PORTUDAL", "code": 7120307}, "quartier_village": "SALY DAROU SALAM", "milieu": "URBAIN", "thematique": null, "type_qvh": null}}, {"type": "Feature", "geometry": {"type": "Point", "coordinates": [-17.009963, 14.452262]}, "properties": {"id": "hotelerie-1409", "type": "hotelerie", "type_label": "Hôtellerie", "nom": "RESIDENCE", "region": {"nom": "THIES", "code": 7}, "departement": {"nom": "MBOUR", "code": 71}, "commune": {"nom": "SINDIA", "code": 71203}, "communaute_rurale": {"nom": "SALY PORTUDAL", "code": 7120307}, "quartier_village": "SALY DAROU SALAM", "milieu": "URBAIN", "thematique": null, "type_qvh": null}}, {"type": "Feature", "geometry": {"type": "Point", "coordinates": [-17.01035, 14.452622]}, "properties": {"id": "hotelerie-1410", "type": "hotelerie", "type_label": "Hôtellerie", "nom": "RESIDENCE IRIZ", "region": {"nom": "THIES", "code": 7}, "departement": {"nom": "MBOUR", "code": 71}, "commune": {"nom": "SINDIA", "code": 71203}, "communaute_rurale": {"nom": "SALY PORTUDAL", "code": 7120307}, "quartier_village": "SALY DAROU SALAM", "milieu": "URBAIN", "thematique": null, "type_qvh": null}}, {"type": "Feature", "geometry": {"type": "Point", "coordinates": [-17.003747, 14.440897]}, "properties": {"id": "hotelerie-1411", "type": "hotelerie", "type_label": "Hôtellerie", "nom": "ELLE ET MOI", "region": {"nom": "THIES", "code": 7}, "departement": {"nom": "MBOUR", "code": 71}, "commune": {"nom": "SINDIA", "code": 71203}, "communaute_rurale": {"nom": "SALY PORTUDAL", "code": 7120307}, "quartier_village": "SALY DAROU SALAM", "milieu": "URBAIN", "thematique": null, "type_qvh": null}}, {"type": "Feature", "geometry": {"type": "Point", "coordinates": [-17.0088, 14.448784]}, "properties": {"id": "hotelerie-1412", "type": "hotelerie", "type_label": "Hôtellerie", "nom": "Hotel", "region": {"nom": "THIES", "code": 7}, "departement": {"nom": "MBOUR", "code": 71}, "commune": {"nom": "SINDIA", "code": 71203}, "communaute_rurale": {"nom": "SALY PORTUDAL", "code": 7120307}, "quartier_village": "SALY DAROU SALAM", "milieu": "URBAIN", "thematique": null, "type_qvh": null}}, {"type": "Feature", "geometry": {"type": "Point", "coordinates": [-17.007005, 14.446746]}, "properties": {"id": "hotelerie-1413", "type": "hotelerie", "type_label": "Hôtellerie", "nom": "RESIDENCE  VILLA ROSA", "region": {"nom": "THIES", "code": 7}, "departement": {"nom": "MBOUR", "code": 71}, "commune": {"nom": "SINDIA", "code": 71203}, "communaute_rurale": {"nom": "SALY PORTUDAL", "code": 7120307}, "quartier_village": "SALY DAROU SALAM", "milieu": "URBAIN", "thematique": null, "type_qvh": null}}, {"type": "Feature", "geometry": {"type": "Point", "coordinates": [-17.006836, 14.445179]}, "properties": {"id": "hotelerie-1414", "type": "hotelerie", "type_label": "Hôtellerie", "nom": "MOTEL", "region": {"nom": "THIES", "code": 7}, "departement": {"nom": "MBOUR", "code": 71}, "commune": {"nom": "SINDIA", "code": 71203}, "communaute_rurale": {"nom": "SALY PORTUDAL", "code": 7120307}, "quartier_village": "SALY DAROU SALAM", "milieu": "URBAIN", "thematique": null, "type_qvh": null}}, {"type": "Feature", "geometry": {"type": "Point", "coordinates": [-17.001403, 14.433372]}, "properties": {"id": "hotelerie-1415", "type": "hotelerie", "type_label": "Hôtellerie", "nom": "LA VILLA ANSALY", "region": {"nom": "THIES", "code": 7}, "departement": {"nom": "MBOUR", "code": 71}, "commune": {"nom": "SINDIA", "code": 71203}, "communaute_rurale": {"nom": "SALY PORTUDAL", "code": 7120307}, "quartier_village": "SALY NIAKHNIAKHAL", "milieu": "URBAIN", "thematique": null, "type_qvh": null}}, {"type": "Feature", "geometry": {"type": "Point", "coordinates": [-17.001016, 14.434537]}, "properties": {"id": "hotelerie-1416", "type": "hotelerie", "type_label": "Hôtellerie", "nom": "AUBERGE BAR RESTAURANT", "region": {"nom": "THIES", "code": 7}, "departement": {"nom": "MBOUR", "code": 71}, "commune": {"nom": "SINDIA", "code": 71203}, "communaute_rurale": {"nom": "SALY PORTUDAL", "code": 7120307}, "quartier_village": "SALY NIAKHNIAKHAL", "milieu": "URBAIN", "thematique": null, "type_qvh": null}}, {"type": "Feature", "geometry": {"type": "Point", "coordinates": [-17.002979, 14.434711]}, "properties": {"id": "hotelerie-1417", "type": "hotelerie", "type_label": "Hôtellerie", "nom": "CLUB CALEBASSE", "region": {"nom": "THIES", "code": 7}, "departement": {"nom": "MBOUR", "code": 71}, "commune": {"nom": "SINDIA", "code": 71203}, "communaute_rurale": {"nom": "SALY PORTUDAL", "code": 7120307}, "quartier_village": "SALY NIAKHNIAKHAL", "milieu": "URBAIN", "thematique": null, "type_qvh": null}}, {"type": "Feature", "geometry": {"type": "Point", "coordinates": [-17.001307, 14.435736]}, "properties": {"id": "hotelerie-1418", "type": "hotelerie", "type_label": "Hôtellerie", "nom": "Hotel", "region": {"nom": "THIES", "code": 7}, "departement": {"nom": "MBOUR", "code": 71}, "commune": {"nom": "SINDIA", "code": 71203}, "communaute_rurale": {"nom": "SALY PORTUDAL", "code": 7120307}, "quartier_village": "SALY NIAKHNIAKHAL", "milieu": "URBAIN", "thematique": null, "type_qvh": null}}, {"type": "Feature", "geometry": {"type": "Point", "coordinates": [-17.008671, 14.450163]}, "properties": {"id": "hotelerie-1419", "type": "hotelerie", "type_label": "Hôtellerie", "nom": "Hotel", "region": {"nom": "THIES", "code": 7}, "departement": {"nom": "MBOUR", "code": 71}, "commune": {"nom": "SINDIA", "code": 71203}, "communaute_rurale": {"nom": "SALY PORTUDAL", "code": 7120307}, "quartier_village": "SALY DAROU SALAM", "milieu": "URBAIN", "thematique": null, "type_qvh": null}}, {"type": "Feature", "geometry": {"type": "Point", "coordinates": [-17.002258, 14.435273]}, "properties": {"id": "hotelerie-1420", "type": "hotelerie", "type_label": "Hôtellerie", "nom": "AUBERGE KHADY", "region": {"nom": "THIES", "code": 7}, "departement": {"nom": "MBOUR", "code": 71}, "commune": {"nom": "SINDIA", "code": 71203}, "communaute_rurale": {"nom": "SALY PORTUDAL", "code": 7120307}, "quartier_village": "SALY NIAKHNIAKHAL", "milieu": "URBAIN", "thematique": null, "type_qvh": null}}, {"type": "Feature", "geometry": {"type": "Point", "coordinates": [-16.988607, 14.452632]}, "properties": {"id": "hotelerie-1421", "type": "hotelerie", "type_label": "Hôtellerie", "nom": "SALYMA RESIDENCE", "region": {"nom": "THIES", "code": 7}, "departement": {"nom": "MBOUR", "code": 71}, "commune": {"nom": "SINDIA", "code": 71203}, "communaute_rurale": {"nom": "SALY PORTUDAL", "code": 7120307}, "quartier_village": "SALY DIACKSAO", "milieu": "URBAIN", "thematique": null, "type_qvh": null}}, {"type": "Feature", "geometry": {"type": "Point", "coordinates": [-17.005003, 14.455085]}, "properties": {"id": "hotelerie-1422", "type": "hotelerie", "type_label": "Hôtellerie", "nom": "RESIDENCE", "region": {"nom": "THIES", "code": 7}, "departement": {"nom": "MBOUR", "code": 71}, "commune": {"nom": "SINDIA", "code": 71203}, "communaute_rurale": {"nom": "SALY PORTUDAL", "code": 7120307}, "quartier_village": "SALY JOSEPH", "milieu": "URBAIN", "thematique": null, "type_qvh": null}}, {"type": "Feature", "geometry": {"type": "Point", "coordinates": [-16.984263, 14.446561]}, "properties": {"id": "hotelerie-1423", "type": "hotelerie", "type_label": "Hôtellerie", "nom": "HETEL", "region": {"nom": "THIES", "code": 7}, "departement": {"nom": "MBOUR", "code": 71}, "commune": {"nom": "SINDIA", "code": 71203}, "communaute_rurale": {"nom": "SALY PORTUDAL", "code": 7120307}, "quartier_village": "SALY DIACKSAO", "milieu": "URBAIN", "thematique": null, "type_qvh": null}}, {"type": "Feature", "geometry": {"type": "Point", "coordinates": [-17.018564, 14.447815]}, "properties": {"id": "hotelerie-1424", "type": "hotelerie", "type_label": "Hôtellerie", "nom": "HOTEL", "region": {"nom": "THIES", "code": 7}, "departement": {"nom": "MBOUR", "code": 71}, "commune": {"nom": "SINDIA", "code": 71203}, "communaute_rurale": {"nom": "SALY PORTUDAL", "code": 7120307}, "quartier_village": "SALY GOLF", "milieu": "URBAIN", "thematique": null, "type_qvh": null}}, {"type": "Feature", "geometry": {"type": "Point", "coordinates": [-17.018616, 14.446253]}, "properties": {"id": "hotelerie-1425", "type": "hotelerie", "type_label": "Hôtellerie", "nom": "Hotel", "region": {"nom": "THIES", "code": 7}, "departement": {"nom": "MBOUR", "code": 71}, "commune": {"nom": "SINDIA", "code": 71203}, "communaute_rurale": {"nom": "SALY PORTUDAL", "code": 7120307}, "quartier_village": "SALY GOLF", "milieu": "URBAIN", "thematique": null, "type_qvh": null}}, {"type": "Feature", "geometry": {"type": "Point", "coordinates": [-17.019048, 14.446254]}, "properties": {"id": "hotelerie-1426", "type": "hotelerie", "type_label": "Hôtellerie", "nom": "Hotel", "region": {"nom": "THIES", "code": 7}, "departement": {"nom": "MBOUR", "code": 71}, "commune": {"nom": "SINDIA", "code": 71203}, "communaute_rurale": {"nom": "SALY PORTUDAL", "code": 7120307}, "quartier_village": "SALY GOLF", "milieu": "URBAIN", "thematique": null, "type_qvh": null}}, {"type": "Feature", "geometry": {"type": "Point", "coordinates": [-17.019392, 14.446914]}, "properties": {"id": "hotelerie-1427", "type": "hotelerie", "type_label": "Hôtellerie", "nom": "Hotel RESTAURANT BAR LE FLASH", "region": {"nom": "THIES", "code": 7}, "departement": {"nom": "MBOUR", "code": 71}, "commune": {"nom": "SINDIA", "code": 71203}, "communaute_rurale": {"nom": "SALY PORTUDAL", "code": 7120307}, "quartier_village": "SALY GOLF", "milieu": "URBAIN", "thematique": null, "type_qvh": null}}, {"type": "Feature", "geometry": {"type": "Point", "coordinates": [-17.018995, 14.44771]}, "properties": {"id": "hotelerie-1428", "type": "hotelerie", "type_label": "Hôtellerie", "nom": "Hotel", "region": {"nom": "THIES", "code": 7}, "departement": {"nom": "MBOUR", "code": 71}, "commune": {"nom": "SINDIA", "code": 71203}, "communaute_rurale": {"nom": "SALY PORTUDAL", "code": 7120307}, "quartier_village": "SALY GOLF", "milieu": "URBAIN", "thematique": null, "type_qvh": null}}, {"type": "Feature", "geometry": {"type": "Point", "coordinates": [-17.012665, 14.458801]}, "properties": {"id": "hotelerie-1429", "type": "hotelerie", "type_label": "Hôtellerie", "nom": "HETEL LA BELLE ETOILE", "region": {"nom": "THIES", "code": 7}, "departement": {"nom": "MBOUR", "code": 71}, "commune": {"nom": "SINDIA", "code": 71203}, "communaute_rurale": {"nom": "SALY PORTUDAL", "code": 7120307}, "quartier_village": "SALY JOSEPH", "milieu": "URBAIN", "thematique": null, "type_qvh": null}}, {"type": "Feature", "geometry": {"type": "Point", "coordinates": [-17.008886, 14.459909]}, "properties": {"id": "hotelerie-1430", "type": "hotelerie", "type_label": "Hôtellerie", "nom": "Hotel Képaranga", "region": {"nom": "THIES", "code": 7}, "departement": {"nom": "MBOUR", "code": 71}, "commune": {"nom": "SINDIA", "code": 71203}, "communaute_rurale": {"nom": "SALY PORTUDAL", "code": 7120307}, "quartier_village": "SALY JOSEPH", "milieu": "URBAIN", "thematique": null, "type_qvh": null}}, {"type": "Feature", "geometry": {"type": "Point", "coordinates": [-16.998387, 14.434801]}, "properties": {"id": "hotelerie-1431", "type": "hotelerie", "type_label": "Hôtellerie", "nom": "SOULMANGA BLEU HOTEL", "region": {"nom": "THIES", "code": 7}, "departement": {"nom": "MBOUR", "code": 71}, "commune": {"nom": "SINDIA", "code": 71203}, "communaute_rurale": {"nom": "SALY PORTUDAL", "code": 7120307}, "quartier_village": "SALY NIAKHNIAKHAL", "milieu": "URBAIN", "thematique": null, "type_qvh": null}}, {"type": "Feature", "geometry": {"type": "Point", "coordinates": [-17.002577, 14.435622]}, "properties": {"id": "hotelerie-1432", "type": "hotelerie", "type_label": "Hôtellerie", "nom": "AFRICA 6 PLAGE", "region": {"nom": "THIES", "code": 7}, "departement": {"nom": "MBOUR", "code": 71}, "commune": {"nom": "SINDIA", "code": 71203}, "communaute_rurale": {"nom": "SALY PORTUDAL", "code": 7120307}, "quartier_village": "SALY NIAKHNIAKHAL", "milieu": "URBAIN", "thematique": null, "type_qvh": null}}, {"type": "Feature", "geometry": {"type": "Point", "coordinates": [-16.998907, 14.429639]}, "properties": {"id": "hotelerie-1433", "type": "hotelerie", "type_label": "Hôtellerie", "nom": "AUBERGE MANDE", "region": {"nom": "THIES", "code": 7}, "departement": {"nom": "MBOUR", "code": 71}, "commune": {"nom": "SINDIA", "code": 71203}, "communaute_rurale": {"nom": "SALY PORTUDAL", "code": 7120307}, "quartier_village": "SALY NIAKHNIAKHAL", "milieu": "URBAIN", "thematique": null, "type_qvh": null}}, {"type": "Feature", "geometry": {"type": "Point", "coordinates": [-16.997758, 14.427931]}, "properties": {"id": "hotelerie-1434", "type": "hotelerie", "type_label": "Hôtellerie", "nom": "DON  JON LODGE", "region": {"nom": "THIES", "code": 7}, "departement": {"nom": "MBOUR", "code": 71}, "commune": {"nom": "SINDIA", "code": 71203}, "communaute_rurale": {"nom": "SALY PORTUDAL", "code": 7120307}, "quartier_village": "SALY NIAKH EXTENSION", "milieu": "URBAIN", "thematique": null, "type_qvh": null}}, {"type": "Feature", "geometry": {"type": "Point", "coordinates": [-16.999768, 14.433074]}, "properties": {"id": "hotelerie-1435", "type": "hotelerie", "type_label": "Hôtellerie", "nom": "CLUB SAFT", "region": {"nom": "THIES", "code": 7}, "departement": {"nom": "MBOUR", "code": 71}, "commune": {"nom": "SINDIA", "code": 71203}, "communaute_rurale": {"nom": "SALY PORTUDAL", "code": 7120307}, "quartier_village": "SALY NIAKHNIAKHAL", "milieu": "URBAIN", "thematique": null, "type_qvh": null}}, {"type": "Feature", "geometry": {"type": "Point", "coordinates": [-16.997321, 14.434108]}, "properties": {"id": "hotelerie-1436", "type": "hotelerie", "type_label": "Hôtellerie", "nom": "AUBERGE", "region": {"nom": "THIES", "code": 7}, "departement": {"nom": "MBOUR", "code": 71}, "commune": {"nom": "SINDIA", "code": 71203}, "communaute_rurale": {"nom": "SALY PORTUDAL", "code": 7120307}, "quartier_village": "SALY NIAKHNIAKHAL", "milieu": "URBAIN", "thematique": null, "type_qvh": null}}, {"type": "Feature", "geometry": {"type": "Point", "coordinates": [-17.000224, 14.431424]}, "properties": {"id": "hotelerie-1437", "type": "hotelerie", "type_label": "Hôtellerie", "nom": "Hotel", "region": {"nom": "THIES", "code": 7}, "departement": {"nom": "MBOUR", "code": 71}, "commune": {"nom": "SINDIA", "code": 71203}, "communaute_rurale": {"nom": "SALY PORTUDAL", "code": 7120307}, "quartier_village": "SALY NIAKHNIAKHAL", "milieu": "URBAIN", "thematique": null, "type_qvh": null}}, {"type": "Feature", "geometry": {"type": "Point", "coordinates": [-16.996381, 14.426035]}, "properties": {"id": "hotelerie-1438", "type": "hotelerie", "type_label": "Hôtellerie", "nom": "Hotel Les Amazones", "region": {"nom": "THIES", "code": 7}, "departement": {"nom": "MBOUR", "code": 71}, "commune": {"nom": "SINDIA", "code": 71203}, "communaute_rurale": {"nom": "SALY PORTUDAL", "code": 7120307}, "quartier_village": "SALY NIAKH EXTENSION", "milieu": "URBAIN", "thematique": null, "type_qvh": null}}, {"type": "Feature", "geometry": {"type": "Point", "coordinates": [-17.003973, 14.441945]}, "properties": {"id": "hotelerie-1439", "type": "hotelerie", "type_label": "Hôtellerie", "nom": "Hotel", "region": {"nom": "THIES", "code": 7}, "departement": {"nom": "MBOUR", "code": 71}, "commune": {"nom": "SINDIA", "code": 71203}, "communaute_rurale": {"nom": "SALY PORTUDAL", "code": 7120307}, "quartier_village": "SALY DAROU SALAM", "milieu": "URBAIN", "thematique": null, "type_qvh": null}}, {"type": "Feature", "geometry": {"type": "Point", "coordinates": [-16.996978, 14.427036]}, "properties": {"id": "hotelerie-1440", "type": "hotelerie", "type_label": "Hôtellerie", "nom": "Hotel", "region": {"nom": "THIES", "code": 7}, "departement": {"nom": "MBOUR", "code": 71}, "commune": {"nom": "SINDIA", "code": 71203}, "communaute_rurale": {"nom": "SALY PORTUDAL", "code": 7120307}, "quartier_village": "SALY NIAKH EXTENSION", "milieu": "URBAIN", "thematique": null, "type_qvh": null}}, {"type": "Feature", "geometry": {"type": "Point", "coordinates": [-16.997616, 14.428946]}, "properties": {"id": "hotelerie-1441", "type": "hotelerie", "type_label": "Hôtellerie", "nom": "Hotel", "region": {"nom": "THIES", "code": 7}, "departement": {"nom": "MBOUR", "code": 71}, "commune": {"nom": "SINDIA", "code": 71203}, "communaute_rurale": {"nom": "SALY PORTUDAL", "code": 7120307}, "quartier_village": "SALY NIAKH EXTENSION", "milieu": "URBAIN", "thematique": null, "type_qvh": null}}, {"type": "Feature", "geometry": {"type": "Point", "coordinates": [-16.998073, 14.428656]}, "properties": {"id": "hotelerie-1442", "type": "hotelerie", "type_label": "Hôtellerie", "nom": "Auberge", "region": {"nom": "THIES", "code": 7}, "departement": {"nom": "MBOUR", "code": 71}, "commune": {"nom": "SINDIA", "code": 71203}, "communaute_rurale": {"nom": "SALY PORTUDAL", "code": 7120307}, "quartier_village": "SALY NIAKH EXTENSION", "milieu": "URBAIN", "thematique": null, "type_qvh": null}}, {"type": "Feature", "geometry": {"type": "Point", "coordinates": [-16.99912, 14.430305]}, "properties": {"id": "hotelerie-1443", "type": "hotelerie", "type_label": "Hôtellerie", "nom": "HETEL", "region": {"nom": "THIES", "code": 7}, "departement": {"nom": "MBOUR", "code": 71}, "commune": {"nom": "SINDIA", "code": 71203}, "communaute_rurale": {"nom": "SALY PORTUDAL", "code": 7120307}, "quartier_village": "SALY NIAKHNIAKHAL", "milieu": "URBAIN", "thematique": null, "type_qvh": null}}, {"type": "Feature", "geometry": {"type": "Point", "coordinates": [-17.01569, 14.444922]}, "properties": {"id": "hotelerie-1444", "type": "hotelerie", "type_label": "Hôtellerie", "nom": "HOTEL  LA MEDINA", "region": {"nom": "THIES", "code": 7}, "departement": {"nom": "MBOUR", "code": 71}, "commune": {"nom": "SINDIA", "code": 71203}, "communaute_rurale": {"nom": "SALY PORTUDAL", "code": 7120307}, "quartier_village": "SALY TAPEE", "milieu": "URBAIN", "thematique": null, "type_qvh": null}}, {"type": "Feature", "geometry": {"type": "Point", "coordinates": [-17.015909, 14.448632]}, "properties": {"id": "hotelerie-1445", "type": "hotelerie", "type_label": "Hôtellerie", "nom": "HOTEL", "region": {"nom": "THIES", "code": 7}, "departement": {"nom": "MBOUR", "code": 71}, "commune": {"nom": "SINDIA", "code": 71203}, "communaute_rurale": {"nom": "SALY PORTUDAL", "code": 7120307}, "quartier_village": "SALY GOLF", "milieu": "URBAIN", "thematique": null, "type_qvh": null}}, {"type": "Feature", "geometry": {"type": "Point", "coordinates": [-17.014121, 14.442899]}, "properties": {"id": "hotelerie-1446", "type": "hotelerie", "type_label": "Hôtellerie", "nom": "Hotel", "region": {"nom": "THIES", "code": 7}, "departement": {"nom": "MBOUR", "code": 71}, "commune": {"nom": "SINDIA", "code": 71203}, "communaute_rurale": {"nom": "SALY PORTUDAL", "code": 7120307}, "quartier_village": "SALY TAPEE", "milieu": "URBAIN", "thematique": null, "type_qvh": null}}, {"type": "Feature", "geometry": {"type": "Point", "coordinates": [-17.013307, 14.443558]}, "properties": {"id": "hotelerie-1447", "type": "hotelerie", "type_label": "Hôtellerie", "nom": "THE RHINO RESORT", "region": {"nom": "THIES", "code": 7}, "departement": {"nom": "MBOUR", "code": 71}, "commune": {"nom": "SINDIA", "code": 71203}, "communaute_rurale": {"nom": "SALY PORTUDAL", "code": 7120307}, "quartier_village": "SALY TAPEE", "milieu": "URBAIN", "thematique": null, "type_qvh": null}}, {"type": "Feature", "geometry": {"type": "Point", "coordinates": [-16.996777, 14.426675]}, "properties": {"id": "hotelerie-1448", "type": "hotelerie", "type_label": "Hôtellerie", "nom": "Résidence touristique", "region": {"nom": "THIES", "code": 7}, "departement": {"nom": "MBOUR", "code": 71}, "commune": {"nom": "SINDIA", "code": 71203}, "communaute_rurale": {"nom": "SALY PORTUDAL", "code": 7120307}, "quartier_village": "SALY NIAKH EXTENSION", "milieu": "URBAIN", "thematique": null, "type_qvh": null}}, {"type": "Feature", "geometry": {"type": "Point", "coordinates": [-17.001217, 14.434345]}, "properties": {"id": "hotelerie-1449", "type": "hotelerie", "type_label": "Hôtellerie", "nom": "MOTEL", "region": {"nom": "THIES", "code": 7}, "departement": {"nom": "MBOUR", "code": 71}, "commune": {"nom": "SINDIA", "code": 71203}, "communaute_rurale": {"nom": "SALY PORTUDAL", "code": 7120307}, "quartier_village": "SALY NIAKHNIAKHAL", "milieu": "URBAIN", "thematique": null, "type_qvh": null}}, {"type": "Feature", "geometry": {"type": "Point", "coordinates": [-16.994603, 14.447531]}, "properties": {"id": "hotelerie-1450", "type": "hotelerie", "type_label": "Hôtellerie", "nom": "Hotel LE MANGUIER", "region": {"nom": "THIES", "code": 7}, "departement": {"nom": "MBOUR", "code": 71}, "commune": {"nom": "SINDIA", "code": 71203}, "communaute_rurale": {"nom": "SALY PORTUDAL", "code": 7120307}, "quartier_village": "SALY VELINGARA", "milieu": "URBAIN", "thematique": null, "type_qvh": null}}, {"type": "Feature", "geometry": {"type": "Point", "coordinates": [-17.024863, 14.451257]}, "properties": {"id": "hotelerie-1451", "type": "hotelerie", "type_label": "Hôtellerie", "nom": "RESIDENCE   LE TOTEM", "region": {"nom": "THIES", "code": 7}, "departement": {"nom": "MBOUR", "code": 71}, "commune": {"nom": "SINDIA", "code": 71203}, "communaute_rurale": {"nom": "SALY PORTUDAL", "code": 7120307}, "quartier_village": "SALY COULANG", "milieu": "URBAIN", "thematique": null, "type_qvh": null}}, {"type": "Feature", "geometry": {"type": "Point", "coordinates": [-17.026825, 14.449695]}, "properties": {"id": "hotelerie-1452", "type": "hotelerie", "type_label": "Hôtellerie", "nom": "RESIDENCE LES JARDINS DE POPENGUINE", "region": {"nom": "THIES", "code": 7}, "departement": {"nom": "MBOUR", "code": 71}, "commune": {"nom": "SINDIA", "code": 71203}, "communaute_rurale": {"nom": "SALY PORTUDAL", "code": 7120307}, "quartier_village": "SALY COULANG", "milieu": "URBAIN", "thematique": null, "type_qvh": null}}, {"type": "Feature", "geometry": {"type": "Point", "coordinates": [-17.010212, 14.44122]}, "properties": {"id": "hotelerie-1453", "type": "hotelerie", "type_label": "Hôtellerie", "nom": "SALY PRINCESSE", "region": {"nom": "THIES", "code": 7}, "departement": {"nom": "MBOUR", "code": 71}, "commune": {"nom": "SINDIA", "code": 71203}, "communaute_rurale": {"nom": "SALY PORTUDAL", "code": 7120307}, "quartier_village": "ZONE HOTELIERE (SAPCO)", "milieu": "URBAIN", "thematique": null, "type_qvh": null}}, {"type": "Feature", "geometry": {"type": "Point", "coordinates": [-17.001577, 14.442887]}, "properties": {"id": "hotelerie-1454", "type": "hotelerie", "type_label": "Hôtellerie", "nom": "Hôtellerie", "region": {"nom": "THIES", "code": 7}, "departement": {"nom": "MBOUR", "code": 71}, "commune": {"nom": "SINDIA", "code": 71203}, "communaute_rurale": {"nom": "SALY PORTUDAL", "code": 7120307}, "quartier_village": "SALY STATION", "milieu": "URBAIN", "thematique": null, "type_qvh": null}}, {"type": "Feature", "geometry": {"type": "Point", "coordinates": [-16.996023, 14.428542]}, "properties": {"id": "hotelerie-1455", "type": "hotelerie", "type_label": "Hôtellerie", "nom": "RESIDENCE", "region": {"nom": "THIES", "code": 7}, "departement": {"nom": "MBOUR", "code": 71}, "commune": {"nom": "SINDIA", "code": 71203}, "communaute_rurale": {"nom": "SALY PORTUDAL", "code": 7120307}, "quartier_village": "SALY NIAKH EXTENSION", "milieu": "URBAIN", "thematique": null, "type_qvh": null}}, {"type": "Feature", "geometry": {"type": "Point", "coordinates": [-17.01895, 14.448307]}, "properties": {"id": "hotelerie-1456", "type": "hotelerie", "type_label": "Hôtellerie", "nom": "LE GOLF", "region": {"nom": "THIES", "code": 7}, "departement": {"nom": "MBOUR", "code": 71}, "commune": {"nom": "SINDIA", "code": 71203}, "communaute_rurale": {"nom": "SALY PORTUDAL", "code": 7120307}, "quartier_village": "SALY GOLF", "milieu": "URBAIN", "thematique": null, "type_qvh": null}}, {"type": "Feature", "geometry": {"type": "Point", "coordinates": [-17.021063, 14.449461]}, "properties": {"id": "hotelerie-1457", "type": "hotelerie", "type_label": "Hôtellerie", "nom": "LES RESIDENCES DU GOLF", "region": {"nom": "THIES", "code": 7}, "departement": {"nom": "MBOUR", "code": 71}, "commune": {"nom": "SINDIA", "code": 71203}, "communaute_rurale": {"nom": "SALY PORTUDAL", "code": 7120307}, "quartier_village": "SALY GOLF", "milieu": "URBAIN", "thematique": null, "type_qvh": null}}, {"type": "Feature", "geometry": {"type": "Point", "coordinates": [-17.022705, 14.451206]}, "properties": {"id": "hotelerie-1458", "type": "hotelerie", "type_label": "Hôtellerie", "nom": "LES RESIDENCES DU GOLF", "region": {"nom": "THIES", "code": 7}, "departement": {"nom": "MBOUR", "code": 71}, "commune": {"nom": "SINDIA", "code": 71203}, "communaute_rurale": {"nom": "SALY PORTUDAL", "code": 7120307}, "quartier_village": "SALY GOLF", "milieu": "URBAIN", "thematique": null, "type_qvh": null}}, {"type": "Feature", "geometry": {"type": "Point", "coordinates": [-16.989098, 14.453637]}, "properties": {"id": "hotelerie-1459", "type": "hotelerie", "type_label": "Hôtellerie", "nom": "Hôtellerie", "region": {"nom": "THIES", "code": 7}, "departement": {"nom": "MBOUR", "code": 71}, "commune": {"nom": "SINDIA", "code": 71203}, "communaute_rurale": {"nom": "SALY PORTUDAL", "code": 7120307}, "quartier_village": "SALY DIACKSAO", "milieu": "URBAIN", "thematique": null, "type_qvh": null}}, {"type": "Feature", "geometry": {"type": "Point", "coordinates": [-17.011626, 14.453481]}, "properties": {"id": "hotelerie-1460", "type": "hotelerie", "type_label": "Hôtellerie", "nom": "MAISON EN LOCATION", "region": {"nom": "THIES", "code": 7}, "departement": {"nom": "MBOUR", "code": 71}, "commune": {"nom": "SINDIA", "code": 71203}, "communaute_rurale": {"nom": "SALY PORTUDAL", "code": 7120307}, "quartier_village": "SALY DAROU SALAM", "milieu": "URBAIN", "thematique": null, "type_qvh": null}}, {"type": "Feature", "geometry": {"type": "Point", "coordinates": [-16.995038, 14.454411]}, "properties": {"id": "hotelerie-1461", "type": "hotelerie", "type_label": "Hôtellerie", "nom": "RESIDENCE ALOUER", "region": {"nom": "THIES", "code": 7}, "departement": {"nom": "MBOUR", "code": 71}, "commune": {"nom": "SINDIA", "code": 71203}, "communaute_rurale": {"nom": "SALY PORTUDAL", "code": 7120307}, "quartier_village": "SALY VELINGARA", "milieu": "URBAIN", "thematique": null, "type_qvh": null}}, {"type": "Feature", "geometry": {"type": "Point", "coordinates": [-17.010437, 14.460959]}, "properties": {"id": "hotelerie-1462", "type": "hotelerie", "type_label": "Hôtellerie", "nom": "KEPARANGA", "region": {"nom": "THIES", "code": 7}, "departement": {"nom": "MBOUR", "code": 71}, "commune": {"nom": "SINDIA", "code": 71203}, "communaute_rurale": {"nom": "SALY PORTUDAL", "code": 7120307}, "quartier_village": "SALY JOSEPH", "milieu": "URBAIN", "thematique": null, "type_qvh": null}}, {"type": "Feature", "geometry": {"type": "Point", "coordinates": [-17.10602, 14.552937]}, "properties": {"id": "hotelerie-1463", "type": "hotelerie", "type_label": "Hôtellerie", "nom": "LA VILLA LES SERERE", "region": {"nom": "THIES", "code": 7}, "departement": {"nom": "MBOUR", "code": 71}, "commune": {"nom": "SINDIA", "code": 71203}, "communaute_rurale": {"nom": "POPENGUINE", "code": 7120306}, "quartier_village": "THIOUPAM", "milieu": "URBAIN", "thematique": null, "type_qvh": null}}, {"type": "Feature", "geometry": {"type": "Point", "coordinates": [-17.109183, 14.550268]}, "properties": {"id": "hotelerie-1464", "type": "hotelerie", "type_label": "Hôtellerie", "nom": "AUBERGE", "region": {"nom": "THIES", "code": 7}, "departement": {"nom": "MBOUR", "code": 71}, "commune": {"nom": "SINDIA", "code": 71203}, "communaute_rurale": {"nom": "POPENGUINE", "code": 7120306}, "quartier_village": "THIOUPAM", "milieu": "URBAIN", "thematique": null, "type_qvh": null}}, {"type": "Feature", "geometry": {"type": "Point", "coordinates": [-17.107816, 14.548841]}, "properties": {"id": "hotelerie-1465", "type": "hotelerie", "type_label": "Hôtellerie", "nom": "AUBERGE LA PIROGUE", "region": {"nom": "THIES", "code": 7}, "departement": {"nom": "MBOUR", "code": 71}, "commune": {"nom": "SINDIA", "code": 71203}, "communaute_rurale": {"nom": "POPENGUINE", "code": 7120306}, "quartier_village": "THIOUPAM", "milieu": "URBAIN", "thematique": null, "type_qvh": null}}, {"type": "Feature", "geometry": {"type": "Point", "coordinates": [-17.139226, 14.579776]}, "properties": {"id": "hotelerie-1466", "type": "hotelerie", "type_label": "Hôtellerie", "nom": "Hotel Pierre LISSE", "region": {"nom": "THIES", "code": 7}, "departement": {"nom": "MBOUR", "code": 71}, "commune": {"nom": "SINDIA", "code": 71203}, "communaute_rurale": {"nom": "POPENGUINE", "code": 7120306}, "quartier_village": "HLM TILENE", "milieu": "URBAIN", "thematique": null, "type_qvh": null}}, {"type": "Feature", "geometry": {"type": "Point", "coordinates": [-16.768834, 14.164176]}, "properties": {"id": "hotelerie-1467", "type": "hotelerie", "type_label": "Hôtellerie", "nom": "AUBERGE", "region": {"nom": "THIES", "code": 7}, "departement": {"nom": "MBOUR", "code": 71}, "commune": {"nom": "SESSENE", "code": 71202}, "communaute_rurale": {"nom": "NGUENIENE", "code": 7120201}, "quartier_village": "FADIAL SERERE", "milieu": "RURAL", "thematique": null, "type_qvh": null}}, {"type": "Feature", "geometry": {"type": "Point", "coordinates": [-16.869286, 14.235453]}, "properties": {"id": "hotelerie-1468", "type": "hotelerie", "type_label": "Hôtellerie", "nom": "HETEL", "region": {"nom": "THIES", "code": 7}, "departement": {"nom": "MBOUR", "code": 71}, "commune": {"nom": "SESSENE", "code": 71202}, "communaute_rurale": {"nom": "NGUENIENE", "code": 7120201}, "quartier_village": "MBODIENE", "milieu": "RURAL", "thematique": null, "type_qvh": null}}, {"type": "Feature", "geometry": {"type": "Point", "coordinates": [-16.826208, 14.220624]}, "properties": {"id": "hotelerie-1469", "type": "hotelerie", "type_label": "Hôtellerie", "nom": "HoTEL", "region": {"nom": "THIES", "code": 7}, "departement": {"nom": "MBOUR", "code": 71}, "commune": {"nom": "SESSENE", "code": 71202}, "communaute_rurale": {"nom": "NGUENIENE", "code": 7120201}, "quartier_village": "H1 SANKHAYE", "milieu": "RURAL", "thematique": null, "type_qvh": null}}, {"type": "Feature", "geometry": {"type": "Point", "coordinates": [-16.874473, 14.234739]}, "properties": {"id": "hotelerie-1470", "type": "hotelerie", "type_label": "Hôtellerie", "nom": "AUBERGE PLEI SOLEIL", "region": {"nom": "THIES", "code": 7}, "departement": {"nom": "MBOUR", "code": 71}, "commune": {"nom": "SESSENE", "code": 71202}, "communaute_rurale": {"nom": "NGUENIENE", "code": 7120201}, "quartier_village": "MBODIENE", "milieu": "RURAL", "thematique": null, "type_qvh": null}}, {"type": "Feature", "geometry": {"type": "Point", "coordinates": [-16.776697, 14.174163]}, "properties": {"id": "hotelerie-1471", "type": "hotelerie", "type_label": "Hôtellerie", "nom": "RESTAURANT BAR HOTEL:BAOBAB LODGE", "region": {"nom": "THIES", "code": 7}, "departement": {"nom": "MBOUR", "code": 71}, "commune": {"nom": "SESSENE", "code": 71202}, "communaute_rurale": {"nom": "NGUENIENE", "code": 7120201}, "quartier_village": "H2 DIABOUGOU", "milieu": "RURAL", "thematique": null, "type_qvh": null}}, {"type": "Feature", "geometry": {"type": "Point", "coordinates": [-16.751614, 14.273693]}, "properties": {"id": "hotelerie-1472", "type": "hotelerie", "type_label": "Hôtellerie", "nom": "HETEL NGUENIENE", "region": {"nom": "THIES", "code": 7}, "departement": {"nom": "MBOUR", "code": 71}, "commune": {"nom": "SESSENE", "code": 71202}, "communaute_rurale": {"nom": "NGUENIENE", "code": 7120201}, "quartier_village": "NGUENIENE SERERE", "milieu": "RURAL", "thematique": null, "type_qvh": null}}, {"type": "Feature", "geometry": {"type": "Point", "coordinates": [-16.866131, 14.236288]}, "properties": {"id": "hotelerie-1473", "type": "hotelerie", "type_label": "Hôtellerie", "nom": "HETEL MBINE SIMON", "region": {"nom": "THIES", "code": 7}, "departement": {"nom": "MBOUR", "code": 71}, "commune": {"nom": "SESSENE", "code": 71202}, "communaute_rurale": {"nom": "NGUENIENE", "code": 7120201}, "quartier_village": "MBODIENE", "milieu": "RURAL", "thematique": null, "type_qvh": null}}, {"type": "Feature", "geometry": {"type": "Point", "coordinates": [-17.007961, 14.520319]}, "properties": {"id": "hotelerie-1474", "type": "hotelerie", "type_label": "Hôtellerie", "nom": "AUBERGE", "region": {"nom": "THIES", "code": 7}, "departement": {"nom": "MBOUR", "code": 71}, "commune": {"nom": "SINDIA", "code": 71203}, "communaute_rurale": {"nom": "NGUEKHOKH", "code": 7120304}, "quartier_village": "DIAMAGUENE", "milieu": "URBAIN", "thematique": null, "type_qvh": null}}, {"type": "Feature", "geometry": {"type": "Point", "coordinates": [-17.010022, 14.528482]}, "properties": {"id": "hotelerie-1475", "type": "hotelerie", "type_label": "Hôtellerie", "nom": "AUBERGE MBINE DIOMAYE", "region": {"nom": "THIES", "code": 7}, "departement": {"nom": "MBOUR", "code": 71}, "commune": {"nom": "SINDIA", "code": 71203}, "communaute_rurale": {"nom": "NGUEKHOKH", "code": 7120304}, "quartier_village": "NDALOR", "milieu": "URBAIN", "thematique": null, "type_qvh": null}}, {"type": "Feature", "geometry": {"type": "Point", "coordinates": [-17.01507, 14.535668]}, "properties": {"id": "hotelerie-1476", "type": "hotelerie", "type_label": "Hôtellerie", "nom": "HOTEL RESIDENCE CHEZ CAMILLE", "region": {"nom": "THIES", "code": 7}, "departement": {"nom": "MBOUR", "code": 71}, "commune": {"nom": "SINDIA", "code": 71203}, "communaute_rurale": {"nom": "NGUEKHOKH", "code": 7120304}, "quartier_village": "DIAMAGUENE", "milieu": "URBAIN", "thematique": null, "type_qvh": null}}, {"type": "Feature", "geometry": {"type": "Point", "coordinates": [-17.01283, 14.502173]}, "properties": {"id": "hotelerie-1477", "type": "hotelerie", "type_label": "Hôtellerie", "nom": "BLUE LOGDE", "region": {"nom": "THIES", "code": 7}, "departement": {"nom": "MBOUR", "code": 71}, "commune": {"nom": "SINDIA", "code": 71203}, "communaute_rurale": {"nom": "NGUEKHOKH", "code": 7120304}, "quartier_village": "KEUR SIDY", "milieu": "URBAIN", "thematique": null, "type_qvh": null}}, {"type": "Feature", "geometry": {"type": "Point", "coordinates": [-17.055345, 14.459291]}, "properties": {"id": "hotelerie-1478", "type": "hotelerie", "type_label": "Hôtellerie", "nom": "HETEL FLAMBOYANT", "region": {"nom": "THIES", "code": 7}, "departement": {"nom": "MBOUR", "code": 71}, "commune": {"nom": "SINDIA", "code": 71203}, "communaute_rurale": {"nom": "NGAPAROU", "code": 7120305}, "quartier_village": "NGAMROUKH", "milieu": "URBAIN", "thematique": null, "type_qvh": null}}, {"type": "Feature", "geometry": {"type": "Point", "coordinates": [-17.060654, 14.470584]}, "properties": {"id": "hotelerie-1479", "type": "hotelerie", "type_label": "Hôtellerie", "nom": "HETEL COULEURS SENEGAL", "region": {"nom": "THIES", "code": 7}, "departement": {"nom": "MBOUR", "code": 71}, "commune": {"nom": "SINDIA", "code": 71203}, "communaute_rurale": {"nom": "NGAPAROU", "code": 7120305}, "quartier_village": "SANTHIABA", "milieu": "URBAIN", "thematique": null, "type_qvh": null}}, {"type": "Feature", "geometry": {"type": "Point", "coordinates": [-17.063649, 14.47209]}, "properties": {"id": "hotelerie-1480", "type": "hotelerie", "type_label": "Hôtellerie", "nom": "CASSAMOUR ALLIANCE", "region": {"nom": "THIES", "code": 7}, "departement": {"nom": "MBOUR", "code": 71}, "commune": {"nom": "SINDIA", "code": 71203}, "communaute_rurale": {"nom": "NGAPAROU", "code": 7120305}, "quartier_village": "NGANE", "milieu": "URBAIN", "thematique": null, "type_qvh": null}}, {"type": "Feature", "geometry": {"type": "Point", "coordinates": [-17.037835, 14.464427]}, "properties": {"id": "hotelerie-1481", "type": "hotelerie", "type_label": "Hôtellerie", "nom": "LES RESIDENCES KYBELE", "region": {"nom": "THIES", "code": 7}, "departement": {"nom": "MBOUR", "code": 71}, "commune": {"nom": "SINDIA", "code": 71203}, "communaute_rurale": {"nom": "NGAPAROU", "code": 7120305}, "quartier_village": "DIAMAGUEUNE", "milieu": "URBAIN", "thematique": null, "type_qvh": null}}, {"type": "Feature", "geometry": {"type": "Point", "coordinates": [-17.053503, 14.459939]}, "properties": {"id": "hotelerie-1482", "type": "hotelerie", "type_label": "Hôtellerie", "nom": "PARADIS DU SOMMEIL", "region": {"nom": "THIES", "code": 7}, "departement": {"nom": "MBOUR", "code": 71}, "commune": {"nom": "SINDIA", "code": 71203}, "communaute_rurale": {"nom": "NGAPAROU", "code": 7120305}, "quartier_village": "DIAMAGUEUNE", "milieu": "URBAIN", "thematique": null, "type_qvh": null}}, {"type": "Feature", "geometry": {"type": "Point", "coordinates": [-17.05423, 14.468523]}, "properties": {"id": "hotelerie-1483", "type": "hotelerie", "type_label": "Hôtellerie", "nom": "RESIDENCE TAKANA", "region": {"nom": "THIES", "code": 7}, "departement": {"nom": "MBOUR", "code": 71}, "commune": {"nom": "SINDIA", "code": 71203}, "communaute_rurale": {"nom": "NGAPAROU", "code": 7120305}, "quartier_village": "NGANE", "milieu": "URBAIN", "thematique": null, "type_qvh": null}}, {"type": "Feature", "geometry": {"type": "Point", "coordinates": [-17.042631, 14.459091]}, "properties": {"id": "hotelerie-1484", "type": "hotelerie", "type_label": "Hôtellerie", "nom": "LE DOMAINE DES CAURIS", "region": {"nom": "THIES", "code": 7}, "departement": {"nom": "MBOUR", "code": 71}, "commune": {"nom": "SINDIA", "code": 71203}, "communaute_rurale": {"nom": "NGAPAROU", "code": 7120305}, "quartier_village": "DIAMAGUEUNE", "milieu": "URBAIN", "thematique": null, "type_qvh": null}}, {"type": "Feature", "geometry": {"type": "Point", "coordinates": [-17.048719, 14.45222]}, "properties": {"id": "hotelerie-1485", "type": "hotelerie", "type_label": "Hôtellerie", "nom": "RESIDENCE NGAROU", "region": {"nom": "THIES", "code": 7}, "departement": {"nom": "MBOUR", "code": 71}, "commune": {"nom": "SINDIA", "code": 71203}, "communaute_rurale": {"nom": "NGAPAROU", "code": 7120305}, "quartier_village": "NGAMROUKH", "milieu": "URBAIN", "thematique": null, "type_qvh": null}}, {"type": "Feature", "geometry": {"type": "Point", "coordinates": [-17.054694, 14.456218]}, "properties": {"id": "hotelerie-1486", "type": "hotelerie", "type_label": "Hôtellerie", "nom": "RESIDENCE LES MANGUIERS", "region": {"nom": "THIES", "code": 7}, "departement": {"nom": "MBOUR", "code": 71}, "commune": {"nom": "SINDIA", "code": 71203}, "communaute_rurale": {"nom": "NGAPAROU", "code": 7120305}, "quartier_village": "NGAMROUKH", "milieu": "URBAIN", "thematique": null, "type_qvh": null}}, {"type": "Feature", "geometry": {"type": "Point", "coordinates": [-17.055458, 14.455519]}, "properties": {"id": "hotelerie-1487", "type": "hotelerie", "type_label": "Hôtellerie", "nom": "LA MAISON DE CLARA", "region": {"nom": "THIES", "code": 7}, "departement": {"nom": "MBOUR", "code": 71}, "commune": {"nom": "SINDIA", "code": 71203}, "communaute_rurale": {"nom": "NGAPAROU", "code": 7120305}, "quartier_village": "NGAMROUKH", "milieu": "URBAIN", "thematique": null, "type_qvh": null}}, {"type": "Feature", "geometry": {"type": "Point", "coordinates": [-17.05544, 14.45643]}, "properties": {"id": "hotelerie-1488", "type": "hotelerie", "type_label": "Hôtellerie", "nom": "LE ZEN BASSARI", "region": {"nom": "THIES", "code": 7}, "departement": {"nom": "MBOUR", "code": 71}, "commune": {"nom": "SINDIA", "code": 71203}, "communaute_rurale": {"nom": "NGAPAROU", "code": 7120305}, "quartier_village": "NGAMROUKH", "milieu": "URBAIN", "thematique": null, "type_qvh": null}}, {"type": "Feature", "geometry": {"type": "Point", "coordinates": [-17.05377, 14.459943]}, "properties": {"id": "hotelerie-1489", "type": "hotelerie", "type_label": "Hôtellerie", "nom": "LE MARRAKECH", "region": {"nom": "THIES", "code": 7}, "departement": {"nom": "MBOUR", "code": 71}, "commune": {"nom": "SINDIA", "code": 71203}, "communaute_rurale": {"nom": "NGAPAROU", "code": 7120305}, "quartier_village": "DIAMAGUEUNE", "milieu": "URBAIN", "thematique": null, "type_qvh": null}}, {"type": "Feature", "geometry": {"type": "Point", "coordinates": [-17.051033, 14.452007]}, "properties": {"id": "hotelerie-1490", "type": "hotelerie", "type_label": "Hôtellerie", "nom": "LE CAFE DU REVE", "region": {"nom": "THIES", "code": 7}, "departement": {"nom": "MBOUR", "code": 71}, "commune": {"nom": "SINDIA", "code": 71203}, "communaute_rurale": {"nom": "NGAPAROU", "code": 7120305}, "quartier_village": "NGAMROUKH", "milieu": "URBAIN", "thematique": null, "type_qvh": null}}, {"type": "Feature", "geometry": {"type": "Point", "coordinates": [-17.037545, 14.465123]}, "properties": {"id": "hotelerie-1491", "type": "hotelerie", "type_label": "Hôtellerie", "nom": "LES RESIDENCES KYBELE", "region": {"nom": "THIES", "code": 7}, "departement": {"nom": "MBOUR", "code": 71}, "commune": {"nom": "SINDIA", "code": 71203}, "communaute_rurale": {"nom": "NGAPAROU", "code": 7120305}, "quartier_village": "DIAMAGUEUNE", "milieu": "URBAIN", "thematique": null, "type_qvh": null}}, {"type": "Feature", "geometry": {"type": "Point", "coordinates": [-16.953146, 14.397544]}, "properties": {"id": "hotelerie-1492", "type": "hotelerie", "type_label": "Hôtellerie", "nom": "DORTOIR", "region": {"nom": "THIES", "code": 7}, "departement": {"nom": "MBOUR", "code": 71}, "commune": {"nom": "MBOUR", "code": 71102}, "communaute_rurale": {"nom": "MBOUR", "code": 7110200}, "quartier_village": "ZONE SONATEL", "milieu": "URBAIN", "thematique": null, "type_qvh": null}}, {"type": "Feature", "geometry": {"type": "Point", "coordinates": [-16.954364, 14.39831]}, "properties": {"id": "hotelerie-1493", "type": "hotelerie", "type_label": "Hôtellerie", "nom": "DORTOIR CC13", "region": {"nom": "THIES", "code": 7}, "departement": {"nom": "MBOUR", "code": 71}, "commune": {"nom": "MBOUR", "code": 71102}, "communaute_rurale": {"nom": "MBOUR", "code": 7110200}, "quartier_village": "ZONE SONATEL", "milieu": "URBAIN", "thematique": null, "type_qvh": null}}, {"type": "Feature", "geometry": {"type": "Point", "coordinates": [-16.953362, 14.398172]}, "properties": {"id": "hotelerie-1494", "type": "hotelerie", "type_label": "Hôtellerie", "nom": "DORTOIR", "region": {"nom": "THIES", "code": 7}, "departement": {"nom": "MBOUR", "code": 71}, "commune": {"nom": "MBOUR", "code": 71102}, "communaute_rurale": {"nom": "MBOUR", "code": 7110200}, "quartier_village": "ZONE SONATEL", "milieu": "URBAIN", "thematique": null, "type_qvh": null}}, {"type": "Feature", "geometry": {"type": "Point", "coordinates": [-16.944258, 14.404337]}, "properties": {"id": "hotelerie-1495", "type": "hotelerie", "type_label": "Hôtellerie", "nom": "DORTOIR DAARA", "region": {"nom": "THIES", "code": 7}, "departement": {"nom": "MBOUR", "code": 71}, "commune": {"nom": "MBOUR", "code": 71102}, "communaute_rurale": {"nom": "MBOUR", "code": 7110200}, "quartier_village": "ZONE SONATEL ARAFAT", "milieu": "URBAIN", "thematique": null, "type_qvh": null}}, {"type": "Feature", "geometry": {"type": "Point", "coordinates": [-16.955155, 14.398041]}, "properties": {"id": "hotelerie-1496", "type": "hotelerie", "type_label": "Hôtellerie", "nom": "DORTOIR MEME MENAGE CC 5", "region": {"nom": "THIES", "code": 7}, "departement": {"nom": "MBOUR", "code": 71}, "commune": {"nom": "MBOUR", "code": 71102}, "communaute_rurale": {"nom": "MBOUR", "code": 7110200}, "quartier_village": "ZONE SONATEL", "milieu": "URBAIN", "thematique": null, "type_qvh": null}}, {"type": "Feature", "geometry": {"type": "Point", "coordinates": [-16.955108, 14.408549]}, "properties": {"id": "hotelerie-1497", "type": "hotelerie", "type_label": "Hôtellerie", "nom": "DORTOIR CONCESSION 86", "region": {"nom": "THIES", "code": 7}, "departement": {"nom": "MBOUR", "code": 71}, "commune": {"nom": "MBOUR", "code": 71102}, "communaute_rurale": {"nom": "MBOUR", "code": 7110200}, "quartier_village": "DAROU SALAM", "milieu": "URBAIN", "thematique": null, "type_qvh": null}}, {"type": "Feature", "geometry": {"type": "Point", "coordinates": [-16.952193, 14.417758]}, "properties": {"id": "hotelerie-1498", "type": "hotelerie", "type_label": "Hôtellerie", "nom": "DORTOIR", "region": {"nom": "THIES", "code": 7}, "departement": {"nom": "MBOUR", "code": 71}, "commune": {"nom": "MBOUR", "code": 71102}, "communaute_rurale": {"nom": "MBOUR", "code": 7110200}, "quartier_village": "DAROU SALAM", "milieu": "URBAIN", "thematique": null, "type_qvh": null}}, {"type": "Feature", "geometry": {"type": "Point", "coordinates": [-16.946838, 14.412379]}, "properties": {"id": "hotelerie-1499", "type": "hotelerie", "type_label": "Hôtellerie", "nom": "DORTOIR CONCESSION 80", "region": {"nom": "THIES", "code": 7}, "departement": {"nom": "MBOUR", "code": 71}, "commune": {"nom": "MBOUR", "code": 71102}, "communaute_rurale": {"nom": "MBOUR", "code": 7110200}, "quartier_village": "GOUYE MOURIDE I", "milieu": "URBAIN", "thematique": null, "type_qvh": null}}, {"type": "Feature", "geometry": {"type": "Point", "coordinates": [-16.948427, 14.416196]}, "properties": {"id": "hotelerie-1500", "type": "hotelerie", "type_label": "Hôtellerie", "nom": "DORTOIR", "region": {"nom": "THIES", "code": 7}, "departement": {"nom": "MBOUR", "code": 71}, "commune": {"nom": "MBOUR", "code": 71102}, "communaute_rurale": {"nom": "MBOUR", "code": 7110200}, "quartier_village": "THIOCE SUD ONCAD", "milieu": "URBAIN", "thematique": null, "type_qvh": null}}, {"type": "Feature", "geometry": {"type": "Point", "coordinates": [-16.949546, 14.417904]}, "properties": {"id": "hotelerie-1501", "type": "hotelerie", "type_label": "Hôtellerie", "nom": "DORTOIR MEME MENAGE QUE 48", "region": {"nom": "THIES", "code": 7}, "departement": {"nom": "MBOUR", "code": 71}, "commune": {"nom": "MBOUR", "code": 71102}, "communaute_rurale": {"nom": "MBOUR", "code": 7110200}, "quartier_village": "THIOCE EST ONCAD", "milieu": "URBAIN", "thematique": null, "type_qvh": null}}, {"type": "Feature", "geometry": {"type": "Point", "coordinates": [-16.949582, 14.420284]}, "properties": {"id": "hotelerie-1502", "type": "hotelerie", "type_label": "Hôtellerie", "nom": "DORTOIR", "region": {"nom": "THIES", "code": 7}, "departement": {"nom": "MBOUR", "code": 71}, "commune": {"nom": "MBOUR", "code": 71102}, "communaute_rurale": {"nom": "MBOUR", "code": 7110200}, "quartier_village": "THIOCE EST ONCAD", "milieu": "URBAIN", "thematique": null, "type_qvh": null}}, {"type": "Feature", "geometry": {"type": "Point", "coordinates": [-16.969337, 14.416212]}, "properties": {"id": "hotelerie-1503", "type": "hotelerie", "type_label": "Hôtellerie", "nom": "HOTEL KAWSARA 2", "region": {"nom": "THIES", "code": 7}, "departement": {"nom": "MBOUR", "code": 71}, "commune": {"nom": "MBOUR", "code": 71102}, "communaute_rurale": {"nom": "MBOUR", "code": 7110200}, "quartier_village": "11 NOVEMBRE", "milieu": "URBAIN", "thematique": null, "type_qvh": null}}, {"type": "Feature", "geometry": {"type": "Point", "coordinates": [-16.968885, 14.417775]}, "properties": {"id": "hotelerie-1504", "type": "hotelerie", "type_label": "Hôtellerie", "nom": "DORTOIR CONCESSION 85", "region": {"nom": "THIES", "code": 7}, "departement": {"nom": "MBOUR", "code": 71}, "commune": {"nom": "MBOUR", "code": 71102}, "communaute_rurale": {"nom": "MBOUR", "code": 7110200}, "quartier_village": "THIOCE OUEST", "milieu": "URBAIN", "thematique": null, "type_qvh": null}}, {"type": "Feature", "geometry": {"type": "Point", "coordinates": [-16.96587, 14.408218]}, "properties": {"id": "hotelerie-1505", "type": "hotelerie", "type_label": "Hôtellerie", "nom": "COMPLEXE ESCALE PRESTIGE", "region": {"nom": "THIES", "code": 7}, "departement": {"nom": "MBOUR", "code": 71}, "commune": {"nom": "MBOUR", "code": 71102}, "communaute_rurale": {"nom": "MBOUR", "code": 7110200}, "quartier_village": "ESCALE", "milieu": "URBAIN", "thematique": null, "type_qvh": null}}, {"type": "Feature", "geometry": {"type": "Point", "coordinates": [-16.966398, 14.405263]}, "properties": {"id": "hotelerie-1506", "type": "hotelerie", "type_label": "Hôtellerie", "nom": "HETEL TOURISTIQUE COCO BEACH", "region": {"nom": "THIES", "code": 7}, "departement": {"nom": "MBOUR", "code": 71}, "commune": {"nom": "MBOUR", "code": 71102}, "communaute_rurale": {"nom": "MBOUR", "code": 7110200}, "quartier_village": "ESCALE", "milieu": "URBAIN", "thematique": null, "type_qvh": null}}, {"type": "Feature", "geometry": {"type": "Point", "coordinates": [-16.936057, 14.421004]}, "properties": {"id": "hotelerie-1507", "type": "hotelerie", "type_label": "Hôtellerie", "nom": "DORTOIR", "region": {"nom": "THIES", "code": 7}, "departement": {"nom": "MBOUR", "code": 71}, "commune": {"nom": "MBOUR", "code": 71102}, "communaute_rurale": {"nom": "MBOUR", "code": 7110200}, "quartier_village": "THIOCE EST ONCAD", "milieu": "URBAIN", "thematique": null, "type_qvh": null}}, {"type": "Feature", "geometry": {"type": "Point", "coordinates": [-16.958356, 14.396534]}, "properties": {"id": "hotelerie-1508", "type": "hotelerie", "type_label": "Hôtellerie", "nom": "LOGEMENT PROFFESSEUR AIMS SENEGAL", "region": {"nom": "THIES", "code": 7}, "departement": {"nom": "MBOUR", "code": 71}, "commune": {"nom": "MBOUR", "code": 71102}, "communaute_rurale": {"nom": "MBOUR", "code": 7110200}, "quartier_village": "MBOUR MAURE", "milieu": "URBAIN", "thematique": null, "type_qvh": null}}, {"type": "Feature", "geometry": {"type": "Point", "coordinates": [-16.959374, 14.395328]}, "properties": {"id": "hotelerie-1509", "type": "hotelerie", "type_label": "Hôtellerie", "nom": "Campement, Hôtelerie", "region": {"nom": "THIES", "code": 7}, "departement": {"nom": "MBOUR", "code": 71}, "commune": {"nom": "MBOUR", "code": 71102}, "communaute_rurale": {"nom": "MBOUR", "code": 7110200}, "quartier_village": "MBOUR MAURE", "milieu": "URBAIN", "thematique": null, "type_qvh": null}}, {"type": "Feature", "geometry": {"type": "Point", "coordinates": [-16.962221, 14.400459]}, "properties": {"id": "hotelerie-1510", "type": "hotelerie", "type_label": "Hôtellerie", "nom": "HETEL SAFARI", "region": {"nom": "THIES", "code": 7}, "departement": {"nom": "MBOUR", "code": 71}, "commune": {"nom": "MBOUR", "code": 71102}, "communaute_rurale": {"nom": "MBOUR", "code": 7110200}, "quartier_village": "MBOUR MAURE", "milieu": "URBAIN", "thematique": null, "type_qvh": null}}, {"type": "Feature", "geometry": {"type": "Point", "coordinates": [-16.961335, 14.398587]}, "properties": {"id": "hotelerie-1511", "type": "hotelerie", "type_label": "Hôtellerie", "nom": "AUBERGE SUR MER", "region": {"nom": "THIES", "code": 7}, "departement": {"nom": "MBOUR", "code": 71}, "commune": {"nom": "MBOUR", "code": 71102}, "communaute_rurale": {"nom": "MBOUR", "code": 7110200}, "quartier_village": "MBOUR MAURE", "milieu": "URBAIN", "thematique": null, "type_qvh": null}}, {"type": "Feature", "geometry": {"type": "Point", "coordinates": [-16.965857, 14.404015]}, "properties": {"id": "hotelerie-1512", "type": "hotelerie", "type_label": "Hôtellerie", "nom": "COCO BEACH", "region": {"nom": "THIES", "code": 7}, "departement": {"nom": "MBOUR", "code": 71}, "commune": {"nom": "MBOUR", "code": 71102}, "communaute_rurale": {"nom": "MBOUR", "code": 7110200}, "quartier_village": "MBOUR SERERE SOUF", "milieu": "URBAIN", "thematique": null, "type_qvh": null}}, {"type": "Feature", "geometry": {"type": "Point", "coordinates": [-16.937022, 14.422757]}, "properties": {"id": "hotelerie-1513", "type": "hotelerie", "type_label": "Hôtellerie", "nom": "DORTOIR", "region": {"nom": "THIES", "code": 7}, "departement": {"nom": "MBOUR", "code": 71}, "commune": {"nom": "MBOUR", "code": 71102}, "communaute_rurale": {"nom": "MBOUR", "code": 7110200}, "quartier_village": "THIOCE EST ONCAD", "milieu": "URBAIN", "thematique": null, "type_qvh": null}}, {"type": "Feature", "geometry": {"type": "Point", "coordinates": [-16.936823, 14.422656]}, "properties": {"id": "hotelerie-1514", "type": "hotelerie", "type_label": "Hôtellerie", "nom": "DORTOIR", "region": {"nom": "THIES", "code": 7}, "departement": {"nom": "MBOUR", "code": 71}, "commune": {"nom": "MBOUR", "code": 71102}, "communaute_rurale": {"nom": "MBOUR", "code": 7110200}, "quartier_village": "THIOCE EST ONCAD", "milieu": "URBAIN", "thematique": null, "type_qvh": null}}, {"type": "Feature", "geometry": {"type": "Point", "coordinates": [-16.942547, 14.408259]}, "properties": {"id": "hotelerie-1515", "type": "hotelerie", "type_label": "Hôtellerie", "nom": "DORTOIR PERSONNELLES N 45", "region": {"nom": "THIES", "code": 7}, "departement": {"nom": "MBOUR", "code": 71}, "commune": {"nom": "MBOUR", "code": 71102}, "communaute_rurale": {"nom": "MBOUR", "code": 7110200}, "quartier_village": "GOUYE MOURIDE II", "milieu": "URBAIN", "thematique": null, "type_qvh": null}}, {"type": "Feature", "geometry": {"type": "Point", "coordinates": [-16.937384, 14.41118]}, "properties": {"id": "hotelerie-1516", "type": "hotelerie", "type_label": "Hôtellerie", "nom": "DORTOIR", "region": {"nom": "THIES", "code": 7}, "departement": {"nom": "MBOUR", "code": 71}, "commune": {"nom": "MBOUR", "code": 71102}, "communaute_rurale": {"nom": "MBOUR", "code": 7110200}, "quartier_village": "TERROU MBALLING", "milieu": "URBAIN", "thematique": null, "type_qvh": null}}, {"type": "Feature", "geometry": {"type": "Point", "coordinates": [-16.939602, 14.40722]}, "properties": {"id": "hotelerie-1517", "type": "hotelerie", "type_label": "Hôtellerie", "nom": "DORTOIR MEME FAMILLE QUE 282", "region": {"nom": "THIES", "code": 7}, "departement": {"nom": "MBOUR", "code": 71}, "commune": {"nom": "MBOUR", "code": 71102}, "communaute_rurale": {"nom": "MBOUR", "code": 7110200}, "quartier_village": "TERROU MBALLING", "milieu": "URBAIN", "thematique": null, "type_qvh": null}}, {"type": "Feature", "geometry": {"type": "Point", "coordinates": [-16.943341, 14.40189]}, "properties": {"id": "hotelerie-1518", "type": "hotelerie", "type_label": "Hôtellerie", "nom": "DORTOIR", "region": {"nom": "THIES", "code": 7}, "departement": {"nom": "MBOUR", "code": 71}, "commune": {"nom": "MBOUR", "code": 71102}, "communaute_rurale": {"nom": "MBOUR", "code": 7110200}, "quartier_village": "TERROU MBALLING", "milieu": "URBAIN", "thematique": null, "type_qvh": null}}, {"type": "Feature", "geometry": {"type": "Point", "coordinates": [-16.945387, 14.394818]}, "properties": {"id": "hotelerie-1519", "type": "hotelerie", "type_label": "Hôtellerie", "nom": "DORTOIR", "region": {"nom": "THIES", "code": 7}, "departement": {"nom": "MBOUR", "code": 71}, "commune": {"nom": "MBOUR", "code": 71102}, "communaute_rurale": {"nom": "MBOUR", "code": 7110200}, "quartier_village": "SONATEL EXTENSION", "milieu": "URBAIN", "thematique": null, "type_qvh": null}}, {"type": "Feature", "geometry": {"type": "Point", "coordinates": [-16.945784, 14.393463]}, "properties": {"id": "hotelerie-1520", "type": "hotelerie", "type_label": "Hôtellerie", "nom": "DORTOIR", "region": {"nom": "THIES", "code": 7}, "departement": {"nom": "MBOUR", "code": 71}, "commune": {"nom": "MBOUR", "code": 71102}, "communaute_rurale": {"nom": "MBOUR", "code": 7110200}, "quartier_village": "SONATEL EXTENSION", "milieu": "URBAIN", "thematique": null, "type_qvh": null}}, {"type": "Feature", "geometry": {"type": "Point", "coordinates": [-16.959935, 14.400896]}, "properties": {"id": "hotelerie-1521", "type": "hotelerie", "type_label": "Hôtellerie", "nom": "LE CHA BEAUTE", "region": {"nom": "THIES", "code": 7}, "departement": {"nom": "MBOUR", "code": 71}, "commune": {"nom": "MBOUR", "code": 71102}, "communaute_rurale": {"nom": "MBOUR", "code": 7110200}, "quartier_village": "MBOUR MAURE", "milieu": "URBAIN", "thematique": null, "type_qvh": null}}, {"type": "Feature", "geometry": {"type": "Point", "coordinates": [-16.96415, 14.40242]}, "properties": {"id": "hotelerie-1522", "type": "hotelerie", "type_label": "Hôtellerie", "nom": "HOTEL AMITIE BOUNTY", "region": {"nom": "THIES", "code": 7}, "departement": {"nom": "MBOUR", "code": 71}, "commune": {"nom": "MBOUR", "code": 71102}, "communaute_rurale": {"nom": "MBOUR", "code": 7110200}, "quartier_village": "MBOUR SERERE SOUF", "milieu": "URBAIN", "thematique": null, "type_qvh": null}}, {"type": "Feature", "geometry": {"type": "Point", "coordinates": [-16.964707, 14.402329]}, "properties": {"id": "hotelerie-1523", "type": "hotelerie", "type_label": "Hôtellerie", "nom": "LE KASSOUMAYE", "region": {"nom": "THIES", "code": 7}, "departement": {"nom": "MBOUR", "code": 71}, "commune": {"nom": "MBOUR", "code": 71102}, "communaute_rurale": {"nom": "MBOUR", "code": 7110200}, "quartier_village": "MBOUR SERERE SOUF", "milieu": "URBAIN", "thematique": null, "type_qvh": null}}, {"type": "Feature", "geometry": {"type": "Point", "coordinates": [-16.972106, 14.423364]}, "properties": {"id": "hotelerie-1524", "type": "hotelerie", "type_label": "Hôtellerie", "nom": "EDEN AUBERGE", "region": {"nom": "THIES", "code": 7}, "departement": {"nom": "MBOUR", "code": 71}, "commune": {"nom": "MBOUR", "code": 71102}, "communaute_rurale": {"nom": "MBOUR", "code": 7110200}, "quartier_village": "DIAMAGUENE I", "milieu": "URBAIN", "thematique": null, "type_qvh": null}}, {"type": "Feature", "geometry": {"type": "Point", "coordinates": [-16.971168, 14.42678]}, "properties": {"id": "hotelerie-1525", "type": "hotelerie", "type_label": "Hôtellerie", "nom": "LE GANDIOL", "region": {"nom": "THIES", "code": 7}, "departement": {"nom": "MBOUR", "code": 71}, "commune": {"nom": "MBOUR", "code": 71102}, "communaute_rurale": {"nom": "MBOUR", "code": 7110200}, "quartier_village": "DIAMAGUENE I", "milieu": "URBAIN", "thematique": null, "type_qvh": null}}, {"type": "Feature", "geometry": {"type": "Point", "coordinates": [-16.976185, 14.430602]}, "properties": {"id": "hotelerie-1526", "type": "hotelerie", "type_label": "Hôtellerie", "nom": "HETEL VILLA \"PETIT EDEN\"", "region": {"nom": "THIES", "code": 7}, "departement": {"nom": "MBOUR", "code": 71}, "commune": {"nom": "MBOUR", "code": 71102}, "communaute_rurale": {"nom": "MBOUR", "code": 7110200}, "quartier_village": "GRAND MBOUR I", "milieu": "URBAIN", "thematique": null, "type_qvh": null}}, {"type": "Feature", "geometry": {"type": "Point", "coordinates": [-16.985189, 14.430932]}, "properties": {"id": "hotelerie-1527", "type": "hotelerie", "type_label": "Hôtellerie", "nom": "HOTEL CASA BLUE", "region": {"nom": "THIES", "code": 7}, "departement": {"nom": "MBOUR", "code": 71}, "commune": {"nom": "MBOUR", "code": 71102}, "communaute_rurale": {"nom": "MBOUR", "code": 7110200}, "quartier_village": "GRAND MBOUR II", "milieu": "URBAIN", "thematique": null, "type_qvh": null}}, {"type": "Feature", "geometry": {"type": "Point", "coordinates": [-16.98743, 14.43145]}, "properties": {"id": "hotelerie-1528", "type": "hotelerie", "type_label": "Hôtellerie", "nom": "MAISON CLOSE", "region": {"nom": "THIES", "code": 7}, "departement": {"nom": "MBOUR", "code": 71}, "commune": {"nom": "MBOUR", "code": 71102}, "communaute_rurale": {"nom": "MBOUR", "code": 7110200}, "quartier_village": "GRAND MBOUR II", "milieu": "URBAIN", "thematique": null, "type_qvh": null}}, {"type": "Feature", "geometry": {"type": "Point", "coordinates": [-16.989597, 14.421774]}, "properties": {"id": "hotelerie-1529", "type": "hotelerie", "type_label": "Hôtellerie", "nom": "DALAL AK JAMM", "region": {"nom": "THIES", "code": 7}, "departement": {"nom": "MBOUR", "code": 71}, "commune": {"nom": "MBOUR", "code": 71102}, "communaute_rurale": {"nom": "MBOUR", "code": 7110200}, "quartier_village": "GRAND MBOUR II", "milieu": "URBAIN", "thematique": null, "type_qvh": null}}, {"type": "Feature", "geometry": {"type": "Point", "coordinates": [-16.989464, 14.421798]}, "properties": {"id": "hotelerie-1530", "type": "hotelerie", "type_label": "Hôtellerie", "nom": "LA CASE DES HOTES TEKROUR", "region": {"nom": "THIES", "code": 7}, "departement": {"nom": "MBOUR", "code": 71}, "commune": {"nom": "MBOUR", "code": 71102}, "communaute_rurale": {"nom": "MBOUR", "code": 7110200}, "quartier_village": "GRAND MBOUR II", "milieu": "URBAIN", "thematique": null, "type_qvh": null}}, {"type": "Feature", "geometry": {"type": "Point", "coordinates": [-16.991605, 14.42246]}, "properties": {"id": "hotelerie-1531", "type": "hotelerie", "type_label": "Hôtellerie", "nom": "HETEL MBAILA", "region": {"nom": "THIES", "code": 7}, "departement": {"nom": "MBOUR", "code": 71}, "commune": {"nom": "MBOUR", "code": 71102}, "communaute_rurale": {"nom": "MBOUR", "code": 7110200}, "quartier_village": "GRAND MBOUR II", "milieu": "URBAIN", "thematique": null, "type_qvh": null}}, {"type": "Feature", "geometry": {"type": "Point", "coordinates": [-16.990678, 14.421853]}, "properties": {"id": "hotelerie-1532", "type": "hotelerie", "type_label": "Hôtellerie", "nom": "BLUE AFRICA", "region": {"nom": "THIES", "code": 7}, "departement": {"nom": "MBOUR", "code": 71}, "commune": {"nom": "MBOUR", "code": 71102}, "communaute_rurale": {"nom": "MBOUR", "code": 7110200}, "quartier_village": "GRAND MBOUR II", "milieu": "URBAIN", "thematique": null, "type_qvh": null}}, {"type": "Feature", "geometry": {"type": "Point", "coordinates": [-16.992408, 14.422761]}, "properties": {"id": "hotelerie-1533", "type": "hotelerie", "type_label": "Hôtellerie", "nom": "AUBERGE", "region": {"nom": "THIES", "code": 7}, "departement": {"nom": "MBOUR", "code": 71}, "commune": {"nom": "MBOUR", "code": 71102}, "communaute_rurale": {"nom": "MBOUR", "code": 7110200}, "quartier_village": "GRAND MBOUR II", "milieu": "URBAIN", "thematique": null, "type_qvh": null}}, {"type": "Feature", "geometry": {"type": "Point", "coordinates": [-16.992627, 14.422963]}, "properties": {"id": "hotelerie-1534", "type": "hotelerie", "type_label": "Hôtellerie", "nom": "AUBERGE SAGNE FOLO", "region": {"nom": "THIES", "code": 7}, "departement": {"nom": "MBOUR", "code": 71}, "commune": {"nom": "MBOUR", "code": 71102}, "communaute_rurale": {"nom": "MBOUR", "code": 7110200}, "quartier_village": "GRAND MBOUR II", "milieu": "URBAIN", "thematique": null, "type_qvh": null}}, {"type": "Feature", "geometry": {"type": "Point", "coordinates": [-16.991369, 14.423241]}, "properties": {"id": "hotelerie-1535", "type": "hotelerie", "type_label": "Hôtellerie", "nom": "AUBERGE", "region": {"nom": "THIES", "code": 7}, "departement": {"nom": "MBOUR", "code": 71}, "commune": {"nom": "MBOUR", "code": 71102}, "communaute_rurale": {"nom": "MBOUR", "code": 7110200}, "quartier_village": "GRAND MBOUR II", "milieu": "URBAIN", "thematique": null, "type_qvh": null}}, {"type": "Feature", "geometry": {"type": "Point", "coordinates": [-16.988593, 14.426334]}, "properties": {"id": "hotelerie-1536", "type": "hotelerie", "type_label": "Hôtellerie", "nom": "Mise à jour après intervention IT", "region": {"nom": "THIES", "code": 7}, "departement": {"nom": "MBOUR", "code": 71}, "commune": {"nom": "MBOUR", "code": 71102}, "communaute_rurale": {"nom": "MBOUR", "code": 7110200}, "quartier_village": "GRAND MBOUR II", "milieu": "URBAIN", "thematique": null, "type_qvh": null}}, {"type": "Feature", "geometry": {"type": "Point", "coordinates": [-16.969796, 14.412347]}, "properties": {"id": "hotelerie-1537", "type": "hotelerie", "type_label": "Hôtellerie", "nom": "LE DJOLIBA", "region": {"nom": "THIES", "code": 7}, "departement": {"nom": "MBOUR", "code": 71}, "commune": {"nom": "MBOUR", "code": 71102}, "communaute_rurale": {"nom": "MBOUR", "code": 7110200}, "quartier_village": "11 NOVEMBRE", "milieu": "URBAIN", "thematique": null, "type_qvh": null}}, {"type": "Feature", "geometry": {"type": "Point", "coordinates": [-16.945109, 14.411553]}, "properties": {"id": "hotelerie-1538", "type": "hotelerie", "type_label": "Hôtellerie", "nom": "DORTOIR HABITE DANS LA CONCESSION 52", "region": {"nom": "THIES", "code": 7}, "departement": {"nom": "MBOUR", "code": 71}, "commune": {"nom": "MBOUR", "code": 71102}, "communaute_rurale": {"nom": "MBOUR", "code": 7110200}, "quartier_village": "GOUYE MOURIDE I", "milieu": "URBAIN", "thematique": null, "type_qvh": null}}, {"type": "Feature", "geometry": {"type": "Point", "coordinates": [-16.94529, 14.374397]}, "properties": {"id": "hotelerie-1539", "type": "hotelerie", "type_label": "Hôtellerie", "nom": "CABANE PECHEUR", "region": {"nom": "THIES", "code": 7}, "departement": {"nom": "MBOUR", "code": 71}, "commune": {"nom": "SINDIA", "code": 71203}, "communaute_rurale": {"nom": "MALICOUNDA", "code": 7120301}, "quartier_village": "MBALLING", "milieu": "RURAL", "thematique": null, "type_qvh": null}}, {"type": "Feature", "geometry": {"type": "Point", "coordinates": [-16.944113, 14.36984]}, "properties": {"id": "hotelerie-1540", "type": "hotelerie", "type_label": "Hôtellerie", "nom": "HETEL 'LE WARANG'", "region": {"nom": "THIES", "code": 7}, "departement": {"nom": "MBOUR", "code": 71}, "commune": {"nom": "SINDIA", "code": 71203}, "communaute_rurale": {"nom": "MALICOUNDA", "code": 7120301}, "quartier_village": "WARANG SERERE", "milieu": "RURAL", "thematique": null, "type_qvh": null}}, {"type": "Feature", "geometry": {"type": "Point", "coordinates": [-16.942118, 14.367999]}, "properties": {"id": "hotelerie-1541", "type": "hotelerie", "type_label": "Hôtellerie", "nom": "CAMPEMENT LES AMARANTE", "region": {"nom": "THIES", "code": 7}, "departement": {"nom": "MBOUR", "code": 71}, "commune": {"nom": "SINDIA", "code": 71203}, "communaute_rurale": {"nom": "MALICOUNDA", "code": 7120301}, "quartier_village": "WARANG SERERE", "milieu": "RURAL", "thematique": null, "type_qvh": null}}, {"type": "Feature", "geometry": {"type": "Point", "coordinates": [-16.941418, 14.365751]}, "properties": {"id": "hotelerie-1542", "type": "hotelerie", "type_label": "Hôtellerie", "nom": "Hôtellerie", "region": {"nom": "THIES", "code": 7}, "departement": {"nom": "MBOUR", "code": 71}, "commune": {"nom": "SINDIA", "code": 71203}, "communaute_rurale": {"nom": "MALICOUNDA", "code": 7120301}, "quartier_village": "WARANG SERERE", "milieu": "RURAL", "thematique": null, "type_qvh": null}}, {"type": "Feature", "geometry": {"type": "Point", "coordinates": [-16.939362, 14.362404]}, "properties": {"id": "hotelerie-1543", "type": "hotelerie", "type_label": "Hôtellerie", "nom": "MOTEL", "region": {"nom": "THIES", "code": 7}, "departement": {"nom": "MBOUR", "code": 71}, "commune": {"nom": "SINDIA", "code": 71203}, "communaute_rurale": {"nom": "MALICOUNDA", "code": 7120301}, "quartier_village": "WARANG SERERE", "milieu": "RURAL", "thematique": null, "type_qvh": null}}, {"type": "Feature", "geometry": {"type": "Point", "coordinates": [-16.925952, 14.336051]}, "properties": {"id": "hotelerie-1544", "type": "hotelerie", "type_label": "Hôtellerie", "nom": "HETEL", "region": {"nom": "THIES", "code": 7}, "departement": {"nom": "MBOUR", "code": 71}, "commune": {"nom": "SINDIA", "code": 71203}, "communaute_rurale": {"nom": "MALICOUNDA", "code": 7120301}, "quartier_village": "H4 NIANING GOREE", "milieu": "RURAL", "thematique": null, "type_qvh": null}}, {"type": "Feature", "geometry": {"type": "Point", "coordinates": [-16.929305, 14.332041]}, "properties": {"id": "hotelerie-1545", "type": "hotelerie", "type_label": "Hôtellerie", "nom": "HETEL", "region": {"nom": "THIES", "code": 7}, "departement": {"nom": "MBOUR", "code": 71}, "commune": {"nom": "SINDIA", "code": 71203}, "communaute_rurale": {"nom": "MALICOUNDA", "code": 7120301}, "quartier_village": "H5  GOUREL", "milieu": "RURAL", "thematique": null, "type_qvh": null}}, {"type": "Feature", "geometry": {"type": "Point", "coordinates": [-16.930865, 14.318203]}, "properties": {"id": "hotelerie-1546", "type": "hotelerie", "type_label": "Hôtellerie", "nom": "HETEL", "region": {"nom": "THIES", "code": 7}, "departement": {"nom": "MBOUR", "code": 71}, "commune": {"nom": "SINDIA", "code": 71203}, "communaute_rurale": {"nom": "MALICOUNDA", "code": 7120301}, "quartier_village": "H5  GOUREL", "milieu": "RURAL", "thematique": null, "type_qvh": null}}, {"type": "Feature", "geometry": {"type": "Point", "coordinates": [-16.919557, 14.285823]}, "properties": {"id": "hotelerie-1547", "type": "hotelerie", "type_label": "Hôtellerie", "nom": "CABANE", "region": {"nom": "THIES", "code": 7}, "departement": {"nom": "MBOUR", "code": 71}, "commune": {"nom": "SINDIA", "code": 71203}, "communaute_rurale": {"nom": "MALICOUNDA", "code": 7120301}, "quartier_village": "POINTE SARENE", "milieu": "RURAL", "thematique": null, "type_qvh": null}}, {"type": "Feature", "geometry": {"type": "Point", "coordinates": [-16.919367, 14.286094]}, "properties": {"id": "hotelerie-1548", "type": "hotelerie", "type_label": "Hôtellerie", "nom": "AUBERGE", "region": {"nom": "THIES", "code": 7}, "departement": {"nom": "MBOUR", "code": 71}, "commune": {"nom": "SINDIA", "code": 71203}, "communaute_rurale": {"nom": "MALICOUNDA", "code": 7120301}, "quartier_village": "POINTE SARENE", "milieu": "RURAL", "thematique": null, "type_qvh": null}}, {"type": "Feature", "geometry": {"type": "Point", "coordinates": [-16.921666, 14.325281]}, "properties": {"id": "hotelerie-1549", "type": "hotelerie", "type_label": "Hôtellerie", "nom": "CAMPEMENT", "region": {"nom": "THIES", "code": 7}, "departement": {"nom": "MBOUR", "code": 71}, "commune": {"nom": "SINDIA", "code": 71203}, "communaute_rurale": {"nom": "MALICOUNDA", "code": 7120301}, "quartier_village": "H5  GOUREL", "milieu": "RURAL", "thematique": null, "type_qvh": null}}, {"type": "Feature", "geometry": {"type": "Point", "coordinates": [-16.920215, 14.314835]}, "properties": {"id": "hotelerie-1550", "type": "hotelerie", "type_label": "Hôtellerie", "nom": "DJANTE RESORT POINTE SARENE", "region": {"nom": "THIES", "code": 7}, "departement": {"nom": "MBOUR", "code": 71}, "commune": {"nom": "SINDIA", "code": 71203}, "communaute_rurale": {"nom": "MALICOUNDA", "code": 7120301}, "quartier_village": "NIANING RESIDENCE", "milieu": "RURAL", "thematique": null, "type_qvh": null}}, {"type": "Feature", "geometry": {"type": "Point", "coordinates": [-16.929366, 14.293716]}, "properties": {"id": "hotelerie-1551", "type": "hotelerie", "type_label": "Hôtellerie", "nom": "HETEL RUI BAOBAB", "region": {"nom": "THIES", "code": 7}, "departement": {"nom": "MBOUR", "code": 71}, "commune": {"nom": "SINDIA", "code": 71203}, "communaute_rurale": {"nom": "MALICOUNDA", "code": 7120301}, "quartier_village": "H1 KEUR NOUDY BA", "milieu": "RURAL", "thematique": null, "type_qvh": null}}, {"type": "Feature", "geometry": {"type": "Point", "coordinates": [-16.939562, 14.363789]}, "properties": {"id": "hotelerie-1552", "type": "hotelerie", "type_label": "Hôtellerie", "nom": "HOTEL PETAW BI", "region": {"nom": "THIES", "code": 7}, "departement": {"nom": "MBOUR", "code": 71}, "commune": {"nom": "SINDIA", "code": 71203}, "communaute_rurale": {"nom": "MALICOUNDA", "code": 7120301}, "quartier_village": "WARANG SERERE", "milieu": "RURAL", "thematique": null, "type_qvh": null}}, {"type": "Feature", "geometry": {"type": "Point", "coordinates": [-16.9342, 14.376918]}, "properties": {"id": "hotelerie-1553", "type": "hotelerie", "type_label": "Hôtellerie", "nom": "CAMPEMENT", "region": {"nom": "THIES", "code": 7}, "departement": {"nom": "MBOUR", "code": 71}, "commune": {"nom": "SINDIA", "code": 71203}, "communaute_rurale": {"nom": "MALICOUNDA", "code": 7120301}, "quartier_village": "WARANG SOCE", "milieu": "RURAL", "thematique": null, "type_qvh": null}}, {"type": "Feature", "geometry": {"type": "Point", "coordinates": [-16.93979, 14.374048]}, "properties": {"id": "hotelerie-1554", "type": "hotelerie", "type_label": "Hôtellerie", "nom": "RESIDENCE DOMAINE DE WARANG", "region": {"nom": "THIES", "code": 7}, "departement": {"nom": "MBOUR", "code": 71}, "commune": {"nom": "SINDIA", "code": 71203}, "communaute_rurale": {"nom": "MALICOUNDA", "code": 7120301}, "quartier_village": "WARANG SERERE", "milieu": "RURAL", "thematique": null, "type_qvh": null}}, {"type": "Feature", "geometry": {"type": "Point", "coordinates": [-16.97849, 14.445367]}, "properties": {"id": "hotelerie-1555", "type": "hotelerie", "type_label": "Hôtellerie", "nom": "AUBERGE BAR", "region": {"nom": "THIES", "code": 7}, "departement": {"nom": "MBOUR", "code": 71}, "commune": {"nom": "SINDIA", "code": 71203}, "communaute_rurale": {"nom": "MALICOUNDA", "code": 7120301}, "quartier_village": "MALICOUNDA EXTENSION", "milieu": "RURAL", "thematique": null, "type_qvh": null}}, {"type": "Feature", "geometry": {"type": "Point", "coordinates": [-16.931107, 14.345785]}, "properties": {"id": "hotelerie-1556", "type": "hotelerie", "type_label": "Hôtellerie", "nom": "HOTEL", "region": {"nom": "THIES", "code": 7}, "departement": {"nom": "MBOUR", "code": 71}, "commune": {"nom": "SINDIA", "code": 71203}, "communaute_rurale": {"nom": "MALICOUNDA", "code": 7120301}, "quartier_village": "NIANING", "milieu": "RURAL", "thematique": null, "type_qvh": null}}, {"type": "Feature", "geometry": {"type": "Point", "coordinates": [-16.926717, 14.341911]}, "properties": {"id": "hotelerie-1557", "type": "hotelerie", "type_label": "Hôtellerie", "nom": "AUBERGE", "region": {"nom": "THIES", "code": 7}, "departement": {"nom": "MBOUR", "code": 71}, "commune": {"nom": "SINDIA", "code": 71203}, "communaute_rurale": {"nom": "MALICOUNDA", "code": 7120301}, "quartier_village": "NIANING", "milieu": "RURAL", "thematique": null, "type_qvh": null}}, {"type": "Feature", "geometry": {"type": "Point", "coordinates": [-16.926917, 14.342149]}, "properties": {"id": "hotelerie-1558", "type": "hotelerie", "type_label": "Hôtellerie", "nom": "AUBERGE/BAR RESTAURANT", "region": {"nom": "THIES", "code": 7}, "departement": {"nom": "MBOUR", "code": 71}, "commune": {"nom": "SINDIA", "code": 71203}, "communaute_rurale": {"nom": "MALICOUNDA", "code": 7120301}, "quartier_village": "NIANING", "milieu": "RURAL", "thematique": null, "type_qvh": null}}, {"type": "Feature", "geometry": {"type": "Point", "coordinates": [-16.928834, 14.339923]}, "properties": {"id": "hotelerie-1559", "type": "hotelerie", "type_label": "Hôtellerie", "nom": "CAMPEMENT", "region": {"nom": "THIES", "code": 7}, "departement": {"nom": "MBOUR", "code": 71}, "commune": {"nom": "SINDIA", "code": 71203}, "communaute_rurale": {"nom": "MALICOUNDA", "code": 7120301}, "quartier_village": "NIANING", "milieu": "RURAL", "thematique": null, "type_qvh": null}}, {"type": "Feature", "geometry": {"type": "Point", "coordinates": [-16.928385, 14.340036]}, "properties": {"id": "hotelerie-1560", "type": "hotelerie", "type_label": "Hôtellerie", "nom": "AUBERGE", "region": {"nom": "THIES", "code": 7}, "departement": {"nom": "MBOUR", "code": 71}, "commune": {"nom": "SINDIA", "code": 71203}, "communaute_rurale": {"nom": "MALICOUNDA", "code": 7120301}, "quartier_village": "NIANING", "milieu": "RURAL", "thematique": null, "type_qvh": null}}, {"type": "Feature", "geometry": {"type": "Point", "coordinates": [-16.930589, 14.340777]}, "properties": {"id": "hotelerie-1561", "type": "hotelerie", "type_label": "Hôtellerie", "nom": "HETEL", "region": {"nom": "THIES", "code": 7}, "departement": {"nom": "MBOUR", "code": 71}, "commune": {"nom": "SINDIA", "code": 71203}, "communaute_rurale": {"nom": "MALICOUNDA", "code": 7120301}, "quartier_village": "NIANING", "milieu": "RURAL", "thematique": null, "type_qvh": null}}, {"type": "Feature", "geometry": {"type": "Point", "coordinates": [-16.939142, 14.368917]}, "properties": {"id": "hotelerie-1562", "type": "hotelerie", "type_label": "Hôtellerie", "nom": "AUBERGE KEUR ELY", "region": {"nom": "THIES", "code": 7}, "departement": {"nom": "MBOUR", "code": 71}, "commune": {"nom": "SINDIA", "code": 71203}, "communaute_rurale": {"nom": "MALICOUNDA", "code": 7120301}, "quartier_village": "WARANG SERERE", "milieu": "RURAL", "thematique": null, "type_qvh": null}}, {"type": "Feature", "geometry": {"type": "Point", "coordinates": [-16.939959, 14.366112]}, "properties": {"id": "hotelerie-1563", "type": "hotelerie", "type_label": "Hôtellerie", "nom": "LES MANGUIERS", "region": {"nom": "THIES", "code": 7}, "departement": {"nom": "MBOUR", "code": 71}, "commune": {"nom": "SINDIA", "code": 71203}, "communaute_rurale": {"nom": "MALICOUNDA", "code": 7120301}, "quartier_village": "WARANG SERERE", "milieu": "RURAL", "thematique": null, "type_qvh": null}}, {"type": "Feature", "geometry": {"type": "Point", "coordinates": [-16.940239, 14.366311]}, "properties": {"id": "hotelerie-1564", "type": "hotelerie", "type_label": "Hôtellerie", "nom": "KEUR ANDONI", "region": {"nom": "THIES", "code": 7}, "departement": {"nom": "MBOUR", "code": 71}, "commune": {"nom": "SINDIA", "code": 71203}, "communaute_rurale": {"nom": "MALICOUNDA", "code": 7120301}, "quartier_village": "WARANG SERERE", "milieu": "RURAL", "thematique": null, "type_qvh": null}}, {"type": "Feature", "geometry": {"type": "Point", "coordinates": [-16.939043, 14.366193]}, "properties": {"id": "hotelerie-1565", "type": "hotelerie", "type_label": "Hôtellerie", "nom": "Hôtellerie", "region": {"nom": "THIES", "code": 7}, "departement": {"nom": "MBOUR", "code": 71}, "commune": {"nom": "SINDIA", "code": 71203}, "communaute_rurale": {"nom": "MALICOUNDA", "code": 7120301}, "quartier_village": "WARANG SERERE", "milieu": "RURAL", "thematique": null, "type_qvh": null}}, {"type": "Feature", "geometry": {"type": "Point", "coordinates": [-16.947109, 14.378245]}, "properties": {"id": "hotelerie-1566", "type": "hotelerie", "type_label": "Hôtellerie", "nom": "CAMPEMENT", "region": {"nom": "THIES", "code": 7}, "departement": {"nom": "MBOUR", "code": 71}, "commune": {"nom": "SINDIA", "code": 71203}, "communaute_rurale": {"nom": "MALICOUNDA", "code": 7120301}, "quartier_village": "MBALLING", "milieu": "RURAL", "thematique": null, "type_qvh": null}}, {"type": "Feature", "geometry": {"type": "Point", "coordinates": [-16.944824, 14.375669]}, "properties": {"id": "hotelerie-1567", "type": "hotelerie", "type_label": "Hôtellerie", "nom": "Hôtellerie", "region": {"nom": "THIES", "code": 7}, "departement": {"nom": "MBOUR", "code": 71}, "commune": {"nom": "SINDIA", "code": 71203}, "communaute_rurale": {"nom": "MALICOUNDA", "code": 7120301}, "quartier_village": "MBALLING", "milieu": "RURAL", "thematique": null, "type_qvh": null}}, {"type": "Feature", "geometry": {"type": "Point", "coordinates": [-16.939973, 14.377698]}, "properties": {"id": "hotelerie-1568", "type": "hotelerie", "type_label": "Hôtellerie", "nom": "COMPLEXE LE TAMARIN", "region": {"nom": "THIES", "code": 7}, "departement": {"nom": "MBOUR", "code": 71}, "commune": {"nom": "SINDIA", "code": 71203}, "communaute_rurale": {"nom": "MALICOUNDA", "code": 7120301}, "quartier_village": "MBALLING", "milieu": "RURAL", "thematique": null, "type_qvh": null}}, {"type": "Feature", "geometry": {"type": "Point", "coordinates": [-16.92937, 14.361516]}, "properties": {"id": "hotelerie-1569", "type": "hotelerie", "type_label": "Hôtellerie", "nom": "COMPLEXE CÅ?UR GUI", "region": {"nom": "THIES", "code": 7}, "departement": {"nom": "MBOUR", "code": 71}, "commune": {"nom": "SINDIA", "code": 71203}, "communaute_rurale": {"nom": "MALICOUNDA", "code": 7120301}, "quartier_village": "WARANG SOCE", "milieu": "RURAL", "thematique": null, "type_qvh": null}}, {"type": "Feature", "geometry": {"type": "Point", "coordinates": [-16.934083, 14.363679]}, "properties": {"id": "hotelerie-1570", "type": "hotelerie", "type_label": "Hôtellerie", "nom": "CHEZ AMY ET DENIS", "region": {"nom": "THIES", "code": 7}, "departement": {"nom": "MBOUR", "code": 71}, "commune": {"nom": "SINDIA", "code": 71203}, "communaute_rurale": {"nom": "MALICOUNDA", "code": 7120301}, "quartier_village": "WARANG SOCE", "milieu": "RURAL", "thematique": null, "type_qvh": null}}, {"type": "Feature", "geometry": {"type": "Point", "coordinates": [-16.93368, 14.364107]}, "properties": {"id": "hotelerie-1571", "type": "hotelerie", "type_label": "Hôtellerie", "nom": "AUBERGE LE SOLEIL", "region": {"nom": "THIES", "code": 7}, "departement": {"nom": "MBOUR", "code": 71}, "commune": {"nom": "SINDIA", "code": 71203}, "communaute_rurale": {"nom": "MALICOUNDA", "code": 7120301}, "quartier_village": "WARANG SOCE", "milieu": "RURAL", "thematique": null, "type_qvh": null}}, {"type": "Feature", "geometry": {"type": "Point", "coordinates": [-16.941395, 14.368781]}, "properties": {"id": "hotelerie-1572", "type": "hotelerie", "type_label": "Hôtellerie", "nom": "AUBERGE LE KENKENI", "region": {"nom": "THIES", "code": 7}, "departement": {"nom": "MBOUR", "code": 71}, "commune": {"nom": "SINDIA", "code": 71203}, "communaute_rurale": {"nom": "MALICOUNDA", "code": 7120301}, "quartier_village": "WARANG SERERE", "milieu": "RURAL", "thematique": null, "type_qvh": null}}, {"type": "Feature", "geometry": {"type": "Point", "coordinates": [-16.931148, 14.354803]}, "properties": {"id": "hotelerie-1573", "type": "hotelerie", "type_label": "Hôtellerie", "nom": "AUBERGE", "region": {"nom": "THIES", "code": 7}, "departement": {"nom": "MBOUR", "code": 71}, "commune": {"nom": "SINDIA", "code": 71203}, "communaute_rurale": {"nom": "MALICOUNDA", "code": 7120301}, "quartier_village": "NIANING", "milieu": "RURAL", "thematique": null, "type_qvh": null}}, {"type": "Feature", "geometry": {"type": "Point", "coordinates": [-16.930813, 14.348445]}, "properties": {"id": "hotelerie-1574", "type": "hotelerie", "type_label": "Hôtellerie", "nom": "AUBERGE", "region": {"nom": "THIES", "code": 7}, "departement": {"nom": "MBOUR", "code": 71}, "commune": {"nom": "SINDIA", "code": 71203}, "communaute_rurale": {"nom": "MALICOUNDA", "code": 7120301}, "quartier_village": "NIANING", "milieu": "RURAL", "thematique": null, "type_qvh": null}}, {"type": "Feature", "geometry": {"type": "Point", "coordinates": [-16.928914, 14.341062]}, "properties": {"id": "hotelerie-1575", "type": "hotelerie", "type_label": "Hôtellerie", "nom": "RESTO/BAR", "region": {"nom": "THIES", "code": 7}, "departement": {"nom": "MBOUR", "code": 71}, "commune": {"nom": "SINDIA", "code": 71203}, "communaute_rurale": {"nom": "MALICOUNDA", "code": 7120301}, "quartier_village": "NIANING", "milieu": "RURAL", "thematique": null, "type_qvh": null}}, {"type": "Feature", "geometry": {"type": "Point", "coordinates": [-16.92721, 14.341861]}, "properties": {"id": "hotelerie-1576", "type": "hotelerie", "type_label": "Hôtellerie", "nom": "AUBERGE", "region": {"nom": "THIES", "code": 7}, "departement": {"nom": "MBOUR", "code": 71}, "commune": {"nom": "SINDIA", "code": 71203}, "communaute_rurale": {"nom": "MALICOUNDA", "code": 7120301}, "quartier_village": "NIANING", "milieu": "RURAL", "thematique": null, "type_qvh": null}}, {"type": "Feature", "geometry": {"type": "Point", "coordinates": [-16.925545, 14.332638]}, "properties": {"id": "hotelerie-1577", "type": "hotelerie", "type_label": "Hôtellerie", "nom": "HETEL ( DOMAINE DE NIANING)", "region": {"nom": "THIES", "code": 7}, "departement": {"nom": "MBOUR", "code": 71}, "commune": {"nom": "SINDIA", "code": 71203}, "communaute_rurale": {"nom": "MALICOUNDA", "code": 7120301}, "quartier_village": "H5  GOUREL", "milieu": "RURAL", "thematique": null, "type_qvh": null}}, {"type": "Feature", "geometry": {"type": "Point", "coordinates": [-16.909735, 14.278906]}, "properties": {"id": "hotelerie-1578", "type": "hotelerie", "type_label": "Hôtellerie", "nom": "HETEL", "region": {"nom": "THIES", "code": 7}, "departement": {"nom": "MBOUR", "code": 71}, "commune": {"nom": "SINDIA", "code": 71203}, "communaute_rurale": {"nom": "MALICOUNDA", "code": 7120301}, "quartier_village": "POINTE SARENE", "milieu": "RURAL", "thematique": null, "type_qvh": null}}, {"type": "Feature", "geometry": {"type": "Point", "coordinates": [-16.909016, 14.278058]}, "properties": {"id": "hotelerie-1579", "type": "hotelerie", "type_label": "Hôtellerie", "nom": "HETEL", "region": {"nom": "THIES", "code": 7}, "departement": {"nom": "MBOUR", "code": 71}, "commune": {"nom": "SINDIA", "code": 71203}, "communaute_rurale": {"nom": "MALICOUNDA", "code": 7120301}, "quartier_village": "POINTE SARENE", "milieu": "RURAL", "thematique": null, "type_qvh": null}}, {"type": "Feature", "geometry": {"type": "Point", "coordinates": [-16.883658, 14.253082]}, "properties": {"id": "hotelerie-1580", "type": "hotelerie", "type_label": "Hôtellerie", "nom": "CAMPEMENT \" LE THIOSSANE\"", "region": {"nom": "THIES", "code": 7}, "departement": {"nom": "MBOUR", "code": 71}, "commune": {"nom": "SINDIA", "code": 71203}, "communaute_rurale": {"nom": "MALICOUNDA", "code": 7120301}, "quartier_village": "H2 KEUR COLY SARR", "milieu": "RURAL", "thematique": null, "type_qvh": null}}, {"type": "Feature", "geometry": {"type": "Point", "coordinates": [-16.925761, 14.35816]}, "properties": {"id": "hotelerie-1581", "type": "hotelerie", "type_label": "Hôtellerie", "nom": "CAMPEMENT", "region": {"nom": "THIES", "code": 7}, "departement": {"nom": "MBOUR", "code": 71}, "commune": {"nom": "SINDIA", "code": 71203}, "communaute_rurale": {"nom": "MALICOUNDA", "code": 7120301}, "quartier_village": "NIANING", "milieu": "RURAL", "thematique": null, "type_qvh": null}}, {"type": "Feature", "geometry": {"type": "Point", "coordinates": [-16.581831, 14.574872]}, "properties": {"id": "hotelerie-1582", "type": "hotelerie", "type_label": "Hôtellerie", "nom": "LOGEMENT ENSEIGNANTS", "region": {"nom": "THIES", "code": 7}, "departement": {"nom": "MBOUR", "code": 71}, "commune": {"nom": "FISSEL", "code": 71201}, "communaute_rurale": {"nom": "FISSEL", "code": 7120101}, "quartier_village": "H4 MBA FAYE", "milieu": "RURAL", "thematique": null, "type_qvh": null}}, {"type": "Feature", "geometry": {"type": "Point", "coordinates": [-16.795644, 14.525624]}, "properties": {"id": "hotelerie-1583", "type": "hotelerie", "type_label": "Hôtellerie", "nom": "LOGEMENT", "region": {"nom": "THIES", "code": 7}, "departement": {"nom": "MBOUR", "code": 71}, "commune": {"nom": "FISSEL", "code": 71201}, "communaute_rurale": {"nom": "NDIAGANIAO", "code": 7120102}, "quartier_village": "NDIARAO", "milieu": "RURAL", "thematique": null, "type_qvh": null}}, {"type": "Feature", "geometry": {"type": "Point", "coordinates": [-16.72831, 14.529236]}, "properties": {"id": "hotelerie-1584", "type": "hotelerie", "type_label": "Hôtellerie", "nom": "AUBERGE", "region": {"nom": "THIES", "code": 7}, "departement": {"nom": "MBOUR", "code": 71}, "commune": {"nom": "FISSEL", "code": 71201}, "communaute_rurale": {"nom": "NDIAGANIAO", "code": 7120102}, "quartier_village": "THIANDENE", "milieu": "RURAL", "thematique": null, "type_qvh": null}}, {"type": "Feature", "geometry": {"type": "Point", "coordinates": [-16.835127, 14.153505]}, "properties": {"id": "hotelerie-1585", "type": "hotelerie", "type_label": "Hôtellerie", "nom": "LE DJEMBE", "region": {"nom": "THIES", "code": 7}, "departement": {"nom": "MBOUR", "code": 71}, "commune": {"nom": "JOAL FADIOUTH", "code": 71101}, "communaute_rurale": {"nom": "JOAL FADIOUTH", "code": 7110100}, "quartier_village": "AFDAYE DIAMAGUENE", "milieu": "URBAIN", "thematique": null, "type_qvh": null}}, {"type": "Feature", "geometry": {"type": "Point", "coordinates": [-16.834997, 14.158127]}, "properties": {"id": "hotelerie-1586", "type": "hotelerie", "type_label": "Hôtellerie", "nom": "COEUR OCEAN", "region": {"nom": "THIES", "code": 7}, "departement": {"nom": "MBOUR", "code": 71}, "commune": {"nom": "JOAL FADIOUTH", "code": 71101}, "communaute_rurale": {"nom": "JOAL FADIOUTH", "code": 7110100}, "quartier_village": "AFDAYE DIAMAGUENE", "milieu": "URBAIN", "thematique": null, "type_qvh": null}}, {"type": "Feature", "geometry": {"type": "Point", "coordinates": [-16.836943, 14.159214]}, "properties": {"id": "hotelerie-1587", "type": "hotelerie", "type_label": "Hôtellerie", "nom": "AUBERGE  PELICAN DANSEUR", "region": {"nom": "THIES", "code": 7}, "departement": {"nom": "MBOUR", "code": 71}, "commune": {"nom": "JOAL FADIOUTH", "code": 71101}, "communaute_rurale": {"nom": "JOAL FADIOUTH", "code": 7110100}, "quartier_village": "AFDAYE DIAMAGUENE", "milieu": "URBAIN", "thematique": null, "type_qvh": null}}, {"type": "Feature", "geometry": {"type": "Point", "coordinates": [-16.829783, 14.153029]}, "properties": {"id": "hotelerie-1588", "type": "hotelerie", "type_label": "Hôtellerie", "nom": "Hotel Taverne des pêcheurs", "region": {"nom": "THIES", "code": 7}, "departement": {"nom": "MBOUR", "code": 71}, "commune": {"nom": "JOAL FADIOUTH", "code": 71101}, "communaute_rurale": {"nom": "JOAL FADIOUTH", "code": 7110100}, "quartier_village": "AFDAYE DIAMAGUENE", "milieu": "URBAIN", "thematique": null, "type_qvh": null}}, {"type": "Feature", "geometry": {"type": "Point", "coordinates": [-16.830456, 14.152774]}, "properties": {"id": "hotelerie-1589", "type": "hotelerie", "type_label": "Hôtellerie", "nom": "Hotel RESTAURANT FINIO", "region": {"nom": "THIES", "code": 7}, "departement": {"nom": "MBOUR", "code": 71}, "commune": {"nom": "JOAL FADIOUTH", "code": 71101}, "communaute_rurale": {"nom": "JOAL FADIOUTH", "code": 7110100}, "quartier_village": "AFDAYE DIAMAGUENE", "milieu": "URBAIN", "thematique": null, "type_qvh": null}}, {"type": "Feature", "geometry": {"type": "Point", "coordinates": [-16.830947, 14.153075]}, "properties": {"id": "hotelerie-1590", "type": "hotelerie", "type_label": "Hôtellerie", "nom": "Hotel FINIO", "region": {"nom": "THIES", "code": 7}, "departement": {"nom": "MBOUR", "code": 71}, "commune": {"nom": "JOAL FADIOUTH", "code": 71101}, "communaute_rurale": {"nom": "JOAL FADIOUTH", "code": 7110100}, "quartier_village": "AFDAYE DIAMAGUENE", "milieu": "URBAIN", "thematique": null, "type_qvh": null}}, {"type": "Feature", "geometry": {"type": "Point", "coordinates": [-16.837209, 14.155978]}, "properties": {"id": "hotelerie-1591", "type": "hotelerie", "type_label": "Hôtellerie", "nom": "AUBERGE LA FEMME NOIR", "region": {"nom": "THIES", "code": 7}, "departement": {"nom": "MBOUR", "code": 71}, "commune": {"nom": "JOAL FADIOUTH", "code": 71101}, "communaute_rurale": {"nom": "JOAL FADIOUTH", "code": 7110100}, "quartier_village": "AFDAYE DIAMAGUENE", "milieu": "URBAIN", "thematique": null, "type_qvh": null}}, {"type": "Feature", "geometry": {"type": "Point", "coordinates": [-16.837664, 14.157776]}, "properties": {"id": "hotelerie-1592", "type": "hotelerie", "type_label": "Hôtellerie", "nom": "LE METISSE", "region": {"nom": "THIES", "code": 7}, "departement": {"nom": "MBOUR", "code": 71}, "commune": {"nom": "JOAL FADIOUTH", "code": 71101}, "communaute_rurale": {"nom": "JOAL FADIOUTH", "code": 7110100}, "quartier_village": "AFDAYE DIAMAGUENE", "milieu": "URBAIN", "thematique": null, "type_qvh": null}}, {"type": "Feature", "geometry": {"type": "Point", "coordinates": [-16.853911, 14.177776]}, "properties": {"id": "hotelerie-1593", "type": "hotelerie", "type_label": "Hôtellerie", "nom": "AUBERGE", "region": {"nom": "THIES", "code": 7}, "departement": {"nom": "MBOUR", "code": 71}, "commune": {"nom": "JOAL FADIOUTH", "code": 71101}, "communaute_rurale": {"nom": "JOAL FADIOUTH", "code": 7110100}, "quartier_village": "SANTHIE II (IBOU FAYE)", "milieu": "URBAIN", "thematique": null, "type_qvh": null}}, {"type": "Feature", "geometry": {"type": "Point", "coordinates": [-16.858852, 14.188358]}, "properties": {"id": "hotelerie-1594", "type": "hotelerie", "type_label": "Hôtellerie", "nom": "AUBERGE", "region": {"nom": "THIES", "code": 7}, "departement": {"nom": "MBOUR", "code": 71}, "commune": {"nom": "JOAL FADIOUTH", "code": 71101}, "communaute_rurale": {"nom": "JOAL FADIOUTH", "code": 7110100}, "quartier_village": "CARITAS", "milieu": "URBAIN", "thematique": null, "type_qvh": null}}, {"type": "Feature", "geometry": {"type": "Point", "coordinates": [-16.85411, 14.189692]}, "properties": {"id": "hotelerie-1595", "type": "hotelerie", "type_label": "Hôtellerie", "nom": "HOTEL", "region": {"nom": "THIES", "code": 7}, "departement": {"nom": "MBOUR", "code": 71}, "commune": {"nom": "JOAL FADIOUTH", "code": 71101}, "communaute_rurale": {"nom": "JOAL FADIOUTH", "code": 7110100}, "quartier_village": "CARITAS", "milieu": "URBAIN", "thematique": null, "type_qvh": null}}, {"type": "Feature", "geometry": {"type": "Point", "coordinates": [-16.833628, 14.152168]}, "properties": {"id": "hotelerie-1596", "type": "hotelerie", "type_label": "Hôtellerie", "nom": "Hotel de la plage", "region": {"nom": "THIES", "code": 7}, "departement": {"nom": "MBOUR", "code": 71}, "commune": {"nom": "JOAL FADIOUTH", "code": 71101}, "communaute_rurale": {"nom": "JOAL FADIOUTH", "code": 7110100}, "quartier_village": "AFDAYE DIAMAGUENE", "milieu": "URBAIN", "thematique": null, "type_qvh": null}}, {"type": "Feature", "geometry": {"type": "Point", "coordinates": [-16.83749, 14.157644]}, "properties": {"id": "hotelerie-1597", "type": "hotelerie", "type_label": "Hôtellerie", "nom": "MOTEL DIAMARECK", "region": {"nom": "THIES", "code": 7}, "departement": {"nom": "MBOUR", "code": 71}, "commune": {"nom": "JOAL FADIOUTH", "code": 71101}, "communaute_rurale": {"nom": "JOAL FADIOUTH", "code": 7110100}, "quartier_village": "AFDAYE DIAMAGUENE", "milieu": "URBAIN", "thematique": null, "type_qvh": null}}, {"type": "Feature", "geometry": {"type": "Point", "coordinates": [-16.258219, 15.038832]}, "properties": {"id": "hotelerie-1598", "type": "hotelerie", "type_label": "Hôtellerie", "nom": "Hotel communautaire", "region": {"nom": "THIES", "code": 7}, "departement": {"nom": "TIVAOUANE", "code": 73}, "commune": {"nom": "NIAKHENE", "code": 73203}, "communaute_rurale": {"nom": "THILMAKHA", "code": 7320304}, "quartier_village": "NDONGO", "milieu": "RURAL", "thematique": null, "type_qvh": null}}, {"type": "Feature", "geometry": {"type": "Point", "coordinates": [-16.96158, 14.959668]}, "properties": {"id": "hotelerie-1599", "type": "hotelerie", "type_label": "Hôtellerie", "nom": "AUBEREGEMENT", "region": {"nom": "THIES", "code": 7}, "departement": {"nom": "TIVAOUANE", "code": 73}, "commune": {"nom": "PAMBAL", "code": 73204}, "communaute_rurale": {"nom": "NOTTO GOUYE DIAMA", "code": 7320403}, "quartier_village": "KEUR SAMBA YACINE", "milieu": "RURAL", "thematique": null, "type_qvh": null}}, {"type": "Feature", "geometry": {"type": "Point", "coordinates": [-16.631481, 15.112901]}, "properties": {"id": "hotelerie-1600", "type": "hotelerie", "type_label": "Hôtellerie", "nom": "AUBERGE ANNEXE", "region": {"nom": "THIES", "code": 7}, "departement": {"nom": "TIVAOUANE", "code": 73}, "commune": {"nom": "MEKHE", "code": 73101}, "communaute_rurale": {"nom": "MEKHE", "code": 7310100}, "quartier_village": "MBAMBARA", "milieu": "URBAIN", "thematique": null, "type_qvh": null}}, {"type": "Feature", "geometry": {"type": "Point", "coordinates": [-16.883308, 15.135587]}, "properties": {"id": "hotelerie-1601", "type": "hotelerie", "type_label": "Hôtellerie", "nom": "Hotel AMAYA", "region": {"nom": "THIES", "code": 7}, "departement": {"nom": "TIVAOUANE", "code": 73}, "commune": {"nom": "MEOUANE", "code": 73201}, "communaute_rurale": {"nom": "MBORO", "code": 7320104}, "quartier_village": "MBORO V (HLM LASSERE)", "milieu": "URBAIN", "thematique": null, "type_qvh": null}}, {"type": "Feature", "geometry": {"type": "Point", "coordinates": [-16.870526, 15.12693]}, "properties": {"id": "hotelerie-1602", "type": "hotelerie", "type_label": "Hôtellerie", "nom": "RESIDENCE DALAL GAAN", "region": {"nom": "THIES", "code": 7}, "departement": {"nom": "TIVAOUANE", "code": 73}, "commune": {"nom": "MEOUANE", "code": 73201}, "communaute_rurale": {"nom": "MBORO", "code": 7320104}, "quartier_village": "MBORO IX", "milieu": "URBAIN", "thematique": null, "type_qvh": null}}, {"type": "Feature", "geometry": {"type": "Point", "coordinates": [-16.873028, 15.126513]}, "properties": {"id": "hotelerie-1603", "type": "hotelerie", "type_label": "Hôtellerie", "nom": "RESIDENCE PAPE SAMBA", "region": {"nom": "THIES", "code": 7}, "departement": {"nom": "TIVAOUANE", "code": 73}, "commune": {"nom": "MEOUANE", "code": 73201}, "communaute_rurale": {"nom": "MBORO", "code": 7320104}, "quartier_village": "MBORO X", "milieu": "URBAIN", "thematique": null, "type_qvh": null}}, {"type": "Feature", "geometry": {"type": "Point", "coordinates": [-17.021485, 14.447007]}, "properties": {"id": "hotelerie-1604", "type": "hotelerie", "type_label": "Hôtellerie", "nom": "Hotel", "region": {"nom": "THIES", "code": 7}, "departement": {"nom": "MBOUR", "code": 71}, "commune": {"nom": "SINDIA", "code": 71203}, "communaute_rurale": {"nom": "SALY PORTUDAL", "code": 7120307}, "quartier_village": "SALY COULANG", "milieu": "URBAIN", "thematique": null, "type_qvh": null}}, {"type": "Feature", "geometry": {"type": "Point", "coordinates": [-17.021485, 14.447007]}, "properties": {"id": "hotelerie-1605", "type": "hotelerie", "type_label": "Hôtellerie", "nom": "Hotel", "region": {"nom": "THIES", "code": 7}, "departement": {"nom": "MBOUR", "code": 71}, "commune": {"nom": "SINDIA", "code": 71203}, "communaute_rurale": {"nom": "SALY PORTUDAL", "code": 7120307}, "quartier_village": "SALY COULANG", "milieu": "URBAIN", "thematique": null, "type_qvh": null}}, {"type": "Feature", "geometry": {"type": "Point", "coordinates": [-16.250931, 14.650383]}, "properties": {"id": "hotelerie-1606", "type": "hotelerie", "type_label": "Hôtellerie", "nom": "LE NEGRESCO", "region": {"nom": "DIOURBEL", "code": 3}, "departement": {"nom": "DIOURBEL", "code": 32}, "commune": {"nom": "DIOURBEL", "code": 32101}, "communaute_rurale": {"nom": "DIOURBEL", "code": 3210100}, "quartier_village": "THIERNO KANDJI", "milieu": "URBAIN", "thematique": null, "type_qvh": null}}, {"type": "Feature", "geometry": {"type": "Point", "coordinates": [-16.249743, 14.649832]}, "properties": {"id": "hotelerie-1607", "type": "hotelerie", "type_label": "Hôtellerie", "nom": "BHP HOTEL", "region": {"nom": "DIOURBEL", "code": 3}, "departement": {"nom": "DIOURBEL", "code": 32}, "commune": {"nom": "DIOURBEL", "code": 32101}, "communaute_rurale": {"nom": "DIOURBEL", "code": 3210100}, "quartier_village": "THIERNO KANDJI", "milieu": "URBAIN", "thematique": null, "type_qvh": null}}, {"type": "Feature", "geometry": {"type": "Point", "coordinates": [-16.230303, 14.651504]}, "properties": {"id": "hotelerie-1608", "type": "hotelerie", "type_label": "Hôtellerie", "nom": "KEUR PATRICK", "region": {"nom": "DIOURBEL", "code": 3}, "departement": {"nom": "DIOURBEL", "code": 32}, "commune": {"nom": "DIOURBEL", "code": 32101}, "communaute_rurale": {"nom": "DIOURBEL", "code": 3210100}, "quartier_village": "THIERNO KANDJI", "milieu": "URBAIN", "thematique": null, "type_qvh": null}}, {"type": "Feature", "geometry": {"type": "Point", "coordinates": [-16.228902, 14.644256]}, "properties": {"id": "hotelerie-1609", "type": "hotelerie", "type_label": "Hôtellerie", "nom": "LE PALMARIN", "region": {"nom": "DIOURBEL", "code": 3}, "departement": {"nom": "DIOURBEL", "code": 32}, "commune": {"nom": "DIOURBEL", "code": 32101}, "communaute_rurale": {"nom": "DIOURBEL", "code": 3210100}, "quartier_village": "THIERNO KANDJI", "milieu": "URBAIN", "thematique": null, "type_qvh": null}}, {"type": "Feature", "geometry": {"type": "Point", "coordinates": [-16.22213, 14.641502]}, "properties": {"id": "hotelerie-1610", "type": "hotelerie", "type_label": "Hôtellerie", "nom": "HOTEL HALAL DAROU SALAM", "region": {"nom": "DIOURBEL", "code": 3}, "departement": {"nom": "DIOURBEL", "code": 32}, "commune": {"nom": "DIOURBEL", "code": 32101}, "communaute_rurale": {"nom": "DIOURBEL", "code": 3210100}, "quartier_village": "THIERNO KANDJI", "milieu": "URBAIN", "thematique": null, "type_qvh": null}}, {"type": "Feature", "geometry": {"type": "Point", "coordinates": [-16.217066, 14.639461]}, "properties": {"id": "hotelerie-1611", "type": "hotelerie", "type_label": "Hôtellerie", "nom": "HOTEL BALKAN", "region": {"nom": "DIOURBEL", "code": 3}, "departement": {"nom": "DIOURBEL", "code": 32}, "commune": {"nom": "DIOURBEL", "code": 32101}, "communaute_rurale": {"nom": "DIOURBEL", "code": 3210100}, "quartier_village": "THIERNO KANDJI", "milieu": "URBAIN", "thematique": null, "type_qvh": null}}]}