{"type": "FeatureCollection", "features": [{"type": "Feature", "geometry": {"type": "Point", "coordinates": [-17.178806, 14.811033]}, "properties": {"id": "loisirs-1", "type": "loisirs", "type_label": "Loisirs", "nom": "BAR RESTAURANT", "region": {"nom": "DAKAR", "code": 1}, "departement": {"nom": "RUFISQUE", "code": 13}, "commune": {"nom": "SANGALKAM", "code": 13202}, "communaute_rurale": {"nom": "BAMBILOR", "code": 1320201}, "quartier_village": "COMICO V BAMBILOR", "milieu": "RURAL", "thematique": null, "type_qvh": null}}, {"type": "Feature", "geometry": {"type": "Point", "coordinates": [-17.184794, 14.802817]}, "properties": {"id": "loisirs-2", "type": "loisirs", "type_label": "Loisirs", "nom": "PARI FOOT", "region": {"nom": "DAKAR", "code": 1}, "departement": {"nom": "RUFISQUE", "code": 13}, "commune": {"nom": "SANGALKAM", "code": 13202}, "communaute_rurale": {"nom": "BAMBILOR", "code": 1320201}, "quartier_village": "BAMBILOR", "milieu": "RURAL", "thematique": null, "type_qvh": null}}, {"type": "Feature", "geometry": {"type": "Point", "coordinates": [-17.361333, 14.750141]}, "properties": {"id": "loisirs-3", "type": "loisirs", "type_label": "Loisirs", "nom": "BAR", "region": {"nom": "DAKAR", "code": 1}, "departement": {"nom": "PIKINE", "code": 12}, "commune": {"nom": "VILLE DE PIKINE", "code": 12301}, "communaute_rurale": {"nom": "DIAMAGUENE SICAP MBAO", "code": 1230133}, "quartier_village": "CITE MILLIONNAIRE", "milieu": "URBAIN", "thematique": null, "type_qvh": null}}, {"type": "Feature", "geometry": {"type": "Point", "coordinates": [-17.361357, 14.75058]}, "properties": {"id": "loisirs-4", "type": "loisirs", "type_label": "Loisirs", "nom": "BAR JEAN PIERRE", "region": {"nom": "DAKAR", "code": 1}, "departement": {"nom": "PIKINE", "code": 12}, "commune": {"nom": "VILLE DE PIKINE", "code": 12301}, "communaute_rurale": {"nom": "DIAMAGUENE SICAP MBAO", "code": 1230133}, "quartier_village": "DIAMAGUENE MAREGE (SAMBA DRAME)", "milieu": "URBAIN", "thematique": null, "type_qvh": null}}, {"type": "Feature", "geometry": {"type": "Point", "coordinates": [-17.344025, 14.749942]}, "properties": {"id": "loisirs-5", "type": "loisirs", "type_label": "Loisirs", "nom": "BAR CHEZ PREIRA", "region": {"nom": "DAKAR", "code": 1}, "departement": {"nom": "PIKINE", "code": 12}, "commune": {"nom": "VILLE DE PIKINE", "code": 12301}, "communaute_rurale": {"nom": "DIAMAGUENE SICAP MBAO", "code": 1230133}, "quartier_village": "CITE NELSON MANDELA", "milieu": "URBAIN", "thematique": null, "type_qvh": null}}, {"type": "Feature", "geometry": {"type": "Point", "coordinates": [-17.453314, 14.687869]}, "properties": {"id": "loisirs-6", "type": "loisirs", "type_label": "Loisirs", "nom": "PMI", "region": {"nom": "DAKAR", "code": 1}, "departement": {"nom": "DAKAR", "code": 11}, "commune": {"nom": "DAKAR", "code": 11301}, "communaute_rurale": {"nom": "GUEULE TAPEE FASS COLOBANE", "code": 1130114}, "quartier_village": "FASS DELORME", "milieu": "URBAIN", "thematique": null, "type_qvh": null}}, {"type": "Feature", "geometry": {"type": "Point", "coordinates": [-17.445821, 14.717548]}, "properties": {"id": "loisirs-7", "type": "loisirs", "type_label": "Loisirs", "nom": "PMU", "region": {"nom": "DAKAR", "code": 1}, "departement": {"nom": "DAKAR", "code": 11}, "commune": {"nom": "DAKAR", "code": 11301}, "communaute_rurale": {"nom": "HLM", "code": 1130123}, "quartier_village": "HLM I", "milieu": "URBAIN", "thematique": null, "type_qvh": null}}, {"type": "Feature", "geometry": {"type": "Point", "coordinates": [-17.445672, 14.709151]}, "properties": {"id": "loisirs-8", "type": "loisirs", "type_label": "Loisirs", "nom": "PARI FOOT", "region": {"nom": "DAKAR", "code": 1}, "departement": {"nom": "DAKAR", "code": 11}, "commune": {"nom": "DAKAR", "code": 11301}, "communaute_rurale": {"nom": "HLM", "code": 1130123}, "quartier_village": "HLM V A", "milieu": "URBAIN", "thematique": null, "type_qvh": null}}, {"type": "Feature", "geometry": {"type": "Point", "coordinates": [-17.458261, 14.677051]}, "properties": {"id": "loisirs-9", "type": "loisirs", "type_label": "Loisirs", "nom": "KILIMANDIARO BOITE DE NUIT", "region": {"nom": "DAKAR", "code": 1}, "departement": {"nom": "DAKAR", "code": 11}, "commune": {"nom": "DAKAR", "code": 11301}, "communaute_rurale": {"nom": "MEDINA", "code": 1130113}, "quartier_village": "GOUYE MARIAMA PINTH", "milieu": "URBAIN", "thematique": null, "type_qvh": null}}, {"type": "Feature", "geometry": {"type": "Point", "coordinates": [-17.452694, 14.677123]}, "properties": {"id": "loisirs-10", "type": "loisirs", "type_label": "Loisirs", "nom": "BAR", "region": {"nom": "DAKAR", "code": 1}, "departement": {"nom": "DAKAR", "code": 11}, "commune": {"nom": "DAKAR", "code": 11301}, "communaute_rurale": {"nom": "MEDINA", "code": 1130113}, "quartier_village": "GOUYE TANN", "milieu": "URBAIN", "thematique": null, "type_qvh": null}}, {"type": "Feature", "geometry": {"type": "Point", "coordinates": [-17.452404, 14.686163]}, "properties": {"id": "loisirs-11", "type": "loisirs", "type_label": "Loisirs", "nom": "BAR", "region": {"nom": "DAKAR", "code": 1}, "departement": {"nom": "DAKAR", "code": 11}, "commune": {"nom": "DAKAR", "code": 11301}, "communaute_rurale": {"nom": "MEDINA", "code": 1130113}, "quartier_village": "DIECKO NORD III", "milieu": "URBAIN", "thematique": null, "type_qvh": null}}, {"type": "Feature", "geometry": {"type": "Point", "coordinates": [-17.444079, 14.682949]}, "properties": {"id": "loisirs-12", "type": "loisirs", "type_label": "Loisirs", "nom": "BAR LOUNGE", "region": {"nom": "DAKAR", "code": 1}, "departement": {"nom": "DAKAR", "code": 11}, "commune": {"nom": "DAKAR", "code": 11301}, "communaute_rurale": {"nom": "MEDINA", "code": 1130113}, "quartier_village": "BOULEVARD GENERAL DE GAULLE", "milieu": "URBAIN", "thematique": null, "type_qvh": null}}, {"type": "Feature", "geometry": {"type": "Point", "coordinates": [-17.448224, 14.680284]}, "properties": {"id": "loisirs-13", "type": "loisirs", "type_label": "Loisirs", "nom": "CINEMA MEDINA", "region": {"nom": "DAKAR", "code": 1}, "departement": {"nom": "DAKAR", "code": 11}, "commune": {"nom": "DAKAR", "code": 11301}, "communaute_rurale": {"nom": "MEDINA", "code": 1130113}, "quartier_village": "MBACKEUNEU", "milieu": "URBAIN", "thematique": null, "type_qvh": null}}, {"type": "Feature", "geometry": {"type": "Point", "coordinates": [-17.453975, 14.68308]}, "properties": {"id": "loisirs-14", "type": "loisirs", "type_label": "Loisirs", "nom": "BAR", "region": {"nom": "DAKAR", "code": 1}, "departement": {"nom": "DAKAR", "code": 11}, "commune": {"nom": "DAKAR", "code": 11301}, "communaute_rurale": {"nom": "MEDINA", "code": 1130113}, "quartier_village": "DIECKO PINTH", "milieu": "URBAIN", "thematique": null, "type_qvh": null}}, {"type": "Feature", "geometry": {"type": "Point", "coordinates": [-17.454851, 14.681023]}, "properties": {"id": "loisirs-15", "type": "loisirs", "type_label": "Loisirs", "nom": "KIOSQUE LONASE", "region": {"nom": "DAKAR", "code": 1}, "departement": {"nom": "DAKAR", "code": 11}, "commune": {"nom": "DAKAR", "code": 11301}, "communaute_rurale": {"nom": "MEDINA", "code": 1130113}, "quartier_village": "DIECKO PINTH", "milieu": "URBAIN", "thematique": null, "type_qvh": null}}, {"type": "Feature", "geometry": {"type": "Point", "coordinates": [-17.453096, 14.674531]}, "properties": {"id": "loisirs-16", "type": "loisirs", "type_label": "Loisirs", "nom": "AIRE DE JEUX", "region": {"nom": "DAKAR", "code": 1}, "departement": {"nom": "DAKAR", "code": 11}, "commune": {"nom": "DAKAR", "code": 11301}, "communaute_rurale": {"nom": "MEDINA", "code": 1130113}, "quartier_village": "GOUYE MARIAMA PINTH", "milieu": "URBAIN", "thematique": null, "type_qvh": null}}, {"type": "Feature", "geometry": {"type": "Point", "coordinates": [-17.448031, 14.676609]}, "properties": {"id": "loisirs-17", "type": "loisirs", "type_label": "Loisirs", "nom": "PREMIER BET (LONASE)", "region": {"nom": "DAKAR", "code": 1}, "departement": {"nom": "DAKAR", "code": 11}, "commune": {"nom": "DAKAR", "code": 11301}, "communaute_rurale": {"nom": "MEDINA", "code": 1130113}, "quartier_village": "ABATTOIRS V", "milieu": "URBAIN", "thematique": null, "type_qvh": null}}, {"type": "Feature", "geometry": {"type": "Point", "coordinates": [-17.462767, 14.705016]}, "properties": {"id": "loisirs-18", "type": "loisirs", "type_label": "Loisirs", "nom": "BAR LE NGONAL", "region": {"nom": "DAKAR", "code": 1}, "departement": {"nom": "DAKAR", "code": 11}, "commune": {"nom": "DAKAR", "code": 11301}, "communaute_rurale": {"nom": "MERMOZ SACRE COEUR", "code": 1130134}, "quartier_village": "BAOBAB", "milieu": "URBAIN", "thematique": null, "type_qvh": null}}, {"type": "Feature", "geometry": {"type": "Point", "coordinates": [-17.463884, 14.717895]}, "properties": {"id": "loisirs-19", "type": "loisirs", "type_label": "Loisirs", "nom": "BAR OBV NANDJELET", "region": {"nom": "DAKAR", "code": 1}, "departement": {"nom": "DAKAR", "code": 11}, "commune": {"nom": "DAKAR", "code": 11301}, "communaute_rurale": {"nom": "MERMOZ SACRE COEUR", "code": 1130134}, "quartier_village": "SACRE CÅ?UR II", "milieu": "URBAIN", "thematique": null, "type_qvh": null}}, {"type": "Feature", "geometry": {"type": "Point", "coordinates": [-17.471632, 14.708457]}, "properties": {"id": "loisirs-20", "type": "loisirs", "type_label": "Loisirs", "nom": "MINISTERE DE LA CULTURE ET DE LA COMMUNICATION (DIRECTION DE LA CINEMATOGRAPHIE)", "region": {"nom": "DAKAR", "code": 1}, "departement": {"nom": "DAKAR", "code": 11}, "commune": {"nom": "DAKAR", "code": 11301}, "communaute_rurale": {"nom": "MERMOZ SACRE COEUR", "code": 1130134}, "quartier_village": "MERMOZ 2EME PORTE", "milieu": "URBAIN", "thematique": null, "type_qvh": null}}, {"type": "Feature", "geometry": {"type": "Point", "coordinates": [-17.466067, 14.706087]}, "properties": {"id": "loisirs-21", "type": "loisirs", "type_label": "Loisirs", "nom": "BAR", "region": {"nom": "DAKAR", "code": 1}, "departement": {"nom": "DAKAR", "code": 11}, "commune": {"nom": "DAKAR", "code": 11301}, "communaute_rurale": {"nom": "MERMOZ SACRE COEUR", "code": 1130134}, "quartier_village": "KARACK", "milieu": "URBAIN", "thematique": null, "type_qvh": null}}, {"type": "Feature", "geometry": {"type": "Point", "coordinates": [-17.479465, 14.702641]}, "properties": {"id": "loisirs-22", "type": "loisirs", "type_label": "Loisirs", "nom": "AIRE DE JEUX", "region": {"nom": "DAKAR", "code": 1}, "departement": {"nom": "DAKAR", "code": 11}, "commune": {"nom": "DAKAR", "code": 11301}, "communaute_rurale": {"nom": "MERMOZ SACRE COEUR", "code": 1130134}, "quartier_village": "FENETRE MERMOZ", "milieu": "URBAIN", "thematique": null, "type_qvh": null}}, {"type": "Feature", "geometry": {"type": "Point", "coordinates": [-17.475508, 14.712057]}, "properties": {"id": "loisirs-23", "type": "loisirs", "type_label": "Loisirs", "nom": "CINEMA", "region": {"nom": "DAKAR", "code": 1}, "departement": {"nom": "DAKAR", "code": 11}, "commune": {"nom": "DAKAR", "code": 11301}, "communaute_rurale": {"nom": "MERMOZ SACRE COEUR", "code": 1130134}, "quartier_village": "MERMOZ PYROTECHNIQUE", "milieu": "URBAIN", "thematique": null, "type_qvh": null}}, {"type": "Feature", "geometry": {"type": "Point", "coordinates": [-17.473978, 14.705023]}, "properties": {"id": "loisirs-24", "type": "loisirs", "type_label": "Loisirs", "nom": "KIOSQUE LONASE", "region": {"nom": "DAKAR", "code": 1}, "departement": {"nom": "DAKAR", "code": 11}, "commune": {"nom": "DAKAR", "code": 11301}, "communaute_rurale": {"nom": "MERMOZ SACRE COEUR", "code": 1130134}, "quartier_village": "MERMOZ 2EME PORTE", "milieu": "URBAIN", "thematique": null, "type_qvh": null}}, {"type": "Feature", "geometry": {"type": "Point", "coordinates": [-17.46596, 14.723345]}, "properties": {"id": "loisirs-25", "type": "loisirs", "type_label": "Loisirs", "nom": "SALLE DE JEUX", "region": {"nom": "DAKAR", "code": 1}, "departement": {"nom": "DAKAR", "code": 11}, "commune": {"nom": "DAKAR", "code": 11301}, "communaute_rurale": {"nom": "MERMOZ SACRE COEUR", "code": 1130134}, "quartier_village": "SACRE CÅ?UR III", "milieu": "URBAIN", "thematique": null, "type_qvh": null}}, {"type": "Feature", "geometry": {"type": "Point", "coordinates": [-17.467867, 14.718936]}, "properties": {"id": "loisirs-26", "type": "loisirs", "type_label": "Loisirs", "nom": "BAR LES RETROUVAILLES", "region": {"nom": "DAKAR", "code": 1}, "departement": {"nom": "DAKAR", "code": 11}, "commune": {"nom": "DAKAR", "code": 11301}, "communaute_rurale": {"nom": "MERMOZ SACRE COEUR", "code": 1130134}, "quartier_village": "SACRE CÅ?UR III", "milieu": "URBAIN", "thematique": null, "type_qvh": null}}, {"type": "Feature", "geometry": {"type": "Point", "coordinates": [-17.509267, 14.738131]}, "properties": {"id": "loisirs-27", "type": "loisirs", "type_label": "Loisirs", "nom": "DANCING CLASSICO", "region": {"nom": "DAKAR", "code": 1}, "departement": {"nom": "DAKAR", "code": 11}, "commune": {"nom": "DAKAR", "code": 11301}, "communaute_rurale": {"nom": "NGOR", "code": 1130132}, "quartier_village": "ALMADIES EST", "milieu": "URBAIN", "thematique": null, "type_qvh": null}}, {"type": "Feature", "geometry": {"type": "Point", "coordinates": [-17.509048, 14.737609]}, "properties": {"id": "loisirs-28", "type": "loisirs", "type_label": "Loisirs", "nom": "DANCING J`GO", "region": {"nom": "DAKAR", "code": 1}, "departement": {"nom": "DAKAR", "code": 11}, "commune": {"nom": "DAKAR", "code": 11301}, "communaute_rurale": {"nom": "NGOR", "code": 1130132}, "quartier_village": "ALMADIES EST", "milieu": "URBAIN", "thematique": null, "type_qvh": null}}, {"type": "Feature", "geometry": {"type": "Point", "coordinates": [-17.509706, 14.73928]}, "properties": {"id": "loisirs-29", "type": "loisirs", "type_label": "Loisirs", "nom": "DANCING IRIS", "region": {"nom": "DAKAR", "code": 1}, "departement": {"nom": "DAKAR", "code": 11}, "commune": {"nom": "DAKAR", "code": 11301}, "communaute_rurale": {"nom": "NGOR", "code": 1130132}, "quartier_village": "ALMADIES EST", "milieu": "URBAIN", "thematique": null, "type_qvh": null}}, {"type": "Feature", "geometry": {"type": "Point", "coordinates": [-17.528583, 14.744879]}, "properties": {"id": "loisirs-30", "type": "loisirs", "type_label": "Loisirs", "nom": "BAR KRAKEN PUB", "region": {"nom": "DAKAR", "code": 1}, "departement": {"nom": "DAKAR", "code": 11}, "commune": {"nom": "DAKAR", "code": 11301}, "communaute_rurale": {"nom": "NGOR", "code": 1130132}, "quartier_village": "ALMADIES OUEST", "milieu": "URBAIN", "thematique": null, "type_qvh": null}}, {"type": "Feature", "geometry": {"type": "Point", "coordinates": [-17.509786, 14.74584]}, "properties": {"id": "loisirs-31", "type": "loisirs", "type_label": "Loisirs", "nom": "BAR", "region": {"nom": "DAKAR", "code": 1}, "departement": {"nom": "DAKAR", "code": 11}, "commune": {"nom": "DAKAR", "code": 11301}, "communaute_rurale": {"nom": "NGOR", "code": 1130132}, "quartier_village": "ALMADIES (STATION SCHELL)", "milieu": "URBAIN", "thematique": null, "type_qvh": null}}, {"type": "Feature", "geometry": {"type": "Point", "coordinates": [-17.50888, 14.737084]}, "properties": {"id": "loisirs-32", "type": "loisirs", "type_label": "Loisirs", "nom": "DANCING NIRVANA", "region": {"nom": "DAKAR", "code": 1}, "departement": {"nom": "DAKAR", "code": 11}, "commune": {"nom": "DAKAR", "code": 11301}, "communaute_rurale": {"nom": "NGOR", "code": 1130132}, "quartier_village": "ALMADIES EST", "milieu": "URBAIN", "thematique": null, "type_qvh": null}}, {"type": "Feature", "geometry": {"type": "Point", "coordinates": [-17.511219, 14.741345]}, "properties": {"id": "loisirs-33", "type": "loisirs", "type_label": "Loisirs", "nom": "CASINO", "region": {"nom": "DAKAR", "code": 1}, "departement": {"nom": "DAKAR", "code": 11}, "commune": {"nom": "DAKAR", "code": 11301}, "communaute_rurale": {"nom": "NGOR", "code": 1130132}, "quartier_village": "ALMADIES OUEST", "milieu": "URBAIN", "thematique": null, "type_qvh": null}}, {"type": "Feature", "geometry": {"type": "Point", "coordinates": [-17.481416, 14.724367]}, "properties": {"id": "loisirs-34", "type": "loisirs", "type_label": "Loisirs", "nom": "PARI FOOT", "region": {"nom": "DAKAR", "code": 1}, "departement": {"nom": "DAKAR", "code": 11}, "commune": {"nom": "DAKAR", "code": 11301}, "communaute_rurale": {"nom": "OUAKAM", "code": 1130131}, "quartier_village": "BIRA OUAKAM (TOUBA OUAKAM)", "milieu": "URBAIN", "thematique": null, "type_qvh": null}}, {"type": "Feature", "geometry": {"type": "Point", "coordinates": [-17.50072, 14.726715]}, "properties": {"id": "loisirs-35", "type": "loisirs", "type_label": "Loisirs", "nom": "LOTERIE NATIONALE SENEGALAISE (LONASE)", "region": {"nom": "DAKAR", "code": 1}, "departement": {"nom": "DAKAR", "code": 11}, "commune": {"nom": "DAKAR", "code": 11301}, "communaute_rurale": {"nom": "OUAKAM", "code": 1130131}, "quartier_village": "MAMELLES AVIATION", "milieu": "URBAIN", "thematique": null, "type_qvh": null}}, {"type": "Feature", "geometry": {"type": "Point", "coordinates": [-17.482594, 14.726924]}, "properties": {"id": "loisirs-36", "type": "loisirs", "type_label": "Loisirs", "nom": "BAR LA GAZELLE", "region": {"nom": "DAKAR", "code": 1}, "departement": {"nom": "DAKAR", "code": 11}, "commune": {"nom": "DAKAR", "code": 11301}, "communaute_rurale": {"nom": "OUAKAM", "code": 1130131}, "quartier_village": "BIRA OUAKAM (TOUBA OUAKAM)", "milieu": "URBAIN", "thematique": null, "type_qvh": null}}, {"type": "Feature", "geometry": {"type": "Point", "coordinates": [-17.497395, 14.733059]}, "properties": {"id": "loisirs-37", "type": "loisirs", "type_label": "Loisirs", "nom": "LOTERIE NATIONALE SENEGALAISE (LONASE)", "region": {"nom": "DAKAR", "code": 1}, "departement": {"nom": "DAKAR", "code": 11}, "commune": {"nom": "DAKAR", "code": 11301}, "communaute_rurale": {"nom": "OUAKAM", "code": 1130131}, "quartier_village": "MAMELLES AVIATION", "milieu": "URBAIN", "thematique": null, "type_qvh": null}}, {"type": "Feature", "geometry": {"type": "Point", "coordinates": [-17.43685, 14.761699]}, "properties": {"id": "loisirs-38", "type": "loisirs", "type_label": "Loisirs", "nom": "LOTERIE NATIONALE SENEGALAISE (LONASE)", "region": {"nom": "DAKAR", "code": 1}, "departement": {"nom": "DAKAR", "code": 11}, "commune": {"nom": "DAKAR", "code": 11301}, "communaute_rurale": {"nom": "PARCELLES ASSAINIES", "code": 1130143}, "quartier_village": "UNITE X", "milieu": "URBAIN", "thematique": null, "type_qvh": null}}, {"type": "Feature", "geometry": {"type": "Point", "coordinates": [-17.449837, 14.761379]}, "properties": {"id": "loisirs-39", "type": "loisirs", "type_label": "Loisirs", "nom": "BAR", "region": {"nom": "DAKAR", "code": 1}, "departement": {"nom": "DAKAR", "code": 11}, "commune": {"nom": "DAKAR", "code": 11301}, "communaute_rurale": {"nom": "PARCELLES ASSAINIES", "code": 1130143}, "quartier_village": "HLM GRAND MEDINE (UNITE XXIII)", "milieu": "URBAIN", "thematique": null, "type_qvh": null}}, {"type": "Feature", "geometry": {"type": "Point", "coordinates": [-17.435201, 14.753973]}, "properties": {"id": "loisirs-40", "type": "loisirs", "type_label": "Loisirs", "nom": "FITNESS ZONE", "region": {"nom": "DAKAR", "code": 1}, "departement": {"nom": "DAKAR", "code": 11}, "commune": {"nom": "DAKAR", "code": 11301}, "communaute_rurale": {"nom": "PARCELLES ASSAINIES", "code": 1130143}, "quartier_village": "UNITE VIII", "milieu": "URBAIN", "thematique": null, "type_qvh": null}}, {"type": "Feature", "geometry": {"type": "Point", "coordinates": [-17.429605, 14.758883]}, "properties": {"id": "loisirs-41", "type": "loisirs", "type_label": "Loisirs", "nom": "BAR", "region": {"nom": "DAKAR", "code": 1}, "departement": {"nom": "DAKAR", "code": 11}, "commune": {"nom": "DAKAR", "code": 11301}, "communaute_rurale": {"nom": "PARCELLES ASSAINIES", "code": 1130143}, "quartier_village": "UNITE VIII", "milieu": "URBAIN", "thematique": null, "type_qvh": null}}, {"type": "Feature", "geometry": {"type": "Point", "coordinates": [-17.449992, 14.758707]}, "properties": {"id": "loisirs-42", "type": "loisirs", "type_label": "Loisirs", "nom": "BAR", "region": {"nom": "DAKAR", "code": 1}, "departement": {"nom": "DAKAR", "code": 11}, "commune": {"nom": "DAKAR", "code": 11301}, "communaute_rurale": {"nom": "PARCELLES ASSAINIES", "code": 1130143}, "quartier_village": "HLM GRAND MEDINE (UNITE XXIII)", "milieu": "URBAIN", "thematique": null, "type_qvh": null}}, {"type": "Feature", "geometry": {"type": "Point", "coordinates": [-17.448093, 14.753147]}, "properties": {"id": "loisirs-43", "type": "loisirs", "type_label": "Loisirs", "nom": "BAR", "region": {"nom": "DAKAR", "code": 1}, "departement": {"nom": "DAKAR", "code": 11}, "commune": {"nom": "DAKAR", "code": 11301}, "communaute_rurale": {"nom": "PARCELLES ASSAINIES", "code": 1130143}, "quartier_village": "UNITE XXV", "milieu": "URBAIN", "thematique": null, "type_qvh": null}}, {"type": "Feature", "geometry": {"type": "Point", "coordinates": [-17.451718, 14.758202]}, "properties": {"id": "loisirs-44", "type": "loisirs", "type_label": "Loisirs", "nom": "PREMIER BET", "region": {"nom": "DAKAR", "code": 1}, "departement": {"nom": "DAKAR", "code": 11}, "commune": {"nom": "DAKAR", "code": 11301}, "communaute_rurale": {"nom": "PARCELLES ASSAINIES", "code": 1130143}, "quartier_village": "HLM GRAND MEDINE (UNITE XXIII)", "milieu": "URBAIN", "thematique": null, "type_qvh": null}}, {"type": "Feature", "geometry": {"type": "Point", "coordinates": [-17.447772, 14.75809]}, "properties": {"id": "loisirs-45", "type": "loisirs", "type_label": "Loisirs", "nom": "AGENCE PMU", "region": {"nom": "DAKAR", "code": 1}, "departement": {"nom": "DAKAR", "code": 11}, "commune": {"nom": "DAKAR", "code": 11301}, "communaute_rurale": {"nom": "PARCELLES ASSAINIES", "code": 1130143}, "quartier_village": "HLM GRAND MEDINE (UNITE XXIII)", "milieu": "URBAIN", "thematique": null, "type_qvh": null}}, {"type": "Feature", "geometry": {"type": "Point", "coordinates": [-17.44904, 14.758653]}, "properties": {"id": "loisirs-46", "type": "loisirs", "type_label": "Loisirs", "nom": "PMU", "region": {"nom": "DAKAR", "code": 1}, "departement": {"nom": "DAKAR", "code": 11}, "commune": {"nom": "DAKAR", "code": 11301}, "communaute_rurale": {"nom": "PARCELLES ASSAINIES", "code": 1130143}, "quartier_village": "HLM GRAND MEDINE (UNITE XXIII)", "milieu": "URBAIN", "thematique": null, "type_qvh": null}}, {"type": "Feature", "geometry": {"type": "Point", "coordinates": [-17.429764, 14.759064]}, "properties": {"id": "loisirs-47", "type": "loisirs", "type_label": "Loisirs", "nom": "BAR", "region": {"nom": "DAKAR", "code": 1}, "departement": {"nom": "DAKAR", "code": 11}, "commune": {"nom": "DAKAR", "code": 11301}, "communaute_rurale": {"nom": "PARCELLES ASSAINIES", "code": 1130143}, "quartier_village": "UNITE VII", "milieu": "URBAIN", "thematique": null, "type_qvh": null}}, {"type": "Feature", "geometry": {"type": "Point", "coordinates": [-17.435805, 14.757801]}, "properties": {"id": "loisirs-48", "type": "loisirs", "type_label": "Loisirs", "nom": "BAR", "region": {"nom": "DAKAR", "code": 1}, "departement": {"nom": "DAKAR", "code": 11}, "commune": {"nom": "DAKAR", "code": 11301}, "communaute_rurale": {"nom": "PARCELLES ASSAINIES", "code": 1130143}, "quartier_village": "UNITE XI", "milieu": "URBAIN", "thematique": null, "type_qvh": null}}, {"type": "Feature", "geometry": {"type": "Point", "coordinates": [-17.435811, 14.756376]}, "properties": {"id": "loisirs-49", "type": "loisirs", "type_label": "Loisirs", "nom": "SALLE DE JEUX", "region": {"nom": "DAKAR", "code": 1}, "departement": {"nom": "DAKAR", "code": 11}, "commune": {"nom": "DAKAR", "code": 11301}, "communaute_rurale": {"nom": "PARCELLES ASSAINIES", "code": 1130143}, "quartier_village": "UNITE XI", "milieu": "URBAIN", "thematique": null, "type_qvh": null}}, {"type": "Feature", "geometry": {"type": "Point", "coordinates": [-17.451664, 14.755308]}, "properties": {"id": "loisirs-50", "type": "loisirs", "type_label": "Loisirs", "nom": "BAR", "region": {"nom": "DAKAR", "code": 1}, "departement": {"nom": "DAKAR", "code": 11}, "commune": {"nom": "DAKAR", "code": 11301}, "communaute_rurale": {"nom": "PARCELLES ASSAINIES", "code": 1130143}, "quartier_village": "UNITE XXVI", "milieu": "URBAIN", "thematique": null, "type_qvh": null}}, {"type": "Feature", "geometry": {"type": "Point", "coordinates": [-17.453748, 14.754019]}, "properties": {"id": "loisirs-51", "type": "loisirs", "type_label": "Loisirs", "nom": "BAR", "region": {"nom": "DAKAR", "code": 1}, "departement": {"nom": "DAKAR", "code": 11}, "commune": {"nom": "DAKAR", "code": 11301}, "communaute_rurale": {"nom": "PARCELLES ASSAINIES", "code": 1130143}, "quartier_village": "UNITE XXVI", "milieu": "URBAIN", "thematique": null, "type_qvh": null}}, {"type": "Feature", "geometry": {"type": "Point", "coordinates": [-17.455413, 14.7494]}, "properties": {"id": "loisirs-52", "type": "loisirs", "type_label": "Loisirs", "nom": "BAR", "region": {"nom": "DAKAR", "code": 1}, "departement": {"nom": "DAKAR", "code": 11}, "commune": {"nom": "DAKAR", "code": 11301}, "communaute_rurale": {"nom": "PATTE Dâ??OIE", "code": 1130142}, "quartier_village": "CITE KEUR DAMEL", "milieu": "URBAIN", "thematique": null, "type_qvh": null}}, {"type": "Feature", "geometry": {"type": "Point", "coordinates": [-17.455003, 14.746976]}, "properties": {"id": "loisirs-53", "type": "loisirs", "type_label": "Loisirs", "nom": "AIRE DE JEUX", "region": {"nom": "DAKAR", "code": 1}, "departement": {"nom": "DAKAR", "code": 11}, "commune": {"nom": "DAKAR", "code": 11301}, "communaute_rurale": {"nom": "PATTE Dâ??OIE", "code": 1130142}, "quartier_village": "CITE MIXTA", "milieu": "URBAIN", "thematique": null, "type_qvh": null}}, {"type": "Feature", "geometry": {"type": "Point", "coordinates": [-17.448051, 14.746676]}, "properties": {"id": "loisirs-54", "type": "loisirs", "type_label": "Loisirs", "nom": "SALLE DE JEUX", "region": {"nom": "DAKAR", "code": 1}, "departement": {"nom": "DAKAR", "code": 11}, "commune": {"nom": "DAKAR", "code": 11301}, "communaute_rurale": {"nom": "PATTE Dâ??OIE", "code": 1130142}, "quartier_village": "GRAND MEDINE IV", "milieu": "URBAIN", "thematique": null, "type_qvh": null}}, {"type": "Feature", "geometry": {"type": "Point", "coordinates": [-17.444547, 14.743852]}, "properties": {"id": "loisirs-55", "type": "loisirs", "type_label": "Loisirs", "nom": "PMU", "region": {"nom": "DAKAR", "code": 1}, "departement": {"nom": "DAKAR", "code": 11}, "commune": {"nom": "DAKAR", "code": 11301}, "communaute_rurale": {"nom": "PATTE Dâ??OIE", "code": 1130142}, "quartier_village": "CITE BCEAO", "milieu": "URBAIN", "thematique": null, "type_qvh": null}}, {"type": "Feature", "geometry": {"type": "Point", "coordinates": [-17.435144, 14.752308]}, "properties": {"id": "loisirs-56", "type": "loisirs", "type_label": "Loisirs", "nom": "FITNESS COIFFURE", "region": {"nom": "DAKAR", "code": 1}, "departement": {"nom": "DAKAR", "code": 11}, "commune": {"nom": "DAKAR", "code": 11301}, "communaute_rurale": {"nom": "PATTE Dâ??OIE", "code": 1130142}, "quartier_village": "CITE SOPRIM EXTENSION", "milieu": "URBAIN", "thematique": null, "type_qvh": null}}, {"type": "Feature", "geometry": {"type": "Point", "coordinates": [-17.461127, 14.719822]}, "properties": {"id": "loisirs-57", "type": "loisirs", "type_label": "Loisirs", "nom": "LOTERIE NATIONALE SENEGALAISE (LONASE)", "region": {"nom": "DAKAR", "code": 1}, "departement": {"nom": "DAKAR", "code": 11}, "commune": {"nom": "DAKAR", "code": 11301}, "communaute_rurale": {"nom": "SICAP LIBERTE", "code": 1130125}, "quartier_village": "LIBERTE IV", "milieu": "URBAIN", "thematique": null, "type_qvh": null}}, {"type": "Feature", "geometry": {"type": "Point", "coordinates": [-17.470332, 14.726883]}, "properties": {"id": "loisirs-58", "type": "loisirs", "type_label": "Loisirs", "nom": "FITNESS CLUB", "region": {"nom": "DAKAR", "code": 1}, "departement": {"nom": "DAKAR", "code": 11}, "commune": {"nom": "DAKAR", "code": 11301}, "communaute_rurale": {"nom": "SICAP LIBERTE", "code": 1130125}, "quartier_village": "LIBERTE VI EXTENSION", "milieu": "URBAIN", "thematique": null, "type_qvh": null}}, {"type": "Feature", "geometry": {"type": "Point", "coordinates": [-17.46175, 14.713378]}, "properties": {"id": "loisirs-59", "type": "loisirs", "type_label": "Loisirs", "nom": "LOTERIE NATIONALE SENEGALAISE (LONASE)", "region": {"nom": "DAKAR", "code": 1}, "departement": {"nom": "DAKAR", "code": 11}, "commune": {"nom": "DAKAR", "code": 11301}, "communaute_rurale": {"nom": "SICAP LIBERTE", "code": 1130125}, "quartier_village": "LIBERTE I", "milieu": "URBAIN", "thematique": null, "type_qvh": null}}, {"type": "Feature", "geometry": {"type": "Point", "coordinates": [-17.461553, 14.712931]}, "properties": {"id": "loisirs-60", "type": "loisirs", "type_label": "Loisirs", "nom": "LONASE PLR", "region": {"nom": "DAKAR", "code": 1}, "departement": {"nom": "DAKAR", "code": 11}, "commune": {"nom": "DAKAR", "code": 11301}, "communaute_rurale": {"nom": "SICAP LIBERTE", "code": 1130125}, "quartier_village": "LIBERTE I", "milieu": "URBAIN", "thematique": null, "type_qvh": null}}, {"type": "Feature", "geometry": {"type": "Point", "coordinates": [-17.46001, 14.708119]}, "properties": {"id": "loisirs-61", "type": "loisirs", "type_label": "Loisirs", "nom": "CASINO", "region": {"nom": "DAKAR", "code": 1}, "departement": {"nom": "DAKAR", "code": 11}, "commune": {"nom": "DAKAR", "code": 11301}, "communaute_rurale": {"nom": "SICAP LIBERTE", "code": 1130125}, "quartier_village": "LIBERTE I", "milieu": "URBAIN", "thematique": null, "type_qvh": null}}, {"type": "Feature", "geometry": {"type": "Point", "coordinates": [-17.46197, 14.728278]}, "properties": {"id": "loisirs-62", "type": "loisirs", "type_label": "Loisirs", "nom": "BABY FOOT", "region": {"nom": "DAKAR", "code": 1}, "departement": {"nom": "DAKAR", "code": 11}, "commune": {"nom": "DAKAR", "code": 11301}, "communaute_rurale": {"nom": "SICAP LIBERTE", "code": 1130125}, "quartier_village": "LIBERTE VI", "milieu": "URBAIN", "thematique": null, "type_qvh": null}}, {"type": "Feature", "geometry": {"type": "Point", "coordinates": [-17.464877, 14.723943]}, "properties": {"id": "loisirs-63", "type": "loisirs", "type_label": "Loisirs", "nom": "SALLE DE JEUX", "region": {"nom": "DAKAR", "code": 1}, "departement": {"nom": "DAKAR", "code": 11}, "commune": {"nom": "DAKAR", "code": 11301}, "communaute_rurale": {"nom": "SICAP LIBERTE", "code": 1130125}, "quartier_village": "LIBERTE VI", "milieu": "URBAIN", "thematique": null, "type_qvh": null}}, {"type": "Feature", "geometry": {"type": "Point", "coordinates": [-17.46363, 14.724568]}, "properties": {"id": "loisirs-64", "type": "loisirs", "type_label": "Loisirs", "nom": "LOTERIE NATIONALE SENEGALAISE (LONASE)", "region": {"nom": "DAKAR", "code": 1}, "departement": {"nom": "DAKAR", "code": 11}, "commune": {"nom": "DAKAR", "code": 11301}, "communaute_rurale": {"nom": "SICAP LIBERTE", "code": 1130125}, "quartier_village": "LIBERTE VI", "milieu": "URBAIN", "thematique": null, "type_qvh": null}}, {"type": "Feature", "geometry": {"type": "Point", "coordinates": [-17.457467, 14.719496]}, "properties": {"id": "loisirs-65", "type": "loisirs", "type_label": "Loisirs", "nom": "PMU", "region": {"nom": "DAKAR", "code": 1}, "departement": {"nom": "DAKAR", "code": 11}, "commune": {"nom": "DAKAR", "code": 11301}, "communaute_rurale": {"nom": "SICAP LIBERTE", "code": 1130125}, "quartier_village": "LIBERTE IV", "milieu": "URBAIN", "thematique": null, "type_qvh": null}}, {"type": "Feature", "geometry": {"type": "Point", "coordinates": [-17.457473, 14.720526]}, "properties": {"id": "loisirs-66", "type": "loisirs", "type_label": "Loisirs", "nom": "LOTERIE NATIONALE SENEGALAISE (LONASE)", "region": {"nom": "DAKAR", "code": 1}, "departement": {"nom": "DAKAR", "code": 11}, "commune": {"nom": "DAKAR", "code": 11301}, "communaute_rurale": {"nom": "SICAP LIBERTE", "code": 1130125}, "quartier_village": "LIBERTE IV", "milieu": "URBAIN", "thematique": null, "type_qvh": null}}, {"type": "Feature", "geometry": {"type": "Point", "coordinates": [-17.449926, 14.715626]}, "properties": {"id": "loisirs-67", "type": "loisirs", "type_label": "Loisirs", "nom": "PMU", "region": {"nom": "DAKAR", "code": 1}, "departement": {"nom": "DAKAR", "code": 11}, "commune": {"nom": "DAKAR", "code": 11301}, "communaute_rurale": {"nom": "BISCUITERIE", "code": 1130122}, "quartier_village": "ZONE INDUSTRIELLE", "milieu": "URBAIN", "thematique": null, "type_qvh": null}}, {"type": "Feature", "geometry": {"type": "Point", "coordinates": [-17.449492, 14.709977]}, "properties": {"id": "loisirs-68", "type": "loisirs", "type_label": "Loisirs", "nom": "SALLE DE JEUX", "region": {"nom": "DAKAR", "code": 1}, "departement": {"nom": "DAKAR", "code": 11}, "commune": {"nom": "DAKAR", "code": 11301}, "communaute_rurale": {"nom": "BISCUITERIE", "code": 1130122}, "quartier_village": "OUAGOU NIAYE I", "milieu": "URBAIN", "thematique": null, "type_qvh": null}}, {"type": "Feature", "geometry": {"type": "Point", "coordinates": [-17.447003, 14.707772]}, "properties": {"id": "loisirs-69", "type": "loisirs", "type_label": "Loisirs", "nom": "JEUX DE HASARD", "region": {"nom": "DAKAR", "code": 1}, "departement": {"nom": "DAKAR", "code": 11}, "commune": {"nom": "DAKAR", "code": 11301}, "communaute_rurale": {"nom": "BISCUITERIE", "code": 1130122}, "quartier_village": "OUAGOU NIAYE II", "milieu": "URBAIN", "thematique": null, "type_qvh": null}}, {"type": "Feature", "geometry": {"type": "Point", "coordinates": [-17.451325, 14.708826]}, "properties": {"id": "loisirs-70", "type": "loisirs", "type_label": "Loisirs", "nom": "DANCING", "region": {"nom": "DAKAR", "code": 1}, "departement": {"nom": "DAKAR", "code": 11}, "commune": {"nom": "DAKAR", "code": 11301}, "communaute_rurale": {"nom": "BISCUITERIE", "code": 1130122}, "quartier_village": "GRAND DAKAR X (NIARY TALLY)", "milieu": "URBAIN", "thematique": null, "type_qvh": null}}, {"type": "Feature", "geometry": {"type": "Point", "coordinates": [-17.447583, 14.70933]}, "properties": {"id": "loisirs-71", "type": "loisirs", "type_label": "Loisirs", "nom": "PREMIER BET", "region": {"nom": "DAKAR", "code": 1}, "departement": {"nom": "DAKAR", "code": 11}, "commune": {"nom": "DAKAR", "code": 11301}, "communaute_rurale": {"nom": "BISCUITERIE", "code": 1130122}, "quartier_village": "OUAGOU NIAYE II", "milieu": "URBAIN", "thematique": null, "type_qvh": null}}, {"type": "Feature", "geometry": {"type": "Point", "coordinates": [-17.453724, 14.717378]}, "properties": {"id": "loisirs-72", "type": "loisirs", "type_label": "Loisirs", "nom": "BAR DANCING", "region": {"nom": "DAKAR", "code": 1}, "departement": {"nom": "DAKAR", "code": 11}, "commune": {"nom": "DAKAR", "code": 11301}, "communaute_rurale": {"nom": "DIEUPPEUL DERKLE", "code": 1130126}, "quartier_village": "SICAP DIEUPEUL I", "milieu": "URBAIN", "thematique": null, "type_qvh": null}}, {"type": "Feature", "geometry": {"type": "Point", "coordinates": [-17.453317, 14.718907]}, "properties": {"id": "loisirs-73", "type": "loisirs", "type_label": "Loisirs", "nom": "AGENCE PMU", "region": {"nom": "DAKAR", "code": 1}, "departement": {"nom": "DAKAR", "code": 11}, "commune": {"nom": "DAKAR", "code": 11301}, "communaute_rurale": {"nom": "DIEUPPEUL DERKLE", "code": 1130126}, "quartier_village": "SICAP DIEUPEUL I", "milieu": "URBAIN", "thematique": null, "type_qvh": null}}, {"type": "Feature", "geometry": {"type": "Point", "coordinates": [-17.453468, 14.719272]}, "properties": {"id": "loisirs-74", "type": "loisirs", "type_label": "Loisirs", "nom": "PMU", "region": {"nom": "DAKAR", "code": 1}, "departement": {"nom": "DAKAR", "code": 11}, "commune": {"nom": "DAKAR", "code": 11301}, "communaute_rurale": {"nom": "DIEUPPEUL DERKLE", "code": 1130126}, "quartier_village": "SICAP DIEUPEUL I", "milieu": "URBAIN", "thematique": null, "type_qvh": null}}, {"type": "Feature", "geometry": {"type": "Point", "coordinates": [-17.450475, 14.726163]}, "properties": {"id": "loisirs-75", "type": "loisirs", "type_label": "Loisirs", "nom": "PREMIER BET", "region": {"nom": "DAKAR", "code": 1}, "departement": {"nom": "DAKAR", "code": 11}, "commune": {"nom": "DAKAR", "code": 11301}, "communaute_rurale": {"nom": "DIEUPPEUL DERKLE", "code": 1130126}, "quartier_village": "CITE ASECNA ET CITE SOTRAC", "milieu": "URBAIN", "thematique": null, "type_qvh": null}}, {"type": "Feature", "geometry": {"type": "Point", "coordinates": [-17.455364, 14.723979]}, "properties": {"id": "loisirs-76", "type": "loisirs", "type_label": "Loisirs", "nom": "PMU", "region": {"nom": "DAKAR", "code": 1}, "departement": {"nom": "DAKAR", "code": 11}, "commune": {"nom": "DAKAR", "code": 11301}, "communaute_rurale": {"nom": "DIEUPPEUL DERKLE", "code": 1130126}, "quartier_village": "DERKLE  II (DAROU SALAM)", "milieu": "URBAIN", "thematique": null, "type_qvh": null}}, {"type": "Feature", "geometry": {"type": "Point", "coordinates": [-17.45714, 14.724545]}, "properties": {"id": "loisirs-77", "type": "loisirs", "type_label": "Loisirs", "nom": "BAR LE BISTRO", "region": {"nom": "DAKAR", "code": 1}, "departement": {"nom": "DAKAR", "code": 11}, "commune": {"nom": "DAKAR", "code": 11301}, "communaute_rurale": {"nom": "DIEUPPEUL DERKLE", "code": 1130126}, "quartier_village": "SICAP LIBERTE V B", "milieu": "URBAIN", "thematique": null, "type_qvh": null}}, {"type": "Feature", "geometry": {"type": "Point", "coordinates": [-17.452851, 14.717203]}, "properties": {"id": "loisirs-78", "type": "loisirs", "type_label": "Loisirs", "nom": "BAR RESTAURANT CHEZ FATILANE BENE", "region": {"nom": "DAKAR", "code": 1}, "departement": {"nom": "DAKAR", "code": 11}, "commune": {"nom": "DAKAR", "code": 11301}, "communaute_rurale": {"nom": "DIEUPPEUL DERKLE", "code": 1130126}, "quartier_village": "SICAP DIEUPEUL I", "milieu": "URBAIN", "thematique": null, "type_qvh": null}}, {"type": "Feature", "geometry": {"type": "Point", "coordinates": [-17.450896, 14.717953]}, "properties": {"id": "loisirs-79", "type": "loisirs", "type_label": "Loisirs", "nom": "BAR RESTAURANT", "region": {"nom": "DAKAR", "code": 1}, "departement": {"nom": "DAKAR", "code": 11}, "commune": {"nom": "DAKAR", "code": 11301}, "communaute_rurale": {"nom": "DIEUPPEUL DERKLE", "code": 1130126}, "quartier_village": "SICAP DIEUPEUL I", "milieu": "URBAIN", "thematique": null, "type_qvh": null}}, {"type": "Feature", "geometry": {"type": "Point", "coordinates": [-17.450474, 14.718429]}, "properties": {"id": "loisirs-80", "type": "loisirs", "type_label": "Loisirs", "nom": "BAR ROYAL DUTCH", "region": {"nom": "DAKAR", "code": 1}, "departement": {"nom": "DAKAR", "code": 11}, "commune": {"nom": "DAKAR", "code": 11301}, "communaute_rurale": {"nom": "DIEUPPEUL DERKLE", "code": 1130126}, "quartier_village": "SICAP DIEUPEUL I", "milieu": "URBAIN", "thematique": null, "type_qvh": null}}, {"type": "Feature", "geometry": {"type": "Point", "coordinates": [-17.451815, 14.719504]}, "properties": {"id": "loisirs-81", "type": "loisirs", "type_label": "Loisirs", "nom": "LOTERIE NATIONALE SENEGALAISE (LONASE)", "region": {"nom": "DAKAR", "code": 1}, "departement": {"nom": "DAKAR", "code": 11}, "commune": {"nom": "DAKAR", "code": 11301}, "communaute_rurale": {"nom": "DIEUPPEUL DERKLE", "code": 1130126}, "quartier_village": "SICAP DIEUPEUL I", "milieu": "URBAIN", "thematique": null, "type_qvh": null}}, {"type": "Feature", "geometry": {"type": "Point", "coordinates": [-17.453284, 14.715384]}, "properties": {"id": "loisirs-82", "type": "loisirs", "type_label": "Loisirs", "nom": "LOTERIE NATIONALE SENEGALAISE (LONASE)", "region": {"nom": "DAKAR", "code": 1}, "departement": {"nom": "DAKAR", "code": 11}, "commune": {"nom": "DAKAR", "code": 11301}, "communaute_rurale": {"nom": "DIEUPPEUL DERKLE", "code": 1130126}, "quartier_village": "SICAP DIEUPEUL III", "milieu": "URBAIN", "thematique": null, "type_qvh": null}}, {"type": "Feature", "geometry": {"type": "Point", "coordinates": [-17.454725, 14.71428]}, "properties": {"id": "loisirs-83", "type": "loisirs", "type_label": "Loisirs", "nom": "LOTERIE PREMIER BET", "region": {"nom": "DAKAR", "code": 1}, "departement": {"nom": "DAKAR", "code": 11}, "commune": {"nom": "DAKAR", "code": 11301}, "communaute_rurale": {"nom": "DIEUPPEUL DERKLE", "code": 1130126}, "quartier_village": "SICAP DIEUPEUL III", "milieu": "URBAIN", "thematique": null, "type_qvh": null}}, {"type": "Feature", "geometry": {"type": "Point", "coordinates": [-17.446196, 14.673318]}, "properties": {"id": "loisirs-84", "type": "loisirs", "type_label": "Loisirs", "nom": "KIOSQUE LONASE", "region": {"nom": "DAKAR", "code": 1}, "departement": {"nom": "DAKAR", "code": 11}, "commune": {"nom": "DAKAR", "code": 11301}, "communaute_rurale": {"nom": "DAKAR PLATEAU", "code": 1130112}, "quartier_village": "REUBEUSS", "milieu": "URBAIN", "thematique": null, "type_qvh": null}}, {"type": "Feature", "geometry": {"type": "Point", "coordinates": [-17.42949, 14.669299]}, "properties": {"id": "loisirs-85", "type": "loisirs", "type_label": "Loisirs", "nom": "CASINO ZERO", "region": {"nom": "DAKAR", "code": 1}, "departement": {"nom": "DAKAR", "code": 11}, "commune": {"nom": "DAKAR", "code": 11301}, "communaute_rurale": {"nom": "DAKAR PLATEAU", "code": 1130112}, "quartier_village": "SANDIAL", "milieu": "URBAIN", "thematique": null, "type_qvh": null}}, {"type": "Feature", "geometry": {"type": "Point", "coordinates": [-17.431575, 14.665807]}, "properties": {"id": "loisirs-86", "type": "loisirs", "type_label": "Loisirs", "nom": "FITNESS SPINNING", "region": {"nom": "DAKAR", "code": 1}, "departement": {"nom": "DAKAR", "code": 11}, "commune": {"nom": "DAKAR", "code": 11301}, "communaute_rurale": {"nom": "DAKAR PLATEAU", "code": 1130112}, "quartier_village": "SANDIAL", "milieu": "URBAIN", "thematique": null, "type_qvh": null}}, {"type": "Feature", "geometry": {"type": "Point", "coordinates": [-17.431399, 14.665041]}, "properties": {"id": "loisirs-87", "type": "loisirs", "type_label": "Loisirs", "nom": "DANCING NIANI", "region": {"nom": "DAKAR", "code": 1}, "departement": {"nom": "DAKAR", "code": 11}, "commune": {"nom": "DAKAR", "code": 11301}, "communaute_rurale": {"nom": "DAKAR PLATEAU", "code": 1130112}, "quartier_village": "SANDIAL", "milieu": "URBAIN", "thematique": null, "type_qvh": null}}, {"type": "Feature", "geometry": {"type": "Point", "coordinates": [-17.43409, 14.67041]}, "properties": {"id": "loisirs-88", "type": "loisirs", "type_label": "Loisirs", "nom": "BAR", "region": {"nom": "DAKAR", "code": 1}, "departement": {"nom": "DAKAR", "code": 11}, "commune": {"nom": "DAKAR", "code": 11301}, "communaute_rurale": {"nom": "DAKAR PLATEAU", "code": 1130112}, "quartier_village": "SANDIAL", "milieu": "URBAIN", "thematique": null, "type_qvh": null}}, {"type": "Feature", "geometry": {"type": "Point", "coordinates": [-17.438618, 14.665727]}, "properties": {"id": "loisirs-89", "type": "loisirs", "type_label": "Loisirs", "nom": "LOTERIE NATIONALE SENEGALAISE (LONASE)", "region": {"nom": "DAKAR", "code": 1}, "departement": {"nom": "DAKAR", "code": 11}, "commune": {"nom": "DAKAR", "code": 11301}, "communaute_rurale": {"nom": "DAKAR PLATEAU", "code": 1130112}, "quartier_village": "HOCK SANS FILS", "milieu": "URBAIN", "thematique": null, "type_qvh": null}}, {"type": "Feature", "geometry": {"type": "Point", "coordinates": [-17.441422, 14.670475]}, "properties": {"id": "loisirs-90", "type": "loisirs", "type_label": "Loisirs", "nom": "BAR BANDIAL", "region": {"nom": "DAKAR", "code": 1}, "departement": {"nom": "DAKAR", "code": 11}, "commune": {"nom": "DAKAR", "code": 11301}, "communaute_rurale": {"nom": "DAKAR PLATEAU", "code": 1130112}, "quartier_village": "NIAYE THIOCKER", "milieu": "URBAIN", "thematique": null, "type_qvh": null}}, {"type": "Feature", "geometry": {"type": "Point", "coordinates": [-17.426386, 14.671939]}, "properties": {"id": "loisirs-91", "type": "loisirs", "type_label": "Loisirs", "nom": "CASINO DU PORT", "region": {"nom": "DAKAR", "code": 1}, "departement": {"nom": "DAKAR", "code": 11}, "commune": {"nom": "DAKAR", "code": 11301}, "communaute_rurale": {"nom": "DAKAR PLATEAU", "code": 1130112}, "quartier_village": "SANDIAL", "milieu": "URBAIN", "thematique": null, "type_qvh": null}}, {"type": "Feature", "geometry": {"type": "Point", "coordinates": [-17.43621, 14.665585]}, "properties": {"id": "loisirs-92", "type": "loisirs", "type_label": "Loisirs", "nom": "LOTERIE NATIONALE SENEGALAISE (LONASE)", "region": {"nom": "DAKAR", "code": 1}, "departement": {"nom": "DAKAR", "code": 11}, "commune": {"nom": "DAKAR", "code": 11301}, "communaute_rurale": {"nom": "DAKAR PLATEAU", "code": 1130112}, "quartier_village": "LAMBINASSE", "milieu": "URBAIN", "thematique": null, "type_qvh": null}}, {"type": "Feature", "geometry": {"type": "Point", "coordinates": [-17.444485, 14.671639]}, "properties": {"id": "loisirs-93", "type": "loisirs", "type_label": "Loisirs", "nom": "BAR CHEZ MARCEL", "region": {"nom": "DAKAR", "code": 1}, "departement": {"nom": "DAKAR", "code": 11}, "commune": {"nom": "DAKAR", "code": 11301}, "communaute_rurale": {"nom": "DAKAR PLATEAU", "code": 1130112}, "quartier_village": "REUBEUSS", "milieu": "URBAIN", "thematique": null, "type_qvh": null}}, {"type": "Feature", "geometry": {"type": "Point", "coordinates": [-17.430577, 14.669817]}, "properties": {"id": "loisirs-94", "type": "loisirs", "type_label": "Loisirs", "nom": "KIOSQUE LONASE", "region": {"nom": "DAKAR", "code": 1}, "departement": {"nom": "DAKAR", "code": 11}, "commune": {"nom": "DAKAR", "code": 11301}, "communaute_rurale": {"nom": "DAKAR PLATEAU", "code": 1130112}, "quartier_village": "SANDIAL", "milieu": "URBAIN", "thematique": null, "type_qvh": null}}, {"type": "Feature", "geometry": {"type": "Point", "coordinates": [-17.444452, 14.671512]}, "properties": {"id": "loisirs-95", "type": "loisirs", "type_label": "Loisirs", "nom": "BAR CHEZ MARCEL", "region": {"nom": "DAKAR", "code": 1}, "departement": {"nom": "DAKAR", "code": 11}, "commune": {"nom": "DAKAR", "code": 11301}, "communaute_rurale": {"nom": "DAKAR PLATEAU", "code": 1130112}, "quartier_village": "REUBEUSS", "milieu": "URBAIN", "thematique": null, "type_qvh": null}}, {"type": "Feature", "geometry": {"type": "Point", "coordinates": [-17.445084, 14.668939]}, "properties": {"id": "loisirs-96", "type": "loisirs", "type_label": "Loisirs", "nom": "PLAGE", "region": {"nom": "DAKAR", "code": 1}, "departement": {"nom": "DAKAR", "code": 11}, "commune": {"nom": "DAKAR", "code": 11301}, "communaute_rurale": {"nom": "DAKAR PLATEAU", "code": 1130112}, "quartier_village": "NIAYE THIOCKER", "milieu": "URBAIN", "thematique": null, "type_qvh": null}}, {"type": "Feature", "geometry": {"type": "Point", "coordinates": [-17.44801, 14.740721]}, "properties": {"id": "loisirs-97", "type": "loisirs", "type_label": "Loisirs", "nom": "BAR RESTAURANT KAMBOUM BRANNAY", "region": {"nom": "DAKAR", "code": 1}, "departement": {"nom": "DAKAR", "code": 11}, "commune": {"nom": "DAKAR", "code": 11301}, "communaute_rurale": {"nom": "GRAND YOFF", "code": 1130141}, "quartier_village": "CITE MILLIONNAIRE", "milieu": "URBAIN", "thematique": null, "type_qvh": null}}, {"type": "Feature", "geometry": {"type": "Point", "coordinates": [-17.461729, 14.746507]}, "properties": {"id": "loisirs-98", "type": "loisirs", "type_label": "Loisirs", "nom": "LOTERIE NATIONALE SENEGALAISE (LONASE)", "region": {"nom": "DAKAR", "code": 1}, "departement": {"nom": "DAKAR", "code": 11}, "commune": {"nom": "DAKAR", "code": 11301}, "communaute_rurale": {"nom": "GRAND YOFF", "code": 1130141}, "quartier_village": "CICES EST", "milieu": "URBAIN", "thematique": null, "type_qvh": null}}, {"type": "Feature", "geometry": {"type": "Point", "coordinates": [-17.463291, 14.736639]}, "properties": {"id": "loisirs-99", "type": "loisirs", "type_label": "Loisirs", "nom": "BAR RESTAURANT", "region": {"nom": "DAKAR", "code": 1}, "departement": {"nom": "DAKAR", "code": 11}, "commune": {"nom": "DAKAR", "code": 11301}, "communaute_rurale": {"nom": "GRAND YOFF", "code": 1130141}, "quartier_village": "SCAT URBAM (ILOT D)", "milieu": "URBAIN", "thematique": null, "type_qvh": null}}, {"type": "Feature", "geometry": {"type": "Point", "coordinates": [-17.451691, 14.734268]}, "properties": {"id": "loisirs-100", "type": "loisirs", "type_label": "Loisirs", "nom": "BAR", "region": {"nom": "DAKAR", "code": 1}, "departement": {"nom": "DAKAR", "code": 11}, "commune": {"nom": "DAKAR", "code": 11301}, "communaute_rurale": {"nom": "GRAND YOFF", "code": 1130141}, "quartier_village": "TAIBA III", "milieu": "URBAIN", "thematique": null, "type_qvh": null}}, {"type": "Feature", "geometry": {"type": "Point", "coordinates": [-17.448187, 14.737596]}, "properties": {"id": "loisirs-101", "type": "loisirs", "type_label": "Loisirs", "nom": "BAR LA GAZETTE", "region": {"nom": "DAKAR", "code": 1}, "departement": {"nom": "DAKAR", "code": 11}, "commune": {"nom": "DAKAR", "code": 11301}, "communaute_rurale": {"nom": "GRAND YOFF", "code": 1130141}, "quartier_village": "MAKA II", "milieu": "URBAIN", "thematique": null, "type_qvh": null}}, {"type": "Feature", "geometry": {"type": "Point", "coordinates": [-17.454667, 14.737474]}, "properties": {"id": "loisirs-102", "type": "loisirs", "type_label": "Loisirs", "nom": "BAR", "region": {"nom": "DAKAR", "code": 1}, "departement": {"nom": "DAKAR", "code": 11}, "commune": {"nom": "DAKAR", "code": 11301}, "communaute_rurale": {"nom": "GRAND YOFF", "code": 1130141}, "quartier_village": "ARAFAT 2", "milieu": "URBAIN", "thematique": null, "type_qvh": null}}, {"type": "Feature", "geometry": {"type": "Point", "coordinates": [-17.445324, 14.727404]}, "properties": {"id": "loisirs-103", "type": "loisirs", "type_label": "Loisirs", "nom": "SALLE DE JEUX", "region": {"nom": "DAKAR", "code": 1}, "departement": {"nom": "DAKAR", "code": 11}, "commune": {"nom": "DAKAR", "code": 11301}, "communaute_rurale": {"nom": "GRAND YOFF", "code": 1130141}, "quartier_village": "ZONE DE CAPTAGE", "milieu": "URBAIN", "thematique": null, "type_qvh": null}}, {"type": "Feature", "geometry": {"type": "Point", "coordinates": [-17.445499, 14.741221]}, "properties": {"id": "loisirs-104", "type": "loisirs", "type_label": "Loisirs", "nom": "BAR", "region": {"nom": "DAKAR", "code": 1}, "departement": {"nom": "DAKAR", "code": 11}, "commune": {"nom": "DAKAR", "code": 11301}, "communaute_rurale": {"nom": "GRAND YOFF", "code": 1130141}, "quartier_village": "MISSIRAH", "milieu": "URBAIN", "thematique": null, "type_qvh": null}}, {"type": "Feature", "geometry": {"type": "Point", "coordinates": [-17.446308, 14.738606]}, "properties": {"id": "loisirs-105", "type": "loisirs", "type_label": "Loisirs", "nom": "BAR", "region": {"nom": "DAKAR", "code": 1}, "departement": {"nom": "DAKAR", "code": 11}, "commune": {"nom": "DAKAR", "code": 11301}, "communaute_rurale": {"nom": "GRAND YOFF", "code": 1130141}, "quartier_village": "DJIEDDAH 1", "milieu": "URBAIN", "thematique": null, "type_qvh": null}}, {"type": "Feature", "geometry": {"type": "Point", "coordinates": [-17.446144, 14.739131]}, "properties": {"id": "loisirs-106", "type": "loisirs", "type_label": "Loisirs", "nom": "BAR", "region": {"nom": "DAKAR", "code": 1}, "departement": {"nom": "DAKAR", "code": 11}, "commune": {"nom": "DAKAR", "code": 11301}, "communaute_rurale": {"nom": "GRAND YOFF", "code": 1130141}, "quartier_village": "DJIEDDAH 3", "milieu": "URBAIN", "thematique": null, "type_qvh": null}}, {"type": "Feature", "geometry": {"type": "Point", "coordinates": [-17.447166, 14.737151]}, "properties": {"id": "loisirs-107", "type": "loisirs", "type_label": "Loisirs", "nom": "BAR KABOUYANA", "region": {"nom": "DAKAR", "code": 1}, "departement": {"nom": "DAKAR", "code": 11}, "commune": {"nom": "DAKAR", "code": 11301}, "communaute_rurale": {"nom": "GRAND YOFF", "code": 1130141}, "quartier_village": "DJIEDDAH 1", "milieu": "URBAIN", "thematique": null, "type_qvh": null}}, {"type": "Feature", "geometry": {"type": "Point", "coordinates": [-17.44641, 14.735658]}, "properties": {"id": "loisirs-108", "type": "loisirs", "type_label": "Loisirs", "nom": "BAR LA GAZELLE", "region": {"nom": "DAKAR", "code": 1}, "departement": {"nom": "DAKAR", "code": 11}, "commune": {"nom": "DAKAR", "code": 11301}, "communaute_rurale": {"nom": "GRAND YOFF", "code": 1130141}, "quartier_village": "DAROU RAHMANE I", "milieu": "URBAIN", "thematique": null, "type_qvh": null}}, {"type": "Feature", "geometry": {"type": "Point", "coordinates": [-17.447925, 14.734244]}, "properties": {"id": "loisirs-109", "type": "loisirs", "type_label": "Loisirs", "nom": "SALLE DE JEUX", "region": {"nom": "DAKAR", "code": 1}, "departement": {"nom": "DAKAR", "code": 11}, "commune": {"nom": "DAKAR", "code": 11301}, "communaute_rurale": {"nom": "GRAND YOFF", "code": 1130141}, "quartier_village": "DAROU RAHMANE II", "milieu": "URBAIN", "thematique": null, "type_qvh": null}}, {"type": "Feature", "geometry": {"type": "Point", "coordinates": [-17.453906, 14.734458]}, "properties": {"id": "loisirs-110", "type": "loisirs", "type_label": "Loisirs", "nom": "BAR", "region": {"nom": "DAKAR", "code": 1}, "departement": {"nom": "DAKAR", "code": 11}, "commune": {"nom": "DAKAR", "code": 11301}, "communaute_rurale": {"nom": "GRAND YOFF", "code": 1130141}, "quartier_village": "TAIBA II", "milieu": "URBAIN", "thematique": null, "type_qvh": null}}, {"type": "Feature", "geometry": {"type": "Point", "coordinates": [-17.451497, 14.733548]}, "properties": {"id": "loisirs-111", "type": "loisirs", "type_label": "Loisirs", "nom": "BAR", "region": {"nom": "DAKAR", "code": 1}, "departement": {"nom": "DAKAR", "code": 11}, "commune": {"nom": "DAKAR", "code": 11301}, "communaute_rurale": {"nom": "GRAND YOFF", "code": 1130141}, "quartier_village": "TAIBA II", "milieu": "URBAIN", "thematique": null, "type_qvh": null}}, {"type": "Feature", "geometry": {"type": "Point", "coordinates": [-17.451915, 14.731063]}, "properties": {"id": "loisirs-112", "type": "loisirs", "type_label": "Loisirs", "nom": "BAR", "region": {"nom": "DAKAR", "code": 1}, "departement": {"nom": "DAKAR", "code": 11}, "commune": {"nom": "DAKAR", "code": 11301}, "communaute_rurale": {"nom": "GRAND YOFF", "code": 1130141}, "quartier_village": "DAROU SANTHIE", "milieu": "URBAIN", "thematique": null, "type_qvh": null}}, {"type": "Feature", "geometry": {"type": "Point", "coordinates": [-17.447066, 14.732011]}, "properties": {"id": "loisirs-113", "type": "loisirs", "type_label": "Loisirs", "nom": "PARI FOOT", "region": {"nom": "DAKAR", "code": 1}, "departement": {"nom": "DAKAR", "code": 11}, "commune": {"nom": "DAKAR", "code": 11301}, "communaute_rurale": {"nom": "GRAND YOFF", "code": 1130141}, "quartier_village": "GRAND YOFF LEONA", "milieu": "URBAIN", "thematique": null, "type_qvh": null}}, {"type": "Feature", "geometry": {"type": "Point", "coordinates": [-17.446914, 14.731241]}, "properties": {"id": "loisirs-114", "type": "loisirs", "type_label": "Loisirs", "nom": "BAR", "region": {"nom": "DAKAR", "code": 1}, "departement": {"nom": "DAKAR", "code": 11}, "commune": {"nom": "DAKAR", "code": 11301}, "communaute_rurale": {"nom": "GRAND YOFF", "code": 1130141}, "quartier_village": "GRAND YOFF LEONA", "milieu": "URBAIN", "thematique": null, "type_qvh": null}}, {"type": "Feature", "geometry": {"type": "Point", "coordinates": [-17.454942, 14.731926]}, "properties": {"id": "loisirs-115", "type": "loisirs", "type_label": "Loisirs", "nom": "BAR", "region": {"nom": "DAKAR", "code": 1}, "departement": {"nom": "DAKAR", "code": 11}, "commune": {"nom": "DAKAR", "code": 11301}, "communaute_rurale": {"nom": "GRAND YOFF", "code": 1130141}, "quartier_village": "DAROU SALAM III", "milieu": "URBAIN", "thematique": null, "type_qvh": null}}, {"type": "Feature", "geometry": {"type": "Point", "coordinates": [-17.454519, 14.735436]}, "properties": {"id": "loisirs-116", "type": "loisirs", "type_label": "Loisirs", "nom": "KIOSQUE PMU", "region": {"nom": "DAKAR", "code": 1}, "departement": {"nom": "DAKAR", "code": 11}, "commune": {"nom": "DAKAR", "code": 11301}, "communaute_rurale": {"nom": "GRAND YOFF", "code": 1130141}, "quartier_village": "SCAT URBAM ARAFAT", "milieu": "URBAIN", "thematique": null, "type_qvh": null}}, {"type": "Feature", "geometry": {"type": "Point", "coordinates": [-17.451408, 14.736648]}, "properties": {"id": "loisirs-117", "type": "loisirs", "type_label": "Loisirs", "nom": "BAR", "region": {"nom": "DAKAR", "code": 1}, "departement": {"nom": "DAKAR", "code": 11}, "commune": {"nom": "DAKAR", "code": 11301}, "communaute_rurale": {"nom": "GRAND YOFF", "code": 1130141}, "quartier_village": "TOUBA ARAFAT", "milieu": "URBAIN", "thematique": null, "type_qvh": null}}, {"type": "Feature", "geometry": {"type": "Point", "coordinates": [-17.452784, 14.738683]}, "properties": {"id": "loisirs-118", "type": "loisirs", "type_label": "Loisirs", "nom": "BAR", "region": {"nom": "DAKAR", "code": 1}, "departement": {"nom": "DAKAR", "code": 11}, "commune": {"nom": "DAKAR", "code": 11301}, "communaute_rurale": {"nom": "GRAND YOFF", "code": 1130141}, "quartier_village": "ARAFAT 6", "milieu": "URBAIN", "thematique": null, "type_qvh": null}}, {"type": "Feature", "geometry": {"type": "Point", "coordinates": [-17.449528, 14.73806]}, "properties": {"id": "loisirs-119", "type": "loisirs", "type_label": "Loisirs", "nom": "PARI SPORTIF", "region": {"nom": "DAKAR", "code": 1}, "departement": {"nom": "DAKAR", "code": 11}, "commune": {"nom": "DAKAR", "code": 11301}, "communaute_rurale": {"nom": "GRAND YOFF", "code": 1130141}, "quartier_village": "ARAFAT B BIS", "milieu": "URBAIN", "thematique": null, "type_qvh": null}}, {"type": "Feature", "geometry": {"type": "Point", "coordinates": [-17.449534, 14.740835]}, "properties": {"id": "loisirs-120", "type": "loisirs", "type_label": "Loisirs", "nom": "BAR", "region": {"nom": "DAKAR", "code": 1}, "departement": {"nom": "DAKAR", "code": 11}, "commune": {"nom": "DAKAR", "code": 11301}, "communaute_rurale": {"nom": "GRAND YOFF", "code": 1130141}, "quartier_village": "CITE MILLIONNAIRE", "milieu": "URBAIN", "thematique": null, "type_qvh": null}}, {"type": "Feature", "geometry": {"type": "Point", "coordinates": [-17.448066, 14.740889]}, "properties": {"id": "loisirs-121", "type": "loisirs", "type_label": "Loisirs", "nom": "SALLE DE JEUX", "region": {"nom": "DAKAR", "code": 1}, "departement": {"nom": "DAKAR", "code": 11}, "commune": {"nom": "DAKAR", "code": 11301}, "communaute_rurale": {"nom": "GRAND YOFF", "code": 1130141}, "quartier_village": "CITE MILLIONNAIRE", "milieu": "URBAIN", "thematique": null, "type_qvh": null}}, {"type": "Feature", "geometry": {"type": "Point", "coordinates": [-17.446411, 14.741512]}, "properties": {"id": "loisirs-122", "type": "loisirs", "type_label": "Loisirs", "nom": "LOTERIE NATIONALE SENEGALAISE (LONASE)", "region": {"nom": "DAKAR", "code": 1}, "departement": {"nom": "DAKAR", "code": 11}, "commune": {"nom": "DAKAR", "code": 11301}, "communaute_rurale": {"nom": "GRAND YOFF", "code": 1130141}, "quartier_village": "CITE MILLIONNAIRE", "milieu": "URBAIN", "thematique": null, "type_qvh": null}}, {"type": "Feature", "geometry": {"type": "Point", "coordinates": [-17.448032, 14.741109]}, "properties": {"id": "loisirs-123", "type": "loisirs", "type_label": "Loisirs", "nom": "BAR", "region": {"nom": "DAKAR", "code": 1}, "departement": {"nom": "DAKAR", "code": 11}, "commune": {"nom": "DAKAR", "code": 11301}, "communaute_rurale": {"nom": "GRAND YOFF", "code": 1130141}, "quartier_village": "CITE MILLIONNAIRE", "milieu": "URBAIN", "thematique": null, "type_qvh": null}}, {"type": "Feature", "geometry": {"type": "Point", "coordinates": [-17.446458, 14.742473]}, "properties": {"id": "loisirs-124", "type": "loisirs", "type_label": "Loisirs", "nom": "KIOSQUE LONASE", "region": {"nom": "DAKAR", "code": 1}, "departement": {"nom": "DAKAR", "code": 11}, "commune": {"nom": "DAKAR", "code": 11301}, "communaute_rurale": {"nom": "GRAND YOFF", "code": 1130141}, "quartier_village": "CITE MILLIONNAIRE", "milieu": "URBAIN", "thematique": null, "type_qvh": null}}, {"type": "Feature", "geometry": {"type": "Point", "coordinates": [-17.44571, 14.742941]}, "properties": {"id": "loisirs-125", "type": "loisirs", "type_label": "Loisirs", "nom": "CINEMA", "region": {"nom": "DAKAR", "code": 1}, "departement": {"nom": "DAKAR", "code": 11}, "commune": {"nom": "DAKAR", "code": 11301}, "communaute_rurale": {"nom": "GRAND YOFF", "code": 1130141}, "quartier_village": "CITE MILLIONNAIRE", "milieu": "URBAIN", "thematique": null, "type_qvh": null}}, {"type": "Feature", "geometry": {"type": "Point", "coordinates": [-17.454865, 14.739123]}, "properties": {"id": "loisirs-126", "type": "loisirs", "type_label": "Loisirs", "nom": "PREMIER BET", "region": {"nom": "DAKAR", "code": 1}, "departement": {"nom": "DAKAR", "code": 11}, "commune": {"nom": "DAKAR", "code": 11301}, "communaute_rurale": {"nom": "GRAND YOFF", "code": 1130141}, "quartier_village": "HLM GRAND YOFF", "milieu": "URBAIN", "thematique": null, "type_qvh": null}}, {"type": "Feature", "geometry": {"type": "Point", "coordinates": [-17.46378, 14.733989]}, "properties": {"id": "loisirs-127", "type": "loisirs", "type_label": "Loisirs", "nom": "PARI FOOT", "region": {"nom": "DAKAR", "code": 1}, "departement": {"nom": "DAKAR", "code": 11}, "commune": {"nom": "DAKAR", "code": 11301}, "communaute_rurale": {"nom": "GRAND YOFF", "code": 1130141}, "quartier_village": "SUD FOIRE (CITE CSE)", "milieu": "URBAIN", "thematique": null, "type_qvh": null}}, {"type": "Feature", "geometry": {"type": "Point", "coordinates": [-17.461469, 14.746356]}, "properties": {"id": "loisirs-128", "type": "loisirs", "type_label": "Loisirs", "nom": "LONASE ANNEXE", "region": {"nom": "DAKAR", "code": 1}, "departement": {"nom": "DAKAR", "code": 11}, "commune": {"nom": "DAKAR", "code": 11301}, "communaute_rurale": {"nom": "GRAND YOFF", "code": 1130141}, "quartier_village": "CICES EST", "milieu": "URBAIN", "thematique": null, "type_qvh": null}}, {"type": "Feature", "geometry": {"type": "Point", "coordinates": [-17.461491, 14.70479]}, "properties": {"id": "loisirs-129", "type": "loisirs", "type_label": "Loisirs", "nom": "ESPACE DE JEUX POUR ENFANTS", "region": {"nom": "DAKAR", "code": 1}, "departement": {"nom": "DAKAR", "code": 11}, "commune": {"nom": "DAKAR", "code": 11301}, "communaute_rurale": {"nom": "FANN POINT E AMITIE", "code": 1130115}, "quartier_village": "AMITIE I", "milieu": "URBAIN", "thematique": null, "type_qvh": null}}, {"type": "Feature", "geometry": {"type": "Point", "coordinates": [-17.457534, 14.700328]}, "properties": {"id": "loisirs-130", "type": "loisirs", "type_label": "Loisirs", "nom": "BAR", "region": {"nom": "DAKAR", "code": 1}, "departement": {"nom": "DAKAR", "code": 11}, "commune": {"nom": "DAKAR", "code": 11301}, "communaute_rurale": {"nom": "FANN POINT E AMITIE", "code": 1130115}, "quartier_village": "AMITIE II", "milieu": "URBAIN", "thematique": null, "type_qvh": null}}, {"type": "Feature", "geometry": {"type": "Point", "coordinates": [-17.457488, 14.70354]}, "properties": {"id": "loisirs-131", "type": "loisirs", "type_label": "Loisirs", "nom": "THIOSSANE", "region": {"nom": "DAKAR", "code": 1}, "departement": {"nom": "DAKAR", "code": 11}, "commune": {"nom": "DAKAR", "code": 11301}, "communaute_rurale": {"nom": "FANN POINT E AMITIE", "code": 1130115}, "quartier_village": "AMITIE II", "milieu": "URBAIN", "thematique": null, "type_qvh": null}}, {"type": "Feature", "geometry": {"type": "Point", "coordinates": [-17.461425, 14.696464]}, "properties": {"id": "loisirs-132", "type": "loisirs", "type_label": "Loisirs", "nom": "PISCINE OLYMPIQUE", "region": {"nom": "DAKAR", "code": 1}, "departement": {"nom": "DAKAR", "code": 11}, "commune": {"nom": "DAKAR", "code": 11301}, "communaute_rurale": {"nom": "FANN POINT E AMITIE", "code": 1130115}, "quartier_village": "POINT E", "milieu": "URBAIN", "thematique": null, "type_qvh": null}}, {"type": "Feature", "geometry": {"type": "Point", "coordinates": [-17.463961, 14.679968]}, "properties": {"id": "loisirs-133", "type": "loisirs", "type_label": "Loisirs", "nom": "BAR", "region": {"nom": "DAKAR", "code": 1}, "departement": {"nom": "DAKAR", "code": 11}, "commune": {"nom": "DAKAR", "code": 11301}, "communaute_rurale": {"nom": "FANN POINT E AMITIE", "code": 1130115}, "quartier_village": "FANN HOCK", "milieu": "URBAIN", "thematique": null, "type_qvh": null}}, {"type": "Feature", "geometry": {"type": "Point", "coordinates": [-17.462722, 14.676632]}, "properties": {"id": "loisirs-134", "type": "loisirs", "type_label": "Loisirs", "nom": "COMPLEXE CINEMATOGRAPHIQUE SEMBENE OUSMANE", "region": {"nom": "DAKAR", "code": 1}, "departement": {"nom": "DAKAR", "code": 11}, "commune": {"nom": "DAKAR", "code": 11301}, "communaute_rurale": {"nom": "FANN POINT E AMITIE", "code": 1130115}, "quartier_village": "FANN HOCK", "milieu": "URBAIN", "thematique": null, "type_qvh": null}}, {"type": "Feature", "geometry": {"type": "Point", "coordinates": [-17.461708, 14.681831]}, "properties": {"id": "loisirs-135", "type": "loisirs", "type_label": "Loisirs", "nom": "BAR", "region": {"nom": "DAKAR", "code": 1}, "departement": {"nom": "DAKAR", "code": 11}, "commune": {"nom": "DAKAR", "code": 11301}, "communaute_rurale": {"nom": "FANN POINT E AMITIE", "code": 1130115}, "quartier_village": "FANN HOCK", "milieu": "URBAIN", "thematique": null, "type_qvh": null}}, {"type": "Feature", "geometry": {"type": "Point", "coordinates": [-17.4605, 14.693616]}, "properties": {"id": "loisirs-136", "type": "loisirs", "type_label": "Loisirs", "nom": "PISCINE", "region": {"nom": "DAKAR", "code": 1}, "departement": {"nom": "DAKAR", "code": 11}, "commune": {"nom": "DAKAR", "code": 11301}, "communaute_rurale": {"nom": "FANN POINT E AMITIE", "code": 1130115}, "quartier_village": "POINT E", "milieu": "URBAIN", "thematique": null, "type_qvh": null}}, {"type": "Feature", "geometry": {"type": "Point", "coordinates": [-17.455551, 14.706553]}, "properties": {"id": "loisirs-137", "type": "loisirs", "type_label": "Loisirs", "nom": "SALLE DE JEUX", "region": {"nom": "DAKAR", "code": 1}, "departement": {"nom": "DAKAR", "code": 11}, "commune": {"nom": "DAKAR", "code": 11301}, "communaute_rurale": {"nom": "GRAND DAKAR", "code": 1130121}, "quartier_village": "GRAND DAKAR IV A", "milieu": "URBAIN", "thematique": null, "type_qvh": null}}, {"type": "Feature", "geometry": {"type": "Point", "coordinates": [-17.452194, 14.702821]}, "properties": {"id": "loisirs-138", "type": "loisirs", "type_label": "Loisirs", "nom": "KIOSQUE PMI", "region": {"nom": "DAKAR", "code": 1}, "departement": {"nom": "DAKAR", "code": 11}, "commune": {"nom": "DAKAR", "code": 11301}, "communaute_rurale": {"nom": "GRAND DAKAR", "code": 1130121}, "quartier_village": "GRAND DAKAR VII B (ZONE A)", "milieu": "URBAIN", "thematique": null, "type_qvh": null}}, {"type": "Feature", "geometry": {"type": "Point", "coordinates": [-17.437307, 14.726949]}, "properties": {"id": "loisirs-139", "type": "loisirs", "type_label": "Loisirs", "nom": "CASINO", "region": {"nom": "DAKAR", "code": 1}, "departement": {"nom": "DAKAR", "code": 11}, "commune": {"nom": "GRAND DAKAR", "code": 11301}, "communaute_rurale": {"nom": "HANN BEL AIR", "code": 1130124}, "quartier_village": "FORD B", "milieu": "URBAIN", "thematique": null, "type_qvh": null}}, {"type": "Feature", "geometry": {"type": "Point", "coordinates": [-17.430257, 14.719424]}, "properties": {"id": "loisirs-140", "type": "loisirs", "type_label": "Loisirs", "nom": "SALLE DE VIDEO", "region": {"nom": "DAKAR", "code": 1}, "departement": {"nom": "DAKAR", "code": 11}, "commune": {"nom": "GRAND DAKAR", "code": 11301}, "communaute_rurale": {"nom": "HANN BEL AIR", "code": 1130124}, "quartier_village": "HANN III", "milieu": "URBAIN", "thematique": null, "type_qvh": null}}, {"type": "Feature", "geometry": {"type": "Point", "coordinates": [-17.423481, 14.728434]}, "properties": {"id": "loisirs-141", "type": "loisirs", "type_label": "Loisirs", "nom": "SALLE DE JEUX", "region": {"nom": "DAKAR", "code": 1}, "departement": {"nom": "DAKAR", "code": 11}, "commune": {"nom": "GRAND DAKAR", "code": 11301}, "communaute_rurale": {"nom": "HANN BEL AIR", "code": 1130124}, "quartier_village": "HANN MONTAGNE V B", "milieu": "URBAIN", "thematique": null, "type_qvh": null}}, {"type": "Feature", "geometry": {"type": "Point", "coordinates": [-17.42963, 14.723186]}, "properties": {"id": "loisirs-142", "type": "loisirs", "type_label": "Loisirs", "nom": "SALLE DE JEUX", "region": {"nom": "DAKAR", "code": 1}, "departement": {"nom": "DAKAR", "code": 11}, "commune": {"nom": "GRAND DAKAR", "code": 11301}, "communaute_rurale": {"nom": "HANN BEL AIR", "code": 1130124}, "quartier_village": "HANN YENE", "milieu": "URBAIN", "thematique": null, "type_qvh": null}}, {"type": "Feature", "geometry": {"type": "Point", "coordinates": [-17.43168, 14.717874]}, "properties": {"id": "loisirs-143", "type": "loisirs", "type_label": "Loisirs", "nom": "PMU", "region": {"nom": "DAKAR", "code": 1}, "departement": {"nom": "DAKAR", "code": 11}, "commune": {"nom": "GRAND DAKAR", "code": 11301}, "communaute_rurale": {"nom": "HANN BEL AIR", "code": 1130124}, "quartier_village": "HANN III", "milieu": "URBAIN", "thematique": null, "type_qvh": null}}, {"type": "Feature", "geometry": {"type": "Point", "coordinates": [-17.427818, 14.725613]}, "properties": {"id": "loisirs-144", "type": "loisirs", "type_label": "Loisirs", "nom": "SALLE DE JEUX", "region": {"nom": "DAKAR", "code": 1}, "departement": {"nom": "DAKAR", "code": 11}, "commune": {"nom": "GRAND DAKAR", "code": 11301}, "communaute_rurale": {"nom": "HANN BEL AIR", "code": 1130124}, "quartier_village": "WALOGUI (HANN PLAGE)", "milieu": "URBAIN", "thematique": null, "type_qvh": null}}, {"type": "Feature", "geometry": {"type": "Point", "coordinates": [-17.439983, 14.716558]}, "properties": {"id": "loisirs-145", "type": "loisirs", "type_label": "Loisirs", "nom": "SALLE DE JEUX", "region": {"nom": "DAKAR", "code": 1}, "departement": {"nom": "DAKAR", "code": 11}, "commune": {"nom": "GRAND DAKAR", "code": 11301}, "communaute_rurale": {"nom": "HANN BEL AIR", "code": 1130124}, "quartier_village": "HANN SANTHIE", "milieu": "URBAIN", "thematique": null, "type_qvh": null}}, {"type": "Feature", "geometry": {"type": "Point", "coordinates": [-17.385106, 14.776615]}, "properties": {"id": "loisirs-146", "type": "loisirs", "type_label": "Loisirs", "nom": "PMU", "region": {"nom": "DAKAR", "code": 1}, "departement": {"nom": "GUEDIAWAYE", "code": 14}, "commune": {"nom": "VILLE DE GUEDIAWAYE", "code": 14301}, "communaute_rurale": {"nom": "NDIAREME LIMAMOULAYE", "code": 1430122}, "quartier_village": "ANGLE MOUSS DAROU NAHIM", "milieu": "URBAIN", "thematique": null, "type_qvh": null}}, {"type": "Feature", "geometry": {"type": "Point", "coordinates": [-17.386984, 14.77882]}, "properties": {"id": "loisirs-147", "type": "loisirs", "type_label": "Loisirs", "nom": "PLAY", "region": {"nom": "DAKAR", "code": 1}, "departement": {"nom": "GUEDIAWAYE", "code": 14}, "commune": {"nom": "VILLE DE GUEDIAWAYE", "code": 14301}, "communaute_rurale": {"nom": "NDIAREME LIMAMOULAYE", "code": 1430122}, "quartier_village": "NIMZAT V BIS", "milieu": "URBAIN", "thematique": null, "type_qvh": null}}, {"type": "Feature", "geometry": {"type": "Point", "coordinates": [-17.382128, 14.781558]}, "properties": {"id": "loisirs-148", "type": "loisirs", "type_label": "Loisirs", "nom": "BAR", "region": {"nom": "DAKAR", "code": 1}, "departement": {"nom": "GUEDIAWAYE", "code": 14}, "commune": {"nom": "VILLE DE GUEDIAWAYE", "code": 14301}, "communaute_rurale": {"nom": "NDIAREME LIMAMOULAYE", "code": 1430122}, "quartier_village": "NIMZAT II SANTE YALLA", "milieu": "URBAIN", "thematique": null, "type_qvh": null}}, {"type": "Feature", "geometry": {"type": "Point", "coordinates": [-17.381339, 14.781174]}, "properties": {"id": "loisirs-149", "type": "loisirs", "type_label": "Loisirs", "nom": "BAR", "region": {"nom": "DAKAR", "code": 1}, "departement": {"nom": "GUEDIAWAYE", "code": 14}, "commune": {"nom": "VILLE DE GUEDIAWAYE", "code": 14301}, "communaute_rurale": {"nom": "NDIAREME LIMAMOULAYE", "code": 1430122}, "quartier_village": "NDIAREME", "milieu": "URBAIN", "thematique": null, "type_qvh": null}}, {"type": "Feature", "geometry": {"type": "Point", "coordinates": [-17.384963, 14.779159]}, "properties": {"id": "loisirs-150", "type": "loisirs", "type_label": "Loisirs", "nom": "BAR OPA MENDY", "region": {"nom": "DAKAR", "code": 1}, "departement": {"nom": "GUEDIAWAYE", "code": 14}, "commune": {"nom": "VILLE DE GUEDIAWAYE", "code": 14301}, "communaute_rurale": {"nom": "NDIAREME LIMAMOULAYE", "code": 1430122}, "quartier_village": "NIMZAT NDIOLOFENE", "milieu": "URBAIN", "thematique": null, "type_qvh": null}}, {"type": "Feature", "geometry": {"type": "Point", "coordinates": [-17.382174, 14.784688]}, "properties": {"id": "loisirs-151", "type": "loisirs", "type_label": "Loisirs", "nom": "BAR", "region": {"nom": "DAKAR", "code": 1}, "departement": {"nom": "GUEDIAWAYE", "code": 14}, "commune": {"nom": "VILLE DE GUEDIAWAYE", "code": 14301}, "communaute_rurale": {"nom": "NDIAREME LIMAMOULAYE", "code": 1430122}, "quartier_village": "HAMO VI", "milieu": "URBAIN", "thematique": null, "type_qvh": null}}, {"type": "Feature", "geometry": {"type": "Point", "coordinates": [-17.386972, 14.784081]}, "properties": {"id": "loisirs-152", "type": "loisirs", "type_label": "Loisirs", "nom": "BAR FRANEOIS", "region": {"nom": "DAKAR", "code": 1}, "departement": {"nom": "GUEDIAWAYE", "code": 14}, "commune": {"nom": "VILLE DE GUEDIAWAYE", "code": 14301}, "communaute_rurale": {"nom": "NDIAREME LIMAMOULAYE", "code": 1430122}, "quartier_village": "HAMO V", "milieu": "URBAIN", "thematique": null, "type_qvh": null}}, {"type": "Feature", "geometry": {"type": "Point", "coordinates": [-17.388024, 14.781096]}, "properties": {"id": "loisirs-153", "type": "loisirs", "type_label": "Loisirs", "nom": "BAR", "region": {"nom": "DAKAR", "code": 1}, "departement": {"nom": "GUEDIAWAYE", "code": 14}, "commune": {"nom": "VILLE DE GUEDIAWAYE", "code": 14301}, "communaute_rurale": {"nom": "NDIAREME LIMAMOULAYE", "code": 1430122}, "quartier_village": "NIMZAT III", "milieu": "URBAIN", "thematique": null, "type_qvh": null}}, {"type": "Feature", "geometry": {"type": "Point", "coordinates": [-17.39747, 14.774278]}, "properties": {"id": "loisirs-154", "type": "loisirs", "type_label": "Loisirs", "nom": "SERVICE DE LA LONASE", "region": {"nom": "DAKAR", "code": 1}, "departement": {"nom": "GUEDIAWAYE", "code": 14}, "commune": {"nom": "VILLE DE GUEDIAWAYE", "code": 14301}, "communaute_rurale": {"nom": "SAM NOTAIRE", "code": 1430112}, "quartier_village": "MBODE I", "milieu": "URBAIN", "thematique": null, "type_qvh": null}}, {"type": "Feature", "geometry": {"type": "Point", "coordinates": [-17.386853, 14.775289]}, "properties": {"id": "loisirs-155", "type": "loisirs", "type_label": "Loisirs", "nom": "BAR BOURAFAYE", "region": {"nom": "DAKAR", "code": 1}, "departement": {"nom": "GUEDIAWAYE", "code": 14}, "commune": {"nom": "VILLE DE GUEDIAWAYE", "code": 14301}, "communaute_rurale": {"nom": "SAM NOTAIRE", "code": 1430112}, "quartier_village": "NOTAIRE NORD", "milieu": "URBAIN", "thematique": null, "type_qvh": null}}, {"type": "Feature", "geometry": {"type": "Point", "coordinates": [-17.399156, 14.770884]}, "properties": {"id": "loisirs-156", "type": "loisirs", "type_label": "Loisirs", "nom": "LE RAVIN", "region": {"nom": "DAKAR", "code": 1}, "departement": {"nom": "GUEDIAWAYE", "code": 14}, "commune": {"nom": "VILLE DE GUEDIAWAYE", "code": 14301}, "communaute_rurale": {"nom": "SAM NOTAIRE", "code": 1430112}, "quartier_village": "H L M  PARIS", "milieu": "URBAIN", "thematique": null, "type_qvh": null}}, {"type": "Feature", "geometry": {"type": "Point", "coordinates": [-17.397554, 14.768907]}, "properties": {"id": "loisirs-157", "type": "loisirs", "type_label": "Loisirs", "nom": "CLUB MARTIN LUTHER KING", "region": {"nom": "DAKAR", "code": 1}, "departement": {"nom": "GUEDIAWAYE", "code": 14}, "commune": {"nom": "VILLE DE GUEDIAWAYE", "code": 14301}, "communaute_rurale": {"nom": "SAM NOTAIRE", "code": 1430112}, "quartier_village": "H L M  PARIS", "milieu": "URBAIN", "thematique": null, "type_qvh": null}}, {"type": "Feature", "geometry": {"type": "Point", "coordinates": [-17.391286, 14.770448]}, "properties": {"id": "loisirs-158", "type": "loisirs", "type_label": "Loisirs", "nom": "AIRE DE JEUX GUEDIAWAYE", "region": {"nom": "DAKAR", "code": 1}, "departement": {"nom": "GUEDIAWAYE", "code": 14}, "commune": {"nom": "VILLE DE GUEDIAWAYE", "code": 14301}, "communaute_rurale": {"nom": "SAM NOTAIRE", "code": 1430112}, "quartier_village": "NOTAIRE SUD", "milieu": "URBAIN", "thematique": null, "type_qvh": null}}, {"type": "Feature", "geometry": {"type": "Point", "coordinates": [-17.39574, 14.777385]}, "properties": {"id": "loisirs-159", "type": "loisirs", "type_label": "Loisirs", "nom": "BAR", "region": {"nom": "DAKAR", "code": 1}, "departement": {"nom": "GUEDIAWAYE", "code": 14}, "commune": {"nom": "VILLE DE GUEDIAWAYE", "code": 14301}, "communaute_rurale": {"nom": "SAM NOTAIRE", "code": 1430112}, "quartier_village": "PYROTECNIQUE", "milieu": "URBAIN", "thematique": null, "type_qvh": null}}, {"type": "Feature", "geometry": {"type": "Point", "coordinates": [-17.397301, 14.776848]}, "properties": {"id": "loisirs-160", "type": "loisirs", "type_label": "Loisirs", "nom": "PARI FOOT", "region": {"nom": "DAKAR", "code": 1}, "departement": {"nom": "GUEDIAWAYE", "code": 14}, "commune": {"nom": "VILLE DE GUEDIAWAYE", "code": 14301}, "communaute_rurale": {"nom": "SAM NOTAIRE", "code": 1430112}, "quartier_village": "GOLF NORD I", "milieu": "URBAIN", "thematique": null, "type_qvh": null}}, {"type": "Feature", "geometry": {"type": "Point", "coordinates": [-17.389774, 14.772689]}, "properties": {"id": "loisirs-161", "type": "loisirs", "type_label": "Loisirs", "nom": "LOTERIE NATIONALE SENEGALAISE (LONASE)", "region": {"nom": "DAKAR", "code": 1}, "departement": {"nom": "GUEDIAWAYE", "code": 14}, "commune": {"nom": "VILLE DE GUEDIAWAYE", "code": 14301}, "communaute_rurale": {"nom": "SAM NOTAIRE", "code": 1430112}, "quartier_village": "GUEULE TAPEE II A", "milieu": "URBAIN", "thematique": null, "type_qvh": null}}, {"type": "Feature", "geometry": {"type": "Point", "coordinates": [-17.394296, 14.771158]}, "properties": {"id": "loisirs-162", "type": "loisirs", "type_label": "Loisirs", "nom": "SALLE DE JEUX", "region": {"nom": "DAKAR", "code": 1}, "departement": {"nom": "GUEDIAWAYE", "code": 14}, "commune": {"nom": "VILLE DE GUEDIAWAYE", "code": 14301}, "communaute_rurale": {"nom": "SAM NOTAIRE", "code": 1430112}, "quartier_village": "GIBRALTAR I", "milieu": "URBAIN", "thematique": null, "type_qvh": null}}, {"type": "Feature", "geometry": {"type": "Point", "coordinates": [-17.394911, 14.771415]}, "properties": {"id": "loisirs-163", "type": "loisirs", "type_label": "Loisirs", "nom": "BAR", "region": {"nom": "DAKAR", "code": 1}, "departement": {"nom": "GUEDIAWAYE", "code": 14}, "commune": {"nom": "VILLE DE GUEDIAWAYE", "code": 14301}, "communaute_rurale": {"nom": "SAM NOTAIRE", "code": 1430112}, "quartier_village": "GIBRALTAR I", "milieu": "URBAIN", "thematique": null, "type_qvh": null}}, {"type": "Feature", "geometry": {"type": "Point", "coordinates": [-17.375472, 14.782753]}, "properties": {"id": "loisirs-164", "type": "loisirs", "type_label": "Loisirs", "nom": "BAR", "region": {"nom": "DAKAR", "code": 1}, "departement": {"nom": "GUEDIAWAYE", "code": 14}, "commune": {"nom": "VILLE DE GUEDIAWAYE", "code": 14301}, "communaute_rurale": {"nom": "WAKHINANE NIMZATT", "code": 1430123}, "quartier_village": "BAYE LAYE", "milieu": "URBAIN", "thematique": null, "type_qvh": null}}, {"type": "Feature", "geometry": {"type": "Point", "coordinates": [-17.376705, 14.787339]}, "properties": {"id": "loisirs-165", "type": "loisirs", "type_label": "Loisirs", "nom": "BAR FILAO", "region": {"nom": "DAKAR", "code": 1}, "departement": {"nom": "GUEDIAWAYE", "code": 14}, "commune": {"nom": "VILLE DE GUEDIAWAYE", "code": 14301}, "communaute_rurale": {"nom": "WAKHINANE NIMZATT", "code": 1430123}, "quartier_village": "DAROUKHANE II", "milieu": "URBAIN", "thematique": null, "type_qvh": null}}, {"type": "Feature", "geometry": {"type": "Point", "coordinates": [-17.372441, 14.777469]}, "properties": {"id": "loisirs-166", "type": "loisirs", "type_label": "Loisirs", "nom": "BAR", "region": {"nom": "DAKAR", "code": 1}, "departement": {"nom": "GUEDIAWAYE", "code": 14}, "commune": {"nom": "VILLE DE GUEDIAWAYE", "code": 14301}, "communaute_rurale": {"nom": "WAKHINANE NIMZATT", "code": 1430123}, "quartier_village": "ANGLE MOUSSE CENTRAL", "milieu": "URBAIN", "thematique": null, "type_qvh": null}}, {"type": "Feature", "geometry": {"type": "Point", "coordinates": [-17.372097, 14.777121]}, "properties": {"id": "loisirs-167", "type": "loisirs", "type_label": "Loisirs", "nom": "VENTE DE BIERE LOCALE", "region": {"nom": "DAKAR", "code": 1}, "departement": {"nom": "GUEDIAWAYE", "code": 14}, "commune": {"nom": "VILLE DE GUEDIAWAYE", "code": 14301}, "communaute_rurale": {"nom": "WAKHINANE NIMZATT", "code": 1430123}, "quartier_village": "ANGLE MOUSSE CENTRAL", "milieu": "URBAIN", "thematique": null, "type_qvh": null}}, {"type": "Feature", "geometry": {"type": "Point", "coordinates": [-17.376935, 14.777156]}, "properties": {"id": "loisirs-168", "type": "loisirs", "type_label": "Loisirs", "nom": "BAR", "region": {"nom": "DAKAR", "code": 1}, "departement": {"nom": "GUEDIAWAYE", "code": 14}, "commune": {"nom": "VILLE DE GUEDIAWAYE", "code": 14301}, "communaute_rurale": {"nom": "WAKHINANE NIMZATT", "code": 1430123}, "quartier_village": "WAKHINANE CENTRE", "milieu": "URBAIN", "thematique": null, "type_qvh": null}}, {"type": "Feature", "geometry": {"type": "Point", "coordinates": [-17.37949, 14.779239]}, "properties": {"id": "loisirs-169", "type": "loisirs", "type_label": "Loisirs", "nom": "BAR", "region": {"nom": "DAKAR", "code": 1}, "departement": {"nom": "GUEDIAWAYE", "code": 14}, "commune": {"nom": "VILLE DE GUEDIAWAYE", "code": 14301}, "communaute_rurale": {"nom": "WAKHINANE NIMZATT", "code": 1430123}, "quartier_village": "WAKHINANE I", "milieu": "URBAIN", "thematique": null, "type_qvh": null}}, {"type": "Feature", "geometry": {"type": "Point", "coordinates": [-17.371364, 14.775572]}, "properties": {"id": "loisirs-170", "type": "loisirs", "type_label": "Loisirs", "nom": "PMU", "region": {"nom": "DAKAR", "code": 1}, "departement": {"nom": "GUEDIAWAYE", "code": 14}, "commune": {"nom": "VILLE DE GUEDIAWAYE", "code": 14301}, "communaute_rurale": {"nom": "WAKHINANE NIMZATT", "code": 1430123}, "quartier_village": "NIMZATH 1", "milieu": "URBAIN", "thematique": null, "type_qvh": null}}, {"type": "Feature", "geometry": {"type": "Point", "coordinates": [-17.376408, 14.781803]}, "properties": {"id": "loisirs-171", "type": "loisirs", "type_label": "Loisirs", "nom": "PLAY STATION", "region": {"nom": "DAKAR", "code": 1}, "departement": {"nom": "GUEDIAWAYE", "code": 14}, "commune": {"nom": "VILLE DE GUEDIAWAYE", "code": 14301}, "communaute_rurale": {"nom": "WAKHINANE NIMZATT", "code": 1430123}, "quartier_village": "KIP KM I", "milieu": "URBAIN", "thematique": null, "type_qvh": null}}, {"type": "Feature", "geometry": {"type": "Point", "coordinates": [-17.376511, 14.778717]}, "properties": {"id": "loisirs-172", "type": "loisirs", "type_label": "Loisirs", "nom": "BAR", "region": {"nom": "DAKAR", "code": 1}, "departement": {"nom": "GUEDIAWAYE", "code": 14}, "commune": {"nom": "VILLE DE GUEDIAWAYE", "code": 14301}, "communaute_rurale": {"nom": "WAKHINANE NIMZATT", "code": 1430123}, "quartier_village": "WAKHINANE EST", "milieu": "URBAIN", "thematique": null, "type_qvh": null}}, {"type": "Feature", "geometry": {"type": "Point", "coordinates": [-17.375941, 14.781193]}, "properties": {"id": "loisirs-173", "type": "loisirs", "type_label": "Loisirs", "nom": "BAR", "region": {"nom": "DAKAR", "code": 1}, "departement": {"nom": "GUEDIAWAYE", "code": 14}, "commune": {"nom": "VILLE DE GUEDIAWAYE", "code": 14301}, "communaute_rurale": {"nom": "WAKHINANE NIMZATT", "code": 1430123}, "quartier_village": "WAKHINANE II", "milieu": "URBAIN", "thematique": null, "type_qvh": null}}, {"type": "Feature", "geometry": {"type": "Point", "coordinates": [-17.375438, 14.781298]}, "properties": {"id": "loisirs-174", "type": "loisirs", "type_label": "Loisirs", "nom": "BAR", "region": {"nom": "DAKAR", "code": 1}, "departement": {"nom": "GUEDIAWAYE", "code": 14}, "commune": {"nom": "VILLE DE GUEDIAWAYE", "code": 14301}, "communaute_rurale": {"nom": "WAKHINANE NIMZATT", "code": 1430123}, "quartier_village": "CITE ABDOU DIOUF", "milieu": "URBAIN", "thematique": null, "type_qvh": null}}, {"type": "Feature", "geometry": {"type": "Point", "coordinates": [-17.373283, 14.780179]}, "properties": {"id": "loisirs-175", "type": "loisirs", "type_label": "Loisirs", "nom": "PREMIER BET PMU", "region": {"nom": "DAKAR", "code": 1}, "departement": {"nom": "GUEDIAWAYE", "code": 14}, "commune": {"nom": "VILLE DE GUEDIAWAYE", "code": 14301}, "communaute_rurale": {"nom": "WAKHINANE NIMZATT", "code": 1430123}, "quartier_village": "CITE ABDOU DIOUF", "milieu": "URBAIN", "thematique": null, "type_qvh": null}}, {"type": "Feature", "geometry": {"type": "Point", "coordinates": [-17.374706, 14.776661]}, "properties": {"id": "loisirs-176", "type": "loisirs", "type_label": "Loisirs", "nom": "BAR AG", "region": {"nom": "DAKAR", "code": 1}, "departement": {"nom": "GUEDIAWAYE", "code": 14}, "commune": {"nom": "VILLE DE GUEDIAWAYE", "code": 14301}, "communaute_rurale": {"nom": "WAKHINANE NIMZATT", "code": 1430123}, "quartier_village": "WAKHINANE", "milieu": "URBAIN", "thematique": null, "type_qvh": null}}, {"type": "Feature", "geometry": {"type": "Point", "coordinates": [-17.380744, 14.780953]}, "properties": {"id": "loisirs-177", "type": "loisirs", "type_label": "Loisirs", "nom": "PMU", "region": {"nom": "DAKAR", "code": 1}, "departement": {"nom": "GUEDIAWAYE", "code": 14}, "commune": {"nom": "VILLE DE GUEDIAWAYE", "code": 14301}, "communaute_rurale": {"nom": "WAKHINANE NIMZATT", "code": 1430123}, "quartier_village": "DAROU KHOUDOSS", "milieu": "URBAIN", "thematique": null, "type_qvh": null}}, {"type": "Feature", "geometry": {"type": "Point", "coordinates": [-17.376342, 14.781488]}, "properties": {"id": "loisirs-178", "type": "loisirs", "type_label": "Loisirs", "nom": "BOKKI JUBO", "region": {"nom": "DAKAR", "code": 1}, "departement": {"nom": "GUEDIAWAYE", "code": 14}, "commune": {"nom": "VILLE DE GUEDIAWAYE", "code": 14301}, "communaute_rurale": {"nom": "WAKHINANE NIMZATT", "code": 1430123}, "quartier_village": "KIP KM I", "milieu": "URBAIN", "thematique": null, "type_qvh": null}}, {"type": "Feature", "geometry": {"type": "Point", "coordinates": [-17.377483, 14.783118]}, "properties": {"id": "loisirs-179", "type": "loisirs", "type_label": "Loisirs", "nom": "BAR", "region": {"nom": "DAKAR", "code": 1}, "departement": {"nom": "GUEDIAWAYE", "code": 14}, "commune": {"nom": "VILLE DE GUEDIAWAYE", "code": 14301}, "communaute_rurale": {"nom": "WAKHINANE NIMZATT", "code": 1430123}, "quartier_village": "KIP KM I", "milieu": "URBAIN", "thematique": null, "type_qvh": null}}, {"type": "Feature", "geometry": {"type": "Point", "coordinates": [-17.377703, 14.783959]}, "properties": {"id": "loisirs-180", "type": "loisirs", "type_label": "Loisirs", "nom": "LONASE PMU", "region": {"nom": "DAKAR", "code": 1}, "departement": {"nom": "GUEDIAWAYE", "code": 14}, "commune": {"nom": "VILLE DE GUEDIAWAYE", "code": 14301}, "communaute_rurale": {"nom": "WAKHINANE NIMZATT", "code": 1430123}, "quartier_village": "KIP KM I", "milieu": "URBAIN", "thematique": null, "type_qvh": null}}, {"type": "Feature", "geometry": {"type": "Point", "coordinates": [-17.381876, 14.784509]}, "properties": {"id": "loisirs-181", "type": "loisirs", "type_label": "Loisirs", "nom": "PMU", "region": {"nom": "DAKAR", "code": 1}, "departement": {"nom": "GUEDIAWAYE", "code": 14}, "commune": {"nom": "VILLE DE GUEDIAWAYE", "code": 14301}, "communaute_rurale": {"nom": "WAKHINANE NIMZATT", "code": 1430123}, "quartier_village": "TOUBA GUEDIAWAYE", "milieu": "URBAIN", "thematique": null, "type_qvh": null}}, {"type": "Feature", "geometry": {"type": "Point", "coordinates": [-17.380792, 14.78321]}, "properties": {"id": "loisirs-182", "type": "loisirs", "type_label": "Loisirs", "nom": "POINT DE VENTE LONASE", "region": {"nom": "DAKAR", "code": 1}, "departement": {"nom": "GUEDIAWAYE", "code": 14}, "commune": {"nom": "VILLE DE GUEDIAWAYE", "code": 14301}, "communaute_rurale": {"nom": "WAKHINANE NIMZATT", "code": 1430123}, "quartier_village": "TOUBA GUEDIAWAYE", "milieu": "URBAIN", "thematique": null, "type_qvh": null}}, {"type": "Feature", "geometry": {"type": "Point", "coordinates": [-17.379871, 14.784313]}, "properties": {"id": "loisirs-183", "type": "loisirs", "type_label": "Loisirs", "nom": "SALLE DE JEUX", "region": {"nom": "DAKAR", "code": 1}, "departement": {"nom": "GUEDIAWAYE", "code": 14}, "commune": {"nom": "VILLE DE GUEDIAWAYE", "code": 14301}, "communaute_rurale": {"nom": "WAKHINANE NIMZATT", "code": 1430123}, "quartier_village": "TIVAOUANE 1", "milieu": "URBAIN", "thematique": null, "type_qvh": null}}, {"type": "Feature", "geometry": {"type": "Point", "coordinates": [-17.378361, 14.784979]}, "properties": {"id": "loisirs-184", "type": "loisirs", "type_label": "Loisirs", "nom": "BAR", "region": {"nom": "DAKAR", "code": 1}, "departement": {"nom": "GUEDIAWAYE", "code": 14}, "commune": {"nom": "VILLE DE GUEDIAWAYE", "code": 14301}, "communaute_rurale": {"nom": "WAKHINANE NIMZATT", "code": 1430123}, "quartier_village": "ALMINKO", "milieu": "URBAIN", "thematique": null, "type_qvh": null}}, {"type": "Feature", "geometry": {"type": "Point", "coordinates": [-17.371385, 14.77567]}, "properties": {"id": "loisirs-185", "type": "loisirs", "type_label": "Loisirs", "nom": "PARI FOOT PMU", "region": {"nom": "DAKAR", "code": 1}, "departement": {"nom": "GUEDIAWAYE", "code": 14}, "commune": {"nom": "VILLE DE GUEDIAWAYE", "code": 14301}, "communaute_rurale": {"nom": "WAKHINANE NIMZATT", "code": 1430123}, "quartier_village": "NIMZATH 1", "milieu": "URBAIN", "thematique": null, "type_qvh": null}}, {"type": "Feature", "geometry": {"type": "Point", "coordinates": [-17.377301, 14.783719]}, "properties": {"id": "loisirs-186", "type": "loisirs", "type_label": "Loisirs", "nom": "BAR", "region": {"nom": "DAKAR", "code": 1}, "departement": {"nom": "GUEDIAWAYE", "code": 14}, "commune": {"nom": "VILLE DE GUEDIAWAYE", "code": 14301}, "communaute_rurale": {"nom": "WAKHINANE NIMZATT", "code": 1430123}, "quartier_village": "KIP KM II", "milieu": "URBAIN", "thematique": null, "type_qvh": null}}, {"type": "Feature", "geometry": {"type": "Point", "coordinates": [-17.378263, 14.785397]}, "properties": {"id": "loisirs-187", "type": "loisirs", "type_label": "Loisirs", "nom": "BAR", "region": {"nom": "DAKAR", "code": 1}, "departement": {"nom": "GUEDIAWAYE", "code": 14}, "commune": {"nom": "VILLE DE GUEDIAWAYE", "code": 14301}, "communaute_rurale": {"nom": "WAKHINANE NIMZATT", "code": 1430123}, "quartier_village": "DAROUKHANE II", "milieu": "URBAIN", "thematique": null, "type_qvh": null}}, {"type": "Feature", "geometry": {"type": "Point", "coordinates": [-17.37414, 14.783816]}, "properties": {"id": "loisirs-188", "type": "loisirs", "type_label": "Loisirs", "nom": "BAR", "region": {"nom": "DAKAR", "code": 1}, "departement": {"nom": "GUEDIAWAYE", "code": 14}, "commune": {"nom": "VILLE DE GUEDIAWAYE", "code": 14301}, "communaute_rurale": {"nom": "WAKHINANE NIMZATT", "code": 1430123}, "quartier_village": "BAYE LAYE", "milieu": "URBAIN", "thematique": null, "type_qvh": null}}, {"type": "Feature", "geometry": {"type": "Point", "coordinates": [-17.373219, 14.778545]}, "properties": {"id": "loisirs-189", "type": "loisirs", "type_label": "Loisirs", "nom": "BAR", "region": {"nom": "DAKAR", "code": 1}, "departement": {"nom": "GUEDIAWAYE", "code": 14}, "commune": {"nom": "VILLE DE GUEDIAWAYE", "code": 14301}, "communaute_rurale": {"nom": "WAKHINANE NIMZATT", "code": 1430123}, "quartier_village": "ANGLE MOUSSE CENTRAL", "milieu": "URBAIN", "thematique": null, "type_qvh": null}}, {"type": "Feature", "geometry": {"type": "Point", "coordinates": [-17.372558, 14.779518]}, "properties": {"id": "loisirs-190", "type": "loisirs", "type_label": "Loisirs", "nom": "BAR", "region": {"nom": "DAKAR", "code": 1}, "departement": {"nom": "GUEDIAWAYE", "code": 14}, "commune": {"nom": "VILLE DE GUEDIAWAYE", "code": 14301}, "communaute_rurale": {"nom": "WAKHINANE NIMZATT", "code": 1430123}, "quartier_village": "ANGLE MOUSS II", "milieu": "URBAIN", "thematique": null, "type_qvh": null}}, {"type": "Feature", "geometry": {"type": "Point", "coordinates": [-17.372654, 14.782399]}, "properties": {"id": "loisirs-191", "type": "loisirs", "type_label": "Loisirs", "nom": "BAR CLANDESTIN", "region": {"nom": "DAKAR", "code": 1}, "departement": {"nom": "GUEDIAWAYE", "code": 14}, "commune": {"nom": "VILLE DE GUEDIAWAYE", "code": 14301}, "communaute_rurale": {"nom": "WAKHINANE NIMZATT", "code": 1430123}, "quartier_village": "ANGLE MOUSSE KAWSARA", "milieu": "URBAIN", "thematique": null, "type_qvh": null}}, {"type": "Feature", "geometry": {"type": "Point", "coordinates": [-17.369982, 14.782993]}, "properties": {"id": "loisirs-192", "type": "loisirs", "type_label": "Loisirs", "nom": "BAR CLANDESTIN", "region": {"nom": "DAKAR", "code": 1}, "departement": {"nom": "GUEDIAWAYE", "code": 14}, "commune": {"nom": "VILLE DE GUEDIAWAYE", "code": 14301}, "communaute_rurale": {"nom": "WAKHINANE NIMZATT", "code": 1430123}, "quartier_village": "KAWSARA", "milieu": "URBAIN", "thematique": null, "type_qvh": null}}, {"type": "Feature", "geometry": {"type": "Point", "coordinates": [-17.367813, 14.776151]}, "properties": {"id": "loisirs-193", "type": "loisirs", "type_label": "Loisirs", "nom": "SALLE DE JEUX", "region": {"nom": "DAKAR", "code": 1}, "departement": {"nom": "GUEDIAWAYE", "code": 14}, "commune": {"nom": "VILLE DE GUEDIAWAYE", "code": 14301}, "communaute_rurale": {"nom": "WAKHINANE NIMZATT", "code": 1430123}, "quartier_village": "WAKHINANE IV", "milieu": "URBAIN", "thematique": null, "type_qvh": null}}, {"type": "Feature", "geometry": {"type": "Point", "coordinates": [-17.36877, 14.778316]}, "properties": {"id": "loisirs-194", "type": "loisirs", "type_label": "Loisirs", "nom": "BAR", "region": {"nom": "DAKAR", "code": 1}, "departement": {"nom": "GUEDIAWAYE", "code": 14}, "commune": {"nom": "VILLE DE GUEDIAWAYE", "code": 14301}, "communaute_rurale": {"nom": "WAKHINANE NIMZATT", "code": 1430123}, "quartier_village": "WAKHINANE IV C", "milieu": "URBAIN", "thematique": null, "type_qvh": null}}, {"type": "Feature", "geometry": {"type": "Point", "coordinates": [-17.372014, 14.787536]}, "properties": {"id": "loisirs-195", "type": "loisirs", "type_label": "Loisirs", "nom": "BAR", "region": {"nom": "DAKAR", "code": 1}, "departement": {"nom": "GUEDIAWAYE", "code": 14}, "commune": {"nom": "VILLE DE GUEDIAWAYE", "code": 14301}, "communaute_rurale": {"nom": "WAKHINANE NIMZATT", "code": 1430123}, "quartier_village": "CITE COMICO II", "milieu": "URBAIN", "thematique": null, "type_qvh": null}}, {"type": "Feature", "geometry": {"type": "Point", "coordinates": [-17.367985, 14.786689]}, "properties": {"id": "loisirs-196", "type": "loisirs", "type_label": "Loisirs", "nom": "PREMIER BET (LONASE)", "region": {"nom": "DAKAR", "code": 1}, "departement": {"nom": "GUEDIAWAYE", "code": 14}, "commune": {"nom": "VILLE DE GUEDIAWAYE", "code": 14301}, "communaute_rurale": {"nom": "WAKHINANE NIMZATT", "code": 1430123}, "quartier_village": "CITE NDIOBENE VIVIANE", "milieu": "URBAIN", "thematique": null, "type_qvh": null}}, {"type": "Feature", "geometry": {"type": "Point", "coordinates": [-17.371473, 14.784411]}, "properties": {"id": "loisirs-197", "type": "loisirs", "type_label": "Loisirs", "nom": "BAR", "region": {"nom": "DAKAR", "code": 1}, "departement": {"nom": "GUEDIAWAYE", "code": 14}, "commune": {"nom": "VILLE DE GUEDIAWAYE", "code": 14301}, "communaute_rurale": {"nom": "WAKHINANE NIMZATT", "code": 1430123}, "quartier_village": "KAWSARA", "milieu": "URBAIN", "thematique": null, "type_qvh": null}}, {"type": "Feature", "geometry": {"type": "Point", "coordinates": [-17.379042, 14.787047]}, "properties": {"id": "loisirs-198", "type": "loisirs", "type_label": "Loisirs", "nom": "BAR", "region": {"nom": "DAKAR", "code": 1}, "departement": {"nom": "GUEDIAWAYE", "code": 14}, "commune": {"nom": "VILLE DE GUEDIAWAYE", "code": 14301}, "communaute_rurale": {"nom": "WAKHINANE NIMZATT", "code": 1430123}, "quartier_village": "CITE RONDON", "milieu": "URBAIN", "thematique": null, "type_qvh": null}}, {"type": "Feature", "geometry": {"type": "Point", "coordinates": [-17.282317, 14.760632]}, "properties": {"id": "loisirs-199", "type": "loisirs", "type_label": "Loisirs", "nom": "BAR CLASSICO", "region": {"nom": "DAKAR", "code": 1}, "departement": {"nom": "KEUR MASSAR", "code": 15}, "commune": {"nom": "JAXAAY", "code": 15203}, "communaute_rurale": {"nom": "JAXAAY PARCELLES", "code": 1520301}, "quartier_village": "CITE GENDARMERIE", "milieu": "URBAIN", "thematique": null, "type_qvh": null}}, {"type": "Feature", "geometry": {"type": "Point", "coordinates": [-17.281649, 14.763451]}, "properties": {"id": "loisirs-200", "type": "loisirs", "type_label": "Loisirs", "nom": "DANCING", "region": {"nom": "DAKAR", "code": 1}, "departement": {"nom": "KEUR MASSAR", "code": 15}, "commune": {"nom": "JAXAAY", "code": 15203}, "communaute_rurale": {"nom": "JAXAAY PARCELLES", "code": 1520301}, "quartier_village": "CITE GENDARMERIE", "milieu": "URBAIN", "thematique": null, "type_qvh": null}}, {"type": "Feature", "geometry": {"type": "Point", "coordinates": [-17.2824, 14.761827]}, "properties": {"id": "loisirs-201", "type": "loisirs", "type_label": "Loisirs", "nom": "AIRE DE JEUX", "region": {"nom": "DAKAR", "code": 1}, "departement": {"nom": "KEUR MASSAR", "code": 15}, "commune": {"nom": "JAXAAY", "code": 15203}, "communaute_rurale": {"nom": "JAXAAY PARCELLES", "code": 1520301}, "quartier_village": "CITE GENDARMERIE", "milieu": "URBAIN", "thematique": null, "type_qvh": null}}, {"type": "Feature", "geometry": {"type": "Point", "coordinates": [-17.283563, 14.760892]}, "properties": {"id": "loisirs-202", "type": "loisirs", "type_label": "Loisirs", "nom": "BAR", "region": {"nom": "DAKAR", "code": 1}, "departement": {"nom": "KEUR MASSAR", "code": 15}, "commune": {"nom": "JAXAAY", "code": 15203}, "communaute_rurale": {"nom": "JAXAAY PARCELLES", "code": 1520301}, "quartier_village": "CITE GENDARMERIE", "milieu": "URBAIN", "thematique": null, "type_qvh": null}}, {"type": "Feature", "geometry": {"type": "Point", "coordinates": [-17.283171, 14.761415]}, "properties": {"id": "loisirs-203", "type": "loisirs", "type_label": "Loisirs", "nom": "BAR", "region": {"nom": "DAKAR", "code": 1}, "departement": {"nom": "KEUR MASSAR", "code": 15}, "commune": {"nom": "JAXAAY", "code": 15203}, "communaute_rurale": {"nom": "JAXAAY PARCELLES", "code": 1520301}, "quartier_village": "CITE GENDARMERIE", "milieu": "URBAIN", "thematique": null, "type_qvh": null}}, {"type": "Feature", "geometry": {"type": "Point", "coordinates": [-17.281006, 14.761437]}, "properties": {"id": "loisirs-204", "type": "loisirs", "type_label": "Loisirs", "nom": "BAR", "region": {"nom": "DAKAR", "code": 1}, "departement": {"nom": "KEUR MASSAR", "code": 15}, "commune": {"nom": "JAXAAY", "code": 15203}, "communaute_rurale": {"nom": "JAXAAY PARCELLES", "code": 1520301}, "quartier_village": "CITE GENDARMERIE", "milieu": "URBAIN", "thematique": null, "type_qvh": null}}, {"type": "Feature", "geometry": {"type": "Point", "coordinates": [-17.282274, 14.762654]}, "properties": {"id": "loisirs-205", "type": "loisirs", "type_label": "Loisirs", "nom": "BAR", "region": {"nom": "DAKAR", "code": 1}, "departement": {"nom": "KEUR MASSAR", "code": 15}, "commune": {"nom": "JAXAAY", "code": 15203}, "communaute_rurale": {"nom": "JAXAAY PARCELLES", "code": 1520301}, "quartier_village": "CITE GENDARMERIE", "milieu": "URBAIN", "thematique": null, "type_qvh": null}}, {"type": "Feature", "geometry": {"type": "Point", "coordinates": [-17.280902, 14.763312]}, "properties": {"id": "loisirs-206", "type": "loisirs", "type_label": "Loisirs", "nom": "LONASE PARIS FOOT", "region": {"nom": "DAKAR", "code": 1}, "departement": {"nom": "KEUR MASSAR", "code": 15}, "commune": {"nom": "JAXAAY", "code": 15203}, "communaute_rurale": {"nom": "JAXAAY PARCELLES", "code": 1520301}, "quartier_village": "CITE GENDARMERIE", "milieu": "URBAIN", "thematique": null, "type_qvh": null}}, {"type": "Feature", "geometry": {"type": "Point", "coordinates": [-17.27605, 14.765084]}, "properties": {"id": "loisirs-207", "type": "loisirs", "type_label": "Loisirs", "nom": "BAR", "region": {"nom": "DAKAR", "code": 1}, "departement": {"nom": "KEUR MASSAR", "code": 15}, "commune": {"nom": "JAXAAY", "code": 15203}, "communaute_rurale": {"nom": "JAXAAY PARCELLES", "code": 1520301}, "quartier_village": "CITE GENDARMERIE", "milieu": "URBAIN", "thematique": null, "type_qvh": null}}, {"type": "Feature", "geometry": {"type": "Point", "coordinates": [-17.281919, 14.763557]}, "properties": {"id": "loisirs-208", "type": "loisirs", "type_label": "Loisirs", "nom": "LOTERIE NATIONALE SENEGALAISE (LONASE)", "region": {"nom": "DAKAR", "code": 1}, "departement": {"nom": "KEUR MASSAR", "code": 15}, "commune": {"nom": "JAXAAY", "code": 15203}, "communaute_rurale": {"nom": "JAXAAY PARCELLES", "code": 1520301}, "quartier_village": "PARCELLES ASSAINIES UNITE 12 A", "milieu": "URBAIN", "thematique": null, "type_qvh": null}}, {"type": "Feature", "geometry": {"type": "Point", "coordinates": [-17.284063, 14.76144]}, "properties": {"id": "loisirs-209", "type": "loisirs", "type_label": "Loisirs", "nom": "BAR", "region": {"nom": "DAKAR", "code": 1}, "departement": {"nom": "KEUR MASSAR", "code": 15}, "commune": {"nom": "JAXAAY", "code": 15203}, "communaute_rurale": {"nom": "JAXAAY PARCELLES", "code": 1520301}, "quartier_village": "JAXAAY PARCELLES  UNITE 12 B", "milieu": "URBAIN", "thematique": null, "type_qvh": null}}, {"type": "Feature", "geometry": {"type": "Point", "coordinates": [-17.27953, 14.767739]}, "properties": {"id": "loisirs-210", "type": "loisirs", "type_label": "Loisirs", "nom": "SALLE DE JEUX", "region": {"nom": "DAKAR", "code": 1}, "departement": {"nom": "KEUR MASSAR", "code": 15}, "commune": {"nom": "JAXAAY", "code": 15203}, "communaute_rurale": {"nom": "JAXAAY PARCELLES", "code": 1520301}, "quartier_village": "PARCELLES ASSAINIES UNITE 17 B", "milieu": "URBAIN", "thematique": null, "type_qvh": null}}, {"type": "Feature", "geometry": {"type": "Point", "coordinates": [-17.334562, 14.767711]}, "properties": {"id": "loisirs-211", "type": "loisirs", "type_label": "Loisirs", "nom": "PMU", "region": {"nom": "DAKAR", "code": 1}, "departement": {"nom": "KEUR MASSAR", "code": 15}, "commune": {"nom": "MALIKA", "code": 15202}, "communaute_rurale": {"nom": "KEUR MASSAR NORD", "code": 1520201}, "quartier_village": "MEDINATOUL MOUNAWARA", "milieu": "URBAIN", "thematique": null, "type_qvh": null}}, {"type": "Feature", "geometry": {"type": "Point", "coordinates": [-17.329912, 14.784528]}, "properties": {"id": "loisirs-212", "type": "loisirs", "type_label": "Loisirs", "nom": "BAR BON SAMARITAIN", "region": {"nom": "DAKAR", "code": 1}, "departement": {"nom": "KEUR MASSAR", "code": 15}, "commune": {"nom": "MALIKA", "code": 15202}, "communaute_rurale": {"nom": "KEUR MASSAR NORD", "code": 1520201}, "quartier_village": "NGUEDIAGA 1", "milieu": "URBAIN", "thematique": null, "type_qvh": null}}, {"type": "Feature", "geometry": {"type": "Point", "coordinates": [-17.32503, 14.774433]}, "properties": {"id": "loisirs-213", "type": "loisirs", "type_label": "Loisirs", "nom": "PREMIER BET", "region": {"nom": "DAKAR", "code": 1}, "departement": {"nom": "KEUR MASSAR", "code": 15}, "commune": {"nom": "MALIKA", "code": 15202}, "communaute_rurale": {"nom": "KEUR MASSAR NORD", "code": 1520201}, "quartier_village": "DAROU MISSETTE NORD", "milieu": "URBAIN", "thematique": null, "type_qvh": null}}, {"type": "Feature", "geometry": {"type": "Point", "coordinates": [-17.290657, 14.797691]}, "properties": {"id": "loisirs-214", "type": "loisirs", "type_label": "Loisirs", "nom": "AIRE DE JEUX", "region": {"nom": "DAKAR", "code": 1}, "departement": {"nom": "KEUR MASSAR", "code": 15}, "commune": {"nom": "MALIKA", "code": 15202}, "communaute_rurale": {"nom": "KEUR MASSAR NORD", "code": 1520201}, "quartier_village": "SERIGNE MANSOUR SY", "milieu": "URBAIN", "thematique": null, "type_qvh": null}}, {"type": "Feature", "geometry": {"type": "Point", "coordinates": [-17.31146, 14.796277]}, "properties": {"id": "loisirs-215", "type": "loisirs", "type_label": "Loisirs", "nom": "BAR", "region": {"nom": "DAKAR", "code": 1}, "departement": {"nom": "KEUR MASSAR", "code": 15}, "commune": {"nom": "MALIKA", "code": 15202}, "communaute_rurale": {"nom": "KEUR MASSAR NORD", "code": 1520201}, "quartier_village": "MEDINA (GANA SARR)", "milieu": "URBAIN", "thematique": null, "type_qvh": null}}, {"type": "Feature", "geometry": {"type": "Point", "coordinates": [-17.308676, 14.791462]}, "properties": {"id": "loisirs-216", "type": "loisirs", "type_label": "Loisirs", "nom": "BAR", "region": {"nom": "DAKAR", "code": 1}, "departement": {"nom": "KEUR MASSAR", "code": 15}, "commune": {"nom": "MALIKA", "code": 15202}, "communaute_rurale": {"nom": "KEUR MASSAR NORD", "code": 1520201}, "quartier_village": "MEDINA FASS", "milieu": "URBAIN", "thematique": null, "type_qvh": null}}, {"type": "Feature", "geometry": {"type": "Point", "coordinates": [-17.293767, 14.790864]}, "properties": {"id": "loisirs-217", "type": "loisirs", "type_label": "Loisirs", "nom": "SALLE DE JEUX", "region": {"nom": "DAKAR", "code": 1}, "departement": {"nom": "KEUR MASSAR", "code": 15}, "commune": {"nom": "MALIKA", "code": 15202}, "communaute_rurale": {"nom": "KEUR MASSAR NORD", "code": 1520201}, "quartier_village": "DAROU SALAM  EXTENSION", "milieu": "URBAIN", "thematique": null, "type_qvh": null}}, {"type": "Feature", "geometry": {"type": "Point", "coordinates": [-17.293711, 14.800554]}, "properties": {"id": "loisirs-218", "type": "loisirs", "type_label": "Loisirs", "nom": "SALLE DE JEUX", "region": {"nom": "DAKAR", "code": 1}, "departement": {"nom": "KEUR MASSAR", "code": 15}, "commune": {"nom": "MALIKA", "code": 15202}, "communaute_rurale": {"nom": "KEUR MASSAR NORD", "code": 1520201}, "quartier_village": "NIMZAT SANT YALLA", "milieu": "URBAIN", "thematique": null, "type_qvh": null}}, {"type": "Feature", "geometry": {"type": "Point", "coordinates": [-17.307885, 14.784986]}, "properties": {"id": "loisirs-219", "type": "loisirs", "type_label": "Loisirs", "nom": "1X BET", "region": {"nom": "DAKAR", "code": 1}, "departement": {"nom": "KEUR MASSAR", "code": 15}, "commune": {"nom": "MALIKA", "code": 15202}, "communaute_rurale": {"nom": "KEUR MASSAR NORD", "code": 1520201}, "quartier_village": "FASS", "milieu": "URBAIN", "thematique": null, "type_qvh": null}}, {"type": "Feature", "geometry": {"type": "Point", "coordinates": [-17.310223, 14.784837]}, "properties": {"id": "loisirs-220", "type": "loisirs", "type_label": "Loisirs", "nom": "SALLE DE JEUX", "region": {"nom": "DAKAR", "code": 1}, "departement": {"nom": "KEUR MASSAR", "code": 15}, "commune": {"nom": "MALIKA", "code": 15202}, "communaute_rurale": {"nom": "KEUR MASSAR NORD", "code": 1520201}, "quartier_village": "SANTHIABA", "milieu": "URBAIN", "thematique": null, "type_qvh": null}}, {"type": "Feature", "geometry": {"type": "Point", "coordinates": [-17.316029, 14.776928]}, "properties": {"id": "loisirs-221", "type": "loisirs", "type_label": "Loisirs", "nom": "SALLE DE JEUX", "region": {"nom": "DAKAR", "code": 1}, "departement": {"nom": "KEUR MASSAR", "code": 15}, "commune": {"nom": "MALIKA", "code": 15202}, "communaute_rurale": {"nom": "KEUR MASSAR NORD", "code": 1520201}, "quartier_village": "PARCELLES ASSAINIES UNITE II", "milieu": "URBAIN", "thematique": null, "type_qvh": null}}, {"type": "Feature", "geometry": {"type": "Point", "coordinates": [-17.298578, 14.786691]}, "properties": {"id": "loisirs-222", "type": "loisirs", "type_label": "Loisirs", "nom": "FITNESS DOOLE", "region": {"nom": "DAKAR", "code": 1}, "departement": {"nom": "KEUR MASSAR", "code": 15}, "commune": {"nom": "MALIKA", "code": 15202}, "communaute_rurale": {"nom": "KEUR MASSAR NORD", "code": 1520201}, "quartier_village": "FIRDAWSI", "milieu": "URBAIN", "thematique": null, "type_qvh": null}}, {"type": "Feature", "geometry": {"type": "Point", "coordinates": [-17.303563, 14.784095]}, "properties": {"id": "loisirs-223", "type": "loisirs", "type_label": "Loisirs", "nom": "BAR", "region": {"nom": "DAKAR", "code": 1}, "departement": {"nom": "KEUR MASSAR", "code": 15}, "commune": {"nom": "MALIKA", "code": 15202}, "communaute_rurale": {"nom": "KEUR MASSAR NORD", "code": 1520201}, "quartier_village": "ALHAMDOULILAHI", "milieu": "URBAIN", "thematique": null, "type_qvh": null}}, {"type": "Feature", "geometry": {"type": "Point", "coordinates": [-17.295092, 14.77818]}, "properties": {"id": "loisirs-224", "type": "loisirs", "type_label": "Loisirs", "nom": "BAR", "region": {"nom": "DAKAR", "code": 1}, "departement": {"nom": "KEUR MASSAR", "code": 15}, "commune": {"nom": "MALIKA", "code": 15202}, "communaute_rurale": {"nom": "KEUR MASSAR NORD", "code": 1520201}, "quartier_village": "CITE GENDARMERIE", "milieu": "URBAIN", "thematique": null, "type_qvh": null}}, {"type": "Feature", "geometry": {"type": "Point", "coordinates": [-17.321086, 14.773847]}, "properties": {"id": "loisirs-225", "type": "loisirs", "type_label": "Loisirs", "nom": "BAR", "region": {"nom": "DAKAR", "code": 1}, "departement": {"nom": "KEUR MASSAR", "code": 15}, "commune": {"nom": "MALIKA", "code": 15202}, "communaute_rurale": {"nom": "KEUR MASSAR NORD", "code": 1520201}, "quartier_village": "PARCELLES ASSAINIES UNITE VI", "milieu": "URBAIN", "thematique": null, "type_qvh": null}}, {"type": "Feature", "geometry": {"type": "Point", "coordinates": [-17.30523, 14.76445]}, "properties": {"id": "loisirs-226", "type": "loisirs", "type_label": "Loisirs", "nom": "BAR COMPLEXE KAWARAFAR", "region": {"nom": "DAKAR", "code": 1}, "departement": {"nom": "KEUR MASSAR", "code": 15}, "commune": {"nom": "JAXAAY", "code": 15203}, "communaute_rurale": {"nom": "KEUR MASSAR SUD", "code": 1520302}, "quartier_village": "DAROU SALAM I", "milieu": "URBAIN", "thematique": null, "type_qvh": null}}, {"type": "Feature", "geometry": {"type": "Point", "coordinates": [-17.299848, 14.771902]}, "properties": {"id": "loisirs-227", "type": "loisirs", "type_label": "Loisirs", "nom": "BAR", "region": {"nom": "DAKAR", "code": 1}, "departement": {"nom": "KEUR MASSAR", "code": 15}, "commune": {"nom": "JAXAAY", "code": 15203}, "communaute_rurale": {"nom": "KEUR MASSAR SUD", "code": 1520302}, "quartier_village": "TOUBA NIANI", "milieu": "URBAIN", "thematique": null, "type_qvh": null}}, {"type": "Feature", "geometry": {"type": "Point", "coordinates": [-17.315047, 14.771059]}, "properties": {"id": "loisirs-228", "type": "loisirs", "type_label": "Loisirs", "nom": "BAR", "region": {"nom": "DAKAR", "code": 1}, "departement": {"nom": "KEUR MASSAR", "code": 15}, "commune": {"nom": "JAXAAY", "code": 15203}, "communaute_rurale": {"nom": "KEUR MASSAR SUD", "code": 1520302}, "quartier_village": "AINOUMADY I", "milieu": "URBAIN", "thematique": null, "type_qvh": null}}, {"type": "Feature", "geometry": {"type": "Point", "coordinates": [-17.315524, 14.772217]}, "properties": {"id": "loisirs-229", "type": "loisirs", "type_label": "Loisirs", "nom": "BAR", "region": {"nom": "DAKAR", "code": 1}, "departement": {"nom": "KEUR MASSAR", "code": 15}, "commune": {"nom": "JAXAAY", "code": 15203}, "communaute_rurale": {"nom": "KEUR MASSAR SUD", "code": 1520302}, "quartier_village": "AINOUMADY I", "milieu": "URBAIN", "thematique": null, "type_qvh": null}}, {"type": "Feature", "geometry": {"type": "Point", "coordinates": [-17.308271, 14.77461]}, "properties": {"id": "loisirs-230", "type": "loisirs", "type_label": "Loisirs", "nom": "JEU DE DAMES", "region": {"nom": "DAKAR", "code": 1}, "departement": {"nom": "KEUR MASSAR", "code": 15}, "commune": {"nom": "JAXAAY", "code": 15203}, "communaute_rurale": {"nom": "KEUR MASSAR SUD", "code": 1520302}, "quartier_village": "AINOUMADY IV", "milieu": "URBAIN", "thematique": null, "type_qvh": null}}, {"type": "Feature", "geometry": {"type": "Point", "coordinates": [-17.312972, 14.77809]}, "properties": {"id": "loisirs-231", "type": "loisirs", "type_label": "Loisirs", "nom": "ESPACE DE JEUX POUR ENFANTS", "region": {"nom": "DAKAR", "code": 1}, "departement": {"nom": "KEUR MASSAR", "code": 15}, "commune": {"nom": "JAXAAY", "code": 15203}, "communaute_rurale": {"nom": "KEUR MASSAR SUD", "code": 1520302}, "quartier_village": "AINOUMADY III", "milieu": "URBAIN", "thematique": null, "type_qvh": null}}, {"type": "Feature", "geometry": {"type": "Point", "coordinates": [-17.310708, 14.769301]}, "properties": {"id": "loisirs-232", "type": "loisirs", "type_label": "Loisirs", "nom": "BAR", "region": {"nom": "DAKAR", "code": 1}, "departement": {"nom": "KEUR MASSAR", "code": 15}, "commune": {"nom": "JAXAAY", "code": 15203}, "communaute_rurale": {"nom": "KEUR MASSAR SUD", "code": 1520302}, "quartier_village": "CITE AL AZHAR", "milieu": "URBAIN", "thematique": null, "type_qvh": null}}, {"type": "Feature", "geometry": {"type": "Point", "coordinates": [-17.304524, 14.778848]}, "properties": {"id": "loisirs-233", "type": "loisirs", "type_label": "Loisirs", "nom": "SALLE DE JEUX", "region": {"nom": "DAKAR", "code": 1}, "departement": {"nom": "KEUR MASSAR", "code": 15}, "commune": {"nom": "JAXAAY", "code": 15203}, "communaute_rurale": {"nom": "KEUR MASSAR SUD", "code": 1520302}, "quartier_village": "YA SALAM CASTOR SOTRAC", "milieu": "URBAIN", "thematique": null, "type_qvh": null}}, {"type": "Feature", "geometry": {"type": "Point", "coordinates": [-17.30529, 14.76458]}, "properties": {"id": "loisirs-234", "type": "loisirs", "type_label": "Loisirs", "nom": "LOTERIE NATIONALE SENEGALAISE (LONASE)", "region": {"nom": "DAKAR", "code": 1}, "departement": {"nom": "KEUR MASSAR", "code": 15}, "commune": {"nom": "JAXAAY", "code": 15203}, "communaute_rurale": {"nom": "KEUR MASSAR SUD", "code": 1520302}, "quartier_village": "DAROU SALAM I", "milieu": "URBAIN", "thematique": null, "type_qvh": null}}, {"type": "Feature", "geometry": {"type": "Point", "coordinates": [-17.307963, 14.764072]}, "properties": {"id": "loisirs-235", "type": "loisirs", "type_label": "Loisirs", "nom": "SALLE DE JEUX", "region": {"nom": "DAKAR", "code": 1}, "departement": {"nom": "KEUR MASSAR", "code": 15}, "commune": {"nom": "JAXAAY", "code": 15203}, "communaute_rurale": {"nom": "KEUR MASSAR SUD", "code": 1520302}, "quartier_village": "KANGUE II (CITE LA LINGUERE)", "milieu": "URBAIN", "thematique": null, "type_qvh": null}}, {"type": "Feature", "geometry": {"type": "Point", "coordinates": [-17.315235, 14.770723]}, "properties": {"id": "loisirs-236", "type": "loisirs", "type_label": "Loisirs", "nom": "LOTERIE NATIONALE SENEGALAISE (LONASE)", "region": {"nom": "DAKAR", "code": 1}, "departement": {"nom": "KEUR MASSAR", "code": 15}, "commune": {"nom": "JAXAAY", "code": 15203}, "communaute_rurale": {"nom": "KEUR MASSAR SUD", "code": 1520302}, "quartier_village": "AINOUMADY EXTENSION", "milieu": "URBAIN", "thematique": null, "type_qvh": null}}, {"type": "Feature", "geometry": {"type": "Point", "coordinates": [-17.3158, 14.771378]}, "properties": {"id": "loisirs-237", "type": "loisirs", "type_label": "Loisirs", "nom": "LOTERIE NATIONALE SENEGALAISE (LONASE)", "region": {"nom": "DAKAR", "code": 1}, "departement": {"nom": "KEUR MASSAR", "code": 15}, "commune": {"nom": "JAXAAY", "code": 15203}, "communaute_rurale": {"nom": "KEUR MASSAR SUD", "code": 1520302}, "quartier_village": "AINOUMADY EXTENSION", "milieu": "URBAIN", "thematique": null, "type_qvh": null}}, {"type": "Feature", "geometry": {"type": "Point", "coordinates": [-17.315826, 14.773689]}, "properties": {"id": "loisirs-238", "type": "loisirs", "type_label": "Loisirs", "nom": "BAR", "region": {"nom": "DAKAR", "code": 1}, "departement": {"nom": "KEUR MASSAR", "code": 15}, "commune": {"nom": "JAXAAY", "code": 15203}, "communaute_rurale": {"nom": "KEUR MASSAR SUD", "code": 1520302}, "quartier_village": "AINOUMADY II", "milieu": "URBAIN", "thematique": null, "type_qvh": null}}, {"type": "Feature", "geometry": {"type": "Point", "coordinates": [-17.302435, 14.773121]}, "properties": {"id": "loisirs-239", "type": "loisirs", "type_label": "Loisirs", "nom": "SALLE DE JEUX", "region": {"nom": "DAKAR", "code": 1}, "departement": {"nom": "KEUR MASSAR", "code": 15}, "commune": {"nom": "JAXAAY", "code": 15203}, "communaute_rurale": {"nom": "KEUR MASSAR SUD", "code": 1520302}, "quartier_village": "KEUR EL HADJI PATHE", "milieu": "URBAIN", "thematique": null, "type_qvh": null}}, {"type": "Feature", "geometry": {"type": "Point", "coordinates": [-17.302264, 14.760863]}, "properties": {"id": "loisirs-240", "type": "loisirs", "type_label": "Loisirs", "nom": "LOTERIE NATIONALE SENEGALAISE (LONASE)", "region": {"nom": "DAKAR", "code": 1}, "departement": {"nom": "KEUR MASSAR", "code": 15}, "commune": {"nom": "JAXAAY", "code": 15203}, "communaute_rurale": {"nom": "KEUR MASSAR SUD", "code": 1520302}, "quartier_village": "CITE CAMILLE BASSE", "milieu": "URBAIN", "thematique": null, "type_qvh": null}}, {"type": "Feature", "geometry": {"type": "Point", "coordinates": [-17.305427, 14.75788]}, "properties": {"id": "loisirs-241", "type": "loisirs", "type_label": "Loisirs", "nom": "BAR", "region": {"nom": "DAKAR", "code": 1}, "departement": {"nom": "KEUR MASSAR", "code": 15}, "commune": {"nom": "JAXAAY", "code": 15203}, "communaute_rurale": {"nom": "KEUR MASSAR SUD", "code": 1520302}, "quartier_village": "UCAD I ET UCAD II", "milieu": "URBAIN", "thematique": null, "type_qvh": null}}, {"type": "Feature", "geometry": {"type": "Point", "coordinates": [-17.331712, 14.789932]}, "properties": {"id": "loisirs-242", "type": "loisirs", "type_label": "Loisirs", "nom": "BAR", "region": {"nom": "DAKAR", "code": 1}, "departement": {"nom": "KEUR MASSAR", "code": 15}, "commune": {"nom": "MALIKA", "code": 15202}, "communaute_rurale": {"nom": "MALIKA", "code": 1520202}, "quartier_village": "SANTHIBA DIAGUO", "milieu": "URBAIN", "thematique": null, "type_qvh": null}}, {"type": "Feature", "geometry": {"type": "Point", "coordinates": [-17.330271, 14.789478]}, "properties": {"id": "loisirs-243", "type": "loisirs", "type_label": "Loisirs", "nom": "BAR", "region": {"nom": "DAKAR", "code": 1}, "departement": {"nom": "KEUR MASSAR", "code": 15}, "commune": {"nom": "MALIKA", "code": 15202}, "communaute_rurale": {"nom": "MALIKA", "code": 1520202}, "quartier_village": "DIAMAGUENE III", "milieu": "URBAIN", "thematique": null, "type_qvh": null}}, {"type": "Feature", "geometry": {"type": "Point", "coordinates": [-17.33105, 14.788498]}, "properties": {"id": "loisirs-244", "type": "loisirs", "type_label": "Loisirs", "nom": "BAR", "region": {"nom": "DAKAR", "code": 1}, "departement": {"nom": "KEUR MASSAR", "code": 15}, "commune": {"nom": "MALIKA", "code": 15202}, "communaute_rurale": {"nom": "MALIKA", "code": 1520202}, "quartier_village": "DIAMAGUENE III", "milieu": "URBAIN", "thematique": null, "type_qvh": null}}, {"type": "Feature", "geometry": {"type": "Point", "coordinates": [-17.330822, 14.788436]}, "properties": {"id": "loisirs-245", "type": "loisirs", "type_label": "Loisirs", "nom": "BAR", "region": {"nom": "DAKAR", "code": 1}, "departement": {"nom": "KEUR MASSAR", "code": 15}, "commune": {"nom": "MALIKA", "code": 15202}, "communaute_rurale": {"nom": "MALIKA", "code": 1520202}, "quartier_village": "DIAMAGUENE III", "milieu": "URBAIN", "thematique": null, "type_qvh": null}}, {"type": "Feature", "geometry": {"type": "Point", "coordinates": [-17.330798, 14.789916]}, "properties": {"id": "loisirs-246", "type": "loisirs", "type_label": "Loisirs", "nom": "BAR", "region": {"nom": "DAKAR", "code": 1}, "departement": {"nom": "KEUR MASSAR", "code": 15}, "commune": {"nom": "MALIKA", "code": 15202}, "communaute_rurale": {"nom": "MALIKA", "code": 1520202}, "quartier_village": "SANTHIBA DIAGUO", "milieu": "URBAIN", "thematique": null, "type_qvh": null}}, {"type": "Feature", "geometry": {"type": "Point", "coordinates": [-17.331441, 14.787878]}, "properties": {"id": "loisirs-247", "type": "loisirs", "type_label": "Loisirs", "nom": "KIOSQUE PMU", "region": {"nom": "DAKAR", "code": 1}, "departement": {"nom": "KEUR MASSAR", "code": 15}, "commune": {"nom": "MALIKA", "code": 15202}, "communaute_rurale": {"nom": "MALIKA", "code": 1520202}, "quartier_village": "DIAMAGUENE III", "milieu": "URBAIN", "thematique": null, "type_qvh": null}}, {"type": "Feature", "geometry": {"type": "Point", "coordinates": [-17.330165, 14.791533]}, "properties": {"id": "loisirs-248", "type": "loisirs", "type_label": "Loisirs", "nom": "BAR", "region": {"nom": "DAKAR", "code": 1}, "departement": {"nom": "KEUR MASSAR", "code": 15}, "commune": {"nom": "MALIKA", "code": 15202}, "communaute_rurale": {"nom": "MALIKA", "code": 1520202}, "quartier_village": "KAWSARA", "milieu": "URBAIN", "thematique": null, "type_qvh": null}}, {"type": "Feature", "geometry": {"type": "Point", "coordinates": [-17.328985, 14.792101]}, "properties": {"id": "loisirs-249", "type": "loisirs", "type_label": "Loisirs", "nom": "BAR", "region": {"nom": "DAKAR", "code": 1}, "departement": {"nom": "KEUR MASSAR", "code": 15}, "commune": {"nom": "MALIKA", "code": 15202}, "communaute_rurale": {"nom": "MALIKA", "code": 1520202}, "quartier_village": "KAWSARA", "milieu": "URBAIN", "thematique": null, "type_qvh": null}}, {"type": "Feature", "geometry": {"type": "Point", "coordinates": [-17.331796, 14.789768]}, "properties": {"id": "loisirs-250", "type": "loisirs", "type_label": "Loisirs", "nom": "BAR", "region": {"nom": "DAKAR", "code": 1}, "departement": {"nom": "KEUR MASSAR", "code": 15}, "commune": {"nom": "MALIKA", "code": 15202}, "communaute_rurale": {"nom": "MALIKA", "code": 1520202}, "quartier_village": "SANTHIBA DIAGUO", "milieu": "URBAIN", "thematique": null, "type_qvh": null}}, {"type": "Feature", "geometry": {"type": "Point", "coordinates": [-17.329017, 14.790808]}, "properties": {"id": "loisirs-251", "type": "loisirs", "type_label": "Loisirs", "nom": "BAR", "region": {"nom": "DAKAR", "code": 1}, "departement": {"nom": "KEUR MASSAR", "code": 15}, "commune": {"nom": "MALIKA", "code": 15202}, "communaute_rurale": {"nom": "MALIKA", "code": 1520202}, "quartier_village": "KAWSARA", "milieu": "URBAIN", "thematique": null, "type_qvh": null}}, {"type": "Feature", "geometry": {"type": "Point", "coordinates": [-17.35315, 14.769974]}, "properties": {"id": "loisirs-252", "type": "loisirs", "type_label": "Loisirs", "nom": "PREMIER BET", "region": {"nom": "DAKAR", "code": 1}, "departement": {"nom": "KEUR MASSAR", "code": 15}, "commune": {"nom": "YEUMBEUL NORD", "code": 15201}, "communaute_rurale": {"nom": "YEUMBEUL SUD", "code": 152012}, "quartier_village": "AFFIA  II B", "milieu": "URBAIN", "thematique": null, "type_qvh": null}}, {"type": "Feature", "geometry": {"type": "Point", "coordinates": [-17.331899, 14.741353]}, "properties": {"id": "loisirs-253", "type": "loisirs", "type_label": "Loisirs", "nom": "BAR", "region": {"nom": "DAKAR", "code": 1}, "departement": {"nom": "PIKINE", "code": 12}, "commune": {"nom": "VILLE DE PIKINE", "code": 12301}, "communaute_rurale": {"nom": "MBAO", "code": 1230135}, "quartier_village": "DABAKH MALICK", "milieu": "URBAIN", "thematique": null, "type_qvh": null}}, {"type": "Feature", "geometry": {"type": "Point", "coordinates": [-17.313293, 14.72799]}, "properties": {"id": "loisirs-254", "type": "loisirs", "type_label": "Loisirs", "nom": "LOTERIE NATIONALE SENEGALAISE (LONASE)", "region": {"nom": "DAKAR", "code": 1}, "departement": {"nom": "PIKINE", "code": 12}, "commune": {"nom": "VILLE DE PIKINE", "code": 12301}, "communaute_rurale": {"nom": "MBAO", "code": 1230135}, "quartier_village": "CITE SIPRES V", "milieu": "URBAIN", "thematique": null, "type_qvh": null}}, {"type": "Feature", "geometry": {"type": "Point", "coordinates": [-17.310067, 14.750685]}, "properties": {"id": "loisirs-255", "type": "loisirs", "type_label": "Loisirs", "nom": "BAR", "region": {"nom": "DAKAR", "code": 1}, "departement": {"nom": "PIKINE", "code": 12}, "commune": {"nom": "VILLE DE PIKINE", "code": 12301}, "communaute_rurale": {"nom": "MBAO", "code": 1230135}, "quartier_village": "MEDINA MBAO GARE ( KEUR MBAYE FALL)", "milieu": "URBAIN", "thematique": null, "type_qvh": null}}, {"type": "Feature", "geometry": {"type": "Point", "coordinates": [-17.321356, 14.730891]}, "properties": {"id": "loisirs-256", "type": "loisirs", "type_label": "Loisirs", "nom": "SALLE DE JEUX", "region": {"nom": "DAKAR", "code": 1}, "departement": {"nom": "PIKINE", "code": 12}, "commune": {"nom": "VILLE DE PIKINE", "code": 12301}, "communaute_rurale": {"nom": "MBAO", "code": 1230135}, "quartier_village": "MEDINE ( GRAND MBAO)", "milieu": "URBAIN", "thematique": null, "type_qvh": null}}, {"type": "Feature", "geometry": {"type": "Point", "coordinates": [-17.310522, 14.752865]}, "properties": {"id": "loisirs-257", "type": "loisirs", "type_label": "Loisirs", "nom": "BAR", "region": {"nom": "DAKAR", "code": 1}, "departement": {"nom": "PIKINE", "code": 12}, "commune": {"nom": "VILLE DE PIKINE", "code": 12301}, "communaute_rurale": {"nom": "MBAO", "code": 1230135}, "quartier_village": "CITE BOUGOUMA SECK", "milieu": "URBAIN", "thematique": null, "type_qvh": null}}, {"type": "Feature", "geometry": {"type": "Point", "coordinates": [-17.320698, 14.732053]}, "properties": {"id": "loisirs-258", "type": "loisirs", "type_label": "Loisirs", "nom": "LOTERIE NATIONALE SENEGALAISE (LONASE)", "region": {"nom": "DAKAR", "code": 1}, "departement": {"nom": "PIKINE", "code": 12}, "commune": {"nom": "VILLE DE PIKINE", "code": 12301}, "communaute_rurale": {"nom": "MBAO", "code": 1230135}, "quartier_village": "GRAND MBAO EXTENSION EST( GRAND MBAO)", "milieu": "URBAIN", "thematique": null, "type_qvh": null}}, {"type": "Feature", "geometry": {"type": "Point", "coordinates": [-17.323547, 14.740079]}, "properties": {"id": "loisirs-259", "type": "loisirs", "type_label": "Loisirs", "nom": "PARI FOOT", "region": {"nom": "DAKAR", "code": 1}, "departement": {"nom": "PIKINE", "code": 12}, "commune": {"nom": "VILLE DE PIKINE", "code": 12301}, "communaute_rurale": {"nom": "MBAO", "code": 1230135}, "quartier_village": "BENOU SANT YALLA", "milieu": "URBAIN", "thematique": null, "type_qvh": null}}, {"type": "Feature", "geometry": {"type": "Point", "coordinates": [-17.319932, 14.732116]}, "properties": {"id": "loisirs-260", "type": "loisirs", "type_label": "Loisirs", "nom": "BAR", "region": {"nom": "DAKAR", "code": 1}, "departement": {"nom": "PIKINE", "code": 12}, "commune": {"nom": "VILLE DE PIKINE", "code": 12301}, "communaute_rurale": {"nom": "MBAO", "code": 1230135}, "quartier_village": "GRAND MBAO EXTENSION EST( GRAND MBAO)", "milieu": "URBAIN", "thematique": null, "type_qvh": null}}, {"type": "Feature", "geometry": {"type": "Point", "coordinates": [-17.333493, 14.737728]}, "properties": {"id": "loisirs-261", "type": "loisirs", "type_label": "Loisirs", "nom": "PREMIER BET (LONASE)", "region": {"nom": "DAKAR", "code": 1}, "departement": {"nom": "PIKINE", "code": 12}, "commune": {"nom": "VILLE DE PIKINE", "code": 12301}, "communaute_rurale": {"nom": "MBAO", "code": 1230135}, "quartier_village": "PETIT MBAO EXTENTION", "milieu": "URBAIN", "thematique": null, "type_qvh": null}}, {"type": "Feature", "geometry": {"type": "Point", "coordinates": [-17.310589, 14.750398]}, "properties": {"id": "loisirs-262", "type": "loisirs", "type_label": "Loisirs", "nom": "BAR", "region": {"nom": "DAKAR", "code": 1}, "departement": {"nom": "PIKINE", "code": 12}, "commune": {"nom": "VILLE DE PIKINE", "code": 12301}, "communaute_rurale": {"nom": "MBAO", "code": 1230135}, "quartier_village": "CITE BOUGOUMA SECK", "milieu": "URBAIN", "thematique": null, "type_qvh": null}}, {"type": "Feature", "geometry": {"type": "Point", "coordinates": [-17.3096, 14.750838]}, "properties": {"id": "loisirs-263", "type": "loisirs", "type_label": "Loisirs", "nom": "BAR KASSOUMAYE", "region": {"nom": "DAKAR", "code": 1}, "departement": {"nom": "PIKINE", "code": 12}, "commune": {"nom": "VILLE DE PIKINE", "code": 12301}, "communaute_rurale": {"nom": "MBAO", "code": 1230135}, "quartier_village": "MEDINA MBAO GARE ( KEUR MBAYE FALL)", "milieu": "URBAIN", "thematique": null, "type_qvh": null}}, {"type": "Feature", "geometry": {"type": "Point", "coordinates": [-17.419482, 14.742543]}, "properties": {"id": "loisirs-264", "type": "loisirs", "type_label": "Loisirs", "nom": "BAR", "region": {"nom": "DAKAR", "code": 1}, "departement": {"nom": "PIKINE", "code": 12}, "commune": {"nom": "VILLE DE PIKINE", "code": 12301}, "communaute_rurale": {"nom": "DALIFORT", "code": 1230124}, "quartier_village": "DALIFORD II", "milieu": "URBAIN", "thematique": null, "type_qvh": null}}, {"type": "Feature", "geometry": {"type": "Point", "coordinates": [-17.389976, 14.765167]}, "properties": {"id": "loisirs-265", "type": "loisirs", "type_label": "Loisirs", "nom": "BAR", "region": {"nom": "DAKAR", "code": 1}, "departement": {"nom": "PIKINE", "code": 12}, "commune": {"nom": "VILLE DE PIKINE", "code": 12301}, "communaute_rurale": {"nom": "DJIDAH THIAROYE KAO", "code": 1230125}, "quartier_village": "TOUBA PIKINE", "milieu": "URBAIN", "thematique": null, "type_qvh": null}}, {"type": "Feature", "geometry": {"type": "Point", "coordinates": [-17.380255, 14.766961]}, "properties": {"id": "loisirs-266", "type": "loisirs", "type_label": "Loisirs", "nom": "BAR", "region": {"nom": "DAKAR", "code": 1}, "departement": {"nom": "PIKINE", "code": 12}, "commune": {"nom": "VILLE DE PIKINE", "code": 12301}, "communaute_rurale": {"nom": "DJIDAH THIAROYE KAO", "code": 1230125}, "quartier_village": "GOUYE SALANE II B", "milieu": "URBAIN", "thematique": null, "type_qvh": null}}, {"type": "Feature", "geometry": {"type": "Point", "coordinates": [-17.392281, 14.748672]}, "properties": {"id": "loisirs-267", "type": "loisirs", "type_label": "Loisirs", "nom": "PMU", "region": {"nom": "DAKAR", "code": 1}, "departement": {"nom": "PIKINE", "code": 12}, "commune": {"nom": "VILLE DE PIKINE", "code": 12301}, "communaute_rurale": {"nom": "GUINAW RAIL SUD", "code": 1230127}, "quartier_village": "MOUSDALIFA I", "milieu": "URBAIN", "thematique": null, "type_qvh": null}}, {"type": "Feature", "geometry": {"type": "Point", "coordinates": [-17.365984, 14.751388]}, "properties": {"id": "loisirs-268", "type": "loisirs", "type_label": "Loisirs", "nom": "BAR", "region": {"nom": "DAKAR", "code": 1}, "departement": {"nom": "PIKINE", "code": 12}, "commune": {"nom": "THIAROYE", "code": 12301}, "communaute_rurale": {"nom": "TIVAOUANE DIACKSAO", "code": 1230132}, "quartier_village": "WAKHINANE IV", "milieu": "URBAIN", "thematique": null, "type_qvh": null}}, {"type": "Feature", "geometry": {"type": "Point", "coordinates": [-17.364728, 14.782309]}, "properties": {"id": "loisirs-269", "type": "loisirs", "type_label": "Loisirs", "nom": "1XBET", "region": {"nom": "DAKAR", "code": 1}, "departement": {"nom": "KEUR MASSAR", "code": 15}, "commune": {"nom": "YEUMBEUL NORD", "code": 15201}, "communaute_rurale": {"nom": "YEUMBEUL NORD", "code": 1520101}, "quartier_village": "ASECNC A", "milieu": "URBAIN", "thematique": null, "type_qvh": null}}, {"type": "Feature", "geometry": {"type": "Point", "coordinates": [-17.359857, 14.777472]}, "properties": {"id": "loisirs-270", "type": "loisirs", "type_label": "Loisirs", "nom": "SALLE DE JEUX", "region": {"nom": "DAKAR", "code": 1}, "departement": {"nom": "KEUR MASSAR", "code": 15}, "commune": {"nom": "YEUMBEUL NORD", "code": 15201}, "communaute_rurale": {"nom": "YEUMBEUL NORD", "code": 1520101}, "quartier_village": "YEUMBEUL NORD II C", "milieu": "URBAIN", "thematique": null, "type_qvh": null}}, {"type": "Feature", "geometry": {"type": "Point", "coordinates": [-17.277096, 14.734711]}, "properties": {"id": "loisirs-271", "type": "loisirs", "type_label": "Loisirs", "nom": "SALLE DE JEUX", "region": {"nom": "DAKAR", "code": 1}, "departement": {"nom": "RUFISQUE", "code": 13}, "commune": {"nom": "RUFISQUE", "code": 13301}, "communaute_rurale": {"nom": "RUFISQUE NORD", "code": 1330111}, "quartier_village": "SANTA YALLA II", "milieu": "URBAIN", "thematique": null, "type_qvh": null}}, {"type": "Feature", "geometry": {"type": "Point", "coordinates": [-17.265569, 14.729163]}, "properties": {"id": "loisirs-272", "type": "loisirs", "type_label": "Loisirs", "nom": "BAR CLANDO", "region": {"nom": "DAKAR", "code": 1}, "departement": {"nom": "RUFISQUE", "code": 13}, "commune": {"nom": "RUFISQUE", "code": 13301}, "communaute_rurale": {"nom": "RUFISQUE NORD", "code": 1330111}, "quartier_village": "DAROU RAKHMANE CENTRE", "milieu": "URBAIN", "thematique": null, "type_qvh": null}}, {"type": "Feature", "geometry": {"type": "Point", "coordinates": [-17.282172, 14.722855]}, "properties": {"id": "loisirs-273", "type": "loisirs", "type_label": "Loisirs", "nom": "PARI FOOT", "region": {"nom": "DAKAR", "code": 1}, "departement": {"nom": "RUFISQUE", "code": 13}, "commune": {"nom": "RUFISQUE", "code": 13301}, "communaute_rurale": {"nom": "RUFISQUE NORD", "code": 1330111}, "quartier_village": "NDAR GOU NDAW", "milieu": "URBAIN", "thematique": null, "type_qvh": null}}, {"type": "Feature", "geometry": {"type": "Point", "coordinates": [-17.27337, 14.721053]}, "properties": {"id": "loisirs-274", "type": "loisirs", "type_label": "Loisirs", "nom": "SALLE DE JEUX", "region": {"nom": "DAKAR", "code": 1}, "departement": {"nom": "RUFISQUE", "code": 13}, "commune": {"nom": "RUFISQUE", "code": 13301}, "communaute_rurale": {"nom": "RUFISQUE NORD", "code": 1330111}, "quartier_village": "DANGOU NORD", "milieu": "URBAIN", "thematique": null, "type_qvh": null}}, {"type": "Feature", "geometry": {"type": "Point", "coordinates": [-17.279808, 14.725126]}, "properties": {"id": "loisirs-275", "type": "loisirs", "type_label": "Loisirs", "nom": "SALLE DE BABY FOOT", "region": {"nom": "DAKAR", "code": 1}, "departement": {"nom": "RUFISQUE", "code": 13}, "commune": {"nom": "RUFISQUE", "code": 13301}, "communaute_rurale": {"nom": "RUFISQUE NORD", "code": 1330111}, "quartier_village": "FASS  NOFLAYE I", "milieu": "URBAIN", "thematique": null, "type_qvh": null}}, {"type": "Feature", "geometry": {"type": "Point", "coordinates": [-17.267356, 14.722508]}, "properties": {"id": "loisirs-276", "type": "loisirs", "type_label": "Loisirs", "nom": "PARI FOOT", "region": {"nom": "DAKAR", "code": 1}, "departement": {"nom": "RUFISQUE", "code": 13}, "commune": {"nom": "RUFISQUE", "code": 13301}, "communaute_rurale": {"nom": "RUFISQUE NORD", "code": 1330111}, "quartier_village": "DIORGUA CHERIF", "milieu": "URBAIN", "thematique": null, "type_qvh": null}}, {"type": "Feature", "geometry": {"type": "Point", "coordinates": [-17.265169, 14.726815]}, "properties": {"id": "loisirs-277", "type": "loisirs", "type_label": "Loisirs", "nom": "BAR CHEZ DO", "region": {"nom": "DAKAR", "code": 1}, "departement": {"nom": "RUFISQUE", "code": 13}, "commune": {"nom": "RUFISQUE", "code": 13301}, "communaute_rurale": {"nom": "RUFISQUE NORD", "code": 1330111}, "quartier_village": "GOUYE ALDIANA", "milieu": "URBAIN", "thematique": null, "type_qvh": null}}, {"type": "Feature", "geometry": {"type": "Point", "coordinates": [-17.29568, 14.742528]}, "properties": {"id": "loisirs-278", "type": "loisirs", "type_label": "Loisirs", "nom": "BAR CHEZ NGA", "region": {"nom": "DAKAR", "code": 1}, "departement": {"nom": "RUFISQUE", "code": 13}, "commune": {"nom": "RUFISQUE", "code": 13301}, "communaute_rurale": {"nom": "RUFISQUE OUEST", "code": 1330113}, "quartier_village": "CITE KHALIFA ABABACAR SY", "milieu": "URBAIN", "thematique": null, "type_qvh": null}}, {"type": "Feature", "geometry": {"type": "Point", "coordinates": [-17.284863, 14.740263]}, "properties": {"id": "loisirs-279", "type": "loisirs", "type_label": "Loisirs", "nom": "BAR AMSTEL BEER", "region": {"nom": "DAKAR", "code": 1}, "departement": {"nom": "RUFISQUE", "code": 13}, "commune": {"nom": "RUFISQUE", "code": 13301}, "communaute_rurale": {"nom": "RUFISQUE OUEST", "code": 1330113}, "quartier_village": "CITE SERIGNE MANSOUR SY", "milieu": "URBAIN", "thematique": null, "type_qvh": null}}, {"type": "Feature", "geometry": {"type": "Point", "coordinates": [-17.297352, 14.737141]}, "properties": {"id": "loisirs-280", "type": "loisirs", "type_label": "Loisirs", "nom": "SALLE DE JEUX SOPEY NABY", "region": {"nom": "DAKAR", "code": 1}, "departement": {"nom": "RUFISQUE", "code": 13}, "commune": {"nom": "RUFISQUE", "code": 13301}, "communaute_rurale": {"nom": "RUFISQUE OUEST", "code": 1330113}, "quartier_village": "CITE SONATEL-ZAC MBAO", "milieu": "URBAIN", "thematique": null, "type_qvh": null}}, {"type": "Feature", "geometry": {"type": "Point", "coordinates": [-17.27974, 14.718448]}, "properties": {"id": "loisirs-281", "type": "loisirs", "type_label": "Loisirs", "nom": "CAISSE PMU", "region": {"nom": "DAKAR", "code": 1}, "departement": {"nom": "RUFISQUE", "code": 13}, "commune": {"nom": "RUFISQUE", "code": 13301}, "communaute_rurale": {"nom": "RUFISQUE OUEST", "code": 1330113}, "quartier_village": "THIOKHO", "milieu": "URBAIN", "thematique": null, "type_qvh": null}}, {"type": "Feature", "geometry": {"type": "Point", "coordinates": [-17.25915, 14.76326]}, "properties": {"id": "loisirs-282", "type": "loisirs", "type_label": "Loisirs", "nom": "BAR", "region": {"nom": "DAKAR", "code": 1}, "departement": {"nom": "RUFISQUE", "code": 13}, "commune": {"nom": "SANGALKAM", "code": 13202}, "communaute_rurale": {"nom": "SANGALKAM", "code": 1320202}, "quartier_village": "KOUNOUNE EXTENSION (CITE AIR FRANCE)", "milieu": "URBAIN", "thematique": null, "type_qvh": null}}, {"type": "Feature", "geometry": {"type": "Point", "coordinates": [-17.278155, 14.757293]}, "properties": {"id": "loisirs-283", "type": "loisirs", "type_label": "Loisirs", "nom": "VIP FITNESS", "region": {"nom": "DAKAR", "code": 1}, "departement": {"nom": "RUFISQUE", "code": 13}, "commune": {"nom": "SANGALKAM", "code": 13202}, "communaute_rurale": {"nom": "SANGALKAM", "code": 1320202}, "quartier_village": "CITE YACINE IMMO", "milieu": "URBAIN", "thematique": null, "type_qvh": null}}, {"type": "Feature", "geometry": {"type": "Point", "coordinates": [-17.278674, 14.756413]}, "properties": {"id": "loisirs-284", "type": "loisirs", "type_label": "Loisirs", "nom": "PISCINE", "region": {"nom": "DAKAR", "code": 1}, "departement": {"nom": "RUFISQUE", "code": 13}, "commune": {"nom": "SANGALKAM", "code": 13202}, "communaute_rurale": {"nom": "SANGALKAM", "code": 1320202}, "quartier_village": "CITE YACINE IMMO", "milieu": "URBAIN", "thematique": null, "type_qvh": null}}, {"type": "Feature", "geometry": {"type": "Point", "coordinates": [-17.28107, 14.757191]}, "properties": {"id": "loisirs-285", "type": "loisirs", "type_label": "Loisirs", "nom": "SALLE DE JEUX", "region": {"nom": "DAKAR", "code": 1}, "departement": {"nom": "RUFISQUE", "code": 13}, "commune": {"nom": "SANGALKAM", "code": 13202}, "communaute_rurale": {"nom": "SANGALKAM", "code": 1320202}, "quartier_village": "LEBOUGUI 2000", "milieu": "URBAIN", "thematique": null, "type_qvh": null}}, {"type": "Feature", "geometry": {"type": "Point", "coordinates": [-17.147289, 14.73277]}, "properties": {"id": "loisirs-286", "type": "loisirs", "type_label": "Loisirs", "nom": "BAR", "region": {"nom": "DAKAR", "code": 1}, "departement": {"nom": "RUFISQUE", "code": 13}, "commune": {"nom": "DIAMNIADIO", "code": 13201}, "communaute_rurale": {"nom": "SEBIKOTANE", "code": 1320102}, "quartier_village": "SEBI THIOKHO", "milieu": "URBAIN", "thematique": null, "type_qvh": null}}, {"type": "Feature", "geometry": {"type": "Point", "coordinates": [-17.148069, 14.736988]}, "properties": {"id": "loisirs-287", "type": "loisirs", "type_label": "Loisirs", "nom": "SALLE DE JEUX", "region": {"nom": "DAKAR", "code": 1}, "departement": {"nom": "RUFISQUE", "code": 13}, "commune": {"nom": "DIAMNIADIO", "code": 13201}, "communaute_rurale": {"nom": "SEBIKOTANE", "code": 1320102}, "quartier_village": "SEBI FASS LE", "milieu": "URBAIN", "thematique": null, "type_qvh": null}}, {"type": "Feature", "geometry": {"type": "Point", "coordinates": [-17.270879, 14.712356]}, "properties": {"id": "loisirs-288", "type": "loisirs", "type_label": "Loisirs", "nom": "BAR", "region": {"nom": "DAKAR", "code": 1}, "departement": {"nom": "RUFISQUE", "code": 13}, "commune": {"nom": "RUFISQUE", "code": 13301}, "communaute_rurale": {"nom": "RUFISQUE EST", "code": 1330112}, "quartier_village": "KEURY KAW", "milieu": "URBAIN", "thematique": null, "type_qvh": null}}, {"type": "Feature", "geometry": {"type": "Point", "coordinates": [-17.2734, 14.711948]}, "properties": {"id": "loisirs-289", "type": "loisirs", "type_label": "Loisirs", "nom": "BAR", "region": {"nom": "DAKAR", "code": 1}, "departement": {"nom": "RUFISQUE", "code": 13}, "commune": {"nom": "RUFISQUE", "code": 13301}, "communaute_rurale": {"nom": "RUFISQUE EST", "code": 1330112}, "quartier_village": "KEURY KAW", "milieu": "URBAIN", "thematique": null, "type_qvh": null}}, {"type": "Feature", "geometry": {"type": "Point", "coordinates": [-17.351681, 14.740279]}, "properties": {"id": "loisirs-290", "type": "loisirs", "type_label": "Loisirs", "nom": "CLUB HOUSE", "region": {"nom": "DAKAR", "code": 1}, "departement": {"nom": "PIKINE", "code": 12}, "commune": {"nom": "VILLE DE PIKINE", "code": 12301}, "communaute_rurale": {"nom": "THIAROYE SUR MER", "code": 1230131}, "quartier_village": "CITE OUSMANE FALL", "milieu": "URBAIN", "thematique": null, "type_qvh": null}}, {"type": "Feature", "geometry": {"type": "Point", "coordinates": [-17.395449, 14.755615]}, "properties": {"id": "loisirs-291", "type": "loisirs", "type_label": "Loisirs", "nom": "LOTERIE NATIONALE SENEGALAISE (LONASE)", "region": {"nom": "DAKAR", "code": 1}, "departement": {"nom": "PIKINE", "code": 12}, "commune": {"nom": "VILLE DE PIKINE", "code": 12301}, "communaute_rurale": {"nom": "PIKINE OUEST", "code": 1230121}, "quartier_village": "GAZELLE EST", "milieu": "URBAIN", "thematique": null, "type_qvh": null}}, {"type": "Feature", "geometry": {"type": "Point", "coordinates": [-17.388744, 14.7591]}, "properties": {"id": "loisirs-292", "type": "loisirs", "type_label": "Loisirs", "nom": "BAR", "region": {"nom": "DAKAR", "code": 1}, "departement": {"nom": "PIKINE", "code": 12}, "commune": {"nom": "VILLE DE PIKINE", "code": 12301}, "communaute_rurale": {"nom": "PIKINE EST", "code": 1230122}, "quartier_village": "CITE COCOTIERS", "milieu": "URBAIN", "thematique": null, "type_qvh": null}}, {"type": "Feature", "geometry": {"type": "Point", "coordinates": [-17.389498, 14.757265]}, "properties": {"id": "loisirs-293", "type": "loisirs", "type_label": "Loisirs", "nom": "CINEMA AWA", "region": {"nom": "DAKAR", "code": 1}, "departement": {"nom": "PIKINE", "code": 12}, "commune": {"nom": "VILLE DE PIKINE", "code": 12301}, "communaute_rurale": {"nom": "PIKINE EST", "code": 1230122}, "quartier_village": "TOUBA DIACKSAO", "milieu": "URBAIN", "thematique": null, "type_qvh": null}}, {"type": "Feature", "geometry": {"type": "Point", "coordinates": [-17.388743, 14.759098]}, "properties": {"id": "loisirs-294", "type": "loisirs", "type_label": "Loisirs", "nom": "BAR", "region": {"nom": "DAKAR", "code": 1}, "departement": {"nom": "PIKINE", "code": 12}, "commune": {"nom": "VILLE DE PIKINE", "code": 12301}, "communaute_rurale": {"nom": "PIKINE EST", "code": 1230122}, "quartier_village": "CITE COCOTIERS", "milieu": "URBAIN", "thematique": null, "type_qvh": null}}, {"type": "Feature", "geometry": {"type": "Point", "coordinates": [-17.373176, 14.762868]}, "properties": {"id": "loisirs-295", "type": "loisirs", "type_label": "Loisirs", "nom": "BAR", "region": {"nom": "DAKAR", "code": 1}, "departement": {"nom": "PIKINE", "code": 12}, "commune": {"nom": "VILLE DE PIKINE", "code": 12301}, "communaute_rurale": {"nom": "THIAROYE GARE", "code": 1230134}, "quartier_village": null, "milieu": "URBAIN", "thematique": null, "type_qvh": null}}, {"type": "Feature", "geometry": {"type": "Point", "coordinates": [-17.372018, 14.763304]}, "properties": {"id": "loisirs-296", "type": "loisirs", "type_label": "Loisirs", "nom": "JEU LONASE PARIS SPORTIF ET PMU", "region": {"nom": "DAKAR", "code": 1}, "departement": {"nom": "PIKINE", "code": 12}, "commune": {"nom": "VILLE DE PIKINE", "code": 12301}, "communaute_rurale": {"nom": "THIAROYE GARE", "code": 1230134}, "quartier_village": null, "milieu": "URBAIN", "thematique": null, "type_qvh": null}}, {"type": "Feature", "geometry": {"type": "Point", "coordinates": [-17.293249, 14.788454]}, "properties": {"id": "loisirs-297", "type": "loisirs", "type_label": "Loisirs", "nom": "PREMIER BET (LONASE)", "region": {"nom": "DAKAR", "code": 1}, "departement": {"nom": "RUFISQUE", "code": 13}, "commune": {"nom": "SANGALKAM", "code": 13202}, "communaute_rurale": {"nom": "TIVAOUANE PEULH NIAGHA", "code": 1320203}, "quartier_village": "DAROU SALAM 2", "milieu": "RURAL", "thematique": null, "type_qvh": null}}, {"type": "Feature", "geometry": {"type": "Point", "coordinates": [-17.279905, 14.808491]}, "properties": {"id": "loisirs-298", "type": "loisirs", "type_label": "Loisirs", "nom": "LOTERIE NATIONALE SENEGALAISE (LONASE)", "region": {"nom": "DAKAR", "code": 1}, "departement": {"nom": "RUFISQUE", "code": 13}, "commune": {"nom": "SANGALKAM", "code": 13202}, "communaute_rurale": {"nom": "TIVAOUANE PEULH NIAGHA", "code": 1320203}, "quartier_village": "DALAL DIAME", "milieu": "RURAL", "thematique": null, "type_qvh": null}}, {"type": "Feature", "geometry": {"type": "Point", "coordinates": [-17.279413, 14.807099]}, "properties": {"id": "loisirs-299", "type": "loisirs", "type_label": "Loisirs", "nom": "SALLE DE JEUX", "region": {"nom": "DAKAR", "code": 1}, "departement": {"nom": "RUFISQUE", "code": 13}, "commune": {"nom": "SANGALKAM", "code": 13202}, "communaute_rurale": {"nom": "TIVAOUANE PEULH NIAGHA", "code": 1320203}, "quartier_village": "TAWFEKHE", "milieu": "RURAL", "thematique": null, "type_qvh": null}}, {"type": "Feature", "geometry": {"type": "Point", "coordinates": [-17.253093, 14.811233]}, "properties": {"id": "loisirs-300", "type": "loisirs", "type_label": "Loisirs", "nom": "SALLE DE JEUX", "region": {"nom": "DAKAR", "code": 1}, "departement": {"nom": "RUFISQUE", "code": 13}, "commune": {"nom": "SANGALKAM", "code": 13202}, "communaute_rurale": {"nom": "TIVAOUANE PEULH NIAGHA", "code": 1320203}, "quartier_village": "HLM 1", "milieu": "RURAL", "thematique": null, "type_qvh": null}}, {"type": "Feature", "geometry": {"type": "Point", "coordinates": [-17.274743, 14.811287]}, "properties": {"id": "loisirs-301", "type": "loisirs", "type_label": "Loisirs", "nom": "SALLE DE JEUX", "region": {"nom": "DAKAR", "code": 1}, "departement": {"nom": "RUFISQUE", "code": 13}, "commune": {"nom": "SANGALKAM", "code": 13202}, "communaute_rurale": {"nom": "TIVAOUANE PEULH NIAGHA", "code": 1320203}, "quartier_village": "MOUSDALIFA NGUELMAK", "milieu": "RURAL", "thematique": null, "type_qvh": null}}, {"type": "Feature", "geometry": {"type": "Point", "coordinates": [-17.250779, 14.835523]}, "properties": {"id": "loisirs-302", "type": "loisirs", "type_label": "Loisirs", "nom": "DESERT DE LOISIRS CHAMEAU ET MOTO CROSS", "region": {"nom": "DAKAR", "code": 1}, "departement": {"nom": "RUFISQUE", "code": 13}, "commune": {"nom": "SANGALKAM", "code": 13202}, "communaute_rurale": {"nom": "TIVAOUANE PEULH NIAGHA", "code": 1320203}, "quartier_village": "NIAGHA PEULH", "milieu": "RURAL", "thematique": null, "type_qvh": null}}, {"type": "Feature", "geometry": {"type": "Point", "coordinates": [-17.27401, 14.785599]}, "properties": {"id": "loisirs-303", "type": "loisirs", "type_label": "Loisirs", "nom": "BABY FOOT", "region": {"nom": "DAKAR", "code": 1}, "departement": {"nom": "RUFISQUE", "code": 13}, "commune": {"nom": "SANGALKAM", "code": 13202}, "communaute_rurale": {"nom": "TIVAOUANE PEULH NIAGHA", "code": 1320203}, "quartier_village": "NIACOUL RAB", "milieu": "RURAL", "thematique": null, "type_qvh": null}}, {"type": "Feature", "geometry": {"type": "Point", "coordinates": [-17.268469, 14.781173]}, "properties": {"id": "loisirs-304", "type": "loisirs", "type_label": "Loisirs", "nom": "SALLE DE JEUX", "region": {"nom": "DAKAR", "code": 1}, "departement": {"nom": "RUFISQUE", "code": 13}, "commune": {"nom": "SANGALKAM", "code": 13202}, "communaute_rurale": {"nom": "TIVAOUANE PEULH NIAGHA", "code": 1320203}, "quartier_village": "NIACOUL RAB", "milieu": "RURAL", "thematique": null, "type_qvh": null}}, {"type": "Feature", "geometry": {"type": "Point", "coordinates": [-17.471411, 14.74174]}, "properties": {"id": "loisirs-305", "type": "loisirs", "type_label": "Loisirs", "nom": "LOTERIE NATIONALE SENEGALAISE (LONASE)", "region": {"nom": "DAKAR", "code": 1}, "departement": {"nom": "DAKAR", "code": 11}, "commune": {"nom": "DAKAR", "code": 11301}, "communaute_rurale": {"nom": "YOFF", "code": 1130133}, "quartier_village": "CITE TOBAGO", "milieu": "URBAIN", "thematique": null, "type_qvh": null}}, {"type": "Feature", "geometry": {"type": "Point", "coordinates": [-17.475651, 14.761694]}, "properties": {"id": "loisirs-306", "type": "loisirs", "type_label": "Loisirs", "nom": "Loisirs", "region": {"nom": "DAKAR", "code": 1}, "departement": {"nom": "DAKAR", "code": 11}, "commune": {"nom": "DAKAR", "code": 11301}, "communaute_rurale": {"nom": "YOFF", "code": 1130133}, "quartier_village": "DAGOUDANE", "milieu": "URBAIN", "thematique": null, "type_qvh": null}}, {"type": "Feature", "geometry": {"type": "Point", "coordinates": [-17.47329, 14.760833]}, "properties": {"id": "loisirs-307", "type": "loisirs", "type_label": "Loisirs", "nom": "PLR", "region": {"nom": "DAKAR", "code": 1}, "departement": {"nom": "DAKAR", "code": 11}, "commune": {"nom": "DAKAR", "code": 11301}, "communaute_rurale": {"nom": "YOFF", "code": 1130133}, "quartier_village": "YOFF MBENGUENE", "milieu": "URBAIN", "thematique": null, "type_qvh": null}}, {"type": "Feature", "geometry": {"type": "Point", "coordinates": [-17.477135, 14.756943]}, "properties": {"id": "loisirs-308", "type": "loisirs", "type_label": "Loisirs", "nom": "PARI FOOT", "region": {"nom": "DAKAR", "code": 1}, "departement": {"nom": "DAKAR", "code": 11}, "commune": {"nom": "DAKAR", "code": 11301}, "communaute_rurale": {"nom": "YOFF", "code": 1130133}, "quartier_village": "NDEUNGAGNE", "milieu": "URBAIN", "thematique": null, "type_qvh": null}}, {"type": "Feature", "geometry": {"type": "Point", "coordinates": [-17.496217, 14.754416]}, "properties": {"id": "loisirs-309", "type": "loisirs", "type_label": "Loisirs", "nom": "COPA CABANA (SURF VILLAGE)", "region": {"nom": "DAKAR", "code": 1}, "departement": {"nom": "DAKAR", "code": 11}, "commune": {"nom": "DAKAR", "code": 11301}, "communaute_rurale": {"nom": "YOFF", "code": 1130133}, "quartier_village": "TOUNDEUP REYA", "milieu": "URBAIN", "thematique": null, "type_qvh": null}}, {"type": "Feature", "geometry": {"type": "Point", "coordinates": [-17.491317, 14.749615]}, "properties": {"id": "loisirs-310", "type": "loisirs", "type_label": "Loisirs", "nom": "AINIDO CLUB", "region": {"nom": "DAKAR", "code": 1}, "departement": {"nom": "DAKAR", "code": 11}, "commune": {"nom": "DAKAR", "code": 11301}, "communaute_rurale": {"nom": "YOFF", "code": 1130133}, "quartier_village": "CITE ASECNA", "milieu": "URBAIN", "thematique": null, "type_qvh": null}}, {"type": "Feature", "geometry": {"type": "Point", "coordinates": [-17.486162, 14.755181]}, "properties": {"id": "loisirs-311", "type": "loisirs", "type_label": "Loisirs", "nom": "CINEMA", "region": {"nom": "DAKAR", "code": 1}, "departement": {"nom": "DAKAR", "code": 11}, "commune": {"nom": "DAKAR", "code": 11301}, "communaute_rurale": {"nom": "YOFF", "code": 1130133}, "quartier_village": "CITE ASECNA EXTENSION", "milieu": "URBAIN", "thematique": null, "type_qvh": null}}, {"type": "Feature", "geometry": {"type": "Point", "coordinates": [-17.464786, 14.753631]}, "properties": {"id": "loisirs-312", "type": "loisirs", "type_label": "Loisirs", "nom": "PARI FOOT", "region": {"nom": "DAKAR", "code": 1}, "departement": {"nom": "DAKAR", "code": 11}, "commune": {"nom": "DAKAR", "code": 11301}, "communaute_rurale": {"nom": "YOFF", "code": 1130133}, "quartier_village": "YOFF EXTENSION", "milieu": "URBAIN", "thematique": null, "type_qvh": null}}, {"type": "Feature", "geometry": {"type": "Point", "coordinates": [-17.4655, 14.74906]}, "properties": {"id": "loisirs-313", "type": "loisirs", "type_label": "Loisirs", "nom": "AUDIO VISUELLE ET CINEMATOGRAPHIQUE", "region": {"nom": "DAKAR", "code": 1}, "departement": {"nom": "DAKAR", "code": 11}, "commune": {"nom": "DAKAR", "code": 11301}, "communaute_rurale": {"nom": "YOFF", "code": 1130133}, "quartier_village": "CITE BARA MBOUP", "milieu": "URBAIN", "thematique": null, "type_qvh": null}}, {"type": "Feature", "geometry": {"type": "Point", "coordinates": [-17.472363, 14.747947]}, "properties": {"id": "loisirs-314", "type": "loisirs", "type_label": "Loisirs", "nom": "BAR", "region": {"nom": "DAKAR", "code": 1}, "departement": {"nom": "DAKAR", "code": 11}, "commune": {"nom": "DAKAR", "code": 11301}, "communaute_rurale": {"nom": "YOFF", "code": 1130133}, "quartier_village": "CITE AIR FRANCE", "milieu": "URBAIN", "thematique": null, "type_qvh": null}}, {"type": "Feature", "geometry": {"type": "Point", "coordinates": [-17.467564, 14.749014]}, "properties": {"id": "loisirs-315", "type": "loisirs", "type_label": "Loisirs", "nom": "PREMIER BET", "region": {"nom": "DAKAR", "code": 1}, "departement": {"nom": "DAKAR", "code": 11}, "commune": {"nom": "DAKAR", "code": 11301}, "communaute_rurale": {"nom": "YOFF", "code": 1130133}, "quartier_village": "CITE A. EL. MAS", "milieu": "URBAIN", "thematique": null, "type_qvh": null}}, {"type": "Feature", "geometry": {"type": "Point", "coordinates": [-17.457089, 14.751601]}, "properties": {"id": "loisirs-316", "type": "loisirs", "type_label": "Loisirs", "nom": "DANCING YENGOULENE", "region": {"nom": "DAKAR", "code": 1}, "departement": {"nom": "DAKAR", "code": 11}, "commune": {"nom": "DAKAR", "code": 11301}, "communaute_rurale": {"nom": "YOFF", "code": 1130133}, "quartier_village": "CITE AZUR III", "milieu": "URBAIN", "thematique": null, "type_qvh": null}}, {"type": "Feature", "geometry": {"type": "Point", "coordinates": [-17.459173, 14.754279]}, "properties": {"id": "loisirs-317", "type": "loisirs", "type_label": "Loisirs", "nom": "BAR", "region": {"nom": "DAKAR", "code": 1}, "departement": {"nom": "DAKAR", "code": 11}, "commune": {"nom": "DAKAR", "code": 11301}, "communaute_rurale": {"nom": "YOFF", "code": 1130133}, "quartier_village": "CITE AZUR I", "milieu": "URBAIN", "thematique": null, "type_qvh": null}}, {"type": "Feature", "geometry": {"type": "Point", "coordinates": [-17.480334, 14.760456]}, "properties": {"id": "loisirs-318", "type": "loisirs", "type_label": "Loisirs", "nom": "SALLE DE JEUX", "region": {"nom": "DAKAR", "code": 1}, "departement": {"nom": "DAKAR", "code": 11}, "commune": {"nom": "DAKAR", "code": 11301}, "communaute_rurale": {"nom": "YOFF", "code": 1130133}, "quartier_village": "TONGHOR", "milieu": "URBAIN", "thematique": null, "type_qvh": null}}, {"type": "Feature", "geometry": {"type": "Point", "coordinates": [-17.462739, 14.758777]}, "properties": {"id": "loisirs-319", "type": "loisirs", "type_label": "Loisirs", "nom": "AGENCE LONASE", "region": {"nom": "DAKAR", "code": 1}, "departement": {"nom": "DAKAR", "code": 11}, "commune": {"nom": "DAKAR", "code": 11301}, "communaute_rurale": {"nom": "YOFF", "code": 1130133}, "quartier_village": "CITE APECSY II OUEST", "milieu": "URBAIN", "thematique": null, "type_qvh": null}}, {"type": "Feature", "geometry": {"type": "Point", "coordinates": [-15.605312, 12.754951]}, "properties": {"id": "loisirs-320", "type": "loisirs", "type_label": "Loisirs", "nom": "DANCING", "region": {"nom": "SEDHIOU", "code": 14}, "departement": {"nom": "SEDHIOU", "code": 141}, "commune": {"nom": "DIENDE", "code": 141201}, "communaute_rurale": {"nom": "DIENDE", "code": 14120101}, "quartier_village": "BISSARI (DIOUNKOYA)", "milieu": "RURAL", "thematique": null, "type_qvh": null}}, {"type": "Feature", "geometry": {"type": "Point", "coordinates": [-15.801059, 12.610413]}, "properties": {"id": "loisirs-321", "type": "loisirs", "type_label": "Loisirs", "nom": "DANCING", "region": {"nom": "SEDHIOU", "code": 14}, "departement": {"nom": "SEDHIOU", "code": 141}, "commune": {"nom": "DJIREDJI", "code": 141203}, "communaute_rurale": {"nom": "DJIREDJI", "code": 14120302}, "quartier_village": "BERETO", "milieu": "RURAL", "thematique": null, "type_qvh": null}}, {"type": "Feature", "geometry": {"type": "Point", "coordinates": [-15.601127, 12.884054]}, "properties": {"id": "loisirs-322", "type": "loisirs", "type_label": "Loisirs", "nom": "DISCOTHEQUE", "region": {"nom": "SEDHIOU", "code": 14}, "departement": {"nom": "SEDHIOU", "code": 141}, "commune": {"nom": "DIENDE", "code": 141201}, "communaute_rurale": {"nom": "KOUSSY", "code": 14120104}, "quartier_village": "NIMZAT", "milieu": "RURAL", "thematique": null, "type_qvh": null}}, {"type": "Feature", "geometry": {"type": "Point", "coordinates": [-15.977815, 12.830386]}, "properties": {"id": "loisirs-323", "type": "loisirs", "type_label": "Loisirs", "nom": "SALLE DE JEUX", "region": {"nom": "SEDHIOU", "code": 14}, "departement": {"nom": "SEDHIOU", "code": 141}, "commune": {"nom": "MARSASSOUM", "code": 141102}, "communaute_rurale": {"nom": "MARSASSOUM", "code": 14110200}, "quartier_village": "BELALY", "milieu": "URBAIN", "thematique": null, "type_qvh": null}}, {"type": "Feature", "geometry": {"type": "Point", "coordinates": [-15.838032, 12.769225]}, "properties": {"id": "loisirs-324", "type": "loisirs", "type_label": "Loisirs", "nom": "DANCING", "region": {"nom": "SEDHIOU", "code": 14}, "departement": {"nom": "SEDHIOU", "code": 141}, "commune": {"nom": "DJIBABOUYA", "code": 141202}, "communaute_rurale": {"nom": "SANSAMBA", "code": 14120202}, "quartier_village": "KOOLING", "milieu": "RURAL", "thematique": null, "type_qvh": null}}, {"type": "Feature", "geometry": {"type": "Point", "coordinates": [-15.567423, 12.710514]}, "properties": {"id": "loisirs-325", "type": "loisirs", "type_label": "Loisirs", "nom": "SALLE DE JEUX", "region": {"nom": "SEDHIOU", "code": 14}, "departement": {"nom": "SEDHIOU", "code": 141}, "commune": {"nom": "SEDHIOU", "code": 141101}, "communaute_rurale": {"nom": "SEDHIOU", "code": 14110100}, "quartier_village": "MORICOUNDA", "milieu": "URBAIN", "thematique": null, "type_qvh": null}}, {"type": "Feature", "geometry": {"type": "Point", "coordinates": [-15.564109, 12.710337]}, "properties": {"id": "loisirs-326", "type": "loisirs", "type_label": "Loisirs", "nom": "BAR", "region": {"nom": "SEDHIOU", "code": 14}, "departement": {"nom": "SEDHIOU", "code": 141}, "commune": {"nom": "SEDHIOU", "code": 141101}, "communaute_rurale": {"nom": "SEDHIOU", "code": 14110100}, "quartier_village": "SANTASSOU III", "milieu": "URBAIN", "thematique": null, "type_qvh": null}}, {"type": "Feature", "geometry": {"type": "Point", "coordinates": [-15.561856, 12.702609]}, "properties": {"id": "loisirs-327", "type": "loisirs", "type_label": "Loisirs", "nom": "PLAYER  SPORT", "region": {"nom": "SEDHIOU", "code": 14}, "departement": {"nom": "SEDHIOU", "code": 141}, "commune": {"nom": "SEDHIOU", "code": 141101}, "communaute_rurale": {"nom": "SEDHIOU", "code": 14110100}, "quartier_village": "SANTASSOU II", "milieu": "URBAIN", "thematique": null, "type_qvh": null}}, {"type": "Feature", "geometry": {"type": "Point", "coordinates": [-15.552923, 12.705423]}, "properties": {"id": "loisirs-328", "type": "loisirs", "type_label": "Loisirs", "nom": "SALLE DE JEUX", "region": {"nom": "SEDHIOU", "code": 14}, "departement": {"nom": "SEDHIOU", "code": 141}, "commune": {"nom": "SEDHIOU", "code": 141101}, "communaute_rurale": {"nom": "SEDHIOU", "code": 14110100}, "quartier_village": "JULESCOUNDA", "milieu": "URBAIN", "thematique": null, "type_qvh": null}}, {"type": "Feature", "geometry": {"type": "Point", "coordinates": [-15.552506, 12.708122]}, "properties": {"id": "loisirs-329", "type": "loisirs", "type_label": "Loisirs", "nom": "BOITE SELO", "region": {"nom": "SEDHIOU", "code": 14}, "departement": {"nom": "SEDHIOU", "code": 141}, "commune": {"nom": "SEDHIOU", "code": 141101}, "communaute_rurale": {"nom": "SEDHIOU", "code": 14110100}, "quartier_village": "MANSACOUNDA", "milieu": "URBAIN", "thematique": null, "type_qvh": null}}, {"type": "Feature", "geometry": {"type": "Point", "coordinates": [-15.56043, 12.714348]}, "properties": {"id": "loisirs-330", "type": "loisirs", "type_label": "Loisirs", "nom": "LOTERIE NATIONALE SENEGALAISE (LONASE)", "region": {"nom": "SEDHIOU", "code": 14}, "departement": {"nom": "SEDHIOU", "code": 141}, "commune": {"nom": "SEDHIOU", "code": 141101}, "communaute_rurale": {"nom": "SEDHIOU", "code": 14110100}, "quartier_village": "KABEUMB", "milieu": "URBAIN", "thematique": null, "type_qvh": null}}, {"type": "Feature", "geometry": {"type": "Point", "coordinates": [-15.870775, 12.566421]}, "properties": {"id": "loisirs-331", "type": "loisirs", "type_label": "Loisirs", "nom": "BAR", "region": {"nom": "SEDHIOU", "code": 14}, "departement": {"nom": "GOUDOMP", "code": 143}, "commune": {"nom": "GOUDOMP", "code": 143101}, "communaute_rurale": {"nom": "GOUDOMP", "code": 14310100}, "quartier_village": "HAMDALAYE", "milieu": "URBAIN", "thematique": null, "type_qvh": null}}, {"type": "Feature", "geometry": {"type": "Point", "coordinates": [-15.876865, 12.569653]}, "properties": {"id": "loisirs-332", "type": "loisirs", "type_label": "Loisirs", "nom": "BAR FRONTIERE", "region": {"nom": "SEDHIOU", "code": 14}, "departement": {"nom": "GOUDOMP", "code": 143}, "commune": {"nom": "GOUDOMP", "code": 143101}, "communaute_rurale": {"nom": "GOUDOMP", "code": 14310100}, "quartier_village": "SANSANCONO", "milieu": "URBAIN", "thematique": null, "type_qvh": null}}, {"type": "Feature", "geometry": {"type": "Point", "coordinates": [-15.87895, 12.571392]}, "properties": {"id": "loisirs-333", "type": "loisirs", "type_label": "Loisirs", "nom": "SALLE DE JEUX", "region": {"nom": "SEDHIOU", "code": 14}, "departement": {"nom": "GOUDOMP", "code": 143}, "commune": {"nom": "GOUDOMP", "code": 143101}, "communaute_rurale": {"nom": "GOUDOMP", "code": 14310100}, "quartier_village": "SANSANCONO", "milieu": "URBAIN", "thematique": null, "type_qvh": null}}, {"type": "Feature", "geometry": {"type": "Point", "coordinates": [-15.880173, 12.570022]}, "properties": {"id": "loisirs-334", "type": "loisirs", "type_label": "Loisirs", "nom": "BAR", "region": {"nom": "SEDHIOU", "code": 14}, "departement": {"nom": "GOUDOMP", "code": 143}, "commune": {"nom": "GOUDOMP", "code": 143101}, "communaute_rurale": {"nom": "GOUDOMP", "code": 14310100}, "quartier_village": "DIOLACOUNDA I", "milieu": "URBAIN", "thematique": null, "type_qvh": null}}, {"type": "Feature", "geometry": {"type": "Point", "coordinates": [-15.882749, 12.572784]}, "properties": {"id": "loisirs-335", "type": "loisirs", "type_label": "Loisirs", "nom": "BAR", "region": {"nom": "SEDHIOU", "code": 14}, "departement": {"nom": "GOUDOMP", "code": 143}, "commune": {"nom": "GOUDOMP", "code": 143101}, "communaute_rurale": {"nom": "GOUDOMP", "code": 14310100}, "quartier_village": "DIOLACOUNDA II", "milieu": "URBAIN", "thematique": null, "type_qvh": null}}, {"type": "Feature", "geometry": {"type": "Point", "coordinates": [-15.950646, 12.538422]}, "properties": {"id": "loisirs-336", "type": "loisirs", "type_label": "Loisirs", "nom": "SALLE DES FETES", "region": {"nom": "SEDHIOU", "code": 14}, "departement": {"nom": "GOUDOMP", "code": 143}, "commune": {"nom": "DJIBANAR", "code": 143201}, "communaute_rurale": {"nom": "KAOUR", "code": 14320102}, "quartier_village": "SINGHER ESCALE", "milieu": "RURAL", "thematique": null, "type_qvh": null}}, {"type": "Feature", "geometry": {"type": "Point", "coordinates": [-15.950535, 12.590648]}, "properties": {"id": "loisirs-337", "type": "loisirs", "type_label": "Loisirs", "nom": "SALLE DE JEUX", "region": {"nom": "SEDHIOU", "code": 14}, "departement": {"nom": "GOUDOMP", "code": 143}, "commune": {"nom": "DJIBANAR", "code": 143201}, "communaute_rurale": {"nom": "KAOUR", "code": 14320102}, "quartier_village": "MANGACOUNDA", "milieu": "RURAL", "thematique": null, "type_qvh": null}}, {"type": "Feature", "geometry": {"type": "Point", "coordinates": [-15.951396, 12.590986]}, "properties": {"id": "loisirs-338", "type": "loisirs", "type_label": "Loisirs", "nom": "SALLE DE JEUX", "region": {"nom": "SEDHIOU", "code": 14}, "departement": {"nom": "GOUDOMP", "code": 143}, "commune": {"nom": "DJIBANAR", "code": 143201}, "communaute_rurale": {"nom": "KAOUR", "code": 14320102}, "quartier_village": "MANGACOUNDA", "milieu": "RURAL", "thematique": null, "type_qvh": null}}, {"type": "Feature", "geometry": {"type": "Point", "coordinates": [-15.782679, 12.554935]}, "properties": {"id": "loisirs-339", "type": "loisirs", "type_label": "Loisirs", "nom": "PARI FOOT", "region": {"nom": "SEDHIOU", "code": 14}, "departement": {"nom": "GOUDOMP", "code": 143}, "commune": {"nom": "DJIBANAR", "code": 143201}, "communaute_rurale": {"nom": "SIMBANDI BALANTE", "code": 14320104}, "quartier_village": "SIMBANDI BALANTE", "milieu": "RURAL", "thematique": null, "type_qvh": null}}, {"type": "Feature", "geometry": {"type": "Point", "coordinates": [-15.757911, 12.547046]}, "properties": {"id": "loisirs-340", "type": "loisirs", "type_label": "Loisirs", "nom": "DANCING", "region": {"nom": "SEDHIOU", "code": 14}, "departement": {"nom": "GOUDOMP", "code": 143}, "commune": {"nom": "DJIBANAR", "code": 143201}, "communaute_rurale": {"nom": "SIMBANDI BALANTE", "code": 14320104}, "quartier_village": "ATHIOUFA", "milieu": "RURAL", "thematique": null, "type_qvh": null}}, {"type": "Feature", "geometry": {"type": "Point", "coordinates": [-15.83264, 12.460813]}, "properties": {"id": "loisirs-341", "type": "loisirs", "type_label": "Loisirs", "nom": "BAR", "region": {"nom": "SEDHIOU", "code": 14}, "departement": {"nom": "GOUDOMP", "code": 143}, "commune": {"nom": "DJIBANAR", "code": 143201}, "communaute_rurale": {"nom": "DJIBANAR", "code": 14320101}, "quartier_village": "BAFATA I (BALANTE)", "milieu": "RURAL", "thematique": null, "type_qvh": null}}, {"type": "Feature", "geometry": {"type": "Point", "coordinates": [-15.901094, 12.953409]}, "properties": {"id": "loisirs-342", "type": "loisirs", "type_label": "Loisirs", "nom": "DANCING", "region": {"nom": "SEDHIOU", "code": 14}, "departement": {"nom": "BOUNKILING", "code": 142}, "commune": {"nom": "BONA", "code": 142202}, "communaute_rurale": {"nom": "BONA", "code": 14220201}, "quartier_village": "KARIATE", "milieu": "RURAL", "thematique": null, "type_qvh": null}}, {"type": "Feature", "geometry": {"type": "Point", "coordinates": [-15.958442, 12.967517]}, "properties": {"id": "loisirs-343", "type": "loisirs", "type_label": "Loisirs", "nom": "SALLE DE JEUX", "region": {"nom": "SEDHIOU", "code": 14}, "departement": {"nom": "BOUNKILING", "code": 142}, "commune": {"nom": "BONA", "code": 142202}, "communaute_rurale": {"nom": "DIACOUNDA", "code": 14220202}, "quartier_village": "DIACOUNDA", "milieu": "RURAL", "thematique": null, "type_qvh": null}}, {"type": "Feature", "geometry": {"type": "Point", "coordinates": [-15.931237, 12.997826]}, "properties": {"id": "loisirs-344", "type": "loisirs", "type_label": "Loisirs", "nom": "BIBLIOTHEQUE", "region": {"nom": "SEDHIOU", "code": 14}, "departement": {"nom": "BOUNKILING", "code": 142}, "commune": {"nom": "BONA", "code": 142202}, "communaute_rurale": {"nom": "DIACOUNDA", "code": 14220202}, "quartier_village": "BISSARY DIOUB", "milieu": "RURAL", "thematique": null, "type_qvh": null}}, {"type": "Feature", "geometry": {"type": "Point", "coordinates": [-16.269803, 15.918434]}, "properties": {"id": "loisirs-345", "type": "loisirs", "type_label": "Loisirs", "nom": "LOISIRS", "region": {"nom": "SAINT-LOUIS", "code": 4}, "departement": {"nom": "SAINT LOUIS", "code": 43}, "commune": {"nom": "RAO", "code": 43201}, "communaute_rurale": {"nom": "MPAL", "code": 4320104}, "quartier_village": "N0004", "milieu": "URBAIN", "thematique": null, "type_qvh": null}}, {"type": "Feature", "geometry": {"type": "Point", "coordinates": [-15.505981, 16.514605]}, "properties": {"id": "loisirs-346", "type": "loisirs", "type_label": "Loisirs", "nom": "SALLE DE JEUX", "region": {"nom": "SAINT-LOUIS", "code": 4}, "departement": {"nom": "DAGANA", "code": 41}, "commune": {"nom": "DAGANA", "code": 41101}, "communaute_rurale": {"nom": "DAGANA", "code": 4110100}, "quartier_village": null, "milieu": "URBAIN", "thematique": null, "type_qvh": null}}, {"type": "Feature", "geometry": {"type": "Point", "coordinates": [-15.507013, 16.517346]}, "properties": {"id": "loisirs-347", "type": "loisirs", "type_label": "Loisirs", "nom": "CINEMA", "region": {"nom": "SAINT-LOUIS", "code": 4}, "departement": {"nom": "DAGANA", "code": 41}, "commune": {"nom": "DAGANA", "code": 41101}, "communaute_rurale": {"nom": "DAGANA", "code": 4110100}, "quartier_village": null, "milieu": "URBAIN", "thematique": null, "type_qvh": null}}, {"type": "Feature", "geometry": {"type": "Point", "coordinates": [-15.505464, 16.511878]}, "properties": {"id": "loisirs-348", "type": "loisirs", "type_label": "Loisirs", "nom": "SALLE DE JEUX", "region": {"nom": "SAINT-LOUIS", "code": 4}, "departement": {"nom": "DAGANA", "code": 41}, "commune": {"nom": "DAGANA", "code": 41101}, "communaute_rurale": {"nom": "DAGANA", "code": 4110100}, "quartier_village": null, "milieu": "URBAIN", "thematique": null, "type_qvh": null}}, {"type": "Feature", "geometry": {"type": "Point", "coordinates": [-15.505386, 16.518695]}, "properties": {"id": "loisirs-349", "type": "loisirs", "type_label": "Loisirs", "nom": "SALLE DE JEUX", "region": {"nom": "SAINT-LOUIS", "code": 4}, "departement": {"nom": "DAGANA", "code": 41}, "commune": {"nom": "DAGANA", "code": 41101}, "communaute_rurale": {"nom": "DAGANA", "code": 4110100}, "quartier_village": null, "milieu": "URBAIN", "thematique": null, "type_qvh": null}}, {"type": "Feature", "geometry": {"type": "Point", "coordinates": [-15.767376, 16.324851]}, "properties": {"id": "loisirs-350", "type": "loisirs", "type_label": "Loisirs", "nom": "SALLE DE JEUX", "region": {"nom": "SAINT-LOUIS", "code": 4}, "departement": {"nom": "DAGANA", "code": 41}, "commune": {"nom": "MBANE", "code": 41201}, "communaute_rurale": {"nom": "MBANE", "code": 4120101}, "quartier_village": "TEMAYE LEWAH", "milieu": "RURAL", "thematique": null, "type_qvh": null}}, {"type": "Feature", "geometry": {"type": "Point", "coordinates": [-15.856086, 16.486732]}, "properties": {"id": "loisirs-351", "type": "loisirs", "type_label": "Loisirs", "nom": "SALLE DE JEUX", "region": {"nom": "SAINT-LOUIS", "code": 4}, "departement": {"nom": "DAGANA", "code": 41}, "commune": {"nom": "NDIAYE MBERESS", "code": 41202}, "communaute_rurale": {"nom": "RONKH", "code": 4120203}, "quartier_village": "THIAGAR", "milieu": "RURAL", "thematique": null, "type_qvh": null}}, {"type": "Feature", "geometry": {"type": "Point", "coordinates": [-15.698881, 16.438042]}, "properties": {"id": "loisirs-352", "type": "loisirs", "type_label": "Loisirs", "nom": "SALLE DES FETES", "region": {"nom": "SAINT-LOUIS", "code": 4}, "departement": {"nom": "DAGANA", "code": 41}, "commune": {"nom": "MBANE", "code": 41201}, "communaute_rurale": {"nom": "NDOMBO SANDJIRY", "code": 4120104}, "quartier_village": "NDOMBO", "milieu": "URBAIN", "thematique": null, "type_qvh": null}}, {"type": "Feature", "geometry": {"type": "Point", "coordinates": [-16.142515, 16.279096]}, "properties": {"id": "loisirs-353", "type": "loisirs", "type_label": "Loisirs", "nom": "BAR", "region": {"nom": "SAINT-LOUIS", "code": 4}, "departement": {"nom": "DAGANA", "code": 41}, "commune": {"nom": "NDIAYE MBERESS", "code": 41202}, "communaute_rurale": {"nom": "ROSS BETHIO", "code": 4120204}, "quartier_village": null, "milieu": "URBAIN", "thematique": null, "type_qvh": null}}, {"type": "Feature", "geometry": {"type": "Point", "coordinates": [-16.506677, 16.041475]}, "properties": {"id": "loisirs-354", "type": "loisirs", "type_label": "Loisirs", "nom": "SALLE DE JEUX", "region": {"nom": "SAINT-LOUIS", "code": 4}, "departement": {"nom": "SAINT LOUIS", "code": 43}, "commune": {"nom": "SAINT LOUIS", "code": 43101}, "communaute_rurale": {"nom": "SAINT LOUIS", "code": 4310100}, "quartier_village": "GOXUMBATHIE", "milieu": "URBAIN", "thematique": null, "type_qvh": null}}, {"type": "Feature", "geometry": {"type": "Point", "coordinates": [-16.507356, 16.028508]}, "properties": {"id": "loisirs-355", "type": "loisirs", "type_label": "Loisirs", "nom": "BABY FOOT", "region": {"nom": "SAINT-LOUIS", "code": 4}, "departement": {"nom": "SAINT LOUIS", "code": 43}, "commune": {"nom": "SAINT LOUIS", "code": 43101}, "communaute_rurale": {"nom": "SAINT LOUIS", "code": 4310100}, "quartier_village": "BAS NDAR TOUTE", "milieu": "URBAIN", "thematique": null, "type_qvh": null}}, {"type": "Feature", "geometry": {"type": "Point", "coordinates": [-16.508693, 16.026644]}, "properties": {"id": "loisirs-356", "type": "loisirs", "type_label": "Loisirs", "nom": "SALLE DE JEUX", "region": {"nom": "SAINT-LOUIS", "code": 4}, "departement": {"nom": "SAINT LOUIS", "code": 43}, "commune": {"nom": "SAINT LOUIS", "code": 43101}, "communaute_rurale": {"nom": "SAINT LOUIS", "code": 4310100}, "quartier_village": "BAS NDAR TOUTE", "milieu": "URBAIN", "thematique": null, "type_qvh": null}}, {"type": "Feature", "geometry": {"type": "Point", "coordinates": [-16.509873, 15.999024]}, "properties": {"id": "loisirs-357", "type": "loisirs", "type_label": "Loisirs", "nom": "MAISON CLOSE", "region": {"nom": "SAINT-LOUIS", "code": 4}, "departement": {"nom": "SAINT LOUIS", "code": 43}, "commune": {"nom": "SAINT LOUIS", "code": 43101}, "communaute_rurale": {"nom": "SAINT LOUIS", "code": 4310100}, "quartier_village": "HYDROBASE", "milieu": "URBAIN", "thematique": null, "type_qvh": null}}, {"type": "Feature", "geometry": {"type": "Point", "coordinates": [-16.482212, 16.031933]}, "properties": {"id": "loisirs-358", "type": "loisirs", "type_label": "Loisirs", "nom": "SALLE DE JEUX", "region": {"nom": "SAINT-LOUIS", "code": 4}, "departement": {"nom": "SAINT LOUIS", "code": 43}, "commune": {"nom": "SAINT LOUIS", "code": 43101}, "communaute_rurale": {"nom": "SAINT LOUIS", "code": 4310100}, "quartier_village": "DAROU MEDINA MARMYAL", "milieu": "URBAIN", "thematique": null, "type_qvh": null}}, {"type": "Feature", "geometry": {"type": "Point", "coordinates": [-16.481976, 16.029517]}, "properties": {"id": "loisirs-359", "type": "loisirs", "type_label": "Loisirs", "nom": "SALLE DE JEUX", "region": {"nom": "SAINT-LOUIS", "code": 4}, "departement": {"nom": "SAINT LOUIS", "code": 43}, "commune": {"nom": "SAINT LOUIS", "code": 43101}, "communaute_rurale": {"nom": "SAINT LOUIS", "code": 4310100}, "quartier_village": "DAROU ROUTE DE KHOR", "milieu": "URBAIN", "thematique": null, "type_qvh": null}}, {"type": "Feature", "geometry": {"type": "Point", "coordinates": [-16.491296, 16.016333]}, "properties": {"id": "loisirs-360", "type": "loisirs", "type_label": "Loisirs", "nom": "RACINE CLUB", "region": {"nom": "SAINT-LOUIS", "code": 4}, "departement": {"nom": "SAINT LOUIS", "code": 43}, "commune": {"nom": "SAINT LOUIS", "code": 43101}, "communaute_rurale": {"nom": "SAINT LOUIS", "code": 4310100}, "quartier_village": "LEONA", "milieu": "URBAIN", "thematique": null, "type_qvh": null}}, {"type": "Feature", "geometry": {"type": "Point", "coordinates": [-16.491378, 16.014205]}, "properties": {"id": "loisirs-361", "type": "loisirs", "type_label": "Loisirs", "nom": "SALLE DE JEUX", "region": {"nom": "SAINT-LOUIS", "code": 4}, "departement": {"nom": "SAINT LOUIS", "code": 43}, "commune": {"nom": "SAINT LOUIS", "code": 43101}, "communaute_rurale": {"nom": "SAINT LOUIS", "code": 4310100}, "quartier_village": "EAUX CLAIRES", "milieu": "URBAIN", "thematique": null, "type_qvh": null}}, {"type": "Feature", "geometry": {"type": "Point", "coordinates": [-16.491068, 16.01297]}, "properties": {"id": "loisirs-362", "type": "loisirs", "type_label": "Loisirs", "nom": "PREMIER BET", "region": {"nom": "SAINT-LOUIS", "code": 4}, "departement": {"nom": "SAINT LOUIS", "code": 43}, "commune": {"nom": "SAINT LOUIS", "code": 43101}, "communaute_rurale": {"nom": "SAINT LOUIS", "code": 4310100}, "quartier_village": "EAUX CLAIRES", "milieu": "URBAIN", "thematique": null, "type_qvh": null}}, {"type": "Feature", "geometry": {"type": "Point", "coordinates": [-16.487859, 15.999632]}, "properties": {"id": "loisirs-363", "type": "loisirs", "type_label": "Loisirs", "nom": "PREMIER BET", "region": {"nom": "SAINT-LOUIS", "code": 4}, "departement": {"nom": "SAINT LOUIS", "code": 43}, "commune": {"nom": "SAINT LOUIS", "code": 43101}, "communaute_rurale": {"nom": "SAINT LOUIS", "code": 4310100}, "quartier_village": "PIKINE SOR DAGA", "milieu": "URBAIN", "thematique": null, "type_qvh": null}}, {"type": "Feature", "geometry": {"type": "Point", "coordinates": [-16.492446, 15.992399]}, "properties": {"id": "loisirs-364", "type": "loisirs", "type_label": "Loisirs", "nom": "SALLE DE JEUX", "region": {"nom": "SAINT-LOUIS", "code": 4}, "departement": {"nom": "SAINT LOUIS", "code": 43}, "commune": {"nom": "SAINT LOUIS", "code": 43101}, "communaute_rurale": {"nom": "SAINT LOUIS", "code": 4310100}, "quartier_village": "PIKINE SOR DIAGNE", "milieu": "URBAIN", "thematique": null, "type_qvh": null}}, {"type": "Feature", "geometry": {"type": "Point", "coordinates": [-16.487332, 16.000121]}, "properties": {"id": "loisirs-365", "type": "loisirs", "type_label": "Loisirs", "nom": "SALLE DE JEUX", "region": {"nom": "SAINT-LOUIS", "code": 4}, "departement": {"nom": "SAINT LOUIS", "code": 43}, "commune": {"nom": "SAINT LOUIS", "code": 43101}, "communaute_rurale": {"nom": "SAINT LOUIS", "code": 4310100}, "quartier_village": "GUINAW RAIL", "milieu": "URBAIN", "thematique": null, "type_qvh": null}}, {"type": "Feature", "geometry": {"type": "Point", "coordinates": [-16.490885, 16.022402]}, "properties": {"id": "loisirs-366", "type": "loisirs", "type_label": "Loisirs", "nom": "BAR", "region": {"nom": "SAINT-LOUIS", "code": 4}, "departement": {"nom": "SAINT LOUIS", "code": 43}, "commune": {"nom": "SAINT LOUIS", "code": 43101}, "communaute_rurale": {"nom": "SAINT LOUIS", "code": 4310100}, "quartier_village": "NDIOLOFENE NORD", "milieu": "URBAIN", "thematique": null, "type_qvh": null}}, {"type": "Feature", "geometry": {"type": "Point", "coordinates": [-16.484863, 16.023018]}, "properties": {"id": "loisirs-367", "type": "loisirs", "type_label": "Loisirs", "nom": "SALLE DE JEUX", "region": {"nom": "SAINT-LOUIS", "code": 4}, "departement": {"nom": "SAINT LOUIS", "code": 43}, "commune": {"nom": "SAINT LOUIS", "code": 43101}, "communaute_rurale": {"nom": "SAINT LOUIS", "code": 4310100}, "quartier_village": "NDIOLOFENE NORD", "milieu": "URBAIN", "thematique": null, "type_qvh": null}}, {"type": "Feature", "geometry": {"type": "Point", "coordinates": [-16.48529, 16.025534]}, "properties": {"id": "loisirs-368", "type": "loisirs", "type_label": "Loisirs", "nom": "MEGA CLUB", "region": {"nom": "SAINT-LOUIS", "code": 4}, "departement": {"nom": "SAINT LOUIS", "code": 43}, "commune": {"nom": "SAINT LOUIS", "code": 43101}, "communaute_rurale": {"nom": "SAINT LOUIS", "code": 4310100}, "quartier_village": "NDIOLOFENE NORD", "milieu": "URBAIN", "thematique": null, "type_qvh": null}}, {"type": "Feature", "geometry": {"type": "Point", "coordinates": [-16.488506, 16.027151]}, "properties": {"id": "loisirs-369", "type": "loisirs", "type_label": "Loisirs", "nom": "CLUB LA SOURCE", "region": {"nom": "SAINT-LOUIS", "code": 4}, "departement": {"nom": "SAINT LOUIS", "code": 43}, "commune": {"nom": "SAINT LOUIS", "code": 43101}, "communaute_rurale": {"nom": "SAINT LOUIS", "code": 4310100}, "quartier_village": "DAROU ROUTE DE KHOR", "milieu": "URBAIN", "thematique": null, "type_qvh": null}}, {"type": "Feature", "geometry": {"type": "Point", "coordinates": [-16.474551, 16.029061]}, "properties": {"id": "loisirs-370", "type": "loisirs", "type_label": "Loisirs", "nom": "BAR", "region": {"nom": "SAINT-LOUIS", "code": 4}, "departement": {"nom": "SAINT LOUIS", "code": 43}, "commune": {"nom": "SAINT LOUIS", "code": 43101}, "communaute_rurale": {"nom": "SAINT LOUIS", "code": 4310100}, "quartier_village": "KHOR MISSION", "milieu": "URBAIN", "thematique": null, "type_qvh": null}}, {"type": "Feature", "geometry": {"type": "Point", "coordinates": [-16.503329, 16.027139]}, "properties": {"id": "loisirs-371", "type": "loisirs", "type_label": "Loisirs", "nom": "FLAMINGO", "region": {"nom": "SAINT-LOUIS", "code": 4}, "departement": {"nom": "SAINT LOUIS", "code": 43}, "commune": {"nom": "SAINT LOUIS", "code": 43101}, "communaute_rurale": {"nom": "SAINT LOUIS", "code": 4310100}, "quartier_village": "NORD CENTRE", "milieu": "URBAIN", "thematique": null, "type_qvh": null}}, {"type": "Feature", "geometry": {"type": "Point", "coordinates": [-16.506088, 16.027542]}, "properties": {"id": "loisirs-372", "type": "loisirs", "type_label": "Loisirs", "nom": "SALLE DES FETES", "region": {"nom": "SAINT-LOUIS", "code": 4}, "departement": {"nom": "SAINT LOUIS", "code": 43}, "commune": {"nom": "SAINT LOUIS", "code": 43101}, "communaute_rurale": {"nom": "SAINT LOUIS", "code": 4310100}, "quartier_village": "NORD CENTRE", "milieu": "URBAIN", "thematique": null, "type_qvh": null}}, {"type": "Feature", "geometry": {"type": "Point", "coordinates": [-16.504502, 16.026881]}, "properties": {"id": "loisirs-373", "type": "loisirs", "type_label": "Loisirs", "nom": "BAR IGUANE CAFE", "region": {"nom": "SAINT-LOUIS", "code": 4}, "departement": {"nom": "SAINT LOUIS", "code": 43}, "commune": {"nom": "SAINT LOUIS", "code": 43101}, "communaute_rurale": {"nom": "SAINT LOUIS", "code": 4310100}, "quartier_village": "NORD CENTRE", "milieu": "URBAIN", "thematique": null, "type_qvh": null}}, {"type": "Feature", "geometry": {"type": "Point", "coordinates": [-16.503508, 16.0286]}, "properties": {"id": "loisirs-374", "type": "loisirs", "type_label": "Loisirs", "nom": "BAR RESTAURANT", "region": {"nom": "SAINT-LOUIS", "code": 4}, "departement": {"nom": "SAINT LOUIS", "code": 43}, "commune": {"nom": "SAINT LOUIS", "code": 43101}, "communaute_rurale": {"nom": "SAINT LOUIS", "code": 4310100}, "quartier_village": "NORD CENTRE", "milieu": "URBAIN", "thematique": null, "type_qvh": null}}, {"type": "Feature", "geometry": {"type": "Point", "coordinates": [-16.503714, 16.02989]}, "properties": {"id": "loisirs-375", "type": "loisirs", "type_label": "Loisirs", "nom": "BAR LA KORA", "region": {"nom": "SAINT-LOUIS", "code": 4}, "departement": {"nom": "SAINT LOUIS", "code": 43}, "commune": {"nom": "SAINT LOUIS", "code": 43101}, "communaute_rurale": {"nom": "SAINT LOUIS", "code": 4310100}, "quartier_village": "NORD CENTRE", "milieu": "URBAIN", "thematique": null, "type_qvh": null}}, {"type": "Feature", "geometry": {"type": "Point", "coordinates": [-16.486158, 16.022794]}, "properties": {"id": "loisirs-376", "type": "loisirs", "type_label": "Loisirs", "nom": "SALLE DE JEUX", "region": {"nom": "SAINT-LOUIS", "code": 4}, "departement": {"nom": "SAINT LOUIS", "code": 43}, "commune": {"nom": "SAINT LOUIS", "code": 43101}, "communaute_rurale": {"nom": "SAINT LOUIS", "code": 4310100}, "quartier_village": "NDIOLOFENE NORD", "milieu": "URBAIN", "thematique": null, "type_qvh": null}}, {"type": "Feature", "geometry": {"type": "Point", "coordinates": [-16.399602, 15.920434]}, "properties": {"id": "loisirs-377", "type": "loisirs", "type_label": "Loisirs", "nom": "SALLE DE JEUX PLAY STATION", "region": {"nom": "SAINT-LOUIS", "code": 4}, "departement": {"nom": "SAINT LOUIS", "code": 43}, "commune": {"nom": "RAO", "code": 43201}, "communaute_rurale": {"nom": "GANDON", "code": 4320101}, "quartier_village": "RAO", "milieu": "RURAL", "thematique": null, "type_qvh": null}}, {"type": "Feature", "geometry": {"type": "Point", "coordinates": [-15.808326, 16.50009]}, "properties": {"id": "loisirs-378", "type": "loisirs", "type_label": "Loisirs", "nom": "DANCING", "region": {"nom": "SAINT-LOUIS", "code": 4}, "departement": {"nom": "DAGANA", "code": 41}, "commune": {"nom": "NDIAYE", "code": 41202}, "communaute_rurale": {"nom": "ROSSO", "code": 4120205}, "quartier_village": "SANTHIABA I", "milieu": "URBAIN", "thematique": null, "type_qvh": null}}, {"type": "Feature", "geometry": {"type": "Point", "coordinates": [-15.808788, 16.501679]}, "properties": {"id": "loisirs-379", "type": "loisirs", "type_label": "Loisirs", "nom": "SALLE DE JEUX", "region": {"nom": "SAINT-LOUIS", "code": 4}, "departement": {"nom": "DAGANA", "code": 41}, "commune": {"nom": "NDIAYE", "code": 41202}, "communaute_rurale": {"nom": "ROSSO", "code": 4120205}, "quartier_village": "SANTHIABA II", "milieu": "URBAIN", "thematique": null, "type_qvh": null}}, {"type": "Feature", "geometry": {"type": "Point", "coordinates": [-15.701042, 16.467203]}, "properties": {"id": "loisirs-380", "type": "loisirs", "type_label": "Loisirs", "nom": "SALLE DES FETES", "region": {"nom": "SAINT-LOUIS", "code": 4}, "departement": {"nom": "DAGANA", "code": 41}, "commune": {"nom": "RICHARD-TOLL", "code": 41102}, "communaute_rurale": {"nom": "RICHARD-TOLL", "code": 4110200}, "quartier_village": "ESCCALE", "milieu": "URBAIN", "thematique": null, "type_qvh": null}}, {"type": "Feature", "geometry": {"type": "Point", "coordinates": [-15.703728, 16.438173]}, "properties": {"id": "loisirs-381", "type": "loisirs", "type_label": "Loisirs", "nom": "SALLE DES FETES", "region": {"nom": "SAINT-LOUIS", "code": 4}, "departement": {"nom": "DAGANA", "code": 41}, "commune": {"nom": "RICHARD-TOLL", "code": 41102}, "communaute_rurale": {"nom": "RICHARD-TOLL", "code": 4110200}, "quartier_village": "NDOMBO ALARBA", "milieu": "URBAIN", "thematique": null, "type_qvh": null}}, {"type": "Feature", "geometry": {"type": "Point", "coordinates": [-15.69436, 16.463043]}, "properties": {"id": "loisirs-382", "type": "loisirs", "type_label": "Loisirs", "nom": "SALLE DE JEUX", "region": {"nom": "SAINT-LOUIS", "code": 4}, "departement": {"nom": "DAGANA", "code": 41}, "commune": {"nom": "RICHARD-TOLL", "code": 41102}, "communaute_rurale": {"nom": "RICHARD-TOLL", "code": 4110200}, "quartier_village": "NOUROU", "milieu": "URBAIN", "thematique": null, "type_qvh": null}}, {"type": "Feature", "geometry": {"type": "Point", "coordinates": [-15.672645, 16.461143]}, "properties": {"id": "loisirs-383", "type": "loisirs", "type_label": "Loisirs", "nom": "DELTA CLUB", "region": {"nom": "SAINT-LOUIS", "code": 4}, "departement": {"nom": "DAGANA", "code": 41}, "commune": {"nom": "RICHARD-TOLL", "code": 41102}, "communaute_rurale": {"nom": "RICHARD-TOLL", "code": 4110200}, "quartier_village": "GALLO MALICK", "milieu": "URBAIN", "thematique": null, "type_qvh": null}}, {"type": "Feature", "geometry": {"type": "Point", "coordinates": [-15.699049, 16.466396]}, "properties": {"id": "loisirs-384", "type": "loisirs", "type_label": "Loisirs", "nom": "BAR", "region": {"nom": "SAINT-LOUIS", "code": 4}, "departement": {"nom": "DAGANA", "code": 41}, "commune": {"nom": "RICHARD-TOLL", "code": 41102}, "communaute_rurale": {"nom": "RICHARD-TOLL", "code": 4110200}, "quartier_village": "ESCCALE", "milieu": "URBAIN", "thematique": null, "type_qvh": null}}, {"type": "Feature", "geometry": {"type": "Point", "coordinates": [-15.662788, 16.461197]}, "properties": {"id": "loisirs-385", "type": "loisirs", "type_label": "Loisirs", "nom": "SALLE DES FETES", "region": {"nom": "SAINT-LOUIS", "code": 4}, "departement": {"nom": "DAGANA", "code": 41}, "commune": {"nom": "RICHARD-TOLL", "code": 41102}, "communaute_rurale": {"nom": "RICHARD-TOLL", "code": 4110200}, "quartier_village": "YAKH SABAR", "milieu": "URBAIN", "thematique": null, "type_qvh": null}}, {"type": "Feature", "geometry": {"type": "Point", "coordinates": [-16.221872, 15.605955]}, "properties": {"id": "loisirs-386", "type": "loisirs", "type_label": "Loisirs", "nom": "SALLE DE JEUX", "region": {"nom": "LOUGA", "code": 8}, "departement": {"nom": "LOUGA", "code": 83}, "commune": {"nom": "LOUGA", "code": 83101}, "communaute_rurale": {"nom": "LOUGA", "code": 8310100}, "quartier_village": "KEUR SERIGNE LOUGA SUD", "milieu": "URBAIN", "thematique": null, "type_qvh": null}}, {"type": "Feature", "geometry": {"type": "Point", "coordinates": [-16.222056, 15.621022]}, "properties": {"id": "loisirs-387", "type": "loisirs", "type_label": "Loisirs", "nom": "DANCING", "region": {"nom": "LOUGA", "code": 8}, "departement": {"nom": "LOUGA", "code": 83}, "commune": {"nom": "LOUGA", "code": 83101}, "communaute_rurale": {"nom": "LOUGA", "code": 8310100}, "quartier_village": "THIOKHNA", "milieu": "URBAIN", "thematique": null, "type_qvh": null}}, {"type": "Feature", "geometry": {"type": "Point", "coordinates": [-16.226735, 15.630143]}, "properties": {"id": "loisirs-388", "type": "loisirs", "type_label": "Loisirs", "nom": "BIBLIOTHEQUE", "region": {"nom": "LOUGA", "code": 8}, "departement": {"nom": "LOUGA", "code": 83}, "commune": {"nom": "LOUGA", "code": 83101}, "communaute_rurale": {"nom": "LOUGA", "code": 8310100}, "quartier_village": "SANTHIABA NORD", "milieu": "URBAIN", "thematique": null, "type_qvh": null}}, {"type": "Feature", "geometry": {"type": "Point", "coordinates": [-16.226852, 15.630129]}, "properties": {"id": "loisirs-389", "type": "loisirs", "type_label": "Loisirs", "nom": "BIBLIOTHEQUE", "region": {"nom": "LOUGA", "code": 8}, "departement": {"nom": "LOUGA", "code": 83}, "commune": {"nom": "LOUGA", "code": 83101}, "communaute_rurale": {"nom": "LOUGA", "code": 8310100}, "quartier_village": "SANTHIABA NORD", "milieu": "URBAIN", "thematique": null, "type_qvh": null}}, {"type": "Feature", "geometry": {"type": "Point", "coordinates": [-15.940052, 15.699511]}, "properties": {"id": "loisirs-390", "type": "loisirs", "type_label": "Loisirs", "nom": "POUR LES ENFANTS", "region": {"nom": "LOUGA", "code": 8}, "departement": {"nom": "LOUGA", "code": 83}, "commune": {"nom": "KEUR MOMAR SARR", "code": 83202}, "communaute_rurale": {"nom": "NGUER MALAL", "code": 8320203}, "quartier_village": "NGUEYENE", "milieu": "RURAL", "thematique": null, "type_qvh": null}}, {"type": "Feature", "geometry": {"type": "Point", "coordinates": [-15.113816, 15.398487]}, "properties": {"id": "loisirs-391", "type": "loisirs", "type_label": "Loisirs", "nom": "BAR", "region": {"nom": "LOUGA", "code": 8}, "departement": {"nom": "LINGUERE", "code": 82}, "commune": {"nom": "LINGUERE", "code": 82101}, "communaute_rurale": {"nom": "LINGUERE", "code": 8210100}, "quartier_village": "LINGUERE COUMBA 1", "milieu": "URBAIN", "thematique": null, "type_qvh": null}}, {"type": "Feature", "geometry": {"type": "Point", "coordinates": [-15.484545, 15.351191]}, "properties": {"id": "loisirs-392", "type": "loisirs", "type_label": "Loisirs", "nom": "BAR", "region": {"nom": "LOUGA", "code": 8}, "departement": {"nom": "LINGUERE", "code": 82}, "commune": {"nom": "DAHRA", "code": 82102}, "communaute_rurale": {"nom": "DAHRA", "code": 8210200}, "quartier_village": "MEDINA NDIAYE", "milieu": "URBAIN", "thematique": null, "type_qvh": null}}, {"type": "Feature", "geometry": {"type": "Point", "coordinates": [-15.476444, 15.351766]}, "properties": {"id": "loisirs-393", "type": "loisirs", "type_label": "Loisirs", "nom": "MAISON DE ALY NDAO", "region": {"nom": "LOUGA", "code": 8}, "departement": {"nom": "LINGUERE", "code": 82}, "commune": {"nom": "DAHRA", "code": 82102}, "communaute_rurale": {"nom": "DAHRA", "code": 8210200}, "quartier_village": "THIENGUE DAKHAR", "milieu": "URBAIN", "thematique": null, "type_qvh": null}}, {"type": "Feature", "geometry": {"type": "Point", "coordinates": [-15.490955, 15.343741]}, "properties": {"id": "loisirs-394", "type": "loisirs", "type_label": "Loisirs", "nom": "MH", "region": {"nom": "LOUGA", "code": 8}, "departement": {"nom": "LINGUERE", "code": 82}, "commune": {"nom": "SAGATTA DJOLOF", "code": 82204}, "communaute_rurale": {"nom": "THIAMENE PASSE", "code": 8220404}, "quartier_village": "NGUETTE", "milieu": "URBAIN", "thematique": null, "type_qvh": null}}, {"type": "Feature", "geometry": {"type": "Point", "coordinates": [-16.453754, 15.365705]}, "properties": {"id": "loisirs-395", "type": "loisirs", "type_label": "Loisirs", "nom": "BAR", "region": {"nom": "LOUGA", "code": 8}, "departement": {"nom": "KEBEMER", "code": 81}, "commune": {"nom": "KEBEMER", "code": 81101}, "communaute_rurale": {"nom": "KEBEMER", "code": 8110100}, "quartier_village": "DIAMAGUENE", "milieu": "URBAIN", "thematique": null, "type_qvh": null}}, {"type": "Feature", "geometry": {"type": "Point", "coordinates": [-16.597203, 13.048761]}, "properties": {"id": "loisirs-396", "type": "loisirs", "type_label": "Loisirs", "nom": "PARI FOOT SPORTIFS", "region": {"nom": "ZIGUINCHOR", "code": 2}, "departement": {"nom": "BIGNONA", "code": 21}, "commune": {"nom": "KATABA I", "code": 21204}, "communaute_rurale": {"nom": "DIOULOULOU", "code": 2120404}, "quartier_village": "TRANQUILLE", "milieu": "URBAIN", "thematique": null, "type_qvh": null}}, {"type": "Feature", "geometry": {"type": "Point", "coordinates": [-16.230736, 12.810227]}, "properties": {"id": "loisirs-397", "type": "loisirs", "type_label": "Loisirs", "nom": "BAR RESTAURANT", "region": {"nom": "ZIGUINCHOR", "code": 2}, "departement": {"nom": "BIGNONA", "code": 21}, "commune": {"nom": "BIGNONA", "code": 21101}, "communaute_rurale": {"nom": "BIGNONA", "code": 2110100}, "quartier_village": "MEDINA PLATEAU", "milieu": "URBAIN", "thematique": null, "type_qvh": null}}, {"type": "Feature", "geometry": {"type": "Point", "coordinates": [-16.229933, 12.801915]}, "properties": {"id": "loisirs-398", "type": "loisirs", "type_label": "Loisirs", "nom": "LOISIRS DANCING AFRICA", "region": {"nom": "ZIGUINCHOR", "code": 2}, "departement": {"nom": "BIGNONA", "code": 21}, "commune": {"nom": "BIGNONA", "code": 21101}, "communaute_rurale": {"nom": "BIGNONA", "code": 2110100}, "quartier_village": "MEDINA PLATEAU", "milieu": "URBAIN", "thematique": null, "type_qvh": null}}, {"type": "Feature", "geometry": {"type": "Point", "coordinates": [-16.229917, 12.807898]}, "properties": {"id": "loisirs-399", "type": "loisirs", "type_label": "Loisirs", "nom": "BAR DANCING", "region": {"nom": "ZIGUINCHOR", "code": 2}, "departement": {"nom": "BIGNONA", "code": 21}, "commune": {"nom": "BIGNONA", "code": 21101}, "communaute_rurale": {"nom": "BIGNONA", "code": 2110100}, "quartier_village": "MEDINA PLATEAU", "milieu": "URBAIN", "thematique": null, "type_qvh": null}}, {"type": "Feature", "geometry": {"type": "Point", "coordinates": [-16.225449, 12.798554]}, "properties": {"id": "loisirs-400", "type": "loisirs", "type_label": "Loisirs", "nom": "BAR", "region": {"nom": "ZIGUINCHOR", "code": 2}, "departement": {"nom": "BIGNONA", "code": 21}, "commune": {"nom": "BIGNONA", "code": 21101}, "communaute_rurale": {"nom": "BIGNONA", "code": 2110100}, "quartier_village": "MEDINA PLATEAU", "milieu": "URBAIN", "thematique": null, "type_qvh": null}}, {"type": "Feature", "geometry": {"type": "Point", "coordinates": [-16.231101, 12.810729]}, "properties": {"id": "loisirs-401", "type": "loisirs", "type_label": "Loisirs", "nom": "BAR", "region": {"nom": "ZIGUINCHOR", "code": 2}, "departement": {"nom": "BIGNONA", "code": 21}, "commune": {"nom": "BIGNONA", "code": 21101}, "communaute_rurale": {"nom": "BIGNONA", "code": 2110100}, "quartier_village": "MEDINA PLATEAU", "milieu": "URBAIN", "thematique": null, "type_qvh": null}}, {"type": "Feature", "geometry": {"type": "Point", "coordinates": [-16.235397, 12.795592]}, "properties": {"id": "loisirs-402", "type": "loisirs", "type_label": "Loisirs", "nom": "BAR", "region": {"nom": "ZIGUINCHOR", "code": 2}, "departement": {"nom": "BIGNONA", "code": 21}, "commune": {"nom": "BIGNONA", "code": 21101}, "communaute_rurale": {"nom": "BIGNONA", "code": 2110100}, "quartier_village": "MEDINA PLATEAU", "milieu": "URBAIN", "thematique": null, "type_qvh": null}}, {"type": "Feature", "geometry": {"type": "Point", "coordinates": [-16.230492, 12.796219]}, "properties": {"id": "loisirs-403", "type": "loisirs", "type_label": "Loisirs", "nom": "PARI FOOT", "region": {"nom": "ZIGUINCHOR", "code": 2}, "departement": {"nom": "BIGNONA", "code": 21}, "commune": {"nom": "BIGNONA", "code": 21101}, "communaute_rurale": {"nom": "BIGNONA", "code": 2110100}, "quartier_village": "MEDINA PLATEAU", "milieu": "URBAIN", "thematique": null, "type_qvh": null}}, {"type": "Feature", "geometry": {"type": "Point", "coordinates": [-16.230848, 12.81039]}, "properties": {"id": "loisirs-404", "type": "loisirs", "type_label": "Loisirs", "nom": "BAR", "region": {"nom": "ZIGUINCHOR", "code": 2}, "departement": {"nom": "BIGNONA", "code": 21}, "commune": {"nom": "BIGNONA", "code": 21101}, "communaute_rurale": {"nom": "BIGNONA", "code": 2110100}, "quartier_village": "MEDINA PLATEAU", "milieu": "URBAIN", "thematique": null, "type_qvh": null}}, {"type": "Feature", "geometry": {"type": "Point", "coordinates": [-16.241248, 12.808176]}, "properties": {"id": "loisirs-405", "type": "loisirs", "type_label": "Loisirs", "nom": "DANCING", "region": {"nom": "ZIGUINCHOR", "code": 2}, "departement": {"nom": "BIGNONA", "code": 21}, "commune": {"nom": "BIGNONA", "code": 21101}, "communaute_rurale": {"nom": "BIGNONA", "code": 2110100}, "quartier_village": "KADIAMOR", "milieu": "URBAIN", "thematique": null, "type_qvh": null}}, {"type": "Feature", "geometry": {"type": "Point", "coordinates": [-16.223623, 12.814814]}, "properties": {"id": "loisirs-406", "type": "loisirs", "type_label": "Loisirs", "nom": "LE DIAMORAL", "region": {"nom": "ZIGUINCHOR", "code": 2}, "departement": {"nom": "BIGNONA", "code": 21}, "commune": {"nom": "BIGNONA", "code": 21101}, "communaute_rurale": {"nom": "BIGNONA", "code": 2110100}, "quartier_village": "BASSENE", "milieu": "URBAIN", "thematique": null, "type_qvh": null}}, {"type": "Feature", "geometry": {"type": "Point", "coordinates": [-16.222482, 12.814526]}, "properties": {"id": "loisirs-407", "type": "loisirs", "type_label": "Loisirs", "nom": "BAR", "region": {"nom": "ZIGUINCHOR", "code": 2}, "departement": {"nom": "BIGNONA", "code": 21}, "commune": {"nom": "BIGNONA", "code": 21101}, "communaute_rurale": {"nom": "BIGNONA", "code": 2110100}, "quartier_village": "BASSENE", "milieu": "URBAIN", "thematique": null, "type_qvh": null}}, {"type": "Feature", "geometry": {"type": "Point", "coordinates": [-16.235192, 12.812987]}, "properties": {"id": "loisirs-408", "type": "loisirs", "type_label": "Loisirs", "nom": "BAR", "region": {"nom": "ZIGUINCHOR", "code": 2}, "departement": {"nom": "BIGNONA", "code": 21}, "commune": {"nom": "BIGNONA", "code": 21101}, "communaute_rurale": {"nom": "BIGNONA", "code": 2110100}, "quartier_village": "MANGUILINE", "milieu": "URBAIN", "thematique": null, "type_qvh": null}}, {"type": "Feature", "geometry": {"type": "Point", "coordinates": [-16.233782, 12.810996]}, "properties": {"id": "loisirs-409", "type": "loisirs", "type_label": "Loisirs", "nom": "BAR", "region": {"nom": "ZIGUINCHOR", "code": 2}, "departement": {"nom": "BIGNONA", "code": 21}, "commune": {"nom": "BIGNONA", "code": 21101}, "communaute_rurale": {"nom": "BIGNONA", "code": 2110100}, "quartier_village": "MANGUILINE", "milieu": "URBAIN", "thematique": null, "type_qvh": null}}, {"type": "Feature", "geometry": {"type": "Point", "coordinates": [-16.225483, 12.814326]}, "properties": {"id": "loisirs-410", "type": "loisirs", "type_label": "Loisirs", "nom": "BAR", "region": {"nom": "ZIGUINCHOR", "code": 2}, "departement": {"nom": "BIGNONA", "code": 21}, "commune": {"nom": "BIGNONA", "code": 21101}, "communaute_rurale": {"nom": "BIGNONA", "code": 2110100}, "quartier_village": "BASSENE", "milieu": "URBAIN", "thematique": null, "type_qvh": null}}, {"type": "Feature", "geometry": {"type": "Point", "coordinates": [-16.703031, 13.035965]}, "properties": {"id": "loisirs-411", "type": "loisirs", "type_label": "Loisirs", "nom": "BAR", "region": {"nom": "ZIGUINCHOR", "code": 2}, "departement": {"nom": "BIGNONA", "code": 21}, "commune": {"nom": "KATABA I", "code": 21204}, "communaute_rurale": {"nom": "KATABA I", "code": 2120403}, "quartier_village": "KABADIO", "milieu": "RURAL", "thematique": null, "type_qvh": null}}, {"type": "Feature", "geometry": {"type": "Point", "coordinates": [-16.728995, 13.043449]}, "properties": {"id": "loisirs-412", "type": "loisirs", "type_label": "Loisirs", "nom": "BAR", "region": {"nom": "ZIGUINCHOR", "code": 2}, "departement": {"nom": "BIGNONA", "code": 21}, "commune": {"nom": "KATABA I", "code": 21204}, "communaute_rurale": {"nom": "KATABA I", "code": 2120403}, "quartier_village": "NIAFRANG", "milieu": "RURAL", "thematique": null, "type_qvh": null}}, {"type": "Feature", "geometry": {"type": "Point", "coordinates": [-16.729242, 13.044586]}, "properties": {"id": "loisirs-413", "type": "loisirs", "type_label": "Loisirs", "nom": "BAR", "region": {"nom": "ZIGUINCHOR", "code": 2}, "departement": {"nom": "BIGNONA", "code": 21}, "commune": {"nom": "KATABA I", "code": 21204}, "communaute_rurale": {"nom": "KATABA I", "code": 2120403}, "quartier_village": "NIAFRANG", "milieu": "RURAL", "thematique": null, "type_qvh": null}}, {"type": "Feature", "geometry": {"type": "Point", "coordinates": [-16.717803, 13.088625]}, "properties": {"id": "loisirs-414", "type": "loisirs", "type_label": "Loisirs", "nom": "SALLE DE JEUX", "region": {"nom": "ZIGUINCHOR", "code": 2}, "departement": {"nom": "BIGNONA", "code": 21}, "commune": {"nom": "KATABA I", "code": 21204}, "communaute_rurale": {"nom": "KATABA I", "code": 2120403}, "quartier_village": "KATACK", "milieu": "RURAL", "thematique": null, "type_qvh": null}}, {"type": "Feature", "geometry": {"type": "Point", "coordinates": [-16.578001, 13.146778]}, "properties": {"id": "loisirs-415", "type": "loisirs", "type_label": "Loisirs", "nom": "VIDEO CLUB", "region": {"nom": "ZIGUINCHOR", "code": 2}, "departement": {"nom": "BIGNONA", "code": 21}, "commune": {"nom": "KATABA I", "code": 21204}, "communaute_rurale": {"nom": "KATABA I", "code": 2120403}, "quartier_village": "SELETY", "milieu": "RURAL", "thematique": null, "type_qvh": null}}, {"type": "Feature", "geometry": {"type": "Point", "coordinates": [-16.172672, 12.663794]}, "properties": {"id": "loisirs-416", "type": "loisirs", "type_label": "Loisirs", "nom": "BAR", "region": {"nom": "ZIGUINCHOR", "code": 2}, "departement": {"nom": "BIGNONA", "code": 21}, "commune": {"nom": "TENGHORY", "code": 21203}, "communaute_rurale": {"nom": "COUBALAN", "code": 2120301}, "quartier_village": "COUBALAN", "milieu": "RURAL", "thematique": null, "type_qvh": null}}, {"type": "Feature", "geometry": {"type": "Point", "coordinates": [-16.196091, 12.675414]}, "properties": {"id": "loisirs-417", "type": "loisirs", "type_label": "Loisirs", "nom": "SALLE DES FETES", "region": {"nom": "ZIGUINCHOR", "code": 2}, "departement": {"nom": "BIGNONA", "code": 21}, "commune": {"nom": "TENGHORY", "code": 21203}, "communaute_rurale": {"nom": "COUBALAN", "code": 2120301}, "quartier_village": "DJIGUINOUM", "milieu": "RURAL", "thematique": null, "type_qvh": null}}, {"type": "Feature", "geometry": {"type": "Point", "coordinates": [-16.261041, 13.061261]}, "properties": {"id": "loisirs-418", "type": "loisirs", "type_label": "Loisirs", "nom": "BAR", "region": {"nom": "ZIGUINCHOR", "code": 2}, "departement": {"nom": "BIGNONA", "code": 21}, "commune": {"nom": "SINDIAN", "code": 21201}, "communaute_rurale": {"nom": "DJIBIDIONE", "code": 2120101}, "quartier_village": "DJIBIDIONE", "milieu": "RURAL", "thematique": null, "type_qvh": null}}, {"type": "Feature", "geometry": {"type": "Point", "coordinates": [-16.733119, 12.926798]}, "properties": {"id": "loisirs-419", "type": "loisirs", "type_label": "Loisirs", "nom": "BAR", "region": {"nom": "ZIGUINCHOR", "code": 2}, "departement": {"nom": "BIGNONA", "code": 21}, "commune": {"nom": "KATABA I", "code": 21204}, "communaute_rurale": {"nom": "KAFOUNTINE", "code": 2120402}, "quartier_village": "KAFOUNTINE", "milieu": "RURAL", "thematique": null, "type_qvh": null}}, {"type": "Feature", "geometry": {"type": "Point", "coordinates": [-16.740815, 12.930236]}, "properties": {"id": "loisirs-420", "type": "loisirs", "type_label": "Loisirs", "nom": "BAR LE KARONE", "region": {"nom": "ZIGUINCHOR", "code": 2}, "departement": {"nom": "BIGNONA", "code": 21}, "commune": {"nom": "KATABA I", "code": 21204}, "communaute_rurale": {"nom": "KAFOUNTINE", "code": 2120402}, "quartier_village": "KAFOUNTINE", "milieu": "RURAL", "thematique": null, "type_qvh": null}}, {"type": "Feature", "geometry": {"type": "Point", "coordinates": [-16.743388, 12.94181]}, "properties": {"id": "loisirs-421", "type": "loisirs", "type_label": "Loisirs", "nom": "AUBERGE ET BAR LE VIRAGE", "region": {"nom": "ZIGUINCHOR", "code": 2}, "departement": {"nom": "BIGNONA", "code": 21}, "commune": {"nom": "KATABA I", "code": 21204}, "communaute_rurale": {"nom": "KAFOUNTINE", "code": 2120402}, "quartier_village": "KAFOUNTINE", "milieu": "RURAL", "thematique": null, "type_qvh": null}}, {"type": "Feature", "geometry": {"type": "Point", "coordinates": [-16.747093, 12.93963]}, "properties": {"id": "loisirs-422", "type": "loisirs", "type_label": "Loisirs", "nom": "BAR", "region": {"nom": "ZIGUINCHOR", "code": 2}, "departement": {"nom": "BIGNONA", "code": 21}, "commune": {"nom": "KATABA I", "code": 21204}, "communaute_rurale": {"nom": "KAFOUNTINE", "code": 2120402}, "quartier_village": "KAFOUNTINE", "milieu": "RURAL", "thematique": null, "type_qvh": null}}, {"type": "Feature", "geometry": {"type": "Point", "coordinates": [-16.725521, 12.998736]}, "properties": {"id": "loisirs-423", "type": "loisirs", "type_label": "Loisirs", "nom": "BAR ET BUVETTE", "region": {"nom": "ZIGUINCHOR", "code": 2}, "departement": {"nom": "BIGNONA", "code": 21}, "commune": {"nom": "KATABA I", "code": 21204}, "communaute_rurale": {"nom": "KAFOUNTINE", "code": 2120402}, "quartier_village": "ABENE", "milieu": "RURAL", "thematique": null, "type_qvh": null}}, {"type": "Feature", "geometry": {"type": "Point", "coordinates": [-16.739161, 12.993902]}, "properties": {"id": "loisirs-424", "type": "loisirs", "type_label": "Loisirs", "nom": "BAR RESTAURANT", "region": {"nom": "ZIGUINCHOR", "code": 2}, "departement": {"nom": "BIGNONA", "code": 21}, "commune": {"nom": "KATABA I", "code": 21204}, "communaute_rurale": {"nom": "KAFOUNTINE", "code": 2120402}, "quartier_village": "ABENE", "milieu": "RURAL", "thematique": null, "type_qvh": null}}, {"type": "Feature", "geometry": {"type": "Point", "coordinates": [-16.730115, 12.996883]}, "properties": {"id": "loisirs-425", "type": "loisirs", "type_label": "Loisirs", "nom": "BAR", "region": {"nom": "ZIGUINCHOR", "code": 2}, "departement": {"nom": "BIGNONA", "code": 21}, "commune": {"nom": "KATABA I", "code": 21204}, "communaute_rurale": {"nom": "KAFOUNTINE", "code": 2120402}, "quartier_village": "ABENE", "milieu": "RURAL", "thematique": null, "type_qvh": null}}, {"type": "Feature", "geometry": {"type": "Point", "coordinates": [-16.729896, 12.99682]}, "properties": {"id": "loisirs-426", "type": "loisirs", "type_label": "Loisirs", "nom": "DANCING LE BM TERANGA", "region": {"nom": "ZIGUINCHOR", "code": 2}, "departement": {"nom": "BIGNONA", "code": 21}, "commune": {"nom": "KATABA I", "code": 21204}, "communaute_rurale": {"nom": "KAFOUNTINE", "code": 2120402}, "quartier_village": "ABENE", "milieu": "RURAL", "thematique": null, "type_qvh": null}}, {"type": "Feature", "geometry": {"type": "Point", "coordinates": [-16.730226, 12.996879]}, "properties": {"id": "loisirs-427", "type": "loisirs", "type_label": "Loisirs", "nom": "BAR", "region": {"nom": "ZIGUINCHOR", "code": 2}, "departement": {"nom": "BIGNONA", "code": 21}, "commune": {"nom": "KATABA I", "code": 21204}, "communaute_rurale": {"nom": "KAFOUNTINE", "code": 2120402}, "quartier_village": "ABENE", "milieu": "RURAL", "thematique": null, "type_qvh": null}}, {"type": "Feature", "geometry": {"type": "Point", "coordinates": [-16.725486, 12.997985]}, "properties": {"id": "loisirs-428", "type": "loisirs", "type_label": "Loisirs", "nom": "DANCING NON FONCTIONNEL", "region": {"nom": "ZIGUINCHOR", "code": 2}, "departement": {"nom": "BIGNONA", "code": 21}, "commune": {"nom": "KATABA I", "code": 21204}, "communaute_rurale": {"nom": "KAFOUNTINE", "code": 2120402}, "quartier_village": "ABENE", "milieu": "RURAL", "thematique": null, "type_qvh": null}}, {"type": "Feature", "geometry": {"type": "Point", "coordinates": [-16.675503, 12.812124]}, "properties": {"id": "loisirs-429", "type": "loisirs", "type_label": "Loisirs", "nom": "BAR NON FONCTIONNEL", "region": {"nom": "ZIGUINCHOR", "code": 2}, "departement": {"nom": "BIGNONA", "code": 21}, "commune": {"nom": "KATABA I", "code": 21204}, "communaute_rurale": {"nom": "KAFOUNTINE", "code": 2120402}, "quartier_village": "HILOL", "milieu": "RURAL", "thematique": null, "type_qvh": null}}, {"type": "Feature", "geometry": {"type": "Point", "coordinates": [-16.674985, 12.811175]}, "properties": {"id": "loisirs-430", "type": "loisirs", "type_label": "Loisirs", "nom": "BAR EN CONSTRUCTION", "region": {"nom": "ZIGUINCHOR", "code": 2}, "departement": {"nom": "BIGNONA", "code": 21}, "commune": {"nom": "KATABA I", "code": 21204}, "communaute_rurale": {"nom": "KAFOUNTINE", "code": 2120402}, "quartier_village": "HILOL", "milieu": "RURAL", "thematique": null, "type_qvh": null}}, {"type": "Feature", "geometry": {"type": "Point", "coordinates": [-16.676497, 12.811589]}, "properties": {"id": "loisirs-431", "type": "loisirs", "type_label": "Loisirs", "nom": "BAR RESTAURANT", "region": {"nom": "ZIGUINCHOR", "code": 2}, "departement": {"nom": "BIGNONA", "code": 21}, "commune": {"nom": "KATABA I", "code": 21204}, "communaute_rurale": {"nom": "KAFOUNTINE", "code": 2120402}, "quartier_village": "HILOL", "milieu": "RURAL", "thematique": null, "type_qvh": null}}, {"type": "Feature", "geometry": {"type": "Point", "coordinates": [-16.653304, 12.806778]}, "properties": {"id": "loisirs-432", "type": "loisirs", "type_label": "Loisirs", "nom": "BAR", "region": {"nom": "ZIGUINCHOR", "code": 2}, "departement": {"nom": "BIGNONA", "code": 21}, "commune": {"nom": "KATABA I", "code": 21204}, "communaute_rurale": {"nom": "KAFOUNTINE", "code": 2120402}, "quartier_village": "COUBA", "milieu": "RURAL", "thematique": null, "type_qvh": null}}, {"type": "Feature", "geometry": {"type": "Point", "coordinates": [-16.653892, 12.809922]}, "properties": {"id": "loisirs-433", "type": "loisirs", "type_label": "Loisirs", "nom": "BAR", "region": {"nom": "ZIGUINCHOR", "code": 2}, "departement": {"nom": "BIGNONA", "code": 21}, "commune": {"nom": "KATABA I", "code": 21204}, "communaute_rurale": {"nom": "KAFOUNTINE", "code": 2120402}, "quartier_village": "COUBA", "milieu": "RURAL", "thematique": null, "type_qvh": null}}, {"type": "Feature", "geometry": {"type": "Point", "coordinates": [-16.745606, 12.571106]}, "properties": {"id": "loisirs-434", "type": "loisirs", "type_label": "Loisirs", "nom": "BAR", "region": {"nom": "ZIGUINCHOR", "code": 2}, "departement": {"nom": "BIGNONA", "code": 21}, "commune": {"nom": "KATABA I", "code": 21204}, "communaute_rurale": {"nom": "KAFOUNTINE", "code": 2120402}, "quartier_village": "DIOGUE", "milieu": "RURAL", "thematique": null, "type_qvh": null}}, {"type": "Feature", "geometry": {"type": "Point", "coordinates": [-16.751718, 12.576982]}, "properties": {"id": "loisirs-435", "type": "loisirs", "type_label": "Loisirs", "nom": "BAR ET BOUTIQUE", "region": {"nom": "ZIGUINCHOR", "code": 2}, "departement": {"nom": "BIGNONA", "code": 21}, "commune": {"nom": "KATABA I", "code": 21204}, "communaute_rurale": {"nom": "KAFOUNTINE", "code": 2120402}, "quartier_village": "DIOGUE", "milieu": "RURAL", "thematique": null, "type_qvh": null}}, {"type": "Feature", "geometry": {"type": "Point", "coordinates": [-16.762729, 12.800864]}, "properties": {"id": "loisirs-436", "type": "loisirs", "type_label": "Loisirs", "nom": "BAR", "region": {"nom": "ZIGUINCHOR", "code": 2}, "departement": {"nom": "BIGNONA", "code": 21}, "commune": {"nom": "KATABA I", "code": 21204}, "communaute_rurale": {"nom": "KAFOUNTINE", "code": 2120402}, "quartier_village": "BOUNE", "milieu": "RURAL", "thematique": null, "type_qvh": null}}, {"type": "Feature", "geometry": {"type": "Point", "coordinates": [-16.762207, 12.802531]}, "properties": {"id": "loisirs-437", "type": "loisirs", "type_label": "Loisirs", "nom": "BAR", "region": {"nom": "ZIGUINCHOR", "code": 2}, "departement": {"nom": "BIGNONA", "code": 21}, "commune": {"nom": "KATABA I", "code": 21204}, "communaute_rurale": {"nom": "KAFOUNTINE", "code": 2120402}, "quartier_village": "BOUNE", "milieu": "RURAL", "thematique": null, "type_qvh": null}}, {"type": "Feature", "geometry": {"type": "Point", "coordinates": [-16.766572, 12.8265]}, "properties": {"id": "loisirs-438", "type": "loisirs", "type_label": "Loisirs", "nom": "BAR", "region": {"nom": "ZIGUINCHOR", "code": 2}, "departement": {"nom": "BIGNONA", "code": 21}, "commune": {"nom": "KATABA I", "code": 21204}, "communaute_rurale": {"nom": "KAFOUNTINE", "code": 2120402}, "quartier_village": "KAILO", "milieu": "RURAL", "thematique": null, "type_qvh": null}}, {"type": "Feature", "geometry": {"type": "Point", "coordinates": [-16.737597, 12.923142]}, "properties": {"id": "loisirs-439", "type": "loisirs", "type_label": "Loisirs", "nom": "DISCOTHEQUE CHEZ PABLO", "region": {"nom": "ZIGUINCHOR", "code": 2}, "departement": {"nom": "BIGNONA", "code": 21}, "commune": {"nom": "KATABA I", "code": 21204}, "communaute_rurale": {"nom": "KAFOUNTINE", "code": 2120402}, "quartier_village": "KAFOUNTINE", "milieu": "RURAL", "thematique": null, "type_qvh": null}}, {"type": "Feature", "geometry": {"type": "Point", "coordinates": [-16.743479, 12.932234]}, "properties": {"id": "loisirs-440", "type": "loisirs", "type_label": "Loisirs", "nom": "BAR", "region": {"nom": "ZIGUINCHOR", "code": 2}, "departement": {"nom": "BIGNONA", "code": 21}, "commune": {"nom": "KATABA I", "code": 21204}, "communaute_rurale": {"nom": "KAFOUNTINE", "code": 2120402}, "quartier_village": "KAFOUNTINE", "milieu": "RURAL", "thematique": null, "type_qvh": null}}, {"type": "Feature", "geometry": {"type": "Point", "coordinates": [-16.734555, 12.921927]}, "properties": {"id": "loisirs-441", "type": "loisirs", "type_label": "Loisirs", "nom": "BAR", "region": {"nom": "ZIGUINCHOR", "code": 2}, "departement": {"nom": "BIGNONA", "code": 21}, "commune": {"nom": "KATABA I", "code": 21204}, "communaute_rurale": {"nom": "KAFOUNTINE", "code": 2120402}, "quartier_village": "KAFOUNTINE", "milieu": "RURAL", "thematique": null, "type_qvh": null}}, {"type": "Feature", "geometry": {"type": "Point", "coordinates": [-16.698286, 12.873089]}, "properties": {"id": "loisirs-442", "type": "loisirs", "type_label": "Loisirs", "nom": "BAR", "region": {"nom": "ZIGUINCHOR", "code": 2}, "departement": {"nom": "BIGNONA", "code": 21}, "commune": {"nom": "KATABA I", "code": 21204}, "communaute_rurale": {"nom": "KAFOUNTINE", "code": 2120402}, "quartier_village": "H1 KASSEL", "milieu": "RURAL", "thematique": null, "type_qvh": null}}, {"type": "Feature", "geometry": {"type": "Point", "coordinates": [-16.698811, 12.877197]}, "properties": {"id": "loisirs-443", "type": "loisirs", "type_label": "Loisirs", "nom": "BAR", "region": {"nom": "ZIGUINCHOR", "code": 2}, "departement": {"nom": "BIGNONA", "code": 21}, "commune": {"nom": "KATABA I", "code": 21204}, "communaute_rurale": {"nom": "KAFOUNTINE", "code": 2120402}, "quartier_village": "H1 KASSEL", "milieu": "RURAL", "thematique": null, "type_qvh": null}}, {"type": "Feature", "geometry": {"type": "Point", "coordinates": [-16.741313, 12.927287]}, "properties": {"id": "loisirs-444", "type": "loisirs", "type_label": "Loisirs", "nom": "PREMIER BET", "region": {"nom": "ZIGUINCHOR", "code": 2}, "departement": {"nom": "BIGNONA", "code": 21}, "commune": {"nom": "KATABA I", "code": 21204}, "communaute_rurale": {"nom": "KAFOUNTINE", "code": 2120402}, "quartier_village": "KAFOUNTINE", "milieu": "RURAL", "thematique": null, "type_qvh": null}}, {"type": "Feature", "geometry": {"type": "Point", "coordinates": [-16.744852, 12.927695]}, "properties": {"id": "loisirs-445", "type": "loisirs", "type_label": "Loisirs", "nom": "BAR", "region": {"nom": "ZIGUINCHOR", "code": 2}, "departement": {"nom": "BIGNONA", "code": 21}, "commune": {"nom": "KATABA I", "code": 21204}, "communaute_rurale": {"nom": "KAFOUNTINE", "code": 2120402}, "quartier_village": "KAFOUNTINE", "milieu": "RURAL", "thematique": null, "type_qvh": null}}, {"type": "Feature", "geometry": {"type": "Point", "coordinates": [-16.741837, 12.927271]}, "properties": {"id": "loisirs-446", "type": "loisirs", "type_label": "Loisirs", "nom": "DISCOTHEQUE", "region": {"nom": "ZIGUINCHOR", "code": 2}, "departement": {"nom": "BIGNONA", "code": 21}, "commune": {"nom": "KATABA I", "code": 21204}, "communaute_rurale": {"nom": "KAFOUNTINE", "code": 2120402}, "quartier_village": "KAFOUNTINE", "milieu": "RURAL", "thematique": null, "type_qvh": null}}, {"type": "Feature", "geometry": {"type": "Point", "coordinates": [-16.742463, 12.927313]}, "properties": {"id": "loisirs-447", "type": "loisirs", "type_label": "Loisirs", "nom": "BAR", "region": {"nom": "ZIGUINCHOR", "code": 2}, "departement": {"nom": "BIGNONA", "code": 21}, "commune": {"nom": "KATABA I", "code": 21204}, "communaute_rurale": {"nom": "KAFOUNTINE", "code": 2120402}, "quartier_village": "KAFOUNTINE", "milieu": "RURAL", "thematique": null, "type_qvh": null}}, {"type": "Feature", "geometry": {"type": "Point", "coordinates": [-16.743359, 12.930233]}, "properties": {"id": "loisirs-448", "type": "loisirs", "type_label": "Loisirs", "nom": "DANCING", "region": {"nom": "ZIGUINCHOR", "code": 2}, "departement": {"nom": "BIGNONA", "code": 21}, "commune": {"nom": "KATABA I", "code": 21204}, "communaute_rurale": {"nom": "KAFOUNTINE", "code": 2120402}, "quartier_village": "KAFOUNTINE", "milieu": "RURAL", "thematique": null, "type_qvh": null}}, {"type": "Feature", "geometry": {"type": "Point", "coordinates": [-16.732703, 12.928239]}, "properties": {"id": "loisirs-449", "type": "loisirs", "type_label": "Loisirs", "nom": "BAR", "region": {"nom": "ZIGUINCHOR", "code": 2}, "departement": {"nom": "BIGNONA", "code": 21}, "commune": {"nom": "KATABA I", "code": 21204}, "communaute_rurale": {"nom": "KAFOUNTINE", "code": 2120402}, "quartier_village": "KAFOUNTINE", "milieu": "RURAL", "thematique": null, "type_qvh": null}}, {"type": "Feature", "geometry": {"type": "Point", "coordinates": [-16.437068, 12.675228]}, "properties": {"id": "loisirs-450", "type": "loisirs", "type_label": "Loisirs", "nom": "BAR", "region": {"nom": "ZIGUINCHOR", "code": 2}, "departement": {"nom": "BIGNONA", "code": 21}, "commune": {"nom": "TENDOUCK", "code": 21202}, "communaute_rurale": {"nom": "MANGAGOULACK", "code": 2120204}, "quartier_village": "ELANA", "milieu": "RURAL", "thematique": null, "type_qvh": null}}, {"type": "Feature", "geometry": {"type": "Point", "coordinates": [-16.403422, 12.646959]}, "properties": {"id": "loisirs-451", "type": "loisirs", "type_label": "Loisirs", "nom": "BAR", "region": {"nom": "ZIGUINCHOR", "code": 2}, "departement": {"nom": "BIGNONA", "code": 21}, "commune": {"nom": "TENDOUCK", "code": 21202}, "communaute_rurale": {"nom": "MANGAGOULACK", "code": 2120204}, "quartier_village": "AFFINIAM BOUTEUM", "milieu": "RURAL", "thematique": null, "type_qvh": null}}, {"type": "Feature", "geometry": {"type": "Point", "coordinates": [-16.404881, 12.652327]}, "properties": {"id": "loisirs-452", "type": "loisirs", "type_label": "Loisirs", "nom": "BAR", "region": {"nom": "ZIGUINCHOR", "code": 2}, "departement": {"nom": "BIGNONA", "code": 21}, "commune": {"nom": "TENDOUCK", "code": 21202}, "communaute_rurale": {"nom": "MANGAGOULACK", "code": 2120204}, "quartier_village": "AFFINIAM BOUTEUM", "milieu": "RURAL", "thematique": null, "type_qvh": null}}, {"type": "Feature", "geometry": {"type": "Point", "coordinates": [-16.237415, 12.76163]}, "properties": {"id": "loisirs-453", "type": "loisirs", "type_label": "Loisirs", "nom": "SALLE DE TELEVISION", "region": {"nom": "ZIGUINCHOR", "code": 2}, "departement": {"nom": "BIGNONA", "code": 21}, "commune": {"nom": "TENGHORY", "code": 21203}, "communaute_rurale": {"nom": "NIAMONE", "code": 2120302}, "quartier_village": "KOLOMBA", "milieu": "RURAL", "thematique": null, "type_qvh": null}}, {"type": "Feature", "geometry": {"type": "Point", "coordinates": [-16.227653, 12.660495]}, "properties": {"id": "loisirs-454", "type": "loisirs", "type_label": "Loisirs", "nom": "SALLE DE CINEMA", "region": {"nom": "ZIGUINCHOR", "code": 2}, "departement": {"nom": "BIGNONA", "code": 21}, "commune": {"nom": "TENGHORY", "code": 21203}, "communaute_rurale": {"nom": "NIAMONE", "code": 2120302}, "quartier_village": "H5 BOUTOUMOL", "milieu": "RURAL", "thematique": null, "type_qvh": null}}, {"type": "Feature", "geometry": {"type": "Point", "coordinates": [-16.050956, 12.747166]}, "properties": {"id": "loisirs-455", "type": "loisirs", "type_label": "Loisirs", "nom": "DANCING", "region": {"nom": "ZIGUINCHOR", "code": 2}, "departement": {"nom": "BIGNONA", "code": 21}, "commune": {"nom": "TENGHORY", "code": 21203}, "communaute_rurale": {"nom": "OUONCK", "code": 2120303}, "quartier_village": "BOULANDOR", "milieu": "RURAL", "thematique": null, "type_qvh": null}}, {"type": "Feature", "geometry": {"type": "Point", "coordinates": [-16.179632, 12.972128]}, "properties": {"id": "loisirs-456", "type": "loisirs", "type_label": "Loisirs", "nom": "SALLE DE JEUX", "region": {"nom": "ZIGUINCHOR", "code": 2}, "departement": {"nom": "BIGNONA", "code": 21}, "commune": {"nom": "SINDIAN", "code": 21201}, "communaute_rurale": {"nom": "SINDIAN", "code": 2120103}, "quartier_village": "SINDIAN", "milieu": "RURAL", "thematique": null, "type_qvh": null}}, {"type": "Feature", "geometry": {"type": "Point", "coordinates": [-16.212469, 12.797271]}, "properties": {"id": "loisirs-457", "type": "loisirs", "type_label": "Loisirs", "nom": "DANCING", "region": {"nom": "ZIGUINCHOR", "code": 2}, "departement": {"nom": "BIGNONA", "code": 21}, "commune": {"nom": "TENGHORY", "code": 21203}, "communaute_rurale": {"nom": "TENGHORY", "code": 2120304}, "quartier_village": "TENGHORY COMPLIQUE", "milieu": "RURAL", "thematique": null, "type_qvh": null}}, {"type": "Feature", "geometry": {"type": "Point", "coordinates": [-16.253427, 12.829006]}, "properties": {"id": "loisirs-458", "type": "loisirs", "type_label": "Loisirs", "nom": "DANCING", "region": {"nom": "ZIGUINCHOR", "code": 2}, "departement": {"nom": "BIGNONA", "code": 21}, "commune": {"nom": "TENGHORY", "code": 21203}, "communaute_rurale": {"nom": "TENGHORY", "code": 2120304}, "quartier_village": "KOUTENGHOR", "milieu": "RURAL", "thematique": null, "type_qvh": null}}, {"type": "Feature", "geometry": {"type": "Point", "coordinates": [-16.266942, 12.874002]}, "properties": {"id": "loisirs-459", "type": "loisirs", "type_label": "Loisirs", "nom": "BAR", "region": {"nom": "ZIGUINCHOR", "code": 2}, "departement": {"nom": "BIGNONA", "code": 21}, "commune": {"nom": "TENGHORY", "code": 21203}, "communaute_rurale": {"nom": "TENGHORY", "code": 2120304}, "quartier_village": "SOUTOU", "milieu": "RURAL", "thematique": null, "type_qvh": null}}, {"type": "Feature", "geometry": {"type": "Point", "coordinates": [-16.285205, 12.842953]}, "properties": {"id": "loisirs-460", "type": "loisirs", "type_label": "Loisirs", "nom": "SALLE DE DANCE", "region": {"nom": "ZIGUINCHOR", "code": 2}, "departement": {"nom": "BIGNONA", "code": 21}, "commune": {"nom": "TENGHORY", "code": 21203}, "communaute_rurale": {"nom": "TENGHORY", "code": 2120304}, "quartier_village": "TENDIEME", "milieu": "RURAL", "thematique": null, "type_qvh": null}}, {"type": "Feature", "geometry": {"type": "Point", "coordinates": [-16.507558, 12.789785]}, "properties": {"id": "loisirs-461", "type": "loisirs", "type_label": "Loisirs", "nom": "RESTAURANT BUVETTE", "region": {"nom": "ZIGUINCHOR", "code": 2}, "departement": {"nom": "BIGNONA", "code": 21}, "commune": {"nom": "THIONCK ESSYL", "code": 21102}, "communaute_rurale": {"nom": "THIONCK ESSYL", "code": 2110200}, "quartier_village": "KAMANAR", "milieu": "URBAIN", "thematique": null, "type_qvh": null}}, {"type": "Feature", "geometry": {"type": "Point", "coordinates": [-16.5481, 12.4871]}, "properties": {"id": "loisirs-462", "type": "loisirs", "type_label": "Loisirs", "nom": "BAR RESTAURANT CHEZ CHARLOTTE", "region": {"nom": "ZIGUINCHOR", "code": 2}, "departement": {"nom": "OUSSOUYE", "code": 22}, "commune": {"nom": "OUSSOUYE", "code": 22101}, "communaute_rurale": {"nom": "OUSSOUYE", "code": 2210100}, "quartier_village": "SOULEUK", "milieu": "URBAIN", "thematique": null, "type_qvh": null}}, {"type": "Feature", "geometry": {"type": "Point", "coordinates": [-16.545139, 12.487212]}, "properties": {"id": "loisirs-463", "type": "loisirs", "type_label": "Loisirs", "nom": "BAR DU ROND POINT", "region": {"nom": "ZIGUINCHOR", "code": 2}, "departement": {"nom": "OUSSOUYE", "code": 22}, "commune": {"nom": "OUSSOUYE", "code": 22101}, "communaute_rurale": {"nom": "OUSSOUYE", "code": 2210100}, "quartier_village": "SOULEUK", "milieu": "URBAIN", "thematique": null, "type_qvh": null}}, {"type": "Feature", "geometry": {"type": "Point", "coordinates": [-16.544683, 12.490926]}, "properties": {"id": "loisirs-464", "type": "loisirs", "type_label": "Loisirs", "nom": "LE FOYER", "region": {"nom": "ZIGUINCHOR", "code": 2}, "departement": {"nom": "OUSSOUYE", "code": 22}, "commune": {"nom": "OUSSOUYE", "code": 22101}, "communaute_rurale": {"nom": "OUSSOUYE", "code": 2210100}, "quartier_village": "KALOBONE", "milieu": "URBAIN", "thematique": null, "type_qvh": null}}, {"type": "Feature", "geometry": {"type": "Point", "coordinates": [-16.5427, 12.4935]}, "properties": {"id": "loisirs-465", "type": "loisirs", "type_label": "Loisirs", "nom": "ESPACE DE DANCE TRADITIONNELLE", "region": {"nom": "ZIGUINCHOR", "code": 2}, "departement": {"nom": "OUSSOUYE", "code": 22}, "commune": {"nom": "OUSSOUYE", "code": 22101}, "communaute_rurale": {"nom": "OUSSOUYE", "code": 2210100}, "quartier_village": "KALOBONE", "milieu": "URBAIN", "thematique": null, "type_qvh": null}}, {"type": "Feature", "geometry": {"type": "Point", "coordinates": [-16.543282, 12.486735]}, "properties": {"id": "loisirs-466", "type": "loisirs", "type_label": "Loisirs", "nom": "CHEZ PAPIS", "region": {"nom": "ZIGUINCHOR", "code": 2}, "departement": {"nom": "OUSSOUYE", "code": 22}, "commune": {"nom": "OUSSOUYE", "code": 22101}, "communaute_rurale": {"nom": "OUSSOUYE", "code": 2210100}, "quartier_village": "ETHIA", "milieu": "URBAIN", "thematique": null, "type_qvh": null}}, {"type": "Feature", "geometry": {"type": "Point", "coordinates": [-16.544936, 12.484796]}, "properties": {"id": "loisirs-467", "type": "loisirs", "type_label": "Loisirs", "nom": "LE PHOENIX BAR RESTAURANT", "region": {"nom": "ZIGUINCHOR", "code": 2}, "departement": {"nom": "OUSSOUYE", "code": 22}, "commune": {"nom": "OUSSOUYE", "code": 22101}, "communaute_rurale": {"nom": "OUSSOUYE", "code": 2210100}, "quartier_village": "ESSINKINE", "milieu": "URBAIN", "thematique": null, "type_qvh": null}}, {"type": "Feature", "geometry": {"type": "Point", "coordinates": [-16.542928, 12.485137]}, "properties": {"id": "loisirs-468", "type": "loisirs", "type_label": "Loisirs", "nom": "BAR RESTAURANT CHEZ COCO", "region": {"nom": "ZIGUINCHOR", "code": 2}, "departement": {"nom": "OUSSOUYE", "code": 22}, "commune": {"nom": "OUSSOUYE", "code": 22101}, "communaute_rurale": {"nom": "OUSSOUYE", "code": 2210100}, "quartier_village": "ESSINKINE", "milieu": "URBAIN", "thematique": null, "type_qvh": null}}, {"type": "Feature", "geometry": {"type": "Point", "coordinates": [-16.5436, 12.4867]}, "properties": {"id": "loisirs-469", "type": "loisirs", "type_label": "Loisirs", "nom": "BAR RESO CHEZ FATOU", "region": {"nom": "ZIGUINCHOR", "code": 2}, "departement": {"nom": "OUSSOUYE", "code": 22}, "commune": {"nom": "OUSSOUYE", "code": 22101}, "communaute_rurale": {"nom": "OUSSOUYE", "code": 2210100}, "quartier_village": "ETHIA", "milieu": "URBAIN", "thematique": null, "type_qvh": null}}, {"type": "Feature", "geometry": {"type": "Point", "coordinates": [-16.706685, 12.360447]}, "properties": {"id": "loisirs-470", "type": "loisirs", "type_label": "Loisirs", "nom": "BAR NIRVANA", "region": {"nom": "ZIGUINCHOR", "code": 2}, "departement": {"nom": "OUSSOUYE", "code": 22}, "commune": {"nom": "KABROUSSE", "code": 22201}, "communaute_rurale": {"nom": "DJEMBERING", "code": 2220101}, "quartier_village": "CABROUSSE NIALOU", "milieu": "RURAL", "thematique": null, "type_qvh": null}}, {"type": "Feature", "geometry": {"type": "Point", "coordinates": [-16.706082, 12.362137]}, "properties": {"id": "loisirs-471", "type": "loisirs", "type_label": "Loisirs", "nom": "BAR KABATTE", "region": {"nom": "ZIGUINCHOR", "code": 2}, "departement": {"nom": "OUSSOUYE", "code": 22}, "commune": {"nom": "KABROUSSE", "code": 22201}, "communaute_rurale": {"nom": "DJEMBERING", "code": 2220101}, "quartier_village": "CABROUSSE NIALOU", "milieu": "RURAL", "thematique": null, "type_qvh": null}}, {"type": "Feature", "geometry": {"type": "Point", "coordinates": [-16.706808, 12.360789]}, "properties": {"id": "loisirs-472", "type": "loisirs", "type_label": "Loisirs", "nom": "BAR", "region": {"nom": "ZIGUINCHOR", "code": 2}, "departement": {"nom": "OUSSOUYE", "code": 22}, "commune": {"nom": "KABROUSSE", "code": 22201}, "communaute_rurale": {"nom": "DJEMBERING", "code": 2220101}, "quartier_village": "CABROUSSE NIALOU", "milieu": "RURAL", "thematique": null, "type_qvh": null}}, {"type": "Feature", "geometry": {"type": "Point", "coordinates": [-16.706581, 12.364623]}, "properties": {"id": "loisirs-473", "type": "loisirs", "type_label": "Loisirs", "nom": "BAR CHEZ NINKI", "region": {"nom": "ZIGUINCHOR", "code": 2}, "departement": {"nom": "OUSSOUYE", "code": 22}, "commune": {"nom": "KABROUSSE", "code": 22201}, "communaute_rurale": {"nom": "DJEMBERING", "code": 2220101}, "quartier_village": "CABROUSSE NIALOU", "milieu": "RURAL", "thematique": null, "type_qvh": null}}, {"type": "Feature", "geometry": {"type": "Point", "coordinates": [-16.703728, 12.361269]}, "properties": {"id": "loisirs-474", "type": "loisirs", "type_label": "Loisirs", "nom": "BAR", "region": {"nom": "ZIGUINCHOR", "code": 2}, "departement": {"nom": "OUSSOUYE", "code": 22}, "commune": {"nom": "KABROUSSE", "code": 22201}, "communaute_rurale": {"nom": "DJEMBERING", "code": 2220101}, "quartier_village": "CABROUSSE NIALOU", "milieu": "RURAL", "thematique": null, "type_qvh": null}}, {"type": "Feature", "geometry": {"type": "Point", "coordinates": [-16.701173, 12.361666]}, "properties": {"id": "loisirs-475", "type": "loisirs", "type_label": "Loisirs", "nom": "BAR LES RIZIERES", "region": {"nom": "ZIGUINCHOR", "code": 2}, "departement": {"nom": "OUSSOUYE", "code": 22}, "commune": {"nom": "KABROUSSE", "code": 22201}, "communaute_rurale": {"nom": "DJEMBERING", "code": 2220101}, "quartier_village": "CABROUSSE NIALOU", "milieu": "RURAL", "thematique": null, "type_qvh": null}}, {"type": "Feature", "geometry": {"type": "Point", "coordinates": [-16.708786, 12.359498]}, "properties": {"id": "loisirs-476", "type": "loisirs", "type_label": "Loisirs", "nom": "BAR", "region": {"nom": "ZIGUINCHOR", "code": 2}, "departement": {"nom": "OUSSOUYE", "code": 22}, "commune": {"nom": "KABROUSSE", "code": 22201}, "communaute_rurale": {"nom": "DJEMBERING", "code": 2220101}, "quartier_village": "CABROUSSE KADIAKAYE", "milieu": "RURAL", "thematique": null, "type_qvh": null}}, {"type": "Feature", "geometry": {"type": "Point", "coordinates": [-16.710618, 12.355378]}, "properties": {"id": "loisirs-477", "type": "loisirs", "type_label": "Loisirs", "nom": "BAR", "region": {"nom": "ZIGUINCHOR", "code": 2}, "departement": {"nom": "OUSSOUYE", "code": 22}, "commune": {"nom": "KABROUSSE", "code": 22201}, "communaute_rurale": {"nom": "DJEMBERING", "code": 2220101}, "quartier_village": "CABROUSSE KADIAKAYE", "milieu": "RURAL", "thematique": null, "type_qvh": null}}, {"type": "Feature", "geometry": {"type": "Point", "coordinates": [-16.713688, 12.357374]}, "properties": {"id": "loisirs-478", "type": "loisirs", "type_label": "Loisirs", "nom": "BAR MARIAMA", "region": {"nom": "ZIGUINCHOR", "code": 2}, "departement": {"nom": "OUSSOUYE", "code": 22}, "commune": {"nom": "KABROUSSE", "code": 22201}, "communaute_rurale": {"nom": "DJEMBERING", "code": 2220101}, "quartier_village": "CABROUSSE KADIAKAYE", "milieu": "RURAL", "thematique": null, "type_qvh": null}}, {"type": "Feature", "geometry": {"type": "Point", "coordinates": [-16.713415, 12.357402]}, "properties": {"id": "loisirs-479", "type": "loisirs", "type_label": "Loisirs", "nom": "BAR", "region": {"nom": "ZIGUINCHOR", "code": 2}, "departement": {"nom": "OUSSOUYE", "code": 22}, "commune": {"nom": "KABROUSSE", "code": 22201}, "communaute_rurale": {"nom": "DJEMBERING", "code": 2220101}, "quartier_village": "CABROUSSE KADIAKAYE", "milieu": "RURAL", "thematique": null, "type_qvh": null}}, {"type": "Feature", "geometry": {"type": "Point", "coordinates": [-16.716005, 12.355113]}, "properties": {"id": "loisirs-480", "type": "loisirs", "type_label": "Loisirs", "nom": "BAR EN CONSTRUCTION", "region": {"nom": "ZIGUINCHOR", "code": 2}, "departement": {"nom": "OUSSOUYE", "code": 22}, "commune": {"nom": "KABROUSSE", "code": 22201}, "communaute_rurale": {"nom": "DJEMBERING", "code": 2220101}, "quartier_village": "CABROUSSE MOSSOR", "milieu": "RURAL", "thematique": null, "type_qvh": null}}, {"type": "Feature", "geometry": {"type": "Point", "coordinates": [-16.722271, 12.358452]}, "properties": {"id": "loisirs-481", "type": "loisirs", "type_label": "Loisirs", "nom": "BAR", "region": {"nom": "ZIGUINCHOR", "code": 2}, "departement": {"nom": "OUSSOUYE", "code": 22}, "commune": {"nom": "KABROUSSE", "code": 22201}, "communaute_rurale": {"nom": "DJEMBERING", "code": 2220101}, "quartier_village": "CAP SKIRING", "milieu": "RURAL", "thematique": null, "type_qvh": null}}, {"type": "Feature", "geometry": {"type": "Point", "coordinates": [-16.715629, 12.35686]}, "properties": {"id": "loisirs-482", "type": "loisirs", "type_label": "Loisirs", "nom": "BAR RESTAURANT", "region": {"nom": "ZIGUINCHOR", "code": 2}, "departement": {"nom": "OUSSOUYE", "code": 22}, "commune": {"nom": "KABROUSSE", "code": 22201}, "communaute_rurale": {"nom": "DJEMBERING", "code": 2220101}, "quartier_village": "CABROUSSE MOSSOR", "milieu": "RURAL", "thematique": null, "type_qvh": null}}, {"type": "Feature", "geometry": {"type": "Point", "coordinates": [-16.723214, 12.364961]}, "properties": {"id": "loisirs-483", "type": "loisirs", "type_label": "Loisirs", "nom": "CIA NIGHT CLUB", "region": {"nom": "ZIGUINCHOR", "code": 2}, "departement": {"nom": "OUSSOUYE", "code": 22}, "commune": {"nom": "KABROUSSE", "code": 22201}, "communaute_rurale": {"nom": "DJEMBERING", "code": 2220101}, "quartier_village": "CABROUSSE MOSSOR", "milieu": "RURAL", "thematique": null, "type_qvh": null}}, {"type": "Feature", "geometry": {"type": "Point", "coordinates": [-16.71859, 12.35777]}, "properties": {"id": "loisirs-484", "type": "loisirs", "type_label": "Loisirs", "nom": "BAR RESTAURANT", "region": {"nom": "ZIGUINCHOR", "code": 2}, "departement": {"nom": "OUSSOUYE", "code": 22}, "commune": {"nom": "KABROUSSE", "code": 22201}, "communaute_rurale": {"nom": "DJEMBERING", "code": 2220101}, "quartier_village": "CABROUSSE MOSSOR", "milieu": "RURAL", "thematique": null, "type_qvh": null}}, {"type": "Feature", "geometry": {"type": "Point", "coordinates": [-16.715876, 12.357319]}, "properties": {"id": "loisirs-485", "type": "loisirs", "type_label": "Loisirs", "nom": "BAR RESTAURANT LES DELICES", "region": {"nom": "ZIGUINCHOR", "code": 2}, "departement": {"nom": "OUSSOUYE", "code": 22}, "commune": {"nom": "KABROUSSE", "code": 22201}, "communaute_rurale": {"nom": "DJEMBERING", "code": 2220101}, "quartier_village": "CABROUSSE MOSSOR", "milieu": "RURAL", "thematique": null, "type_qvh": null}}, {"type": "Feature", "geometry": {"type": "Point", "coordinates": [-16.720174, 12.360253]}, "properties": {"id": "loisirs-486", "type": "loisirs", "type_label": "Loisirs", "nom": "BAR RESTAURANT CHEZ AMANTHIA", "region": {"nom": "ZIGUINCHOR", "code": 2}, "departement": {"nom": "OUSSOUYE", "code": 22}, "commune": {"nom": "KABROUSSE", "code": 22201}, "communaute_rurale": {"nom": "DJEMBERING", "code": 2220101}, "quartier_village": "CABROUSSE MOSSOR", "milieu": "RURAL", "thematique": null, "type_qvh": null}}, {"type": "Feature", "geometry": {"type": "Point", "coordinates": [-16.718451, 12.35792]}, "properties": {"id": "loisirs-487", "type": "loisirs", "type_label": "Loisirs", "nom": "BAR", "region": {"nom": "ZIGUINCHOR", "code": 2}, "departement": {"nom": "OUSSOUYE", "code": 22}, "commune": {"nom": "KABROUSSE", "code": 22201}, "communaute_rurale": {"nom": "DJEMBERING", "code": 2220101}, "quartier_village": "CABROUSSE MOSSOR", "milieu": "RURAL", "thematique": null, "type_qvh": null}}, {"type": "Feature", "geometry": {"type": "Point", "coordinates": [-16.736468, 12.385417]}, "properties": {"id": "loisirs-488", "type": "loisirs", "type_label": "Loisirs", "nom": "BAR RESTAURANT", "region": {"nom": "ZIGUINCHOR", "code": 2}, "departement": {"nom": "OUSSOUYE", "code": 22}, "commune": {"nom": "KABROUSSE", "code": 22201}, "communaute_rurale": {"nom": "DJEMBERING", "code": 2220101}, "quartier_village": "CAP SKIRING", "milieu": "RURAL", "thematique": null, "type_qvh": null}}, {"type": "Feature", "geometry": {"type": "Point", "coordinates": [-16.735359, 12.384318]}, "properties": {"id": "loisirs-489", "type": "loisirs", "type_label": "Loisirs", "nom": "DANCING NEW TROPIQUE", "region": {"nom": "ZIGUINCHOR", "code": 2}, "departement": {"nom": "OUSSOUYE", "code": 22}, "commune": {"nom": "KABROUSSE", "code": 22201}, "communaute_rurale": {"nom": "DJEMBERING", "code": 2220101}, "quartier_village": "CAP SKIRING", "milieu": "RURAL", "thematique": null, "type_qvh": null}}, {"type": "Feature", "geometry": {"type": "Point", "coordinates": [-16.738617, 12.387554]}, "properties": {"id": "loisirs-490", "type": "loisirs", "type_label": "Loisirs", "nom": "BAR", "region": {"nom": "ZIGUINCHOR", "code": 2}, "departement": {"nom": "OUSSOUYE", "code": 22}, "commune": {"nom": "KABROUSSE", "code": 22201}, "communaute_rurale": {"nom": "DJEMBERING", "code": 2220101}, "quartier_village": "CAP SKIRING", "milieu": "RURAL", "thematique": null, "type_qvh": null}}, {"type": "Feature", "geometry": {"type": "Point", "coordinates": [-16.738749, 12.387545]}, "properties": {"id": "loisirs-491", "type": "loisirs", "type_label": "Loisirs", "nom": "BAR RESTAURANT", "region": {"nom": "ZIGUINCHOR", "code": 2}, "departement": {"nom": "OUSSOUYE", "code": 22}, "commune": {"nom": "KABROUSSE", "code": 22201}, "communaute_rurale": {"nom": "DJEMBERING", "code": 2220101}, "quartier_village": "CAP SKIRING", "milieu": "RURAL", "thematique": null, "type_qvh": null}}, {"type": "Feature", "geometry": {"type": "Point", "coordinates": [-16.738689, 12.387528]}, "properties": {"id": "loisirs-492", "type": "loisirs", "type_label": "Loisirs", "nom": "BAR", "region": {"nom": "ZIGUINCHOR", "code": 2}, "departement": {"nom": "OUSSOUYE", "code": 22}, "commune": {"nom": "KABROUSSE", "code": 22201}, "communaute_rurale": {"nom": "DJEMBERING", "code": 2220101}, "quartier_village": "CAP SKIRING", "milieu": "RURAL", "thematique": null, "type_qvh": null}}, {"type": "Feature", "geometry": {"type": "Point", "coordinates": [-16.728329, 12.378177]}, "properties": {"id": "loisirs-493", "type": "loisirs", "type_label": "Loisirs", "nom": "BAR RESTAURANT DJIFAGNIFAGNE", "region": {"nom": "ZIGUINCHOR", "code": 2}, "departement": {"nom": "OUSSOUYE", "code": 22}, "commune": {"nom": "KABROUSSE", "code": 22201}, "communaute_rurale": {"nom": "DJEMBERING", "code": 2220101}, "quartier_village": "CAP SKIRING", "milieu": "RURAL", "thematique": null, "type_qvh": null}}, {"type": "Feature", "geometry": {"type": "Point", "coordinates": [-16.72673, 12.371255]}, "properties": {"id": "loisirs-494", "type": "loisirs", "type_label": "Loisirs", "nom": "BAR RESTAURANT", "region": {"nom": "ZIGUINCHOR", "code": 2}, "departement": {"nom": "OUSSOUYE", "code": 22}, "commune": {"nom": "KABROUSSE", "code": 22201}, "communaute_rurale": {"nom": "DJEMBERING", "code": 2220101}, "quartier_village": "CAP SKIRING", "milieu": "RURAL", "thematique": null, "type_qvh": null}}, {"type": "Feature", "geometry": {"type": "Point", "coordinates": [-16.738345, 12.392728]}, "properties": {"id": "loisirs-495", "type": "loisirs", "type_label": "Loisirs", "nom": "BAR CHEZ ODETTE COLY", "region": {"nom": "ZIGUINCHOR", "code": 2}, "departement": {"nom": "OUSSOUYE", "code": 22}, "commune": {"nom": "KABROUSSE", "code": 22201}, "communaute_rurale": {"nom": "DJEMBERING", "code": 2220101}, "quartier_village": "CAP SKIRING", "milieu": "RURAL", "thematique": null, "type_qvh": null}}, {"type": "Feature", "geometry": {"type": "Point", "coordinates": [-16.739701, 12.391229]}, "properties": {"id": "loisirs-496", "type": "loisirs", "type_label": "Loisirs", "nom": "BAR CHEZ ROSINE", "region": {"nom": "ZIGUINCHOR", "code": 2}, "departement": {"nom": "OUSSOUYE", "code": 22}, "commune": {"nom": "KABROUSSE", "code": 22201}, "communaute_rurale": {"nom": "DJEMBERING", "code": 2220101}, "quartier_village": "CAP SKIRING", "milieu": "RURAL", "thematique": null, "type_qvh": null}}, {"type": "Feature", "geometry": {"type": "Point", "coordinates": [-16.743957, 12.385141]}, "properties": {"id": "loisirs-497", "type": "loisirs", "type_label": "Loisirs", "nom": "BAR", "region": {"nom": "ZIGUINCHOR", "code": 2}, "departement": {"nom": "OUSSOUYE", "code": 22}, "commune": {"nom": "KABROUSSE", "code": 22201}, "communaute_rurale": {"nom": "DJEMBERING", "code": 2220101}, "quartier_village": "CAP SKIRING", "milieu": "RURAL", "thematique": null, "type_qvh": null}}, {"type": "Feature", "geometry": {"type": "Point", "coordinates": [-16.743183, 12.385153]}, "properties": {"id": "loisirs-498", "type": "loisirs", "type_label": "Loisirs", "nom": "BAR", "region": {"nom": "ZIGUINCHOR", "code": 2}, "departement": {"nom": "OUSSOUYE", "code": 22}, "commune": {"nom": "KABROUSSE", "code": 22201}, "communaute_rurale": {"nom": "DJEMBERING", "code": 2220101}, "quartier_village": "CAP SKIRING", "milieu": "RURAL", "thematique": null, "type_qvh": null}}, {"type": "Feature", "geometry": {"type": "Point", "coordinates": [-16.745439, 12.410918]}, "properties": {"id": "loisirs-499", "type": "loisirs", "type_label": "Loisirs", "nom": "BAR CHEZ ADELE", "region": {"nom": "ZIGUINCHOR", "code": 2}, "departement": {"nom": "OUSSOUYE", "code": 22}, "commune": {"nom": "KABROUSSE", "code": 22201}, "communaute_rurale": {"nom": "DJEMBERING", "code": 2220101}, "quartier_village": "BOUCOTTE DIOLA", "milieu": "RURAL", "thematique": null, "type_qvh": null}}, {"type": "Feature", "geometry": {"type": "Point", "coordinates": [-16.748415, 12.422673]}, "properties": {"id": "loisirs-500", "type": "loisirs", "type_label": "Loisirs", "nom": "BAR", "region": {"nom": "ZIGUINCHOR", "code": 2}, "departement": {"nom": "OUSSOUYE", "code": 22}, "commune": {"nom": "KABROUSSE", "code": 22201}, "communaute_rurale": {"nom": "DJEMBERING", "code": 2220101}, "quartier_village": "BOUCOTTE OUOLOF", "milieu": "RURAL", "thematique": null, "type_qvh": null}}, {"type": "Feature", "geometry": {"type": "Point", "coordinates": [-16.747095, 12.411739]}, "properties": {"id": "loisirs-501", "type": "loisirs", "type_label": "Loisirs", "nom": "BAR", "region": {"nom": "ZIGUINCHOR", "code": 2}, "departement": {"nom": "OUSSOUYE", "code": 22}, "commune": {"nom": "KABROUSSE", "code": 22201}, "communaute_rurale": {"nom": "DJEMBERING", "code": 2220101}, "quartier_village": "BOUCOTTE OUOLOF", "milieu": "RURAL", "thematique": null, "type_qvh": null}}, {"type": "Feature", "geometry": {"type": "Point", "coordinates": [-16.745417, 12.41028]}, "properties": {"id": "loisirs-502", "type": "loisirs", "type_label": "Loisirs", "nom": "BAR", "region": {"nom": "ZIGUINCHOR", "code": 2}, "departement": {"nom": "OUSSOUYE", "code": 22}, "commune": {"nom": "KABROUSSE", "code": 22201}, "communaute_rurale": {"nom": "DJEMBERING", "code": 2220101}, "quartier_village": "BOUCOTTE OUOLOF", "milieu": "RURAL", "thematique": null, "type_qvh": null}}, {"type": "Feature", "geometry": {"type": "Point", "coordinates": [-16.746695, 12.411185]}, "properties": {"id": "loisirs-503", "type": "loisirs", "type_label": "Loisirs", "nom": "BAR RESTAURANT EL DESCANSO", "region": {"nom": "ZIGUINCHOR", "code": 2}, "departement": {"nom": "OUSSOUYE", "code": 22}, "commune": {"nom": "KABROUSSE", "code": 22201}, "communaute_rurale": {"nom": "DJEMBERING", "code": 2220101}, "quartier_village": "BOUCOTTE OUOLOF", "milieu": "RURAL", "thematique": null, "type_qvh": null}}, {"type": "Feature", "geometry": {"type": "Point", "coordinates": [-16.779157, 12.465643]}, "properties": {"id": "loisirs-504", "type": "loisirs", "type_label": "Loisirs", "nom": "BAR RESTAURANT CHEZ ASSIMO", "region": {"nom": "ZIGUINCHOR", "code": 2}, "departement": {"nom": "OUSSOUYE", "code": 22}, "commune": {"nom": "KABROUSSE", "code": 22201}, "communaute_rurale": {"nom": "DJEMBERING", "code": 2220101}, "quartier_village": "DIEMBERING HALOUDIA", "milieu": "RURAL", "thematique": null, "type_qvh": null}}, {"type": "Feature", "geometry": {"type": "Point", "coordinates": [-16.778917, 12.466886]}, "properties": {"id": "loisirs-505", "type": "loisirs", "type_label": "Loisirs", "nom": "LE ROSSIGNOL BAR RESTAURANT", "region": {"nom": "ZIGUINCHOR", "code": 2}, "departement": {"nom": "OUSSOUYE", "code": 22}, "commune": {"nom": "KABROUSSE", "code": 22201}, "communaute_rurale": {"nom": "DJEMBERING", "code": 2220101}, "quartier_village": "DIEMBERING HALOUDIA", "milieu": "RURAL", "thematique": null, "type_qvh": null}}, {"type": "Feature", "geometry": {"type": "Point", "coordinates": [-16.77882, 12.467248]}, "properties": {"id": "loisirs-506", "type": "loisirs", "type_label": "Loisirs", "nom": "BAR CHEZ ESPERANCE", "region": {"nom": "ZIGUINCHOR", "code": 2}, "departement": {"nom": "OUSSOUYE", "code": 22}, "commune": {"nom": "KABROUSSE", "code": 22201}, "communaute_rurale": {"nom": "DJEMBERING", "code": 2220101}, "quartier_village": "DIEMBERING HALOUDIA", "milieu": "RURAL", "thematique": null, "type_qvh": null}}, {"type": "Feature", "geometry": {"type": "Point", "coordinates": [-16.778593, 12.46742]}, "properties": {"id": "loisirs-507", "type": "loisirs", "type_label": "Loisirs", "nom": "BAR", "region": {"nom": "ZIGUINCHOR", "code": 2}, "departement": {"nom": "OUSSOUYE", "code": 22}, "commune": {"nom": "KABROUSSE", "code": 22201}, "communaute_rurale": {"nom": "DJEMBERING", "code": 2220101}, "quartier_village": "DIEMBERING HOUDIABOUS", "milieu": "RURAL", "thematique": null, "type_qvh": null}}, {"type": "Feature", "geometry": {"type": "Point", "coordinates": [-16.777888, 12.469151]}, "properties": {"id": "loisirs-508", "type": "loisirs", "type_label": "Loisirs", "nom": "BAR", "region": {"nom": "ZIGUINCHOR", "code": 2}, "departement": {"nom": "OUSSOUYE", "code": 22}, "commune": {"nom": "KABROUSSE", "code": 22201}, "communaute_rurale": {"nom": "DJEMBERING", "code": 2220101}, "quartier_village": "DIEMBERING HOUDIABOUS", "milieu": "RURAL", "thematique": null, "type_qvh": null}}, {"type": "Feature", "geometry": {"type": "Point", "coordinates": [-16.779379, 12.468262]}, "properties": {"id": "loisirs-509", "type": "loisirs", "type_label": "Loisirs", "nom": "BAR CHEZ ALBERT SAMBOU", "region": {"nom": "ZIGUINCHOR", "code": 2}, "departement": {"nom": "OUSSOUYE", "code": 22}, "commune": {"nom": "KABROUSSE", "code": 22201}, "communaute_rurale": {"nom": "DJEMBERING", "code": 2220101}, "quartier_village": "DIEMBERING ETOUNE", "milieu": "RURAL", "thematique": null, "type_qvh": null}}, {"type": "Feature", "geometry": {"type": "Point", "coordinates": [-16.779367, 12.46619]}, "properties": {"id": "loisirs-510", "type": "loisirs", "type_label": "Loisirs", "nom": "BAR LA COUR DES GRAND", "region": {"nom": "ZIGUINCHOR", "code": 2}, "departement": {"nom": "OUSSOUYE", "code": 22}, "commune": {"nom": "KABROUSSE", "code": 22201}, "communaute_rurale": {"nom": "DJEMBERING", "code": 2220101}, "quartier_village": "DIEMBERING HALOUDIA", "milieu": "RURAL", "thematique": null, "type_qvh": null}}, {"type": "Feature", "geometry": {"type": "Point", "coordinates": [-16.780167, 12.466373]}, "properties": {"id": "loisirs-511", "type": "loisirs", "type_label": "Loisirs", "nom": "BAR", "region": {"nom": "ZIGUINCHOR", "code": 2}, "departement": {"nom": "OUSSOUYE", "code": 22}, "commune": {"nom": "KABROUSSE", "code": 22201}, "communaute_rurale": {"nom": "DJEMBERING", "code": 2220101}, "quartier_village": "DIEMBERING HALOUDIA", "milieu": "RURAL", "thematique": null, "type_qvh": null}}, {"type": "Feature", "geometry": {"type": "Point", "coordinates": [-16.779619, 12.466107]}, "properties": {"id": "loisirs-512", "type": "loisirs", "type_label": "Loisirs", "nom": "BAR RESTAURANT SUJUWASS", "region": {"nom": "ZIGUINCHOR", "code": 2}, "departement": {"nom": "OUSSOUYE", "code": 22}, "commune": {"nom": "KABROUSSE", "code": 22201}, "communaute_rurale": {"nom": "DJEMBERING", "code": 2220101}, "quartier_village": "DIEMBERING HALOUDIA", "milieu": "RURAL", "thematique": null, "type_qvh": null}}, {"type": "Feature", "geometry": {"type": "Point", "coordinates": [-16.702101, 12.55895]}, "properties": {"id": "loisirs-513", "type": "loisirs", "type_label": "Loisirs", "nom": "BAR RESTAURANT", "region": {"nom": "ZIGUINCHOR", "code": 2}, "departement": {"nom": "OUSSOUYE", "code": 22}, "commune": {"nom": "KABROUSSE", "code": 22201}, "communaute_rurale": {"nom": "DJEMBERING", "code": 2220101}, "quartier_village": "KARABANE", "milieu": "RURAL", "thematique": null, "type_qvh": null}}, {"type": "Feature", "geometry": {"type": "Point", "coordinates": [-16.702571, 12.55874]}, "properties": {"id": "loisirs-514", "type": "loisirs", "type_label": "Loisirs", "nom": "BAR RESTAURANT", "region": {"nom": "ZIGUINCHOR", "code": 2}, "departement": {"nom": "OUSSOUYE", "code": 22}, "commune": {"nom": "KABROUSSE", "code": 22201}, "communaute_rurale": {"nom": "DJEMBERING", "code": 2220101}, "quartier_village": "KARABANE", "milieu": "RURAL", "thematique": null, "type_qvh": null}}, {"type": "Feature", "geometry": {"type": "Point", "coordinates": [-16.704141, 12.557951]}, "properties": {"id": "loisirs-515", "type": "loisirs", "type_label": "Loisirs", "nom": "BAR RESTAURANT", "region": {"nom": "ZIGUINCHOR", "code": 2}, "departement": {"nom": "OUSSOUYE", "code": 22}, "commune": {"nom": "KABROUSSE", "code": 22201}, "communaute_rurale": {"nom": "DJEMBERING", "code": 2220101}, "quartier_village": "KARABANE", "milieu": "RURAL", "thematique": null, "type_qvh": null}}, {"type": "Feature", "geometry": {"type": "Point", "coordinates": [-16.665884, 12.427763]}, "properties": {"id": "loisirs-516", "type": "loisirs", "type_label": "Loisirs", "nom": "BAR RESTAURANT SUNU CAFE", "region": {"nom": "ZIGUINCHOR", "code": 2}, "departement": {"nom": "OUSSOUYE", "code": 22}, "commune": {"nom": "KABROUSSE", "code": 22201}, "communaute_rurale": {"nom": "DJEMBERING", "code": 2220101}, "quartier_village": "H2 KATACALOUSSE", "milieu": "RURAL", "thematique": null, "type_qvh": null}}, {"type": "Feature", "geometry": {"type": "Point", "coordinates": [-16.690579, 12.484589]}, "properties": {"id": "loisirs-517", "type": "loisirs", "type_label": "Loisirs", "nom": "BAR", "region": {"nom": "ZIGUINCHOR", "code": 2}, "departement": {"nom": "OUSSOUYE", "code": 22}, "commune": {"nom": "KABROUSSE", "code": 22201}, "communaute_rurale": {"nom": "DJEMBERING", "code": 2220101}, "quartier_village": "WINDAYE(WOUDAYE)", "milieu": "RURAL", "thematique": null, "type_qvh": null}}, {"type": "Feature", "geometry": {"type": "Point", "coordinates": [-16.691739, 12.48147]}, "properties": {"id": "loisirs-518", "type": "loisirs", "type_label": "Loisirs", "nom": "BAR DJIWASIL", "region": {"nom": "ZIGUINCHOR", "code": 2}, "departement": {"nom": "OUSSOUYE", "code": 22}, "commune": {"nom": "KABROUSSE", "code": 22201}, "communaute_rurale": {"nom": "DJEMBERING", "code": 2220101}, "quartier_village": "WINDAYE(WOUDAYE)", "milieu": "RURAL", "thematique": null, "type_qvh": null}}, {"type": "Feature", "geometry": {"type": "Point", "coordinates": [-16.668997, 12.463363]}, "properties": {"id": "loisirs-519", "type": "loisirs", "type_label": "Loisirs", "nom": "BAR", "region": {"nom": "ZIGUINCHOR", "code": 2}, "departement": {"nom": "OUSSOUYE", "code": 22}, "commune": {"nom": "KABROUSSE", "code": 22201}, "communaute_rurale": {"nom": "DJEMBERING", "code": 2220101}, "quartier_village": "OURONG", "milieu": "RURAL", "thematique": null, "type_qvh": null}}, {"type": "Feature", "geometry": {"type": "Point", "coordinates": [-16.665048, 12.50588]}, "properties": {"id": "loisirs-520", "type": "loisirs", "type_label": "Loisirs", "nom": "FREE BAR", "region": {"nom": "ZIGUINCHOR", "code": 2}, "departement": {"nom": "OUSSOUYE", "code": 22}, "commune": {"nom": "LOUDIA OUOLOF", "code": 22202}, "communaute_rurale": {"nom": "MLOMP", "code": 2220201}, "quartier_village": "ELINKINE", "milieu": "RURAL", "thematique": null, "type_qvh": null}}, {"type": "Feature", "geometry": {"type": "Point", "coordinates": [-16.664383, 12.506567]}, "properties": {"id": "loisirs-521", "type": "loisirs", "type_label": "Loisirs", "nom": "BAR", "region": {"nom": "ZIGUINCHOR", "code": 2}, "departement": {"nom": "OUSSOUYE", "code": 22}, "commune": {"nom": "LOUDIA OUOLOF", "code": 22202}, "communaute_rurale": {"nom": "MLOMP", "code": 2220201}, "quartier_village": "ELINKINE", "milieu": "RURAL", "thematique": null, "type_qvh": null}}, {"type": "Feature", "geometry": {"type": "Point", "coordinates": [-16.664295, 12.506639]}, "properties": {"id": "loisirs-522", "type": "loisirs", "type_label": "Loisirs", "nom": "DANCING", "region": {"nom": "ZIGUINCHOR", "code": 2}, "departement": {"nom": "OUSSOUYE", "code": 22}, "commune": {"nom": "LOUDIA OUOLOF", "code": 22202}, "communaute_rurale": {"nom": "MLOMP", "code": 2220201}, "quartier_village": "ELINKINE", "milieu": "RURAL", "thematique": null, "type_qvh": null}}, {"type": "Feature", "geometry": {"type": "Point", "coordinates": [-16.664729, 12.50691]}, "properties": {"id": "loisirs-523", "type": "loisirs", "type_label": "Loisirs", "nom": "GHANA BAR", "region": {"nom": "ZIGUINCHOR", "code": 2}, "departement": {"nom": "OUSSOUYE", "code": 22}, "commune": {"nom": "LOUDIA OUOLOF", "code": 22202}, "communaute_rurale": {"nom": "MLOMP", "code": 2220201}, "quartier_village": "ELINKINE", "milieu": "RURAL", "thematique": null, "type_qvh": null}}, {"type": "Feature", "geometry": {"type": "Point", "coordinates": [-16.665763, 12.507727]}, "properties": {"id": "loisirs-524", "type": "loisirs", "type_label": "Loisirs", "nom": "BAR DIOUFCOUNDA", "region": {"nom": "ZIGUINCHOR", "code": 2}, "departement": {"nom": "OUSSOUYE", "code": 22}, "commune": {"nom": "LOUDIA OUOLOF", "code": 22202}, "communaute_rurale": {"nom": "MLOMP", "code": 2220201}, "quartier_village": "ELINKINE", "milieu": "RURAL", "thematique": null, "type_qvh": null}}, {"type": "Feature", "geometry": {"type": "Point", "coordinates": [-16.660396, 12.508495]}, "properties": {"id": "loisirs-525", "type": "loisirs", "type_label": "Loisirs", "nom": "BAR ALOUGA DIAKHAO", "region": {"nom": "ZIGUINCHOR", "code": 2}, "departement": {"nom": "OUSSOUYE", "code": 22}, "commune": {"nom": "LOUDIA OUOLOF", "code": 22202}, "communaute_rurale": {"nom": "MLOMP", "code": 2220201}, "quartier_village": "ELINKINE", "milieu": "RURAL", "thematique": null, "type_qvh": null}}, {"type": "Feature", "geometry": {"type": "Point", "coordinates": [-16.656981, 12.511033]}, "properties": {"id": "loisirs-526", "type": "loisirs", "type_label": "Loisirs", "nom": "BAR RESTAURANT AUBERGE LE DRAGON", "region": {"nom": "ZIGUINCHOR", "code": 2}, "departement": {"nom": "OUSSOUYE", "code": 22}, "commune": {"nom": "LOUDIA OUOLOF", "code": 22202}, "communaute_rurale": {"nom": "MLOMP", "code": 2220201}, "quartier_village": "ELINKINE", "milieu": "RURAL", "thematique": null, "type_qvh": null}}, {"type": "Feature", "geometry": {"type": "Point", "coordinates": [-16.655907, 12.511195]}, "properties": {"id": "loisirs-527", "type": "loisirs", "type_label": "Loisirs", "nom": "BAR", "region": {"nom": "ZIGUINCHOR", "code": 2}, "departement": {"nom": "OUSSOUYE", "code": 22}, "commune": {"nom": "LOUDIA OUOLOF", "code": 22202}, "communaute_rurale": {"nom": "MLOMP", "code": 2220201}, "quartier_village": "ELINKINE", "milieu": "RURAL", "thematique": null, "type_qvh": null}}, {"type": "Feature", "geometry": {"type": "Point", "coordinates": [-16.65666, 12.512494]}, "properties": {"id": "loisirs-528", "type": "loisirs", "type_label": "Loisirs", "nom": "BAR", "region": {"nom": "ZIGUINCHOR", "code": 2}, "departement": {"nom": "OUSSOUYE", "code": 22}, "commune": {"nom": "LOUDIA OUOLOF", "code": 22202}, "communaute_rurale": {"nom": "MLOMP", "code": 2220201}, "quartier_village": "ELINKINE", "milieu": "RURAL", "thematique": null, "type_qvh": null}}, {"type": "Feature", "geometry": {"type": "Point", "coordinates": [-16.622135, 12.552144]}, "properties": {"id": "loisirs-529", "type": "loisirs", "type_label": "Loisirs", "nom": "BAR RESTAURANT", "region": {"nom": "ZIGUINCHOR", "code": 2}, "departement": {"nom": "OUSSOUYE", "code": 22}, "commune": {"nom": "LOUDIA OUOLOF", "code": 22202}, "communaute_rurale": {"nom": "MLOMP", "code": 2220201}, "quartier_village": "CAGNOUTE BOUHIMBANE", "milieu": "RURAL", "thematique": null, "type_qvh": null}}, {"type": "Feature", "geometry": {"type": "Point", "coordinates": [-16.626652, 12.54778]}, "properties": {"id": "loisirs-530", "type": "loisirs", "type_label": "Loisirs", "nom": "BAR", "region": {"nom": "ZIGUINCHOR", "code": 2}, "departement": {"nom": "OUSSOUYE", "code": 22}, "commune": {"nom": "LOUDIA OUOLOF", "code": 22202}, "communaute_rurale": {"nom": "MLOMP", "code": 2220201}, "quartier_village": "CAGNOUTE EBROUAYE", "milieu": "RURAL", "thematique": null, "type_qvh": null}}, {"type": "Feature", "geometry": {"type": "Point", "coordinates": [-16.626056, 12.551229]}, "properties": {"id": "loisirs-531", "type": "loisirs", "type_label": "Loisirs", "nom": "EKINKIT BAR", "region": {"nom": "ZIGUINCHOR", "code": 2}, "departement": {"nom": "OUSSOUYE", "code": 22}, "commune": {"nom": "LOUDIA OUOLOF", "code": 22202}, "communaute_rurale": {"nom": "MLOMP", "code": 2220201}, "quartier_village": "CAGNOUTE EBROUAYE", "milieu": "RURAL", "thematique": null, "type_qvh": null}}, {"type": "Feature", "geometry": {"type": "Point", "coordinates": [-16.623928, 12.552033]}, "properties": {"id": "loisirs-532", "type": "loisirs", "type_label": "Loisirs", "nom": "BAR AKINE DELEW", "region": {"nom": "ZIGUINCHOR", "code": 2}, "departement": {"nom": "OUSSOUYE", "code": 22}, "commune": {"nom": "LOUDIA OUOLOF", "code": 22202}, "communaute_rurale": {"nom": "MLOMP", "code": 2220201}, "quartier_village": "CAGNOUTE EBROUAYE", "milieu": "RURAL", "thematique": null, "type_qvh": null}}, {"type": "Feature", "geometry": {"type": "Point", "coordinates": [-16.557139, 12.630249]}, "properties": {"id": "loisirs-533", "type": "loisirs", "type_label": "Loisirs", "nom": "BAR CHEZ CLARA", "region": {"nom": "ZIGUINCHOR", "code": 2}, "departement": {"nom": "OUSSOUYE", "code": 22}, "commune": {"nom": "LOUDIA OUOLOF", "code": 22202}, "communaute_rurale": {"nom": "MLOMP", "code": 2220201}, "quartier_village": "POINTE SAINT GEORGES", "milieu": "RURAL", "thematique": null, "type_qvh": null}}, {"type": "Feature", "geometry": {"type": "Point", "coordinates": [-16.556949, 12.631137]}, "properties": {"id": "loisirs-534", "type": "loisirs", "type_label": "Loisirs", "nom": "BAR CAMPEMENT LE FIGUIER", "region": {"nom": "ZIGUINCHOR", "code": 2}, "departement": {"nom": "OUSSOUYE", "code": 22}, "commune": {"nom": "LOUDIA OUOLOF", "code": 22202}, "communaute_rurale": {"nom": "MLOMP", "code": 2220201}, "quartier_village": "POINTE SAINT GEORGES", "milieu": "RURAL", "thematique": null, "type_qvh": null}}, {"type": "Feature", "geometry": {"type": "Point", "coordinates": [-16.58511, 12.556459]}, "properties": {"id": "loisirs-535", "type": "loisirs", "type_label": "Loisirs", "nom": "DANCING", "region": {"nom": "ZIGUINCHOR", "code": 2}, "departement": {"nom": "OUSSOUYE", "code": 22}, "commune": {"nom": "LOUDIA OUOLOF", "code": 22202}, "communaute_rurale": {"nom": "MLOMP", "code": 2220201}, "quartier_village": "MLOMP KADJIFOLONG", "milieu": "RURAL", "thematique": null, "type_qvh": null}}, {"type": "Feature", "geometry": {"type": "Point", "coordinates": [-16.585562, 12.55654]}, "properties": {"id": "loisirs-536", "type": "loisirs", "type_label": "Loisirs", "nom": "POINT DE JEUX", "region": {"nom": "ZIGUINCHOR", "code": 2}, "departement": {"nom": "OUSSOUYE", "code": 22}, "commune": {"nom": "LOUDIA OUOLOF", "code": 22202}, "communaute_rurale": {"nom": "MLOMP", "code": 2220201}, "quartier_village": "MLOMP KADJIFOLONG", "milieu": "RURAL", "thematique": null, "type_qvh": null}}, {"type": "Feature", "geometry": {"type": "Point", "coordinates": [-16.58478, 12.556917]}, "properties": {"id": "loisirs-537", "type": "loisirs", "type_label": "Loisirs", "nom": "BAR ESCALE", "region": {"nom": "ZIGUINCHOR", "code": 2}, "departement": {"nom": "OUSSOUYE", "code": 22}, "commune": {"nom": "LOUDIA OUOLOF", "code": 22202}, "communaute_rurale": {"nom": "MLOMP", "code": 2220201}, "quartier_village": "MLOMP KADJIFOLONG", "milieu": "RURAL", "thematique": null, "type_qvh": null}}, {"type": "Feature", "geometry": {"type": "Point", "coordinates": [-16.583779, 12.557272]}, "properties": {"id": "loisirs-538", "type": "loisirs", "type_label": "Loisirs", "nom": "BAR", "region": {"nom": "ZIGUINCHOR", "code": 2}, "departement": {"nom": "OUSSOUYE", "code": 22}, "commune": {"nom": "LOUDIA OUOLOF", "code": 22202}, "communaute_rurale": {"nom": "MLOMP", "code": 2220201}, "quartier_village": "MLOMP KADJIFOLONG", "milieu": "RURAL", "thematique": null, "type_qvh": null}}, {"type": "Feature", "geometry": {"type": "Point", "coordinates": [-16.578789, 12.557506]}, "properties": {"id": "loisirs-539", "type": "loisirs", "type_label": "Loisirs", "nom": "BAR RESTAURANT", "region": {"nom": "ZIGUINCHOR", "code": 2}, "departement": {"nom": "OUSSOUYE", "code": 22}, "commune": {"nom": "LOUDIA OUOLOF", "code": 22202}, "communaute_rurale": {"nom": "MLOMP", "code": 2220201}, "quartier_village": "MLOMP KADJIFOLONG", "milieu": "RURAL", "thematique": null, "type_qvh": null}}, {"type": "Feature", "geometry": {"type": "Point", "coordinates": [-16.581067, 12.558182]}, "properties": {"id": "loisirs-540", "type": "loisirs", "type_label": "Loisirs", "nom": "BAR LE RONIER", "region": {"nom": "ZIGUINCHOR", "code": 2}, "departement": {"nom": "OUSSOUYE", "code": 22}, "commune": {"nom": "LOUDIA OUOLOF", "code": 22202}, "communaute_rurale": {"nom": "MLOMP", "code": 2220201}, "quartier_village": "MLOMP KADJIFOLONG", "milieu": "RURAL", "thematique": null, "type_qvh": null}}, {"type": "Feature", "geometry": {"type": "Point", "coordinates": [-16.58077, 12.558259]}, "properties": {"id": "loisirs-541", "type": "loisirs", "type_label": "Loisirs", "nom": "Loisirs", "region": {"nom": "ZIGUINCHOR", "code": 2}, "departement": {"nom": "OUSSOUYE", "code": 22}, "commune": {"nom": "LOUDIA OUOLOF", "code": 22202}, "communaute_rurale": {"nom": "MLOMP", "code": 2220201}, "quartier_village": "MLOMP KADJIFOLONG", "milieu": "RURAL", "thematique": null, "type_qvh": null}}, {"type": "Feature", "geometry": {"type": "Point", "coordinates": [-16.560554, 12.559093]}, "properties": {"id": "loisirs-542", "type": "loisirs", "type_label": "Loisirs", "nom": "BAR", "region": {"nom": "ZIGUINCHOR", "code": 2}, "departement": {"nom": "OUSSOUYE", "code": 22}, "commune": {"nom": "LOUDIA OUOLOF", "code": 22202}, "communaute_rurale": {"nom": "MLOMP", "code": 2220201}, "quartier_village": "CADJIGNOLLE KAGNAO", "milieu": "RURAL", "thematique": null, "type_qvh": null}}, {"type": "Feature", "geometry": {"type": "Point", "coordinates": [-16.563128, 12.560286]}, "properties": {"id": "loisirs-543", "type": "loisirs", "type_label": "Loisirs", "nom": "BAR", "region": {"nom": "ZIGUINCHOR", "code": 2}, "departement": {"nom": "OUSSOUYE", "code": 22}, "commune": {"nom": "LOUDIA OUOLOF", "code": 22202}, "communaute_rurale": {"nom": "MLOMP", "code": 2220201}, "quartier_village": "CADJIGNOLLE KAGNAO", "milieu": "RURAL", "thematique": null, "type_qvh": null}}, {"type": "Feature", "geometry": {"type": "Point", "coordinates": [-16.566486, 12.556794]}, "properties": {"id": "loisirs-544", "type": "loisirs", "type_label": "Loisirs", "nom": "BAR", "region": {"nom": "ZIGUINCHOR", "code": 2}, "departement": {"nom": "OUSSOUYE", "code": 22}, "commune": {"nom": "LOUDIA OUOLOF", "code": 22202}, "communaute_rurale": {"nom": "MLOMP", "code": 2220201}, "quartier_village": "CADJIGNOLLE KAFONE", "milieu": "RURAL", "thematique": null, "type_qvh": null}}, {"type": "Feature", "geometry": {"type": "Point", "coordinates": [-16.566119, 12.559723]}, "properties": {"id": "loisirs-545", "type": "loisirs", "type_label": "Loisirs", "nom": "BAR KUBELE", "region": {"nom": "ZIGUINCHOR", "code": 2}, "departement": {"nom": "OUSSOUYE", "code": 22}, "commune": {"nom": "LOUDIA OUOLOF", "code": 22202}, "communaute_rurale": {"nom": "MLOMP", "code": 2220201}, "quartier_village": "CADJIGNOLLE KAFONE", "milieu": "RURAL", "thematique": null, "type_qvh": null}}, {"type": "Feature", "geometry": {"type": "Point", "coordinates": [-16.571322, 12.560196]}, "properties": {"id": "loisirs-546", "type": "loisirs", "type_label": "Loisirs", "nom": "EDISE BAR", "region": {"nom": "ZIGUINCHOR", "code": 2}, "departement": {"nom": "OUSSOUYE", "code": 22}, "commune": {"nom": "LOUDIA OUOLOF", "code": 22202}, "communaute_rurale": {"nom": "MLOMP", "code": 2220201}, "quartier_village": "CADJIGNOLLE KAFONE", "milieu": "RURAL", "thematique": null, "type_qvh": null}}, {"type": "Feature", "geometry": {"type": "Point", "coordinates": [-16.587124, 12.549949]}, "properties": {"id": "loisirs-547", "type": "loisirs", "type_label": "Loisirs", "nom": "BAR", "region": {"nom": "ZIGUINCHOR", "code": 2}, "departement": {"nom": "OUSSOUYE", "code": 22}, "commune": {"nom": "LOUDIA OUOLOF", "code": 22202}, "communaute_rurale": {"nom": "MLOMP", "code": 2220201}, "quartier_village": "MLOMP ETEBEMAYE", "milieu": "RURAL", "thematique": null, "type_qvh": null}}, {"type": "Feature", "geometry": {"type": "Point", "coordinates": [-16.580543, 12.553068]}, "properties": {"id": "loisirs-548", "type": "loisirs", "type_label": "Loisirs", "nom": "BAR COMICO", "region": {"nom": "ZIGUINCHOR", "code": 2}, "departement": {"nom": "OUSSOUYE", "code": 22}, "commune": {"nom": "LOUDIA OUOLOF", "code": 22202}, "communaute_rurale": {"nom": "MLOMP", "code": 2220201}, "quartier_village": "HAER", "milieu": "RURAL", "thematique": null, "type_qvh": null}}, {"type": "Feature", "geometry": {"type": "Point", "coordinates": [-16.588497, 12.554947]}, "properties": {"id": "loisirs-549", "type": "loisirs", "type_label": "Loisirs", "nom": "BAR", "region": {"nom": "ZIGUINCHOR", "code": 2}, "departement": {"nom": "OUSSOUYE", "code": 22}, "commune": {"nom": "LOUDIA OUOLOF", "code": 22202}, "communaute_rurale": {"nom": "MLOMP", "code": 2220201}, "quartier_village": "MLOMP DJICOMOL", "milieu": "RURAL", "thematique": null, "type_qvh": null}}, {"type": "Feature", "geometry": {"type": "Point", "coordinates": [-16.626782, 12.435325]}, "properties": {"id": "loisirs-550", "type": "loisirs", "type_label": "Loisirs", "nom": "SALL CREATION", "region": {"nom": "ZIGUINCHOR", "code": 2}, "departement": {"nom": "OUSSOUYE", "code": 22}, "commune": {"nom": "LOUDIA OUOLOF", "code": 22202}, "communaute_rurale": {"nom": "OUKOUT", "code": 2220202}, "quartier_village": "DIAKENE DIOLA", "milieu": "RURAL", "thematique": null, "type_qvh": null}}, {"type": "Feature", "geometry": {"type": "Point", "coordinates": [-16.628176, 12.441033]}, "properties": {"id": "loisirs-551", "type": "loisirs", "type_label": "Loisirs", "nom": "BAR", "region": {"nom": "ZIGUINCHOR", "code": 2}, "departement": {"nom": "OUSSOUYE", "code": 22}, "commune": {"nom": "LOUDIA OUOLOF", "code": 22202}, "communaute_rurale": {"nom": "OUKOUT", "code": 2220202}, "quartier_village": "DIAKENE DIOLA", "milieu": "RURAL", "thematique": null, "type_qvh": null}}, {"type": "Feature", "geometry": {"type": "Point", "coordinates": [-16.626821, 12.446034]}, "properties": {"id": "loisirs-552", "type": "loisirs", "type_label": "Loisirs", "nom": "BAR", "region": {"nom": "ZIGUINCHOR", "code": 2}, "departement": {"nom": "OUSSOUYE", "code": 22}, "commune": {"nom": "LOUDIA OUOLOF", "code": 22202}, "communaute_rurale": {"nom": "OUKOUT", "code": 2220202}, "quartier_village": "DIAKENE DIOLA", "milieu": "RURAL", "thematique": null, "type_qvh": null}}, {"type": "Feature", "geometry": {"type": "Point", "coordinates": [-16.556672, 12.446361]}, "properties": {"id": "loisirs-553", "type": "loisirs", "type_label": "Loisirs", "nom": "BAR ANGOULENE", "region": {"nom": "ZIGUINCHOR", "code": 2}, "departement": {"nom": "OUSSOUYE", "code": 22}, "commune": {"nom": "LOUDIA OUOLOF", "code": 22202}, "communaute_rurale": {"nom": "OUKOUT", "code": 2220202}, "quartier_village": "EMAYE", "milieu": "RURAL", "thematique": null, "type_qvh": null}}, {"type": "Feature", "geometry": {"type": "Point", "coordinates": [-16.52727, 12.45588]}, "properties": {"id": "loisirs-554", "type": "loisirs", "type_label": "Loisirs", "nom": "BAR", "region": {"nom": "ZIGUINCHOR", "code": 2}, "departement": {"nom": "OUSSOUYE", "code": 22}, "commune": {"nom": "LOUDIA OUOLOF", "code": 22202}, "communaute_rurale": {"nom": "OUKOUT", "code": 2220202}, "quartier_village": "SIGANAR KATAKAL", "milieu": "RURAL", "thematique": null, "type_qvh": null}}, {"type": "Feature", "geometry": {"type": "Point", "coordinates": [-16.525923, 12.471089]}, "properties": {"id": "loisirs-555", "type": "loisirs", "type_label": "Loisirs", "nom": "BAR", "region": {"nom": "ZIGUINCHOR", "code": 2}, "departement": {"nom": "OUSSOUYE", "code": 22}, "commune": {"nom": "LOUDIA OUOLOF", "code": 22202}, "communaute_rurale": {"nom": "OUKOUT", "code": 2220202}, "quartier_village": "CAROUNATE", "milieu": "RURAL", "thematique": null, "type_qvh": null}}, {"type": "Feature", "geometry": {"type": "Point", "coordinates": [-16.537051, 12.489687]}, "properties": {"id": "loisirs-556", "type": "loisirs", "type_label": "Loisirs", "nom": "DANCING NON FONCTIONNEL", "region": {"nom": "ZIGUINCHOR", "code": 2}, "departement": {"nom": "OUSSOUYE", "code": 22}, "commune": {"nom": "LOUDIA OUOLOF", "code": 22202}, "communaute_rurale": {"nom": "OUKOUT", "code": 2220202}, "quartier_village": "EDIOUNGOU", "milieu": "RURAL", "thematique": null, "type_qvh": null}}, {"type": "Feature", "geometry": {"type": "Point", "coordinates": [-16.532163, 12.488713]}, "properties": {"id": "loisirs-557", "type": "loisirs", "type_label": "Loisirs", "nom": "BAR", "region": {"nom": "ZIGUINCHOR", "code": 2}, "departement": {"nom": "OUSSOUYE", "code": 22}, "commune": {"nom": "LOUDIA OUOLOF", "code": 22202}, "communaute_rurale": {"nom": "OUKOUT", "code": 2220202}, "quartier_village": "EDIOUNGOU", "milieu": "RURAL", "thematique": null, "type_qvh": null}}, {"type": "Feature", "geometry": {"type": "Point", "coordinates": [-16.527906, 12.493933]}, "properties": {"id": "loisirs-558", "type": "loisirs", "type_label": "Loisirs", "nom": "BAR", "region": {"nom": "ZIGUINCHOR", "code": 2}, "departement": {"nom": "OUSSOUYE", "code": 22}, "commune": {"nom": "LOUDIA OUOLOF", "code": 22202}, "communaute_rurale": {"nom": "OUKOUT", "code": 2220202}, "quartier_village": "DJIVENTE", "milieu": "RURAL", "thematique": null, "type_qvh": null}}, {"type": "Feature", "geometry": {"type": "Point", "coordinates": [-16.530041, 12.493085]}, "properties": {"id": "loisirs-559", "type": "loisirs", "type_label": "Loisirs", "nom": "BAR", "region": {"nom": "ZIGUINCHOR", "code": 2}, "departement": {"nom": "OUSSOUYE", "code": 22}, "commune": {"nom": "LOUDIA OUOLOF", "code": 22202}, "communaute_rurale": {"nom": "OUKOUT", "code": 2220202}, "quartier_village": "DJIVENTE", "milieu": "RURAL", "thematique": null, "type_qvh": null}}, {"type": "Feature", "geometry": {"type": "Point", "coordinates": [-16.537112, 12.494118]}, "properties": {"id": "loisirs-560", "type": "loisirs", "type_label": "Loisirs", "nom": "BAR RESTAURANT NIGHT CLUB LE TITANIC", "region": {"nom": "ZIGUINCHOR", "code": 2}, "departement": {"nom": "OUSSOUYE", "code": 22}, "commune": {"nom": "LOUDIA OUOLOF", "code": 22202}, "communaute_rurale": {"nom": "OUKOUT", "code": 2220202}, "quartier_village": "KAHINDA", "milieu": "RURAL", "thematique": null, "type_qvh": null}}, {"type": "Feature", "geometry": {"type": "Point", "coordinates": [-16.555161, 12.47859]}, "properties": {"id": "loisirs-561", "type": "loisirs", "type_label": "Loisirs", "nom": "BAR", "region": {"nom": "ZIGUINCHOR", "code": 2}, "departement": {"nom": "OUSSOUYE", "code": 22}, "commune": {"nom": "LOUDIA OUOLOF", "code": 22202}, "communaute_rurale": {"nom": "OUKOUT", "code": 2220202}, "quartier_village": "OUKOUT MADIOP", "milieu": "RURAL", "thematique": null, "type_qvh": null}}, {"type": "Feature", "geometry": {"type": "Point", "coordinates": [-16.558969, 12.480853]}, "properties": {"id": "loisirs-562", "type": "loisirs", "type_label": "Loisirs", "nom": "BAR", "region": {"nom": "ZIGUINCHOR", "code": 2}, "departement": {"nom": "OUSSOUYE", "code": 22}, "commune": {"nom": "LOUDIA OUOLOF", "code": 22202}, "communaute_rurale": {"nom": "OUKOUT", "code": 2220202}, "quartier_village": "OUKOUT ETEILO", "milieu": "RURAL", "thematique": null, "type_qvh": null}}, {"type": "Feature", "geometry": {"type": "Point", "coordinates": [-16.556256, 12.479446]}, "properties": {"id": "loisirs-563", "type": "loisirs", "type_label": "Loisirs", "nom": "BAR", "region": {"nom": "ZIGUINCHOR", "code": 2}, "departement": {"nom": "OUSSOUYE", "code": 22}, "commune": {"nom": "LOUDIA OUOLOF", "code": 22202}, "communaute_rurale": {"nom": "OUKOUT", "code": 2220202}, "quartier_village": "OUKOUT MADIOP", "milieu": "RURAL", "thematique": null, "type_qvh": null}}, {"type": "Feature", "geometry": {"type": "Point", "coordinates": [-16.556596, 12.474209]}, "properties": {"id": "loisirs-564", "type": "loisirs", "type_label": "Loisirs", "nom": "BAR", "region": {"nom": "ZIGUINCHOR", "code": 2}, "departement": {"nom": "OUSSOUYE", "code": 22}, "commune": {"nom": "LOUDIA OUOLOF", "code": 22202}, "communaute_rurale": {"nom": "OUKOUT", "code": 2220202}, "quartier_village": "OUKOUT MADIOP", "milieu": "RURAL", "thematique": null, "type_qvh": null}}, {"type": "Feature", "geometry": {"type": "Point", "coordinates": [-16.602106, 12.353485]}, "properties": {"id": "loisirs-565", "type": "loisirs", "type_label": "Loisirs", "nom": "BAR NON FONCTIONNEL", "region": {"nom": "ZIGUINCHOR", "code": 2}, "departement": {"nom": "OUSSOUYE", "code": 22}, "commune": {"nom": "KABROUSSE", "code": 22201}, "communaute_rurale": {"nom": "SANTHIABA MANJACQUE", "code": 2220102}, "quartier_village": "KAHEME", "milieu": "RURAL", "thematique": null, "type_qvh": null}}, {"type": "Feature", "geometry": {"type": "Point", "coordinates": [-16.626104, 12.4119]}, "properties": {"id": "loisirs-566", "type": "loisirs", "type_label": "Loisirs", "nom": "BAR", "region": {"nom": "ZIGUINCHOR", "code": 2}, "departement": {"nom": "OUSSOUYE", "code": 22}, "commune": {"nom": "KABROUSSE", "code": 22201}, "communaute_rurale": {"nom": "SANTHIABA MANJACQUE", "code": 2220102}, "quartier_village": "ESSAOUTE", "milieu": "RURAL", "thematique": null, "type_qvh": null}}, {"type": "Feature", "geometry": {"type": "Point", "coordinates": [-16.60226, 12.353683]}, "properties": {"id": "loisirs-567", "type": "loisirs", "type_label": "Loisirs", "nom": "BAR NON FONCTIONNEL", "region": {"nom": "ZIGUINCHOR", "code": 2}, "departement": {"nom": "OUSSOUYE", "code": 22}, "commune": {"nom": "KABROUSSE", "code": 22201}, "communaute_rurale": {"nom": "SANTHIABA MANJACQUE", "code": 2220102}, "quartier_village": "KAHEME", "milieu": "RURAL", "thematique": null, "type_qvh": null}}, {"type": "Feature", "geometry": {"type": "Point", "coordinates": [-16.472061, 12.375188]}, "properties": {"id": "loisirs-568", "type": "loisirs", "type_label": "Loisirs", "nom": "BAR EN CONSTRUCTION", "region": {"nom": "ZIGUINCHOR", "code": 2}, "departement": {"nom": "OUSSOUYE", "code": 22}, "commune": {"nom": "KABROUSSE", "code": 22201}, "communaute_rurale": {"nom": "SANTHIABA MANJACQUE", "code": 2220102}, "quartier_village": "YOUTOU KANOKENDO", "milieu": "RURAL", "thematique": null, "type_qvh": null}}, {"type": "Feature", "geometry": {"type": "Point", "coordinates": [-16.485373, 12.383988]}, "properties": {"id": "loisirs-569", "type": "loisirs", "type_label": "Loisirs", "nom": "BAR BALLA GAYE", "region": {"nom": "ZIGUINCHOR", "code": 2}, "departement": {"nom": "OUSSOUYE", "code": 22}, "commune": {"nom": "KABROUSSE", "code": 22201}, "communaute_rurale": {"nom": "SANTHIABA MANJACQUE", "code": 2220102}, "quartier_village": "YOUTOU DJIBONKER", "milieu": "RURAL", "thematique": null, "type_qvh": null}}, {"type": "Feature", "geometry": {"type": "Point", "coordinates": [-16.516673, 12.408268]}, "properties": {"id": "loisirs-570", "type": "loisirs", "type_label": "Loisirs", "nom": "BAR NON FONCTIONNEL", "region": {"nom": "ZIGUINCHOR", "code": 2}, "departement": {"nom": "OUSSOUYE", "code": 22}, "commune": {"nom": "KABROUSSE", "code": 22201}, "communaute_rurale": {"nom": "SANTHIABA MANJACQUE", "code": 2220102}, "quartier_village": "EFFOC EHINTING", "milieu": "RURAL", "thematique": null, "type_qvh": null}}, {"type": "Feature", "geometry": {"type": "Point", "coordinates": [-16.515662, 12.402231]}, "properties": {"id": "loisirs-571", "type": "loisirs", "type_label": "Loisirs", "nom": "BAR", "region": {"nom": "ZIGUINCHOR", "code": 2}, "departement": {"nom": "OUSSOUYE", "code": 22}, "commune": {"nom": "KABROUSSE", "code": 22201}, "communaute_rurale": {"nom": "SANTHIABA MANJACQUE", "code": 2220102}, "quartier_village": "EFFOC KAKOUNOUNE", "milieu": "RURAL", "thematique": null, "type_qvh": null}}, {"type": "Feature", "geometry": {"type": "Point", "coordinates": [-16.01304, 12.623757]}, "properties": {"id": "loisirs-572", "type": "loisirs", "type_label": "Loisirs", "nom": "DANCING", "region": {"nom": "ZIGUINCHOR", "code": 2}, "departement": {"nom": "ZIGUINCHOR", "code": 23}, "commune": {"nom": "NIAGUIS", "code": 23201}, "communaute_rurale": {"nom": "ADEANE", "code": 2320101}, "quartier_village": "ADEANE", "milieu": "RURAL", "thematique": null, "type_qvh": null}}, {"type": "Feature", "geometry": {"type": "Point", "coordinates": [-16.019405, 12.629113]}, "properties": {"id": "loisirs-573", "type": "loisirs", "type_label": "Loisirs", "nom": "BAR", "region": {"nom": "ZIGUINCHOR", "code": 2}, "departement": {"nom": "ZIGUINCHOR", "code": 23}, "commune": {"nom": "NIAGUIS", "code": 23201}, "communaute_rurale": {"nom": "ADEANE", "code": 2320101}, "quartier_village": "ADEANE", "milieu": "RURAL", "thematique": null, "type_qvh": null}}, {"type": "Feature", "geometry": {"type": "Point", "coordinates": [-16.070008, 12.595866]}, "properties": {"id": "loisirs-574", "type": "loisirs", "type_label": "Loisirs", "nom": "DANCING", "region": {"nom": "ZIGUINCHOR", "code": 2}, "departement": {"nom": "ZIGUINCHOR", "code": 23}, "commune": {"nom": "NIAGUIS", "code": 23201}, "communaute_rurale": {"nom": "ADEANE", "code": 2320101}, "quartier_village": "SINDONE", "milieu": "RURAL", "thematique": null, "type_qvh": null}}, {"type": "Feature", "geometry": {"type": "Point", "coordinates": [-16.081296, 12.505845]}, "properties": {"id": "loisirs-575", "type": "loisirs", "type_label": "Loisirs", "nom": "BAR", "region": {"nom": "ZIGUINCHOR", "code": 2}, "departement": {"nom": "ZIGUINCHOR", "code": 23}, "commune": {"nom": "NIAGUIS", "code": 23201}, "communaute_rurale": {"nom": "BOUTOUPA CAMARACOUNDA", "code": 2320102}, "quartier_village": "H1 TRANQUILLE", "milieu": "RURAL", "thematique": null, "type_qvh": null}}, {"type": "Feature", "geometry": {"type": "Point", "coordinates": [-16.447844, 12.514857]}, "properties": {"id": "loisirs-576", "type": "loisirs", "type_label": "Loisirs", "nom": "DANCING", "region": {"nom": "ZIGUINCHOR", "code": 2}, "departement": {"nom": "ZIGUINCHOR", "code": 23}, "commune": {"nom": "NYASSIA", "code": 23202}, "communaute_rurale": {"nom": "ENAMPORE", "code": 2320201}, "quartier_village": "ENAMPORE", "milieu": "RURAL", "thematique": null, "type_qvh": null}}, {"type": "Feature", "geometry": {"type": "Point", "coordinates": [-16.448104, 12.514927]}, "properties": {"id": "loisirs-577", "type": "loisirs", "type_label": "Loisirs", "nom": "BAR", "region": {"nom": "ZIGUINCHOR", "code": 2}, "departement": {"nom": "ZIGUINCHOR", "code": 23}, "commune": {"nom": "NYASSIA", "code": 23202}, "communaute_rurale": {"nom": "ENAMPORE", "code": 2320201}, "quartier_village": "ENAMPORE", "milieu": "RURAL", "thematique": null, "type_qvh": null}}, {"type": "Feature", "geometry": {"type": "Point", "coordinates": [-16.356049, 12.536645]}, "properties": {"id": "loisirs-578", "type": "loisirs", "type_label": "Loisirs", "nom": "BAR", "region": {"nom": "ZIGUINCHOR", "code": 2}, "departement": {"nom": "ZIGUINCHOR", "code": 23}, "commune": {"nom": "NYASSIA", "code": 23202}, "communaute_rurale": {"nom": "ENAMPORE", "code": 2320201}, "quartier_village": "BRIN", "milieu": "RURAL", "thematique": null, "type_qvh": null}}, {"type": "Feature", "geometry": {"type": "Point", "coordinates": [-16.353928, 12.532863]}, "properties": {"id": "loisirs-579", "type": "loisirs", "type_label": "Loisirs", "nom": "BAR", "region": {"nom": "ZIGUINCHOR", "code": 2}, "departement": {"nom": "ZIGUINCHOR", "code": 23}, "commune": {"nom": "NYASSIA", "code": 23202}, "communaute_rurale": {"nom": "ENAMPORE", "code": 2320201}, "quartier_village": "DJIBONKER ERING", "milieu": "RURAL", "thematique": null, "type_qvh": null}}, {"type": "Feature", "geometry": {"type": "Point", "coordinates": [-16.352015, 12.527308]}, "properties": {"id": "loisirs-580", "type": "loisirs", "type_label": "Loisirs", "nom": "BAR", "region": {"nom": "ZIGUINCHOR", "code": 2}, "departement": {"nom": "ZIGUINCHOR", "code": 23}, "commune": {"nom": "NYASSIA", "code": 23202}, "communaute_rurale": {"nom": "ENAMPORE", "code": 2320201}, "quartier_village": "DJIBONKER ERING", "milieu": "RURAL", "thematique": null, "type_qvh": null}}, {"type": "Feature", "geometry": {"type": "Point", "coordinates": [-16.351287, 12.526896]}, "properties": {"id": "loisirs-581", "type": "loisirs", "type_label": "Loisirs", "nom": "BAR", "region": {"nom": "ZIGUINCHOR", "code": 2}, "departement": {"nom": "ZIGUINCHOR", "code": 23}, "commune": {"nom": "NYASSIA", "code": 23202}, "communaute_rurale": {"nom": "ENAMPORE", "code": 2320201}, "quartier_village": "DJIBONKER ERING", "milieu": "RURAL", "thematique": null, "type_qvh": null}}, {"type": "Feature", "geometry": {"type": "Point", "coordinates": [-16.415579, 12.521301]}, "properties": {"id": "loisirs-582", "type": "loisirs", "type_label": "Loisirs", "nom": "BAR", "region": {"nom": "ZIGUINCHOR", "code": 2}, "departement": {"nom": "ZIGUINCHOR", "code": 23}, "commune": {"nom": "NYASSIA", "code": 23202}, "communaute_rurale": {"nom": "ENAMPORE", "code": 2320201}, "quartier_village": "ESSYL", "milieu": "RURAL", "thematique": null, "type_qvh": null}}, {"type": "Feature", "geometry": {"type": "Point", "coordinates": [-16.425591, 12.500287]}, "properties": {"id": "loisirs-583", "type": "loisirs", "type_label": "Loisirs", "nom": "DANCING", "region": {"nom": "ZIGUINCHOR", "code": 2}, "departement": {"nom": "ZIGUINCHOR", "code": 23}, "commune": {"nom": "NYASSIA", "code": 23202}, "communaute_rurale": {"nom": "ENAMPORE", "code": 2320201}, "quartier_village": "KAMOBEUL", "milieu": "RURAL", "thematique": null, "type_qvh": null}}, {"type": "Feature", "geometry": {"type": "Point", "coordinates": [-16.468232, 12.533882]}, "properties": {"id": "loisirs-584", "type": "loisirs", "type_label": "Loisirs", "nom": "DEPOT DE BOISSON", "region": {"nom": "ZIGUINCHOR", "code": 2}, "departement": {"nom": "ZIGUINCHOR", "code": 23}, "commune": {"nom": "NYASSIA", "code": 23202}, "communaute_rurale": {"nom": "ENAMPORE", "code": 2320201}, "quartier_village": "SELEKY BAHIMBANE", "milieu": "RURAL", "thematique": null, "type_qvh": null}}, {"type": "Feature", "geometry": {"type": "Point", "coordinates": [-16.465475, 12.528332]}, "properties": {"id": "loisirs-585", "type": "loisirs", "type_label": "Loisirs", "nom": "BAR", "region": {"nom": "ZIGUINCHOR", "code": 2}, "departement": {"nom": "ZIGUINCHOR", "code": 23}, "commune": {"nom": "NYASSIA", "code": 23202}, "communaute_rurale": {"nom": "ENAMPORE", "code": 2320201}, "quartier_village": "SELEKY BAKENE EBOA", "milieu": "RURAL", "thematique": null, "type_qvh": null}}, {"type": "Feature", "geometry": {"type": "Point", "coordinates": [-16.266863, 12.542709]}, "properties": {"id": "loisirs-586", "type": "loisirs", "type_label": "Loisirs", "nom": "SALLE DE JEUX", "region": {"nom": "ZIGUINCHOR", "code": 2}, "departement": {"nom": "ZIGUINCHOR", "code": 23}, "commune": {"nom": "NIAGUIS", "code": 23201}, "communaute_rurale": {"nom": "NIAGUIS", "code": 2320103}, "quartier_village": "KANTENE", "milieu": "RURAL", "thematique": null, "type_qvh": null}}, {"type": "Feature", "geometry": {"type": "Point", "coordinates": [-16.229516, 12.55997]}, "properties": {"id": "loisirs-587", "type": "loisirs", "type_label": "Loisirs", "nom": "BAR", "region": {"nom": "ZIGUINCHOR", "code": 2}, "departement": {"nom": "ZIGUINCHOR", "code": 23}, "commune": {"nom": "NIAGUIS", "code": 23201}, "communaute_rurale": {"nom": "NIAGUIS", "code": 2320103}, "quartier_village": "BOUTOUTE", "milieu": "RURAL", "thematique": null, "type_qvh": null}}, {"type": "Feature", "geometry": {"type": "Point", "coordinates": [-16.169745, 12.568852]}, "properties": {"id": "loisirs-588", "type": "loisirs", "type_label": "Loisirs", "nom": "SALLE DE JEUX", "region": {"nom": "ZIGUINCHOR", "code": 2}, "departement": {"nom": "ZIGUINCHOR", "code": 23}, "commune": {"nom": "NIAGUIS", "code": 23201}, "communaute_rurale": {"nom": "NIAGUIS", "code": 2320103}, "quartier_village": "NIAGUIS", "milieu": "RURAL", "thematique": null, "type_qvh": null}}, {"type": "Feature", "geometry": {"type": "Point", "coordinates": [-16.372544, 12.464336]}, "properties": {"id": "loisirs-589", "type": "loisirs", "type_label": "Loisirs", "nom": "BAR", "region": {"nom": "ZIGUINCHOR", "code": 2}, "departement": {"nom": "ZIGUINCHOR", "code": 23}, "commune": {"nom": "NYASSIA", "code": 23202}, "communaute_rurale": {"nom": "NYASSIA", "code": 2320202}, "quartier_village": "EDIOUMA", "milieu": "RURAL", "thematique": null, "type_qvh": null}}, {"type": "Feature", "geometry": {"type": "Point", "coordinates": [-16.273771, 12.584071]}, "properties": {"id": "loisirs-590", "type": "loisirs", "type_label": "Loisirs", "nom": "CINEMA", "region": {"nom": "ZIGUINCHOR", "code": 2}, "departement": {"nom": "ZIGUINCHOR", "code": 23}, "commune": {"nom": "ZIGUINCHOR", "code": 23101}, "communaute_rurale": {"nom": "ZIGUINCHOR", "code": 2310100}, "quartier_village": "BOUDODY ESCALE", "milieu": "URBAIN", "thematique": null, "type_qvh": null}}, {"type": "Feature", "geometry": {"type": "Point", "coordinates": [-16.27609, 12.587457]}, "properties": {"id": "loisirs-591", "type": "loisirs", "type_label": "Loisirs", "nom": "BAR", "region": {"nom": "ZIGUINCHOR", "code": 2}, "departement": {"nom": "ZIGUINCHOR", "code": 23}, "commune": {"nom": "ZIGUINCHOR", "code": 23101}, "communaute_rurale": {"nom": "ZIGUINCHOR", "code": 2310100}, "quartier_village": "BOUDODY ESCALE", "milieu": "URBAIN", "thematique": null, "type_qvh": null}}, {"type": "Feature", "geometry": {"type": "Point", "coordinates": [-16.289956, 12.578598]}, "properties": {"id": "loisirs-592", "type": "loisirs", "type_label": "Loisirs", "nom": "BAR", "region": {"nom": "ZIGUINCHOR", "code": 2}, "departement": {"nom": "ZIGUINCHOR", "code": 23}, "commune": {"nom": "ZIGUINCHOR", "code": 23101}, "communaute_rurale": {"nom": "ZIGUINCHOR", "code": 2310100}, "quartier_village": "COLOBANE", "milieu": "URBAIN", "thematique": null, "type_qvh": null}}, {"type": "Feature", "geometry": {"type": "Point", "coordinates": [-16.264742, 12.551954]}, "properties": {"id": "loisirs-593", "type": "loisirs", "type_label": "Loisirs", "nom": "BAR", "region": {"nom": "ZIGUINCHOR", "code": 2}, "departement": {"nom": "ZIGUINCHOR", "code": 23}, "commune": {"nom": "ZIGUINCHOR", "code": 23101}, "communaute_rurale": {"nom": "ZIGUINCHOR", "code": 2310100}, "quartier_village": "KANDIALANG OUEST", "milieu": "URBAIN", "thematique": null, "type_qvh": null}}, {"type": "Feature", "geometry": {"type": "Point", "coordinates": [-16.283023, 12.581269]}, "properties": {"id": "loisirs-594", "type": "loisirs", "type_label": "Loisirs", "nom": "BAR", "region": {"nom": "ZIGUINCHOR", "code": 2}, "departement": {"nom": "ZIGUINCHOR", "code": 23}, "commune": {"nom": "ZIGUINCHOR", "code": 23101}, "communaute_rurale": {"nom": "ZIGUINCHOR", "code": 2310100}, "quartier_village": "COBITENE", "milieu": "URBAIN", "thematique": null, "type_qvh": null}}, {"type": "Feature", "geometry": {"type": "Point", "coordinates": [-16.278982, 12.563261]}, "properties": {"id": "loisirs-595", "type": "loisirs", "type_label": "Loisirs", "nom": "BAR", "region": {"nom": "ZIGUINCHOR", "code": 2}, "departement": {"nom": "ZIGUINCHOR", "code": 23}, "commune": {"nom": "ZIGUINCHOR", "code": 23101}, "communaute_rurale": {"nom": "ZIGUINCHOR", "code": 2310100}, "quartier_village": "BOUCOTTE CENTRE", "milieu": "URBAIN", "thematique": null, "type_qvh": null}}, {"type": "Feature", "geometry": {"type": "Point", "coordinates": [-16.291357, 12.564419]}, "properties": {"id": "loisirs-596", "type": "loisirs", "type_label": "Loisirs", "nom": "BAR", "region": {"nom": "ZIGUINCHOR", "code": 2}, "departement": {"nom": "ZIGUINCHOR", "code": 23}, "commune": {"nom": "ZIGUINCHOR", "code": 23101}, "communaute_rurale": {"nom": "ZIGUINCHOR", "code": 2310100}, "quartier_village": "LYNDIANE I", "milieu": "URBAIN", "thematique": null, "type_qvh": null}}, {"type": "Feature", "geometry": {"type": "Point", "coordinates": [-16.292623, 12.559459]}, "properties": {"id": "loisirs-597", "type": "loisirs", "type_label": "Loisirs", "nom": "BAR", "region": {"nom": "ZIGUINCHOR", "code": 2}, "departement": {"nom": "ZIGUINCHOR", "code": 23}, "commune": {"nom": "ZIGUINCHOR", "code": 23101}, "communaute_rurale": {"nom": "ZIGUINCHOR", "code": 2310100}, "quartier_village": "LYNDIANE II", "milieu": "URBAIN", "thematique": null, "type_qvh": null}}, {"type": "Feature", "geometry": {"type": "Point", "coordinates": [-16.291086, 12.558459]}, "properties": {"id": "loisirs-598", "type": "loisirs", "type_label": "Loisirs", "nom": "BAR", "region": {"nom": "ZIGUINCHOR", "code": 2}, "departement": {"nom": "ZIGUINCHOR", "code": 23}, "commune": {"nom": "ZIGUINCHOR", "code": 23101}, "communaute_rurale": {"nom": "ZIGUINCHOR", "code": 2310100}, "quartier_village": "LYNDIANE II", "milieu": "URBAIN", "thematique": null, "type_qvh": null}}, {"type": "Feature", "geometry": {"type": "Point", "coordinates": [-16.294232, 12.551624]}, "properties": {"id": "loisirs-599", "type": "loisirs", "type_label": "Loisirs", "nom": "PARI FOOT", "region": {"nom": "ZIGUINCHOR", "code": 2}, "departement": {"nom": "ZIGUINCHOR", "code": 23}, "commune": {"nom": "ZIGUINCHOR", "code": 23101}, "communaute_rurale": {"nom": "ZIGUINCHOR", "code": 2310100}, "quartier_village": "DIABIR", "milieu": "URBAIN", "thematique": null, "type_qvh": null}}, {"type": "Feature", "geometry": {"type": "Point", "coordinates": [-16.290665, 12.558593]}, "properties": {"id": "loisirs-600", "type": "loisirs", "type_label": "Loisirs", "nom": "PARI FOOT", "region": {"nom": "ZIGUINCHOR", "code": 2}, "departement": {"nom": "ZIGUINCHOR", "code": 23}, "commune": {"nom": "ZIGUINCHOR", "code": 23101}, "communaute_rurale": {"nom": "ZIGUINCHOR", "code": 2310100}, "quartier_village": "BOUCOTTE SUD", "milieu": "URBAIN", "thematique": null, "type_qvh": null}}, {"type": "Feature", "geometry": {"type": "Point", "coordinates": [-16.290074, 12.557841]}, "properties": {"id": "loisirs-601", "type": "loisirs", "type_label": "Loisirs", "nom": "BAR", "region": {"nom": "ZIGUINCHOR", "code": 2}, "departement": {"nom": "ZIGUINCHOR", "code": 23}, "commune": {"nom": "ZIGUINCHOR", "code": 23101}, "communaute_rurale": {"nom": "ZIGUINCHOR", "code": 2310100}, "quartier_village": "BOUCOTTE SUD", "milieu": "URBAIN", "thematique": null, "type_qvh": null}}, {"type": "Feature", "geometry": {"type": "Point", "coordinates": [-16.287849, 12.564089]}, "properties": {"id": "loisirs-602", "type": "loisirs", "type_label": "Loisirs", "nom": "BAR", "region": {"nom": "ZIGUINCHOR", "code": 2}, "departement": {"nom": "ZIGUINCHOR", "code": 23}, "commune": {"nom": "ZIGUINCHOR", "code": 23101}, "communaute_rurale": {"nom": "ZIGUINCHOR", "code": 2310100}, "quartier_village": "BOUCOTTE SUD", "milieu": "URBAIN", "thematique": null, "type_qvh": null}}, {"type": "Feature", "geometry": {"type": "Point", "coordinates": [-16.284222, 12.562838]}, "properties": {"id": "loisirs-603", "type": "loisirs", "type_label": "Loisirs", "nom": "SALLE DE JEUX", "region": {"nom": "ZIGUINCHOR", "code": 2}, "departement": {"nom": "ZIGUINCHOR", "code": 23}, "commune": {"nom": "ZIGUINCHOR", "code": 23101}, "communaute_rurale": {"nom": "ZIGUINCHOR", "code": 2310100}, "quartier_village": "BOUCOTTE SUD", "milieu": "URBAIN", "thematique": null, "type_qvh": null}}, {"type": "Feature", "geometry": {"type": "Point", "coordinates": [-16.282636, 12.560788]}, "properties": {"id": "loisirs-604", "type": "loisirs", "type_label": "Loisirs", "nom": "BAR", "region": {"nom": "ZIGUINCHOR", "code": 2}, "departement": {"nom": "ZIGUINCHOR", "code": 23}, "commune": {"nom": "ZIGUINCHOR", "code": 23101}, "communaute_rurale": {"nom": "ZIGUINCHOR", "code": 2310100}, "quartier_village": "KANSAOUDY", "milieu": "URBAIN", "thematique": null, "type_qvh": null}}, {"type": "Feature", "geometry": {"type": "Point", "coordinates": [-16.277885, 12.558869]}, "properties": {"id": "loisirs-605", "type": "loisirs", "type_label": "Loisirs", "nom": "EX BAR", "region": {"nom": "ZIGUINCHOR", "code": 2}, "departement": {"nom": "ZIGUINCHOR", "code": 23}, "commune": {"nom": "ZIGUINCHOR", "code": 23101}, "communaute_rurale": {"nom": "ZIGUINCHOR", "code": 2310100}, "quartier_village": "KANSAOUDY", "milieu": "URBAIN", "thematique": null, "type_qvh": null}}, {"type": "Feature", "geometry": {"type": "Point", "coordinates": [-16.277499, 12.558879]}, "properties": {"id": "loisirs-606", "type": "loisirs", "type_label": "Loisirs", "nom": "BAR", "region": {"nom": "ZIGUINCHOR", "code": 2}, "departement": {"nom": "ZIGUINCHOR", "code": 23}, "commune": {"nom": "ZIGUINCHOR", "code": 23101}, "communaute_rurale": {"nom": "ZIGUINCHOR", "code": 2310100}, "quartier_village": "KANSAOUDY", "milieu": "URBAIN", "thematique": null, "type_qvh": null}}, {"type": "Feature", "geometry": {"type": "Point", "coordinates": [-16.280168, 12.559442]}, "properties": {"id": "loisirs-607", "type": "loisirs", "type_label": "Loisirs", "nom": "BAR", "region": {"nom": "ZIGUINCHOR", "code": 2}, "departement": {"nom": "ZIGUINCHOR", "code": 23}, "commune": {"nom": "ZIGUINCHOR", "code": 23101}, "communaute_rurale": {"nom": "ZIGUINCHOR", "code": 2310100}, "quartier_village": "KANSAOUDY", "milieu": "URBAIN", "thematique": null, "type_qvh": null}}, {"type": "Feature", "geometry": {"type": "Point", "coordinates": [-16.278524, 12.562187]}, "properties": {"id": "loisirs-608", "type": "loisirs", "type_label": "Loisirs", "nom": "NEMA BAR", "region": {"nom": "ZIGUINCHOR", "code": 2}, "departement": {"nom": "ZIGUINCHOR", "code": 23}, "commune": {"nom": "ZIGUINCHOR", "code": 23101}, "communaute_rurale": {"nom": "ZIGUINCHOR", "code": 2310100}, "quartier_village": "KANSAOUDY", "milieu": "URBAIN", "thematique": null, "type_qvh": null}}, {"type": "Feature", "geometry": {"type": "Point", "coordinates": [-16.274012, 12.581847]}, "properties": {"id": "loisirs-609", "type": "loisirs", "type_label": "Loisirs", "nom": "BAR RESTAURANT", "region": {"nom": "ZIGUINCHOR", "code": 2}, "departement": {"nom": "ZIGUINCHOR", "code": 23}, "commune": {"nom": "ZIGUINCHOR", "code": 23101}, "communaute_rurale": {"nom": "ZIGUINCHOR", "code": 2310100}, "quartier_village": "BOUCOTTE NORD", "milieu": "URBAIN", "thematique": null, "type_qvh": null}}, {"type": "Feature", "geometry": {"type": "Point", "coordinates": [-16.27383, 12.5827]}, "properties": {"id": "loisirs-610", "type": "loisirs", "type_label": "Loisirs", "nom": "BAR", "region": {"nom": "ZIGUINCHOR", "code": 2}, "departement": {"nom": "ZIGUINCHOR", "code": 23}, "commune": {"nom": "ZIGUINCHOR", "code": 23101}, "communaute_rurale": {"nom": "ZIGUINCHOR", "code": 2310100}, "quartier_village": "BOUCOTTE NORD", "milieu": "URBAIN", "thematique": null, "type_qvh": null}}, {"type": "Feature", "geometry": {"type": "Point", "coordinates": [-16.273392, 12.581623]}, "properties": {"id": "loisirs-611", "type": "loisirs", "type_label": "Loisirs", "nom": "BAR RESTAURANT", "region": {"nom": "ZIGUINCHOR", "code": 2}, "departement": {"nom": "ZIGUINCHOR", "code": 23}, "commune": {"nom": "ZIGUINCHOR", "code": 23101}, "communaute_rurale": {"nom": "ZIGUINCHOR", "code": 2310100}, "quartier_village": "BOUCOTTE NORD", "milieu": "URBAIN", "thematique": null, "type_qvh": null}}, {"type": "Feature", "geometry": {"type": "Point", "coordinates": [-16.273929, 12.581233]}, "properties": {"id": "loisirs-612", "type": "loisirs", "type_label": "Loisirs", "nom": "BAR RESTAURANT", "region": {"nom": "ZIGUINCHOR", "code": 2}, "departement": {"nom": "ZIGUINCHOR", "code": 23}, "commune": {"nom": "ZIGUINCHOR", "code": 23101}, "communaute_rurale": {"nom": "ZIGUINCHOR", "code": 2310100}, "quartier_village": "BOUCOTTE NORD", "milieu": "URBAIN", "thematique": null, "type_qvh": null}}, {"type": "Feature", "geometry": {"type": "Point", "coordinates": [-16.278901, 12.577623]}, "properties": {"id": "loisirs-613", "type": "loisirs", "type_label": "Loisirs", "nom": "BAR", "region": {"nom": "ZIGUINCHOR", "code": 2}, "departement": {"nom": "ZIGUINCHOR", "code": 23}, "commune": {"nom": "ZIGUINCHOR", "code": 23101}, "communaute_rurale": {"nom": "ZIGUINCHOR", "code": 2310100}, "quartier_village": "BOUCOTTE NORD", "milieu": "URBAIN", "thematique": null, "type_qvh": null}}, {"type": "Feature", "geometry": {"type": "Point", "coordinates": [-16.275588, 12.579393]}, "properties": {"id": "loisirs-614", "type": "loisirs", "type_label": "Loisirs", "nom": "BAR", "region": {"nom": "ZIGUINCHOR", "code": 2}, "departement": {"nom": "ZIGUINCHOR", "code": 23}, "commune": {"nom": "ZIGUINCHOR", "code": 23101}, "communaute_rurale": {"nom": "ZIGUINCHOR", "code": 2310100}, "quartier_village": "BOUCOTTE NORD", "milieu": "URBAIN", "thematique": null, "type_qvh": null}}, {"type": "Feature", "geometry": {"type": "Point", "coordinates": [-16.269514, 12.562777]}, "properties": {"id": "loisirs-615", "type": "loisirs", "type_label": "Loisirs", "nom": "DANCING", "region": {"nom": "ZIGUINCHOR", "code": 2}, "departement": {"nom": "ZIGUINCHOR", "code": 23}, "commune": {"nom": "ZIGUINCHOR", "code": 23101}, "communaute_rurale": {"nom": "ZIGUINCHOR", "code": 2310100}, "quartier_village": "NEMA I", "milieu": "URBAIN", "thematique": null, "type_qvh": null}}, {"type": "Feature", "geometry": {"type": "Point", "coordinates": [-16.270333, 12.564417]}, "properties": {"id": "loisirs-616", "type": "loisirs", "type_label": "Loisirs", "nom": "BAR", "region": {"nom": "ZIGUINCHOR", "code": 2}, "departement": {"nom": "ZIGUINCHOR", "code": 23}, "commune": {"nom": "ZIGUINCHOR", "code": 23101}, "communaute_rurale": {"nom": "ZIGUINCHOR", "code": 2310100}, "quartier_village": "NEMA I", "milieu": "URBAIN", "thematique": null, "type_qvh": null}}, {"type": "Feature", "geometry": {"type": "Point", "coordinates": [-16.268063, 12.561825]}, "properties": {"id": "loisirs-617", "type": "loisirs", "type_label": "Loisirs", "nom": "BAR", "region": {"nom": "ZIGUINCHOR", "code": 2}, "departement": {"nom": "ZIGUINCHOR", "code": 23}, "commune": {"nom": "ZIGUINCHOR", "code": 23101}, "communaute_rurale": {"nom": "ZIGUINCHOR", "code": 2310100}, "quartier_village": "NEMA I", "milieu": "URBAIN", "thematique": null, "type_qvh": null}}, {"type": "Feature", "geometry": {"type": "Point", "coordinates": [-16.266605, 12.561785]}, "properties": {"id": "loisirs-618", "type": "loisirs", "type_label": "Loisirs", "nom": "BAR", "region": {"nom": "ZIGUINCHOR", "code": 2}, "departement": {"nom": "ZIGUINCHOR", "code": 23}, "commune": {"nom": "ZIGUINCHOR", "code": 23101}, "communaute_rurale": {"nom": "ZIGUINCHOR", "code": 2310100}, "quartier_village": "NEMA I", "milieu": "URBAIN", "thematique": null, "type_qvh": null}}, {"type": "Feature", "geometry": {"type": "Point", "coordinates": [-16.273167, 12.560128]}, "properties": {"id": "loisirs-619", "type": "loisirs", "type_label": "Loisirs", "nom": "BAR", "region": {"nom": "ZIGUINCHOR", "code": 2}, "departement": {"nom": "ZIGUINCHOR", "code": 23}, "commune": {"nom": "ZIGUINCHOR", "code": 23101}, "communaute_rurale": {"nom": "ZIGUINCHOR", "code": 2310100}, "quartier_village": "NEMA I", "milieu": "URBAIN", "thematique": null, "type_qvh": null}}, {"type": "Feature", "geometry": {"type": "Point", "coordinates": [-16.278416, 12.542472]}, "properties": {"id": "loisirs-620", "type": "loisirs", "type_label": "Loisirs", "nom": "BAR", "region": {"nom": "ZIGUINCHOR", "code": 2}, "departement": {"nom": "ZIGUINCHOR", "code": 23}, "commune": {"nom": "ZIGUINCHOR", "code": 23101}, "communaute_rurale": {"nom": "ZIGUINCHOR", "code": 2310100}, "quartier_village": "DIABIR", "milieu": "URBAIN", "thematique": null, "type_qvh": null}}, {"type": "Feature", "geometry": {"type": "Point", "coordinates": [-16.27525, 12.548498]}, "properties": {"id": "loisirs-621", "type": "loisirs", "type_label": "Loisirs", "nom": "BAR", "region": {"nom": "ZIGUINCHOR", "code": 2}, "departement": {"nom": "ZIGUINCHOR", "code": 23}, "commune": {"nom": "ZIGUINCHOR", "code": 23101}, "communaute_rurale": {"nom": "ZIGUINCHOR", "code": 2310100}, "quartier_village": "KENIA", "milieu": "URBAIN", "thematique": null, "type_qvh": null}}, {"type": "Feature", "geometry": {"type": "Point", "coordinates": [-16.26666, 12.546342]}, "properties": {"id": "loisirs-622", "type": "loisirs", "type_label": "Loisirs", "nom": "BAR RESTAURANT PORTE ROUGE", "region": {"nom": "ZIGUINCHOR", "code": 2}, "departement": {"nom": "ZIGUINCHOR", "code": 23}, "commune": {"nom": "ZIGUINCHOR", "code": 23101}, "communaute_rurale": {"nom": "ZIGUINCHOR", "code": 2310100}, "quartier_village": "KENIA", "milieu": "URBAIN", "thematique": null, "type_qvh": null}}, {"type": "Feature", "geometry": {"type": "Point", "coordinates": [-16.260016, 12.566639]}, "properties": {"id": "loisirs-623", "type": "loisirs", "type_label": "Loisirs", "nom": "COMPLEXE MEMPHIS", "region": {"nom": "ZIGUINCHOR", "code": 2}, "departement": {"nom": "ZIGUINCHOR", "code": 23}, "commune": {"nom": "ZIGUINCHOR", "code": 23101}, "communaute_rurale": {"nom": "ZIGUINCHOR", "code": 2310100}, "quartier_village": "TILENE", "milieu": "URBAIN", "thematique": null, "type_qvh": null}}, {"type": "Feature", "geometry": {"type": "Point", "coordinates": [-16.263221, 12.56573]}, "properties": {"id": "loisirs-624", "type": "loisirs", "type_label": "Loisirs", "nom": "BAR", "region": {"nom": "ZIGUINCHOR", "code": 2}, "departement": {"nom": "ZIGUINCHOR", "code": 23}, "commune": {"nom": "ZIGUINCHOR", "code": 23101}, "communaute_rurale": {"nom": "ZIGUINCHOR", "code": 2310100}, "quartier_village": "TILENE", "milieu": "URBAIN", "thematique": null, "type_qvh": null}}, {"type": "Feature", "geometry": {"type": "Point", "coordinates": [-16.264546, 12.565272]}, "properties": {"id": "loisirs-625", "type": "loisirs", "type_label": "Loisirs", "nom": "NIGHT CLUB", "region": {"nom": "ZIGUINCHOR", "code": 2}, "departement": {"nom": "ZIGUINCHOR", "code": 23}, "commune": {"nom": "ZIGUINCHOR", "code": 23101}, "communaute_rurale": {"nom": "ZIGUINCHOR", "code": 2310100}, "quartier_village": "TILENE", "milieu": "URBAIN", "thematique": null, "type_qvh": null}}, {"type": "Feature", "geometry": {"type": "Point", "coordinates": [-16.263282, 12.56667]}, "properties": {"id": "loisirs-626", "type": "loisirs", "type_label": "Loisirs", "nom": "BAR", "region": {"nom": "ZIGUINCHOR", "code": 2}, "departement": {"nom": "ZIGUINCHOR", "code": 23}, "commune": {"nom": "ZIGUINCHOR", "code": 23101}, "communaute_rurale": {"nom": "ZIGUINCHOR", "code": 2310100}, "quartier_village": "TILENE", "milieu": "URBAIN", "thematique": null, "type_qvh": null}}, {"type": "Feature", "geometry": {"type": "Point", "coordinates": [-16.263712, 12.567849]}, "properties": {"id": "loisirs-627", "type": "loisirs", "type_label": "Loisirs", "nom": "BAR", "region": {"nom": "ZIGUINCHOR", "code": 2}, "departement": {"nom": "ZIGUINCHOR", "code": 23}, "commune": {"nom": "ZIGUINCHOR", "code": 23101}, "communaute_rurale": {"nom": "ZIGUINCHOR", "code": 2310100}, "quartier_village": "TILENE", "milieu": "URBAIN", "thematique": null, "type_qvh": null}}, {"type": "Feature", "geometry": {"type": "Point", "coordinates": [-16.268304, 12.566815]}, "properties": {"id": "loisirs-628", "type": "loisirs", "type_label": "Loisirs", "nom": "BAR", "region": {"nom": "ZIGUINCHOR", "code": 2}, "departement": {"nom": "ZIGUINCHOR", "code": 23}, "commune": {"nom": "ZIGUINCHOR", "code": 23101}, "communaute_rurale": {"nom": "ZIGUINCHOR", "code": 2310100}, "quartier_village": "TILENE", "milieu": "URBAIN", "thematique": null, "type_qvh": null}}, {"type": "Feature", "geometry": {"type": "Point", "coordinates": [-16.265364, 12.572661]}, "properties": {"id": "loisirs-629", "type": "loisirs", "type_label": "Loisirs", "nom": "BAR", "region": {"nom": "ZIGUINCHOR", "code": 2}, "departement": {"nom": "ZIGUINCHOR", "code": 23}, "commune": {"nom": "ZIGUINCHOR", "code": 23101}, "communaute_rurale": {"nom": "ZIGUINCHOR", "code": 2310100}, "quartier_village": "TILENE", "milieu": "URBAIN", "thematique": null, "type_qvh": null}}, {"type": "Feature", "geometry": {"type": "Point", "coordinates": [-16.267058, 12.570226]}, "properties": {"id": "loisirs-630", "type": "loisirs", "type_label": "Loisirs", "nom": "BAR", "region": {"nom": "ZIGUINCHOR", "code": 2}, "departement": {"nom": "ZIGUINCHOR", "code": 23}, "commune": {"nom": "ZIGUINCHOR", "code": 23101}, "communaute_rurale": {"nom": "ZIGUINCHOR", "code": 2310100}, "quartier_village": "TILENE", "milieu": "URBAIN", "thematique": null, "type_qvh": null}}, {"type": "Feature", "geometry": {"type": "Point", "coordinates": [-16.266312, 12.563976]}, "properties": {"id": "loisirs-631", "type": "loisirs", "type_label": "Loisirs", "nom": "BAR", "region": {"nom": "ZIGUINCHOR", "code": 2}, "departement": {"nom": "ZIGUINCHOR", "code": 23}, "commune": {"nom": "ZIGUINCHOR", "code": 23101}, "communaute_rurale": {"nom": "ZIGUINCHOR", "code": 2310100}, "quartier_village": "TILENE", "milieu": "URBAIN", "thematique": null, "type_qvh": null}}, {"type": "Feature", "geometry": {"type": "Point", "coordinates": [-16.26891, 12.570248]}, "properties": {"id": "loisirs-632", "type": "loisirs", "type_label": "Loisirs", "nom": "BAR", "region": {"nom": "ZIGUINCHOR", "code": 2}, "departement": {"nom": "ZIGUINCHOR", "code": 23}, "commune": {"nom": "ZIGUINCHOR", "code": 23101}, "communaute_rurale": {"nom": "ZIGUINCHOR", "code": 2310100}, "quartier_village": "BELFORT", "milieu": "URBAIN", "thematique": null, "type_qvh": null}}, {"type": "Feature", "geometry": {"type": "Point", "coordinates": [-16.271273, 12.578734]}, "properties": {"id": "loisirs-633", "type": "loisirs", "type_label": "Loisirs", "nom": "CONPLEXE LE BAOBAB", "region": {"nom": "ZIGUINCHOR", "code": 2}, "departement": {"nom": "ZIGUINCHOR", "code": 23}, "commune": {"nom": "ZIGUINCHOR", "code": 23101}, "communaute_rurale": {"nom": "ZIGUINCHOR", "code": 2310100}, "quartier_village": "BELFORT", "milieu": "URBAIN", "thematique": null, "type_qvh": null}}, {"type": "Feature", "geometry": {"type": "Point", "coordinates": [-16.270275, 12.583239]}, "properties": {"id": "loisirs-634", "type": "loisirs", "type_label": "Loisirs", "nom": "BAR", "region": {"nom": "ZIGUINCHOR", "code": 2}, "departement": {"nom": "ZIGUINCHOR", "code": 23}, "commune": {"nom": "ZIGUINCHOR", "code": 23101}, "communaute_rurale": {"nom": "ZIGUINCHOR", "code": 2310100}, "quartier_village": "SANTHIABA", "milieu": "URBAIN", "thematique": null, "type_qvh": null}}, {"type": "Feature", "geometry": {"type": "Point", "coordinates": [-16.272253, 12.582585]}, "properties": {"id": "loisirs-635", "type": "loisirs", "type_label": "Loisirs", "nom": "BAR RESTAURANT KANGOULENE", "region": {"nom": "ZIGUINCHOR", "code": 2}, "departement": {"nom": "ZIGUINCHOR", "code": 23}, "commune": {"nom": "ZIGUINCHOR", "code": 23101}, "communaute_rurale": {"nom": "ZIGUINCHOR", "code": 2310100}, "quartier_village": "SANTHIABA", "milieu": "URBAIN", "thematique": null, "type_qvh": null}}, {"type": "Feature", "geometry": {"type": "Point", "coordinates": [-16.267849, 12.581828]}, "properties": {"id": "loisirs-636", "type": "loisirs", "type_label": "Loisirs", "nom": "BAR RESTAURANT LE LAKANA", "region": {"nom": "ZIGUINCHOR", "code": 2}, "departement": {"nom": "ZIGUINCHOR", "code": 23}, "commune": {"nom": "ZIGUINCHOR", "code": 23101}, "communaute_rurale": {"nom": "ZIGUINCHOR", "code": 2310100}, "quartier_village": "SANTHIABA", "milieu": "URBAIN", "thematique": null, "type_qvh": null}}, {"type": "Feature", "geometry": {"type": "Point", "coordinates": [-16.267232, 12.582326]}, "properties": {"id": "loisirs-637", "type": "loisirs", "type_label": "Loisirs", "nom": "BAR", "region": {"nom": "ZIGUINCHOR", "code": 2}, "departement": {"nom": "ZIGUINCHOR", "code": 23}, "commune": {"nom": "ZIGUINCHOR", "code": 23101}, "communaute_rurale": {"nom": "ZIGUINCHOR", "code": 2310100}, "quartier_village": "SANTHIABA", "milieu": "URBAIN", "thematique": null, "type_qvh": null}}, {"type": "Feature", "geometry": {"type": "Point", "coordinates": [-16.266404, 12.574139]}, "properties": {"id": "loisirs-638", "type": "loisirs", "type_label": "Loisirs", "nom": "BAR RESTAURANT CHEZ NOUS", "region": {"nom": "ZIGUINCHOR", "code": 2}, "departement": {"nom": "ZIGUINCHOR", "code": 23}, "commune": {"nom": "ZIGUINCHOR", "code": 23101}, "communaute_rurale": {"nom": "ZIGUINCHOR", "code": 2310100}, "quartier_village": "SANTHIABA", "milieu": "URBAIN", "thematique": null, "type_qvh": null}}, {"type": "Feature", "geometry": {"type": "Point", "coordinates": [-16.267029, 12.577615]}, "properties": {"id": "loisirs-639", "type": "loisirs", "type_label": "Loisirs", "nom": "BAR CHEZ MANE", "region": {"nom": "ZIGUINCHOR", "code": 2}, "departement": {"nom": "ZIGUINCHOR", "code": 23}, "commune": {"nom": "ZIGUINCHOR", "code": 23101}, "communaute_rurale": {"nom": "ZIGUINCHOR", "code": 2310100}, "quartier_village": "SANTHIABA", "milieu": "URBAIN", "thematique": null, "type_qvh": null}}, {"type": "Feature", "geometry": {"type": "Point", "coordinates": [-16.261802, 12.576959]}, "properties": {"id": "loisirs-640", "type": "loisirs", "type_label": "Loisirs", "nom": "BAR", "region": {"nom": "ZIGUINCHOR", "code": 2}, "departement": {"nom": "ZIGUINCHOR", "code": 23}, "commune": {"nom": "ZIGUINCHOR", "code": 23101}, "communaute_rurale": {"nom": "ZIGUINCHOR", "code": 2310100}, "quartier_village": "SANTHIABA", "milieu": "URBAIN", "thematique": null, "type_qvh": null}}, {"type": "Feature", "geometry": {"type": "Point", "coordinates": [-16.261704, 12.581327]}, "properties": {"id": "loisirs-641", "type": "loisirs", "type_label": "Loisirs", "nom": "BAR RESTAURANT DANSING PALACIO", "region": {"nom": "ZIGUINCHOR", "code": 2}, "departement": {"nom": "ZIGUINCHOR", "code": 23}, "commune": {"nom": "ZIGUINCHOR", "code": 23101}, "communaute_rurale": {"nom": "ZIGUINCHOR", "code": 2310100}, "quartier_village": "GOUMEL", "milieu": "URBAIN", "thematique": null, "type_qvh": null}}, {"type": "Feature", "geometry": {"type": "Point", "coordinates": [-16.260178, 12.578894]}, "properties": {"id": "loisirs-642", "type": "loisirs", "type_label": "Loisirs", "nom": "BAR", "region": {"nom": "ZIGUINCHOR", "code": 2}, "departement": {"nom": "ZIGUINCHOR", "code": 23}, "commune": {"nom": "ZIGUINCHOR", "code": 23101}, "communaute_rurale": {"nom": "ZIGUINCHOR", "code": 2310100}, "quartier_village": "PETIT KANDE (KANDE SIBINK)", "milieu": "URBAIN", "thematique": null, "type_qvh": null}}, {"type": "Feature", "geometry": {"type": "Point", "coordinates": [-16.258724, 12.577971]}, "properties": {"id": "loisirs-643", "type": "loisirs", "type_label": "Loisirs", "nom": "BAR", "region": {"nom": "ZIGUINCHOR", "code": 2}, "departement": {"nom": "ZIGUINCHOR", "code": 23}, "commune": {"nom": "ZIGUINCHOR", "code": 23101}, "communaute_rurale": {"nom": "ZIGUINCHOR", "code": 2310100}, "quartier_village": "PETIT KANDE (KANDE SIBINK)", "milieu": "URBAIN", "thematique": null, "type_qvh": null}}, {"type": "Feature", "geometry": {"type": "Point", "coordinates": [-16.2605, 12.575681]}, "properties": {"id": "loisirs-644", "type": "loisirs", "type_label": "Loisirs", "nom": "SALLE DE JEUX", "region": {"nom": "ZIGUINCHOR", "code": 2}, "departement": {"nom": "ZIGUINCHOR", "code": 23}, "commune": {"nom": "ZIGUINCHOR", "code": 23101}, "communaute_rurale": {"nom": "ZIGUINCHOR", "code": 2310100}, "quartier_village": "PETIT KANDE (KANDE SIBINK)", "milieu": "URBAIN", "thematique": null, "type_qvh": null}}, {"type": "Feature", "geometry": {"type": "Point", "coordinates": [-16.260579, 12.569296]}, "properties": {"id": "loisirs-645", "type": "loisirs", "type_label": "Loisirs", "nom": "BAR", "region": {"nom": "ZIGUINCHOR", "code": 2}, "departement": {"nom": "ZIGUINCHOR", "code": 23}, "commune": {"nom": "ZIGUINCHOR", "code": 23101}, "communaute_rurale": {"nom": "ZIGUINCHOR", "code": 2310100}, "quartier_village": "PETIT KANDE (KANDE SIBINK)", "milieu": "URBAIN", "thematique": null, "type_qvh": null}}, {"type": "Feature", "geometry": {"type": "Point", "coordinates": [-16.258634, 12.572579]}, "properties": {"id": "loisirs-646", "type": "loisirs", "type_label": "Loisirs", "nom": "BAR", "region": {"nom": "ZIGUINCHOR", "code": 2}, "departement": {"nom": "ZIGUINCHOR", "code": 23}, "commune": {"nom": "ZIGUINCHOR", "code": 23101}, "communaute_rurale": {"nom": "ZIGUINCHOR", "code": 2310100}, "quartier_village": "PETIT KANDE (KANDE SIBINK)", "milieu": "URBAIN", "thematique": null, "type_qvh": null}}, {"type": "Feature", "geometry": {"type": "Point", "coordinates": [-16.257181, 12.572517]}, "properties": {"id": "loisirs-647", "type": "loisirs", "type_label": "Loisirs", "nom": "SALLE DE JEUX", "region": {"nom": "ZIGUINCHOR", "code": 2}, "departement": {"nom": "ZIGUINCHOR", "code": 23}, "commune": {"nom": "ZIGUINCHOR", "code": 23101}, "communaute_rurale": {"nom": "ZIGUINCHOR", "code": 2310100}, "quartier_village": "PETIT KANDE (KANDE SIBINK)", "milieu": "URBAIN", "thematique": null, "type_qvh": null}}, {"type": "Feature", "geometry": {"type": "Point", "coordinates": [-16.255247, 12.571672]}, "properties": {"id": "loisirs-648", "type": "loisirs", "type_label": "Loisirs", "nom": "BAR PAUL", "region": {"nom": "ZIGUINCHOR", "code": 2}, "departement": {"nom": "ZIGUINCHOR", "code": 23}, "commune": {"nom": "ZIGUINCHOR", "code": 23101}, "communaute_rurale": {"nom": "ZIGUINCHOR", "code": 2310100}, "quartier_village": "PETIT KANDE (KANDE SIBINK)", "milieu": "URBAIN", "thematique": null, "type_qvh": null}}, {"type": "Feature", "geometry": {"type": "Point", "coordinates": [-16.257607, 12.571021]}, "properties": {"id": "loisirs-649", "type": "loisirs", "type_label": "Loisirs", "nom": "BAR", "region": {"nom": "ZIGUINCHOR", "code": 2}, "departement": {"nom": "ZIGUINCHOR", "code": 23}, "commune": {"nom": "ZIGUINCHOR", "code": 23101}, "communaute_rurale": {"nom": "ZIGUINCHOR", "code": 2310100}, "quartier_village": "PETIT KANDE (KANDE SIBINK)", "milieu": "URBAIN", "thematique": null, "type_qvh": null}}, {"type": "Feature", "geometry": {"type": "Point", "coordinates": [-16.247361, 12.56679]}, "properties": {"id": "loisirs-650", "type": "loisirs", "type_label": "Loisirs", "nom": "BAR", "region": {"nom": "ZIGUINCHOR", "code": 2}, "departement": {"nom": "ZIGUINCHOR", "code": 23}, "commune": {"nom": "ZIGUINCHOR", "code": 23101}, "communaute_rurale": {"nom": "ZIGUINCHOR", "code": 2310100}, "quartier_village": "GRAND KANDE(KANDE ALASSANE)", "milieu": "URBAIN", "thematique": null, "type_qvh": null}}, {"type": "Feature", "geometry": {"type": "Point", "coordinates": [-16.279128, 12.567418]}, "properties": {"id": "loisirs-651", "type": "loisirs", "type_label": "Loisirs", "nom": "BAR", "region": {"nom": "ZIGUINCHOR", "code": 2}, "departement": {"nom": "ZIGUINCHOR", "code": 23}, "commune": {"nom": "ZIGUINCHOR", "code": 23101}, "communaute_rurale": {"nom": "ZIGUINCHOR", "code": 2310100}, "quartier_village": "BOUCOTTE CENTRE", "milieu": "URBAIN", "thematique": null, "type_qvh": null}}, {"type": "Feature", "geometry": {"type": "Point", "coordinates": [-16.281259, 12.567719]}, "properties": {"id": "loisirs-652", "type": "loisirs", "type_label": "Loisirs", "nom": "BAR", "region": {"nom": "ZIGUINCHOR", "code": 2}, "departement": {"nom": "ZIGUINCHOR", "code": 23}, "commune": {"nom": "ZIGUINCHOR", "code": 23101}, "communaute_rurale": {"nom": "ZIGUINCHOR", "code": 2310100}, "quartier_village": "BOUCOTTE CENTRE", "milieu": "URBAIN", "thematique": null, "type_qvh": null}}, {"type": "Feature", "geometry": {"type": "Point", "coordinates": [-16.281179, 12.567722]}, "properties": {"id": "loisirs-653", "type": "loisirs", "type_label": "Loisirs", "nom": "DANCING", "region": {"nom": "ZIGUINCHOR", "code": 2}, "departement": {"nom": "ZIGUINCHOR", "code": 23}, "commune": {"nom": "ZIGUINCHOR", "code": 23101}, "communaute_rurale": {"nom": "ZIGUINCHOR", "code": 2310100}, "quartier_village": "BOUCOTTE CENTRE", "milieu": "URBAIN", "thematique": null, "type_qvh": null}}, {"type": "Feature", "geometry": {"type": "Point", "coordinates": [-16.271038, 12.569162]}, "properties": {"id": "loisirs-654", "type": "loisirs", "type_label": "Loisirs", "nom": "BAR", "region": {"nom": "ZIGUINCHOR", "code": 2}, "departement": {"nom": "ZIGUINCHOR", "code": 23}, "commune": {"nom": "ZIGUINCHOR", "code": 23101}, "communaute_rurale": {"nom": "ZIGUINCHOR", "code": 2310100}, "quartier_village": "KADIOR", "milieu": "URBAIN", "thematique": null, "type_qvh": null}}, {"type": "Feature", "geometry": {"type": "Point", "coordinates": [-16.287081, 12.564758]}, "properties": {"id": "loisirs-655", "type": "loisirs", "type_label": "Loisirs", "nom": "SALLE DE JEUX", "region": {"nom": "ZIGUINCHOR", "code": 2}, "departement": {"nom": "ZIGUINCHOR", "code": 23}, "commune": {"nom": "ZIGUINCHOR", "code": 23101}, "communaute_rurale": {"nom": "ZIGUINCHOR", "code": 2310100}, "quartier_village": "DJIRIGHO", "milieu": "URBAIN", "thematique": null, "type_qvh": null}}, {"type": "Feature", "geometry": {"type": "Point", "coordinates": [-16.287556, 12.564752]}, "properties": {"id": "loisirs-656", "type": "loisirs", "type_label": "Loisirs", "nom": "SALLE DE JEUX", "region": {"nom": "ZIGUINCHOR", "code": 2}, "departement": {"nom": "ZIGUINCHOR", "code": 23}, "commune": {"nom": "ZIGUINCHOR", "code": 23101}, "communaute_rurale": {"nom": "ZIGUINCHOR", "code": 2310100}, "quartier_village": "DJIRIGHO", "milieu": "URBAIN", "thematique": null, "type_qvh": null}}, {"type": "Feature", "geometry": {"type": "Point", "coordinates": [-16.289171, 12.580039]}, "properties": {"id": "loisirs-657", "type": "loisirs", "type_label": "Loisirs", "nom": "DANCING LE BALAFON", "region": {"nom": "ZIGUINCHOR", "code": 2}, "departement": {"nom": "ZIGUINCHOR", "code": 23}, "commune": {"nom": "ZIGUINCHOR", "code": 23101}, "communaute_rurale": {"nom": "ZIGUINCHOR", "code": 2310100}, "quartier_village": "COLOBANE", "milieu": "URBAIN", "thematique": null, "type_qvh": null}}, {"type": "Feature", "geometry": {"type": "Point", "coordinates": [-16.288614, 12.579439]}, "properties": {"id": "loisirs-658", "type": "loisirs", "type_label": "Loisirs", "nom": "BAR", "region": {"nom": "ZIGUINCHOR", "code": 2}, "departement": {"nom": "ZIGUINCHOR", "code": 23}, "commune": {"nom": "ZIGUINCHOR", "code": 23101}, "communaute_rurale": {"nom": "ZIGUINCHOR", "code": 2310100}, "quartier_village": "COLOBANE", "milieu": "URBAIN", "thematique": null, "type_qvh": null}}, {"type": "Feature", "geometry": {"type": "Point", "coordinates": [-16.287913, 12.57817]}, "properties": {"id": "loisirs-659", "type": "loisirs", "type_label": "Loisirs", "nom": "BAR", "region": {"nom": "ZIGUINCHOR", "code": 2}, "departement": {"nom": "ZIGUINCHOR", "code": 23}, "commune": {"nom": "ZIGUINCHOR", "code": 23101}, "communaute_rurale": {"nom": "ZIGUINCHOR", "code": 2310100}, "quartier_village": "COLOBANE", "milieu": "URBAIN", "thematique": null, "type_qvh": null}}, {"type": "Feature", "geometry": {"type": "Point", "coordinates": [-16.262136, 12.562992]}, "properties": {"id": "loisirs-660", "type": "loisirs", "type_label": "Loisirs", "nom": "BAR", "region": {"nom": "ZIGUINCHOR", "code": 2}, "departement": {"nom": "ZIGUINCHOR", "code": 23}, "commune": {"nom": "ZIGUINCHOR", "code": 23101}, "communaute_rurale": {"nom": "ZIGUINCHOR", "code": 2310100}, "quartier_village": "KANDIALANG OUEST", "milieu": "URBAIN", "thematique": null, "type_qvh": null}}, {"type": "Feature", "geometry": {"type": "Point", "coordinates": [-16.296563, 12.564822]}, "properties": {"id": "loisirs-661", "type": "loisirs", "type_label": "Loisirs", "nom": "BAR CASA VERT", "region": {"nom": "ZIGUINCHOR", "code": 2}, "departement": {"nom": "ZIGUINCHOR", "code": 23}, "commune": {"nom": "ZIGUINCHOR", "code": 23101}, "communaute_rurale": {"nom": "ZIGUINCHOR", "code": 2310100}, "quartier_village": "COBODA", "milieu": "URBAIN", "thematique": null, "type_qvh": null}}, {"type": "Feature", "geometry": {"type": "Point", "coordinates": [-16.293315, 12.572443]}, "properties": {"id": "loisirs-662", "type": "loisirs", "type_label": "Loisirs", "nom": "BAR", "region": {"nom": "ZIGUINCHOR", "code": 2}, "departement": {"nom": "ZIGUINCHOR", "code": 23}, "commune": {"nom": "ZIGUINCHOR", "code": 23101}, "communaute_rurale": {"nom": "ZIGUINCHOR", "code": 2310100}, "quartier_village": "COLOBANE FASS", "milieu": "URBAIN", "thematique": null, "type_qvh": null}}, {"type": "Feature", "geometry": {"type": "Point", "coordinates": [-16.263899, 12.563683]}, "properties": {"id": "loisirs-663", "type": "loisirs", "type_label": "Loisirs", "nom": "BAR", "region": {"nom": "ZIGUINCHOR", "code": 2}, "departement": {"nom": "ZIGUINCHOR", "code": 23}, "commune": {"nom": "ZIGUINCHOR", "code": 23101}, "communaute_rurale": {"nom": "ZIGUINCHOR", "code": 2310100}, "quartier_village": "KANDIALANG OUEST", "milieu": "URBAIN", "thematique": null, "type_qvh": null}}, {"type": "Feature", "geometry": {"type": "Point", "coordinates": [-16.275487, 12.572612]}, "properties": {"id": "loisirs-664", "type": "loisirs", "type_label": "Loisirs", "nom": "BAR", "region": {"nom": "ZIGUINCHOR", "code": 2}, "departement": {"nom": "ZIGUINCHOR", "code": 23}, "commune": {"nom": "ZIGUINCHOR", "code": 23101}, "communaute_rurale": {"nom": "ZIGUINCHOR", "code": 2310100}, "quartier_village": "KADIOR", "milieu": "URBAIN", "thematique": null, "type_qvh": null}}, {"type": "Feature", "geometry": {"type": "Point", "coordinates": [-16.275919, 12.572937]}, "properties": {"id": "loisirs-665", "type": "loisirs", "type_label": "Loisirs", "nom": "BAR", "region": {"nom": "ZIGUINCHOR", "code": 2}, "departement": {"nom": "ZIGUINCHOR", "code": 23}, "commune": {"nom": "ZIGUINCHOR", "code": 23101}, "communaute_rurale": {"nom": "ZIGUINCHOR", "code": 2310100}, "quartier_village": "KADIOR", "milieu": "URBAIN", "thematique": null, "type_qvh": null}}, {"type": "Feature", "geometry": {"type": "Point", "coordinates": [-16.276401, 12.571116]}, "properties": {"id": "loisirs-666", "type": "loisirs", "type_label": "Loisirs", "nom": "BAR", "region": {"nom": "ZIGUINCHOR", "code": 2}, "departement": {"nom": "ZIGUINCHOR", "code": 23}, "commune": {"nom": "ZIGUINCHOR", "code": 23101}, "communaute_rurale": {"nom": "ZIGUINCHOR", "code": 2310100}, "quartier_village": "KADIOR", "milieu": "URBAIN", "thematique": null, "type_qvh": null}}, {"type": "Feature", "geometry": {"type": "Point", "coordinates": [-16.246351, 12.565576]}, "properties": {"id": "loisirs-667", "type": "loisirs", "type_label": "Loisirs", "nom": "BAR", "region": {"nom": "ZIGUINCHOR", "code": 2}, "departement": {"nom": "ZIGUINCHOR", "code": 23}, "commune": {"nom": "ZIGUINCHOR", "code": 23101}, "communaute_rurale": {"nom": "ZIGUINCHOR", "code": 2310100}, "quartier_village": "DJIBOCK", "milieu": "URBAIN", "thematique": null, "type_qvh": null}}, {"type": "Feature", "geometry": {"type": "Point", "coordinates": [-16.285207, 12.565156]}, "properties": {"id": "loisirs-668", "type": "loisirs", "type_label": "Loisirs", "nom": "BAR", "region": {"nom": "ZIGUINCHOR", "code": 2}, "departement": {"nom": "ZIGUINCHOR", "code": 23}, "commune": {"nom": "ZIGUINCHOR", "code": 23101}, "communaute_rurale": {"nom": "ZIGUINCHOR", "code": 2310100}, "quartier_village": "NIAFOULENE", "milieu": "URBAIN", "thematique": null, "type_qvh": null}}, {"type": "Feature", "geometry": {"type": "Point", "coordinates": [-16.298632, 12.565776]}, "properties": {"id": "loisirs-669", "type": "loisirs", "type_label": "Loisirs", "nom": "DANCING", "region": {"nom": "ZIGUINCHOR", "code": 2}, "departement": {"nom": "ZIGUINCHOR", "code": 23}, "commune": {"nom": "ZIGUINCHOR", "code": 23101}, "communaute_rurale": {"nom": "ZIGUINCHOR", "code": 2310100}, "quartier_village": "COBODA", "milieu": "URBAIN", "thematique": null, "type_qvh": null}}, {"type": "Feature", "geometry": {"type": "Point", "coordinates": [-16.298028, 12.569302]}, "properties": {"id": "loisirs-670", "type": "loisirs", "type_label": "Loisirs", "nom": "BAR", "region": {"nom": "ZIGUINCHOR", "code": 2}, "departement": {"nom": "ZIGUINCHOR", "code": 23}, "commune": {"nom": "ZIGUINCHOR", "code": 23101}, "communaute_rurale": {"nom": "ZIGUINCHOR", "code": 2310100}, "quartier_village": "COLOBANE FASS", "milieu": "URBAIN", "thematique": null, "type_qvh": null}}, {"type": "Feature", "geometry": {"type": "Point", "coordinates": [-16.268762, 12.585766]}, "properties": {"id": "loisirs-671", "type": "loisirs", "type_label": "Loisirs", "nom": "BAR", "region": {"nom": "ZIGUINCHOR", "code": 2}, "departement": {"nom": "ZIGUINCHOR", "code": 23}, "commune": {"nom": "ZIGUINCHOR", "code": 23101}, "communaute_rurale": {"nom": "ZIGUINCHOR", "code": 2310100}, "quartier_village": "BOUDODY ESCALE", "milieu": "URBAIN", "thematique": null, "type_qvh": null}}, {"type": "Feature", "geometry": {"type": "Point", "coordinates": [-16.265053, 12.583211]}, "properties": {"id": "loisirs-672", "type": "loisirs", "type_label": "Loisirs", "nom": "BAR", "region": {"nom": "ZIGUINCHOR", "code": 2}, "departement": {"nom": "ZIGUINCHOR", "code": 23}, "commune": {"nom": "ZIGUINCHOR", "code": 23101}, "communaute_rurale": {"nom": "ZIGUINCHOR", "code": 2310100}, "quartier_village": "BOUDODY ESCALE", "milieu": "URBAIN", "thematique": null, "type_qvh": null}}, {"type": "Feature", "geometry": {"type": "Point", "coordinates": [-16.255293, 12.576859]}, "properties": {"id": "loisirs-673", "type": "loisirs", "type_label": "Loisirs", "nom": "BAR RESTAURANT", "region": {"nom": "ZIGUINCHOR", "code": 2}, "departement": {"nom": "ZIGUINCHOR", "code": 23}, "commune": {"nom": "ZIGUINCHOR", "code": 23101}, "communaute_rurale": {"nom": "ZIGUINCHOR", "code": 2310100}, "quartier_village": "DIEFAYE", "milieu": "URBAIN", "thematique": null, "type_qvh": null}}, {"type": "Feature", "geometry": {"type": "Point", "coordinates": [-16.271149, 12.587396]}, "properties": {"id": "loisirs-674", "type": "loisirs", "type_label": "Loisirs", "nom": "NIGHT CLUB BONBOLON", "region": {"nom": "ZIGUINCHOR", "code": 2}, "departement": {"nom": "ZIGUINCHOR", "code": 23}, "commune": {"nom": "ZIGUINCHOR", "code": 23101}, "communaute_rurale": {"nom": "ZIGUINCHOR", "code": 2310100}, "quartier_village": "BOUDODY ESCALE", "milieu": "URBAIN", "thematique": null, "type_qvh": null}}, {"type": "Feature", "geometry": {"type": "Point", "coordinates": [-16.292912, 12.576178]}, "properties": {"id": "loisirs-675", "type": "loisirs", "type_label": "Loisirs", "nom": "BAR", "region": {"nom": "ZIGUINCHOR", "code": 2}, "departement": {"nom": "ZIGUINCHOR", "code": 23}, "commune": {"nom": "ZIGUINCHOR", "code": 23101}, "communaute_rurale": {"nom": "ZIGUINCHOR", "code": 2310100}, "quartier_village": "COLOBANE", "milieu": "URBAIN", "thematique": null, "type_qvh": null}}, {"type": "Feature", "geometry": {"type": "Point", "coordinates": [-16.288031, 12.566869]}, "properties": {"id": "loisirs-676", "type": "loisirs", "type_label": "Loisirs", "nom": "BAR RESTAURANT", "region": {"nom": "ZIGUINCHOR", "code": 2}, "departement": {"nom": "ZIGUINCHOR", "code": 23}, "commune": {"nom": "ZIGUINCHOR", "code": 23101}, "communaute_rurale": {"nom": "ZIGUINCHOR", "code": 2310100}, "quartier_village": "DJIRIGHO", "milieu": "URBAIN", "thematique": null, "type_qvh": null}}, {"type": "Feature", "geometry": {"type": "Point", "coordinates": [-16.282328, 12.544298]}, "properties": {"id": "loisirs-677", "type": "loisirs", "type_label": "Loisirs", "nom": "BAR", "region": {"nom": "ZIGUINCHOR", "code": 2}, "departement": {"nom": "ZIGUINCHOR", "code": 23}, "commune": {"nom": "ZIGUINCHOR", "code": 23101}, "communaute_rurale": {"nom": "ZIGUINCHOR", "code": 2310100}, "quartier_village": "DIABIR", "milieu": "URBAIN", "thematique": null, "type_qvh": null}}, {"type": "Feature", "geometry": {"type": "Point", "coordinates": [-12.042103, 13.653546]}, "properties": {"id": "loisirs-678", "type": "loisirs", "type_label": "Loisirs", "nom": "CINEMA", "region": {"nom": "TAMBACOUNDA", "code": 5}, "departement": {"nom": "BAKEL", "code": 51}, "commune": {"nom": "KENIEBA", "code": 51201}, "communaute_rurale": {"nom": "SADATOU", "code": 5120103}, "quartier_village": "DIYALLA BACARY", "milieu": "RURAL", "thematique": null, "type_qvh": null}}, {"type": "Feature", "geometry": {"type": "Point", "coordinates": [-11.87959, 13.435229]}, "properties": {"id": "loisirs-679", "type": "loisirs", "type_label": "Loisirs", "nom": "BAR", "region": {"nom": "TAMBACOUNDA", "code": 5}, "departement": {"nom": "BAKEL", "code": 51}, "commune": {"nom": "KENIEBA", "code": 51201}, "communaute_rurale": {"nom": "SADATOU", "code": 5120103}, "quartier_village": "DIYABOUGOU", "milieu": "RURAL", "thematique": null, "type_qvh": null}}, {"type": "Feature", "geometry": {"type": "Point", "coordinates": [-14.557488, 13.979878]}, "properties": {"id": "loisirs-680", "type": "loisirs", "type_label": "Loisirs", "nom": "BAR", "region": {"nom": "TAMBACOUNDA", "code": 5}, "departement": {"nom": "KOUMPENTOUM", "code": 54}, "commune": {"nom": "KOUMPENTOUM", "code": 54101}, "communaute_rurale": {"nom": "KOUMPENTOUM", "code": 5410100}, "quartier_village": "ECOLE 1", "milieu": "URBAIN", "thematique": null, "type_qvh": null}}, {"type": "Feature", "geometry": {"type": "Point", "coordinates": [-14.560824, 13.982031]}, "properties": {"id": "loisirs-681", "type": "loisirs", "type_label": "Loisirs", "nom": "SALLE DE JEUX", "region": {"nom": "TAMBACOUNDA", "code": 5}, "departement": {"nom": "KOUMPENTOUM", "code": 54}, "commune": {"nom": "KOUMPENTOUM", "code": 54101}, "communaute_rurale": {"nom": "KOUMPENTOUM", "code": 5410100}, "quartier_village": "ECOLE II (TRAVAUX)", "milieu": "URBAIN", "thematique": null, "type_qvh": null}}, {"type": "Feature", "geometry": {"type": "Point", "coordinates": [-14.55908, 13.978927]}, "properties": {"id": "loisirs-682", "type": "loisirs", "type_label": "Loisirs", "nom": "SALLE DE JEUX", "region": {"nom": "TAMBACOUNDA", "code": 5}, "departement": {"nom": "KOUMPENTOUM", "code": 54}, "commune": {"nom": "KOUMPENTOUM", "code": 54101}, "communaute_rurale": {"nom": "KOUMPENTOUM", "code": 5410100}, "quartier_village": "ESCALE I", "milieu": "URBAIN", "thematique": null, "type_qvh": null}}, {"type": "Feature", "geometry": {"type": "Point", "coordinates": [-12.556735, 15.018203]}, "properties": {"id": "loisirs-683", "type": "loisirs", "type_label": "Loisirs", "nom": "CASE CULTURELLE DE CITOYENNETE ET DE BON VOISINAGE DE DIAWARA", "region": {"nom": "TAMBACOUNDA", "code": 5}, "departement": {"nom": "BAKEL", "code": 51}, "commune": {"nom": "MOUDERY", "code": 51203}, "communaute_rurale": {"nom": "DIAWARA", "code": 5120304}, "quartier_village": "KOITALA II", "milieu": "URBAIN", "thematique": null, "type_qvh": null}}, {"type": "Feature", "geometry": {"type": "Point", "coordinates": [-12.541114, 15.023074]}, "properties": {"id": "loisirs-684", "type": "loisirs", "type_label": "Loisirs", "nom": "SALLE DE JEUX", "region": {"nom": "TAMBACOUNDA", "code": 5}, "departement": {"nom": "BAKEL", "code": 51}, "commune": {"nom": "MOUDERY", "code": 51203}, "communaute_rurale": {"nom": "DIAWARA", "code": 5120304}, "quartier_village": "WODOUGA I", "milieu": "URBAIN", "thematique": null, "type_qvh": null}}, {"type": "Feature", "geometry": {"type": "Point", "coordinates": [-12.251684, 14.761561]}, "properties": {"id": "loisirs-685", "type": "loisirs", "type_label": "Loisirs", "nom": "BIBLIOTHEQUE", "region": {"nom": "TAMBACOUNDA", "code": 5}, "departement": {"nom": "BAKEL", "code": 51}, "commune": {"nom": "MOUDERY", "code": 51203}, "communaute_rurale": {"nom": "BALLOU", "code": 5120301}, "quartier_village": "AROUNDOU", "milieu": "RURAL", "thematique": null, "type_qvh": null}}, {"type": "Feature", "geometry": {"type": "Point", "coordinates": [-12.229535, 14.611487]}, "properties": {"id": "loisirs-686", "type": "loisirs", "type_label": "Loisirs", "nom": "BIBLIOTHEQUE", "region": {"nom": "TAMBACOUNDA", "code": 5}, "departement": {"nom": "BAKEL", "code": 51}, "commune": {"nom": "MOUDERY", "code": 51203}, "communaute_rurale": {"nom": "BALLOU", "code": 5120301}, "quartier_village": "AMADJI", "milieu": "RURAL", "thematique": null, "type_qvh": null}}, {"type": "Feature", "geometry": {"type": "Point", "coordinates": [-12.45999, 14.903075]}, "properties": {"id": "loisirs-687", "type": "loisirs", "type_label": "Loisirs", "nom": "DANCING", "region": {"nom": "TAMBACOUNDA", "code": 5}, "departement": {"nom": "BAKEL", "code": 51}, "commune": {"nom": "BAKEL", "code": 51101}, "communaute_rurale": {"nom": "BAKEL", "code": 5110100}, "quartier_village": "DARE SALAM", "milieu": "URBAIN", "thematique": null, "type_qvh": null}}, {"type": "Feature", "geometry": {"type": "Point", "coordinates": [-12.461214, 14.908809]}, "properties": {"id": "loisirs-688", "type": "loisirs", "type_label": "Loisirs", "nom": "SALLE DE JEUX", "region": {"nom": "TAMBACOUNDA", "code": 5}, "departement": {"nom": "BAKEL", "code": 51}, "commune": {"nom": "BAKEL", "code": 51101}, "communaute_rurale": {"nom": "BAKEL", "code": 5110100}, "quartier_village": "HLM", "milieu": "URBAIN", "thematique": null, "type_qvh": null}}, {"type": "Feature", "geometry": {"type": "Point", "coordinates": [-12.459969, 14.902681]}, "properties": {"id": "loisirs-689", "type": "loisirs", "type_label": "Loisirs", "nom": "BAR", "region": {"nom": "TAMBACOUNDA", "code": 5}, "departement": {"nom": "BAKEL", "code": 51}, "commune": {"nom": "BAKEL", "code": 51101}, "communaute_rurale": {"nom": "BAKEL", "code": 5110100}, "quartier_village": "DARE SALAM", "milieu": "URBAIN", "thematique": null, "type_qvh": null}}, {"type": "Feature", "geometry": {"type": "Point", "coordinates": [-12.455218, 14.905201]}, "properties": {"id": "loisirs-690", "type": "loisirs", "type_label": "Loisirs", "nom": "SALLE DE JEUX", "region": {"nom": "TAMBACOUNDA", "code": 5}, "departement": {"nom": "BAKEL", "code": 51}, "commune": {"nom": "BAKEL", "code": 51101}, "communaute_rurale": {"nom": "BAKEL", "code": 5110100}, "quartier_village": "MODINKANE", "milieu": "URBAIN", "thematique": null, "type_qvh": null}}, {"type": "Feature", "geometry": {"type": "Point", "coordinates": [-12.45634, 14.912564]}, "properties": {"id": "loisirs-691", "type": "loisirs", "type_label": "Loisirs", "nom": "BAR", "region": {"nom": "TAMBACOUNDA", "code": 5}, "departement": {"nom": "BAKEL", "code": 51}, "commune": {"nom": "BAKEL", "code": 51101}, "communaute_rurale": {"nom": "BAKEL", "code": 5110100}, "quartier_village": "HLM", "milieu": "URBAIN", "thematique": null, "type_qvh": null}}, {"type": "Feature", "geometry": {"type": "Point", "coordinates": [-12.716687, 14.181808]}, "properties": {"id": "loisirs-692", "type": "loisirs", "type_label": "Loisirs", "nom": "SALLE DE JEUX", "region": {"nom": "TAMBACOUNDA", "code": 5}, "departement": {"nom": "GOUDIRY", "code": 53}, "commune": {"nom": "GOUDIRY", "code": 53101}, "communaute_rurale": {"nom": "GOUDIRY", "code": 5310100}, "quartier_village": "ABATTOIRS", "milieu": "URBAIN", "thematique": null, "type_qvh": null}}, {"type": "Feature", "geometry": {"type": "Point", "coordinates": [-12.713593, 14.185823]}, "properties": {"id": "loisirs-693", "type": "loisirs", "type_label": "Loisirs", "nom": "BAR", "region": {"nom": "TAMBACOUNDA", "code": 5}, "departement": {"nom": "GOUDIRY", "code": 53}, "commune": {"nom": "GOUDIRY", "code": 53101}, "communaute_rurale": {"nom": "GOUDIRY", "code": 5310100}, "quartier_village": "PLACE DU MARCHE", "milieu": "URBAIN", "thematique": null, "type_qvh": null}}, {"type": "Feature", "geometry": {"type": "Point", "coordinates": [-13.677392, 13.759684]}, "properties": {"id": "loisirs-694", "type": "loisirs", "type_label": "Loisirs", "nom": "BAR", "region": {"nom": "TAMBACOUNDA", "code": 5}, "departement": {"nom": "TAMBACOUNDA", "code": 52}, "commune": {"nom": "TAMBACOUNDA", "code": 52101}, "communaute_rurale": {"nom": "TAMBACOUNDA", "code": 5210100}, "quartier_village": "QUINZAMBOUGOU", "milieu": "URBAIN", "thematique": null, "type_qvh": null}}, {"type": "Feature", "geometry": {"type": "Point", "coordinates": [-13.671329, 13.756531]}, "properties": {"id": "loisirs-695", "type": "loisirs", "type_label": "Loisirs", "nom": "BAR", "region": {"nom": "TAMBACOUNDA", "code": 5}, "departement": {"nom": "TAMBACOUNDA", "code": 52}, "commune": {"nom": "TAMBACOUNDA", "code": 52101}, "communaute_rurale": {"nom": "TAMBACOUNDA", "code": 5210100}, "quartier_village": "QUINZAMBOUGOU", "milieu": "URBAIN", "thematique": null, "type_qvh": null}}, {"type": "Feature", "geometry": {"type": "Point", "coordinates": [-13.658122, 13.758545]}, "properties": {"id": "loisirs-696", "type": "loisirs", "type_label": "Loisirs", "nom": "SALLE DE JEUX", "region": {"nom": "TAMBACOUNDA", "code": 5}, "departement": {"nom": "TAMBACOUNDA", "code": 52}, "commune": {"nom": "TAMBACOUNDA", "code": 52101}, "communaute_rurale": {"nom": "TAMBACOUNDA", "code": 5210100}, "quartier_village": "ABATTOIRS COMPLEMENT", "milieu": "URBAIN", "thematique": null, "type_qvh": null}}, {"type": "Feature", "geometry": {"type": "Point", "coordinates": [-13.671505, 13.737777]}, "properties": {"id": "loisirs-697", "type": "loisirs", "type_label": "Loisirs", "nom": "DANCING LE VIRAGE", "region": {"nom": "TAMBACOUNDA", "code": 5}, "departement": {"nom": "TAMBACOUNDA", "code": 52}, "commune": {"nom": "TAMBACOUNDA", "code": 52101}, "communaute_rurale": {"nom": "TAMBACOUNDA", "code": 5210100}, "quartier_village": "TAMBA SOCE", "milieu": "URBAIN", "thematique": null, "type_qvh": null}}, {"type": "Feature", "geometry": {"type": "Point", "coordinates": [-13.672753, 13.774329]}, "properties": {"id": "loisirs-698", "type": "loisirs", "type_label": "Loisirs", "nom": "BAR", "region": {"nom": "TAMBACOUNDA", "code": 5}, "departement": {"nom": "TAMBACOUNDA", "code": 52}, "commune": {"nom": "TAMBACOUNDA", "code": 52101}, "communaute_rurale": {"nom": "TAMBACOUNDA", "code": 5210100}, "quartier_village": "LIBERTE OUEST", "milieu": "URBAIN", "thematique": null, "type_qvh": null}}, {"type": "Feature", "geometry": {"type": "Point", "coordinates": [-13.669406, 13.768473]}, "properties": {"id": "loisirs-699", "type": "loisirs", "type_label": "Loisirs", "nom": "BAR", "region": {"nom": "TAMBACOUNDA", "code": 5}, "departement": {"nom": "TAMBACOUNDA", "code": 52}, "commune": {"nom": "TAMBACOUNDA", "code": 52101}, "communaute_rurale": {"nom": "TAMBACOUNDA", "code": 5210100}, "quartier_village": "ABATTOIRS", "milieu": "URBAIN", "thematique": null, "type_qvh": null}}, {"type": "Feature", "geometry": {"type": "Point", "coordinates": [-13.663661, 13.765354]}, "properties": {"id": "loisirs-700", "type": "loisirs", "type_label": "Loisirs", "nom": "MAISON DE QUARTIER ABATTOIRS", "region": {"nom": "TAMBACOUNDA", "code": 5}, "departement": {"nom": "TAMBACOUNDA", "code": 52}, "commune": {"nom": "TAMBACOUNDA", "code": 52101}, "communaute_rurale": {"nom": "TAMBACOUNDA", "code": 5210100}, "quartier_village": "ABATTOIRS", "milieu": "URBAIN", "thematique": null, "type_qvh": null}}, {"type": "Feature", "geometry": {"type": "Point", "coordinates": [-13.660502, 13.768072]}, "properties": {"id": "loisirs-701", "type": "loisirs", "type_label": "Loisirs", "nom": "SALLE DE JEUX", "region": {"nom": "TAMBACOUNDA", "code": 5}, "departement": {"nom": "TAMBACOUNDA", "code": 52}, "commune": {"nom": "TAMBACOUNDA", "code": 52101}, "communaute_rurale": {"nom": "TAMBACOUNDA", "code": 5210100}, "quartier_village": "PONT III", "milieu": "URBAIN", "thematique": null, "type_qvh": null}}, {"type": "Feature", "geometry": {"type": "Point", "coordinates": [-13.66131, 13.761326]}, "properties": {"id": "loisirs-702", "type": "loisirs", "type_label": "Loisirs", "nom": "BAR RESTAURANT", "region": {"nom": "TAMBACOUNDA", "code": 5}, "departement": {"nom": "TAMBACOUNDA", "code": 52}, "commune": {"nom": "TAMBACOUNDA", "code": 52101}, "communaute_rurale": {"nom": "TAMBACOUNDA", "code": 5210100}, "quartier_village": "ABATTOIRS COMPLEMENT", "milieu": "URBAIN", "thematique": null, "type_qvh": null}}, {"type": "Feature", "geometry": {"type": "Point", "coordinates": [-13.671135, 13.771423]}, "properties": {"id": "loisirs-703", "type": "loisirs", "type_label": "Loisirs", "nom": "ANCIEN CINEMA", "region": {"nom": "TAMBACOUNDA", "code": 5}, "departement": {"nom": "TAMBACOUNDA", "code": 52}, "commune": {"nom": "TAMBACOUNDA", "code": 52101}, "communaute_rurale": {"nom": "TAMBACOUNDA", "code": 5210100}, "quartier_village": "DEPOT", "milieu": "URBAIN", "thematique": null, "type_qvh": null}}, {"type": "Feature", "geometry": {"type": "Point", "coordinates": [-13.689318, 13.776579]}, "properties": {"id": "loisirs-704", "type": "loisirs", "type_label": "Loisirs", "nom": "BAR CRISTAL", "region": {"nom": "TAMBACOUNDA", "code": 5}, "departement": {"nom": "TAMBACOUNDA", "code": 52}, "commune": {"nom": "TAMBACOUNDA", "code": 52101}, "communaute_rurale": {"nom": "TAMBACOUNDA", "code": 5210100}, "quartier_village": "LIBERTE OUEST", "milieu": "URBAIN", "thematique": null, "type_qvh": null}}, {"type": "Feature", "geometry": {"type": "Point", "coordinates": [-13.679613, 13.776392]}, "properties": {"id": "loisirs-705", "type": "loisirs", "type_label": "Loisirs", "nom": "LOTERIE NATIONALE SENEGALAISE (LONASE)", "region": {"nom": "TAMBACOUNDA", "code": 5}, "departement": {"nom": "TAMBACOUNDA", "code": 52}, "commune": {"nom": "TAMBACOUNDA", "code": 52101}, "communaute_rurale": {"nom": "TAMBACOUNDA", "code": 5210100}, "quartier_village": "LIBERTE OUEST", "milieu": "URBAIN", "thematique": null, "type_qvh": null}}, {"type": "Feature", "geometry": {"type": "Point", "coordinates": [-13.679747, 13.76536]}, "properties": {"id": "loisirs-706", "type": "loisirs", "type_label": "Loisirs", "nom": "BAR", "region": {"nom": "TAMBACOUNDA", "code": 5}, "departement": {"nom": "TAMBACOUNDA", "code": 52}, "commune": {"nom": "TAMBACOUNDA", "code": 52101}, "communaute_rurale": {"nom": "TAMBACOUNDA", "code": 5210100}, "quartier_village": "MEDINA COURA", "milieu": "URBAIN", "thematique": null, "type_qvh": null}}, {"type": "Feature", "geometry": {"type": "Point", "coordinates": [-13.659437, 13.758909]}, "properties": {"id": "loisirs-707", "type": "loisirs", "type_label": "Loisirs", "nom": "BAR", "region": {"nom": "TAMBACOUNDA", "code": 5}, "departement": {"nom": "TAMBACOUNDA", "code": 52}, "commune": {"nom": "TAMBACOUNDA", "code": 52101}, "communaute_rurale": {"nom": "TAMBACOUNDA", "code": 5210100}, "quartier_village": "ABATTOIRS COMPLEMENT", "milieu": "URBAIN", "thematique": null, "type_qvh": null}}, {"type": "Feature", "geometry": {"type": "Point", "coordinates": [-13.66968, 13.769898]}, "properties": {"id": "loisirs-708", "type": "loisirs", "type_label": "Loisirs", "nom": "BAR", "region": {"nom": "TAMBACOUNDA", "code": 5}, "departement": {"nom": "TAMBACOUNDA", "code": 52}, "commune": {"nom": "TAMBACOUNDA", "code": 52101}, "communaute_rurale": {"nom": "TAMBACOUNDA", "code": 5210100}, "quartier_village": "PONT I", "milieu": "URBAIN", "thematique": null, "type_qvh": null}}, {"type": "Feature", "geometry": {"type": "Point", "coordinates": [-12.594774, 15.060321]}, "properties": {"id": "loisirs-709", "type": "loisirs", "type_label": "Loisirs", "nom": "SALLE DE JEUX", "region": {"nom": "TAMBACOUNDA", "code": 5}, "departement": {"nom": "BAKEL", "code": 51}, "commune": {"nom": "MOUDERY", "code": 51203}, "communaute_rurale": {"nom": "MOUDERY", "code": 5120303}, "quartier_village": "MOUDERY", "milieu": "RURAL", "thematique": null, "type_qvh": null}}, {"type": "Feature", "geometry": {"type": "Point", "coordinates": [-12.596913, 15.059861]}, "properties": {"id": "loisirs-710", "type": "loisirs", "type_label": "Loisirs", "nom": "SALLE DE SPECTACLE", "region": {"nom": "TAMBACOUNDA", "code": 5}, "departement": {"nom": "BAKEL", "code": 51}, "commune": {"nom": "MOUDERY", "code": 51203}, "communaute_rurale": {"nom": "MOUDERY", "code": 5120303}, "quartier_village": "MOUDERY", "milieu": "RURAL", "thematique": null, "type_qvh": null}}, {"type": "Feature", "geometry": {"type": "Point", "coordinates": [-13.569034, 13.338589]}, "properties": {"id": "loisirs-711", "type": "loisirs", "type_label": "Loisirs", "nom": "BAR", "region": {"nom": "TAMBACOUNDA", "code": 5}, "departement": {"nom": "TAMBACOUNDA", "code": 52}, "commune": {"nom": "MISSIRAH", "code": 52203}, "communaute_rurale": {"nom": "MISSIRAH", "code": 5220302}, "quartier_village": "KOAR I (KOAR MBAYLARY)", "milieu": "RURAL", "thematique": null, "type_qvh": null}}, {"type": "Feature", "geometry": {"type": "Point", "coordinates": [-13.427552, 13.387656]}, "properties": {"id": "loisirs-712", "type": "loisirs", "type_label": "Loisirs", "nom": "BAR", "region": {"nom": "TAMBACOUNDA", "code": 5}, "departement": {"nom": "TAMBACOUNDA", "code": 52}, "commune": {"nom": "MISSIRAH", "code": 52203}, "communaute_rurale": {"nom": "MISSIRAH", "code": 5220302}, "quartier_village": "SARE OUMAR LY (GOUMALOU)", "milieu": "RURAL", "thematique": null, "type_qvh": null}}, {"type": "Feature", "geometry": {"type": "Point", "coordinates": [-13.5673, 13.316554]}, "properties": {"id": "loisirs-713", "type": "loisirs", "type_label": "Loisirs", "nom": "BAR", "region": {"nom": "TAMBACOUNDA", "code": 5}, "departement": {"nom": "TAMBACOUNDA", "code": 52}, "commune": {"nom": "MISSIRAH", "code": 52203}, "communaute_rurale": {"nom": "MISSIRAH", "code": 5220302}, "quartier_village": "KOAR III(KOAR PROJET)", "milieu": "RURAL", "thematique": null, "type_qvh": null}}, {"type": "Feature", "geometry": {"type": "Point", "coordinates": [-13.613531, 13.275482]}, "properties": {"id": "loisirs-714", "type": "loisirs", "type_label": "Loisirs", "nom": "BAR", "region": {"nom": "TAMBACOUNDA", "code": 5}, "departement": {"nom": "TAMBACOUNDA", "code": 52}, "commune": {"nom": "MISSIRAH", "code": 52203}, "communaute_rurale": {"nom": "MISSIRAH", "code": 5220302}, "quartier_village": "SAAL", "milieu": "RURAL", "thematique": null, "type_qvh": null}}, {"type": "Feature", "geometry": {"type": "Point", "coordinates": [-13.679769, 13.344829]}, "properties": {"id": "loisirs-715", "type": "loisirs", "type_label": "Loisirs", "nom": "BAR", "region": {"nom": "TAMBACOUNDA", "code": 5}, "departement": {"nom": "TAMBACOUNDA", "code": 52}, "commune": {"nom": "MISSIRAH", "code": 52203}, "communaute_rurale": {"nom": "MISSIRAH", "code": 5220302}, "quartier_village": "NGUENE I (NGUENE SERERE)", "milieu": "RURAL", "thematique": null, "type_qvh": null}}, {"type": "Feature", "geometry": {"type": "Point", "coordinates": [-13.679485, 13.344492]}, "properties": {"id": "loisirs-716", "type": "loisirs", "type_label": "Loisirs", "nom": "BAR", "region": {"nom": "TAMBACOUNDA", "code": 5}, "departement": {"nom": "TAMBACOUNDA", "code": 52}, "commune": {"nom": "MISSIRAH", "code": 52203}, "communaute_rurale": {"nom": "MISSIRAH", "code": 5220302}, "quartier_village": "NGUENE I (NGUENE SERERE)", "milieu": "RURAL", "thematique": null, "type_qvh": null}}, {"type": "Feature", "geometry": {"type": "Point", "coordinates": [-13.6809, 13.344831]}, "properties": {"id": "loisirs-717", "type": "loisirs", "type_label": "Loisirs", "nom": "BIERE LA GAZELLE", "region": {"nom": "TAMBACOUNDA", "code": 5}, "departement": {"nom": "TAMBACOUNDA", "code": 52}, "commune": {"nom": "MISSIRAH", "code": 52203}, "communaute_rurale": {"nom": "MISSIRAH", "code": 5220302}, "quartier_village": "NGUENE I (NGUENE SERERE)", "milieu": "RURAL", "thematique": null, "type_qvh": null}}, {"type": "Feature", "geometry": {"type": "Point", "coordinates": [-13.739816, 13.38431]}, "properties": {"id": "loisirs-718", "type": "loisirs", "type_label": "Loisirs", "nom": "BAR", "region": {"nom": "TAMBACOUNDA", "code": 5}, "departement": {"nom": "TAMBACOUNDA", "code": 52}, "commune": {"nom": "MISSIRAH", "code": 52203}, "communaute_rurale": {"nom": "MISSIRAH", "code": 5220302}, "quartier_village": "SANKAGNE I", "milieu": "RURAL", "thematique": null, "type_qvh": null}}, {"type": "Feature", "geometry": {"type": "Point", "coordinates": [-13.715135, 13.472014]}, "properties": {"id": "loisirs-719", "type": "loisirs", "type_label": "Loisirs", "nom": "BAR", "region": {"nom": "TAMBACOUNDA", "code": 5}, "departement": {"nom": "TAMBACOUNDA", "code": 52}, "commune": {"nom": "MISSIRAH", "code": 52203}, "communaute_rurale": {"nom": "MISSIRAH", "code": 5220302}, "quartier_village": "GOULOUMBOU", "milieu": "RURAL", "thematique": null, "type_qvh": null}}, {"type": "Feature", "geometry": {"type": "Point", "coordinates": [-14.071633, 13.871907]}, "properties": {"id": "loisirs-720", "type": "loisirs", "type_label": "Loisirs", "nom": "BAR", "region": {"nom": "TAMBACOUNDA", "code": 5}, "departement": {"nom": "TAMBACOUNDA", "code": 52}, "commune": {"nom": "KOUSSANAR", "code": 52201}, "communaute_rurale": {"nom": "KOUSSANAR", "code": 5220101}, "quartier_village": "KOUSSANAR SOCE", "milieu": "RURAL", "thematique": null, "type_qvh": null}}, {"type": "Feature", "geometry": {"type": "Point", "coordinates": [-13.105825, 13.209858]}, "properties": {"id": "loisirs-721", "type": "loisirs", "type_label": "Loisirs", "nom": "PARC", "region": {"nom": "TAMBACOUNDA", "code": 5}, "departement": {"nom": "TAMBACOUNDA", "code": 52}, "commune": {"nom": "MISSIRAH", "code": 52203}, "communaute_rurale": {"nom": "DIALACOTO", "code": 5220301}, "quartier_village": "DIENOUDIALA", "milieu": "RURAL", "thematique": null, "type_qvh": null}}, {"type": "Feature", "geometry": {"type": "Point", "coordinates": [-12.20821, 14.453101]}, "properties": {"id": "loisirs-722", "type": "loisirs", "type_label": "Loisirs", "nom": "BAR", "region": {"nom": "TAMBACOUNDA", "code": 5}, "departement": {"nom": "BAKEL", "code": 51}, "commune": {"nom": "BELE", "code": 51202}, "communaute_rurale": {"nom": "KIDIRA", "code": 5120203}, "quartier_village": "ALAHINA BOCAR", "milieu": "RURAL", "thematique": null, "type_qvh": null}}, {"type": "Feature", "geometry": {"type": "Point", "coordinates": [-12.222051, 14.452766]}, "properties": {"id": "loisirs-723", "type": "loisirs", "type_label": "Loisirs", "nom": "BAR", "region": {"nom": "TAMBACOUNDA", "code": 5}, "departement": {"nom": "BAKEL", "code": 51}, "commune": {"nom": "BELE", "code": 51202}, "communaute_rurale": {"nom": "KIDIRA", "code": 5120203}, "quartier_village": "PLATEAU", "milieu": "RURAL", "thematique": null, "type_qvh": null}}, {"type": "Feature", "geometry": {"type": "Point", "coordinates": [-12.596913, 15.059861]}, "properties": {"id": "loisirs-724", "type": "loisirs", "type_label": "Loisirs", "nom": "SALLE DE SPECTACLE", "region": {"nom": "TAMBACOUNDA", "code": 5}, "departement": {"nom": "BAKEL", "code": 51}, "commune": {"nom": "MOUDERY", "code": 51203}, "communaute_rurale": {"nom": "MOUDERY", "code": 5120303}, "quartier_village": "MOUDERY", "milieu": "RURAL", "thematique": null, "type_qvh": null}}, {"type": "Feature", "geometry": {"type": "Point", "coordinates": [-12.594774, 15.060321]}, "properties": {"id": "loisirs-725", "type": "loisirs", "type_label": "Loisirs", "nom": "SALLE DE JEUX", "region": {"nom": "TAMBACOUNDA", "code": 5}, "departement": {"nom": "BAKEL", "code": 51}, "commune": {"nom": "MOUDERY", "code": 51203}, "communaute_rurale": {"nom": "MOUDERY", "code": 5120303}, "quartier_village": "MOUDERY", "milieu": "RURAL", "thematique": null, "type_qvh": null}}, {"type": "Feature", "geometry": {"type": "Point", "coordinates": [-13.662445, 15.994765]}, "properties": {"id": "loisirs-726", "type": "loisirs", "type_label": "Loisirs", "nom": "SALLE DE JEUX", "region": {"nom": "MATAM", "code": 11}, "departement": {"nom": "MATAM", "code": 111}, "commune": {"nom": "AGNAM CIVOL", "code": 111201}, "communaute_rurale": {"nom": "AGNAM CIVOL", "code": 11120101}, "quartier_village": "AGNAM WOURO CIRE", "milieu": "RURAL", "thematique": null, "type_qvh": null}}, {"type": "Feature", "geometry": {"type": "Point", "coordinates": [-13.660035, 15.993023]}, "properties": {"id": "loisirs-727", "type": "loisirs", "type_label": "Loisirs", "nom": "POINT DE VENTE LONASE", "region": {"nom": "MATAM", "code": 11}, "departement": {"nom": "MATAM", "code": 111}, "commune": {"nom": "AGNAM CIVOL", "code": 111201}, "communaute_rurale": {"nom": "AGNAM CIVOL", "code": 11120101}, "quartier_village": "AGNAM CIVOL", "milieu": "RURAL", "thematique": null, "type_qvh": null}}, {"type": "Feature", "geometry": {"type": "Point", "coordinates": [-13.662445, 15.994765]}, "properties": {"id": "loisirs-728", "type": "loisirs", "type_label": "Loisirs", "nom": "SALLE DE JEUX", "region": {"nom": "MATAM", "code": 11}, "departement": {"nom": "MATAM", "code": 111}, "commune": {"nom": "AGNAM CIVOL", "code": 111201}, "communaute_rurale": {"nom": "AGNAM CIVOL", "code": 11120101}, "quartier_village": "AGNAM WOURO CIRE", "milieu": "RURAL", "thematique": null, "type_qvh": null}}, {"type": "Feature", "geometry": {"type": "Point", "coordinates": [-13.660035, 15.993023]}, "properties": {"id": "loisirs-729", "type": "loisirs", "type_label": "Loisirs", "nom": "POINT DE VENTE LONASE", "region": {"nom": "MATAM", "code": 11}, "departement": {"nom": "MATAM", "code": 111}, "commune": {"nom": "AGNAM CIVOL", "code": 111201}, "communaute_rurale": {"nom": "AGNAM CIVOL", "code": 11120101}, "quartier_village": "AGNAM CIVOL", "milieu": "RURAL", "thematique": null, "type_qvh": null}}, {"type": "Feature", "geometry": {"type": "Point", "coordinates": [-12.702479, 15.092537]}, "properties": {"id": "loisirs-730", "type": "loisirs", "type_label": "Loisirs", "nom": "MONUMENT", "region": {"nom": "MATAM", "code": 11}, "departement": {"nom": "KANEL", "code": 112}, "commune": {"nom": "ORKADIERE", "code": 112201}, "communaute_rurale": {"nom": "DEMBANCANE", "code": 11220104}, "quartier_village": "SONADIS", "milieu": "URBAIN", "thematique": null, "type_qvh": null}}, {"type": "Feature", "geometry": {"type": "Point", "coordinates": [-13.316175, 15.610027]}, "properties": {"id": "loisirs-731", "type": "loisirs", "type_label": "Loisirs", "nom": "BIERE LA GAZELLE", "region": {"nom": "MATAM", "code": 11}, "departement": {"nom": "MATAM", "code": 111}, "commune": {"nom": "OUROSSOGUI", "code": 111102}, "communaute_rurale": {"nom": "OUROSSOGUI", "code": 11110200}, "quartier_village": "WINDE I", "milieu": "URBAIN", "thematique": null, "type_qvh": null}}, {"type": "Feature", "geometry": {"type": "Point", "coordinates": [-13.317998, 15.611707]}, "properties": {"id": "loisirs-732", "type": "loisirs", "type_label": "Loisirs", "nom": "BAR", "region": {"nom": "MATAM", "code": 11}, "departement": {"nom": "MATAM", "code": 111}, "commune": {"nom": "OUROSSOGUI", "code": 111102}, "communaute_rurale": {"nom": "OUROSSOGUI", "code": 11110200}, "quartier_village": "MODERNE I", "milieu": "URBAIN", "thematique": null, "type_qvh": null}}, {"type": "Feature", "geometry": {"type": "Point", "coordinates": [-13.31813, 15.611316]}, "properties": {"id": "loisirs-733", "type": "loisirs", "type_label": "Loisirs", "nom": "BAR", "region": {"nom": "MATAM", "code": 11}, "departement": {"nom": "MATAM", "code": 111}, "commune": {"nom": "OUROSSOGUI", "code": 111102}, "communaute_rurale": {"nom": "OUROSSOGUI", "code": 11110200}, "quartier_village": "MODERNE I", "milieu": "URBAIN", "thematique": null, "type_qvh": null}}, {"type": "Feature", "geometry": {"type": "Point", "coordinates": [-13.325553, 15.602598]}, "properties": {"id": "loisirs-734", "type": "loisirs", "type_label": "Loisirs", "nom": "SALLE DE JEUX", "region": {"nom": "MATAM", "code": 11}, "departement": {"nom": "MATAM", "code": 111}, "commune": {"nom": "OUROSSOGUI", "code": 111102}, "communaute_rurale": {"nom": "OUROSSOGUI", "code": 11110200}, "quartier_village": "AINOUMADY I", "milieu": "URBAIN", "thematique": null, "type_qvh": null}}, {"type": "Feature", "geometry": {"type": "Point", "coordinates": [-13.325491, 15.608575]}, "properties": {"id": "loisirs-735", "type": "loisirs", "type_label": "Loisirs", "nom": "1XBET", "region": {"nom": "MATAM", "code": 11}, "departement": {"nom": "MATAM", "code": 111}, "commune": {"nom": "OUROSSOGUI", "code": 111102}, "communaute_rurale": {"nom": "OUROSSOGUI", "code": 11110200}, "quartier_village": "MODERNE I", "milieu": "URBAIN", "thematique": null, "type_qvh": null}}, {"type": "Feature", "geometry": {"type": "Point", "coordinates": [-16.471992, 13.783633]}, "properties": {"id": "loisirs-736", "type": "loisirs", "type_label": "Loisirs", "nom": "BAR RESTAURANT", "region": {"nom": "FATICK", "code": 9}, "departement": {"nom": "FOUNDIOUGNE", "code": 92}, "commune": {"nom": "TOUBACOUTA", "code": 92203}, "communaute_rurale": {"nom": "TOUBACOUTA", "code": 9220304}, "quartier_village": "TOUBACOUTA", "milieu": "RURAL", "thematique": null, "type_qvh": null}}, {"type": "Feature", "geometry": {"type": "Point", "coordinates": [-16.471202, 13.788994]}, "properties": {"id": "loisirs-737", "type": "loisirs", "type_label": "Loisirs", "nom": "BAR", "region": {"nom": "FATICK", "code": 9}, "departement": {"nom": "FOUNDIOUGNE", "code": 92}, "commune": {"nom": "TOUBACOUTA", "code": 92203}, "communaute_rurale": {"nom": "TOUBACOUTA", "code": 9220304}, "quartier_village": "TOUBACOUTA", "milieu": "RURAL", "thematique": null, "type_qvh": null}}, {"type": "Feature", "geometry": {"type": "Point", "coordinates": [-16.472663, 13.786225]}, "properties": {"id": "loisirs-738", "type": "loisirs", "type_label": "Loisirs", "nom": "BAR RESTAURANT", "region": {"nom": "FATICK", "code": 9}, "departement": {"nom": "FOUNDIOUGNE", "code": 92}, "commune": {"nom": "TOUBACOUTA", "code": 92203}, "communaute_rurale": {"nom": "TOUBACOUTA", "code": 9220304}, "quartier_village": "TOUBACOUTA", "milieu": "RURAL", "thematique": null, "type_qvh": null}}, {"type": "Feature", "geometry": {"type": "Point", "coordinates": [-16.4659, 14.1296]}, "properties": {"id": "loisirs-739", "type": "loisirs", "type_label": "Loisirs", "nom": "BAR", "region": {"nom": "FATICK", "code": 9}, "departement": {"nom": "FOUNDIOUGNE", "code": 92}, "commune": {"nom": "FOUNDIOUGNE", "code": 92101}, "communaute_rurale": {"nom": "FOUNDIOUGNE", "code": 9210100}, "quartier_village": "THIARAKHOLE II", "milieu": "URBAIN", "thematique": null, "type_qvh": null}}, {"type": "Feature", "geometry": {"type": "Point", "coordinates": [-15.708351, 14.642027]}, "properties": {"id": "loisirs-740", "type": "loisirs", "type_label": "Loisirs", "nom": "BAR", "region": {"nom": "FATICK", "code": 9}, "departement": {"nom": "GOSSAS", "code": 93}, "commune": {"nom": "COLOBANE", "code": 93201}, "communaute_rurale": {"nom": "COLOBANE", "code": 9320101}, "quartier_village": "COLOBANE", "milieu": "RURAL", "thematique": null, "type_qvh": null}}, {"type": "Feature", "geometry": {"type": "Point", "coordinates": [-16.065879, 14.491403]}, "properties": {"id": "loisirs-741", "type": "loisirs", "type_label": "Loisirs", "nom": "BAR CHEZMIDIA DIABAYE", "region": {"nom": "FATICK", "code": 9}, "departement": {"nom": "GOSSAS", "code": 93}, "commune": {"nom": "GOSSAS", "code": 93101}, "communaute_rurale": {"nom": "GOSSAS", "code": 9310100}, "quartier_village": "DIAKHAO", "milieu": "URBAIN", "thematique": null, "type_qvh": null}}, {"type": "Feature", "geometry": {"type": "Point", "coordinates": [-16.069238, 14.49169]}, "properties": {"id": "loisirs-742", "type": "loisirs", "type_label": "Loisirs", "nom": "Loisirs", "region": {"nom": "FATICK", "code": 9}, "departement": {"nom": "GOSSAS", "code": 93}, "commune": {"nom": "GOSSAS", "code": 93101}, "communaute_rurale": {"nom": "GOSSAS", "code": 9310100}, "quartier_village": "DIAKHAO", "milieu": "URBAIN", "thematique": null, "type_qvh": null}}, {"type": "Feature", "geometry": {"type": "Point", "coordinates": [-16.065753, 14.491077]}, "properties": {"id": "loisirs-743", "type": "loisirs", "type_label": "Loisirs", "nom": "BAR CHARLIE", "region": {"nom": "FATICK", "code": 9}, "departement": {"nom": "GOSSAS", "code": 93}, "commune": {"nom": "GOSSAS", "code": 93101}, "communaute_rurale": {"nom": "GOSSAS", "code": 9310100}, "quartier_village": "DIAKHAO", "milieu": "URBAIN", "thematique": null, "type_qvh": null}}, {"type": "Feature", "geometry": {"type": "Point", "coordinates": [-16.065826, 14.489642]}, "properties": {"id": "loisirs-744", "type": "loisirs", "type_label": "Loisirs", "nom": "Loisirs", "region": {"nom": "FATICK", "code": 9}, "departement": {"nom": "GOSSAS", "code": 93}, "commune": {"nom": "GOSSAS", "code": 93101}, "communaute_rurale": {"nom": "GOSSAS", "code": 9310100}, "quartier_village": "NDIAYENE", "milieu": "URBAIN", "thematique": null, "type_qvh": null}}, {"type": "Feature", "geometry": {"type": "Point", "coordinates": [-15.756573, 14.536707]}, "properties": {"id": "loisirs-745", "type": "loisirs", "type_label": "Loisirs", "nom": "BAR", "region": {"nom": "FATICK", "code": 9}, "departement": {"nom": "GOSSAS", "code": 93}, "commune": {"nom": "COLOBANE", "code": 93201}, "communaute_rurale": {"nom": "MBAR", "code": 9320102}, "quartier_village": "MBAR MBACKE", "milieu": "RURAL", "thematique": null, "type_qvh": null}}, {"type": "Feature", "geometry": {"type": "Point", "coordinates": [-15.757084, 14.537186]}, "properties": {"id": "loisirs-746", "type": "loisirs", "type_label": "Loisirs", "nom": "BAR", "region": {"nom": "FATICK", "code": 9}, "departement": {"nom": "GOSSAS", "code": 93}, "commune": {"nom": "COLOBANE", "code": 93201}, "communaute_rurale": {"nom": "MBAR", "code": 9320102}, "quartier_village": "MBAR MBACKE", "milieu": "RURAL", "thematique": null, "type_qvh": null}}, {"type": "Feature", "geometry": {"type": "Point", "coordinates": [-16.762721, 14.013444]}, "properties": {"id": "loisirs-747", "type": "loisirs", "type_label": "Loisirs", "nom": "DANCING", "region": {"nom": "FATICK", "code": 9}, "departement": {"nom": "FATICK", "code": 91}, "commune": {"nom": "FIMELA", "code": 91202}, "communaute_rurale": {"nom": "PALMARIN FACAO", "code": 9120203}, "quartier_village": "PALMARIN FACAO", "milieu": "RURAL", "thematique": null, "type_qvh": null}}, {"type": "Feature", "geometry": {"type": "Point", "coordinates": [-16.762642, 13.976797]}, "properties": {"id": "loisirs-748", "type": "loisirs", "type_label": "Loisirs", "nom": "CHEZ REMO", "region": {"nom": "FATICK", "code": 9}, "departement": {"nom": "FATICK", "code": 91}, "commune": {"nom": "FIMELA", "code": 91202}, "communaute_rurale": {"nom": "PALMARIN FACAO", "code": 9120203}, "quartier_village": "PALMARIN DIAKHANOR", "milieu": "RURAL", "thematique": null, "type_qvh": null}}, {"type": "Feature", "geometry": {"type": "Point", "coordinates": [-16.762358, 13.978047]}, "properties": {"id": "loisirs-749", "type": "loisirs", "type_label": "Loisirs", "nom": "BAR", "region": {"nom": "FATICK", "code": 9}, "departement": {"nom": "FATICK", "code": 91}, "commune": {"nom": "FIMELA", "code": 91202}, "communaute_rurale": {"nom": "PALMARIN FACAO", "code": 9120203}, "quartier_village": "PALMARIN DIAKHANOR", "milieu": "RURAL", "thematique": null, "type_qvh": null}}, {"type": "Feature", "geometry": {"type": "Point", "coordinates": [-16.763313, 13.978762]}, "properties": {"id": "loisirs-750", "type": "loisirs", "type_label": "Loisirs", "nom": "SALLE DE JEUX", "region": {"nom": "FATICK", "code": 9}, "departement": {"nom": "FATICK", "code": 91}, "commune": {"nom": "FIMELA", "code": 91202}, "communaute_rurale": {"nom": "PALMARIN FACAO", "code": 9120203}, "quartier_village": "PALMARIN DIAKHANOR", "milieu": "RURAL", "thematique": null, "type_qvh": null}}, {"type": "Feature", "geometry": {"type": "Point", "coordinates": [-16.76406, 14.015136]}, "properties": {"id": "loisirs-751", "type": "loisirs", "type_label": "Loisirs", "nom": "BAR SALL DE JEUX", "region": {"nom": "FATICK", "code": 9}, "departement": {"nom": "FATICK", "code": 91}, "commune": {"nom": "FIMELA", "code": 91202}, "communaute_rurale": {"nom": "PALMARIN FACAO", "code": 9120203}, "quartier_village": "PALMARIN FACAO", "milieu": "RURAL", "thematique": null, "type_qvh": null}}, {"type": "Feature", "geometry": {"type": "Point", "coordinates": [-16.769255, 14.044814]}, "properties": {"id": "loisirs-752", "type": "loisirs", "type_label": "Loisirs", "nom": "BAR RESTAURANT", "region": {"nom": "FATICK", "code": 9}, "departement": {"nom": "FATICK", "code": 91}, "commune": {"nom": "FIMELA", "code": 91202}, "communaute_rurale": {"nom": "PALMARIN FACAO", "code": 9120203}, "quartier_village": "PALMARIN SESSENE", "milieu": "RURAL", "thematique": null, "type_qvh": null}}, {"type": "Feature", "geometry": {"type": "Point", "coordinates": [-16.769278, 14.049304]}, "properties": {"id": "loisirs-753", "type": "loisirs", "type_label": "Loisirs", "nom": "BAR", "region": {"nom": "FATICK", "code": 9}, "departement": {"nom": "FATICK", "code": 91}, "commune": {"nom": "FIMELA", "code": 91202}, "communaute_rurale": {"nom": "PALMARIN FACAO", "code": 9120203}, "quartier_village": "PALMARIN NGALLOU", "milieu": "RURAL", "thematique": null, "type_qvh": null}}, {"type": "Feature", "geometry": {"type": "Point", "coordinates": [-16.762981, 13.935326]}, "properties": {"id": "loisirs-754", "type": "loisirs", "type_label": "Loisirs", "nom": "DISCOTHEQUE", "region": {"nom": "FATICK", "code": 9}, "departement": {"nom": "FATICK", "code": 91}, "commune": {"nom": "FIMELA", "code": 91202}, "communaute_rurale": {"nom": "PALMARIN FACAO", "code": 9120203}, "quartier_village": "DJIFFER", "milieu": "RURAL", "thematique": null, "type_qvh": null}}, {"type": "Feature", "geometry": {"type": "Point", "coordinates": [-16.382225, 14.565857]}, "properties": {"id": "loisirs-755", "type": "loisirs", "type_label": "Loisirs", "nom": "BAR", "region": {"nom": "FATICK", "code": 9}, "departement": {"nom": "FATICK", "code": 91}, "commune": {"nom": "NIAKHAR", "code": 91203}, "communaute_rurale": {"nom": "PATAR", "code": 9120303}, "quartier_village": "PATAR", "milieu": "RURAL", "thematique": null, "type_qvh": null}}, {"type": "Feature", "geometry": {"type": "Point", "coordinates": [-16.475666, 14.536361]}, "properties": {"id": "loisirs-756", "type": "loisirs", "type_label": "Loisirs", "nom": "BAR", "region": {"nom": "FATICK", "code": 9}, "departement": {"nom": "FATICK", "code": 91}, "commune": {"nom": "NIAKHAR", "code": 91203}, "communaute_rurale": {"nom": "NGAYOKHEME", "code": 9120301}, "quartier_village": "TOUCAR", "milieu": "RURAL", "thematique": null, "type_qvh": null}}, {"type": "Feature", "geometry": {"type": "Point", "coordinates": [-16.664045, 14.133231]}, "properties": {"id": "loisirs-757", "type": "loisirs", "type_label": "Loisirs", "nom": "BAR RESTAURANT FAST FOOD", "region": {"nom": "FATICK", "code": 9}, "departement": {"nom": "FATICK", "code": 91}, "commune": {"nom": "FIMELA", "code": 91202}, "communaute_rurale": {"nom": "FIMELA", "code": 9120201}, "quartier_village": "FIMELA", "milieu": "RURAL", "thematique": null, "type_qvh": null}}, {"type": "Feature", "geometry": {"type": "Point", "coordinates": [-16.659028, 14.119952]}, "properties": {"id": "loisirs-758", "type": "loisirs", "type_label": "Loisirs", "nom": "BAR RESTAURANT", "region": {"nom": "FATICK", "code": 9}, "departement": {"nom": "FATICK", "code": 91}, "commune": {"nom": "FIMELA", "code": 91202}, "communaute_rurale": {"nom": "FIMELA", "code": 9120201}, "quartier_village": "FIMELA", "milieu": "RURAL", "thematique": null, "type_qvh": null}}, {"type": "Feature", "geometry": {"type": "Point", "coordinates": [-16.655315, 14.115091]}, "properties": {"id": "loisirs-759", "type": "loisirs", "type_label": "Loisirs", "nom": "SALLE DE JEUX", "region": {"nom": "FATICK", "code": 9}, "departement": {"nom": "FATICK", "code": 91}, "commune": {"nom": "FIMELA", "code": 91202}, "communaute_rurale": {"nom": "FIMELA", "code": 9120201}, "quartier_village": "DJILOR", "milieu": "RURAL", "thematique": null, "type_qvh": null}}, {"type": "Feature", "geometry": {"type": "Point", "coordinates": [-16.656774, 14.115582]}, "properties": {"id": "loisirs-760", "type": "loisirs", "type_label": "Loisirs", "nom": "BAR", "region": {"nom": "FATICK", "code": 9}, "departement": {"nom": "FATICK", "code": 91}, "commune": {"nom": "FIMELA", "code": 91202}, "communaute_rurale": {"nom": "FIMELA", "code": 9120201}, "quartier_village": "DJILOR", "milieu": "RURAL", "thematique": null, "type_qvh": null}}, {"type": "Feature", "geometry": {"type": "Point", "coordinates": [-16.628632, 14.145928]}, "properties": {"id": "loisirs-761", "type": "loisirs", "type_label": "Loisirs", "nom": "ECOLODGE DE SIMAL", "region": {"nom": "FATICK", "code": 9}, "departement": {"nom": "FATICK", "code": 91}, "commune": {"nom": "FIMELA", "code": 91202}, "communaute_rurale": {"nom": "FIMELA", "code": 9120201}, "quartier_village": "SIMAL", "milieu": "RURAL", "thematique": null, "type_qvh": null}}, {"type": "Feature", "geometry": {"type": "Point", "coordinates": [-16.690224, 14.078771]}, "properties": {"id": "loisirs-762", "type": "loisirs", "type_label": "Loisirs", "nom": "BAR YUNGAR", "region": {"nom": "FATICK", "code": 9}, "departement": {"nom": "FATICK", "code": 91}, "commune": {"nom": "FIMELA", "code": 91202}, "communaute_rurale": {"nom": "FIMELA", "code": 9120201}, "quartier_village": "NDANGANE CAMPEMENT", "milieu": "RURAL", "thematique": null, "type_qvh": null}}, {"type": "Feature", "geometry": {"type": "Point", "coordinates": [-16.744713, 14.144091]}, "properties": {"id": "loisirs-763", "type": "loisirs", "type_label": "Loisirs", "nom": "BAR", "region": {"nom": "FATICK", "code": 9}, "departement": {"nom": "FATICK", "code": 91}, "commune": {"nom": "FIMELA", "code": 91202}, "communaute_rurale": {"nom": "FIMELA", "code": 9120201}, "quartier_village": "MBISSEL", "milieu": "RURAL", "thematique": null, "type_qvh": null}}, {"type": "Feature", "geometry": {"type": "Point", "coordinates": [-16.664683, 14.127041]}, "properties": {"id": "loisirs-764", "type": "loisirs", "type_label": "Loisirs", "nom": "BAR RESTAURANT", "region": {"nom": "FATICK", "code": 9}, "departement": {"nom": "FATICK", "code": 91}, "commune": {"nom": "FIMELA", "code": 91202}, "communaute_rurale": {"nom": "FIMELA", "code": 9120201}, "quartier_village": "FIMELA", "milieu": "RURAL", "thematique": null, "type_qvh": null}}, {"type": "Feature", "geometry": {"type": "Point", "coordinates": [-16.692789, 14.073986]}, "properties": {"id": "loisirs-765", "type": "loisirs", "type_label": "Loisirs", "nom": "BAR RESTAURANT", "region": {"nom": "FATICK", "code": 9}, "departement": {"nom": "FATICK", "code": 91}, "commune": {"nom": "FIMELA", "code": 91202}, "communaute_rurale": {"nom": "FIMELA", "code": 9120201}, "quartier_village": "NDANGANE CAMPEMENT", "milieu": "RURAL", "thematique": null, "type_qvh": null}}, {"type": "Feature", "geometry": {"type": "Point", "coordinates": [-16.691683, 14.076762]}, "properties": {"id": "loisirs-766", "type": "loisirs", "type_label": "Loisirs", "nom": "BAR", "region": {"nom": "FATICK", "code": 9}, "departement": {"nom": "FATICK", "code": 91}, "commune": {"nom": "FIMELA", "code": 91202}, "communaute_rurale": {"nom": "FIMELA", "code": 9120201}, "quartier_village": "NDANGANE CAMPEMENT", "milieu": "RURAL", "thematique": null, "type_qvh": null}}, {"type": "Feature", "geometry": {"type": "Point", "coordinates": [-16.690701, 14.078303]}, "properties": {"id": "loisirs-767", "type": "loisirs", "type_label": "Loisirs", "nom": "BAR RESTAURANT", "region": {"nom": "FATICK", "code": 9}, "departement": {"nom": "FATICK", "code": 91}, "commune": {"nom": "FIMELA", "code": 91202}, "communaute_rurale": {"nom": "FIMELA", "code": 9120201}, "quartier_village": "NDANGANE CAMPEMENT", "milieu": "RURAL", "thematique": null, "type_qvh": null}}, {"type": "Feature", "geometry": {"type": "Point", "coordinates": [-16.69038, 14.078959]}, "properties": {"id": "loisirs-768", "type": "loisirs", "type_label": "Loisirs", "nom": "BAR", "region": {"nom": "FATICK", "code": 9}, "departement": {"nom": "FATICK", "code": 91}, "commune": {"nom": "FIMELA", "code": 91202}, "communaute_rurale": {"nom": "FIMELA", "code": 9120201}, "quartier_village": "NDANGANE CAMPEMENT", "milieu": "RURAL", "thematique": null, "type_qvh": null}}, {"type": "Feature", "geometry": {"type": "Point", "coordinates": [-16.670355, 14.116955]}, "properties": {"id": "loisirs-769", "type": "loisirs", "type_label": "Loisirs", "nom": "BAR", "region": {"nom": "FATICK", "code": 9}, "departement": {"nom": "FATICK", "code": 91}, "commune": {"nom": "FIMELA", "code": 91202}, "communaute_rurale": {"nom": "FIMELA", "code": 9120201}, "quartier_village": "YAYEME", "milieu": "RURAL", "thematique": null, "type_qvh": null}}, {"type": "Feature", "geometry": {"type": "Point", "coordinates": [-16.723756, 14.130202]}, "properties": {"id": "loisirs-770", "type": "loisirs", "type_label": "Loisirs", "nom": "SALLE DE JEUX", "region": {"nom": "FATICK", "code": 9}, "departement": {"nom": "FATICK", "code": 91}, "commune": {"nom": "FIMELA", "code": 91202}, "communaute_rurale": {"nom": "FIMELA", "code": 9120201}, "quartier_village": "SAMBA DIA", "milieu": "RURAL", "thematique": null, "type_qvh": null}}, {"type": "Feature", "geometry": {"type": "Point", "coordinates": [-16.728818, 14.128298]}, "properties": {"id": "loisirs-771", "type": "loisirs", "type_label": "Loisirs", "nom": "BAR", "region": {"nom": "FATICK", "code": 9}, "departement": {"nom": "FATICK", "code": 91}, "commune": {"nom": "FIMELA", "code": 91202}, "communaute_rurale": {"nom": "FIMELA", "code": 9120201}, "quartier_village": "SAMBA DIA", "milieu": "RURAL", "thematique": null, "type_qvh": null}}, {"type": "Feature", "geometry": {"type": "Point", "coordinates": [-16.727664, 14.129982]}, "properties": {"id": "loisirs-772", "type": "loisirs", "type_label": "Loisirs", "nom": "JEUX LONASE", "region": {"nom": "FATICK", "code": 9}, "departement": {"nom": "FATICK", "code": 91}, "commune": {"nom": "FIMELA", "code": 91202}, "communaute_rurale": {"nom": "FIMELA", "code": 9120201}, "quartier_village": "SAMBA DIA", "milieu": "RURAL", "thematique": null, "type_qvh": null}}, {"type": "Feature", "geometry": {"type": "Point", "coordinates": [-16.728278, 14.130074]}, "properties": {"id": "loisirs-773", "type": "loisirs", "type_label": "Loisirs", "nom": "SALLE DE JEUX", "region": {"nom": "FATICK", "code": 9}, "departement": {"nom": "FATICK", "code": 91}, "commune": {"nom": "FIMELA", "code": 91202}, "communaute_rurale": {"nom": "FIMELA", "code": 9120201}, "quartier_village": "SAMBA DIA", "milieu": "RURAL", "thematique": null, "type_qvh": null}}, {"type": "Feature", "geometry": {"type": "Point", "coordinates": [-16.745103, 14.144551]}, "properties": {"id": "loisirs-774", "type": "loisirs", "type_label": "Loisirs", "nom": "BAR", "region": {"nom": "FATICK", "code": 9}, "departement": {"nom": "FATICK", "code": 91}, "commune": {"nom": "FIMELA", "code": 91202}, "communaute_rurale": {"nom": "FIMELA", "code": 9120201}, "quartier_village": "MBISSEL", "milieu": "RURAL", "thematique": null, "type_qvh": null}}, {"type": "Feature", "geometry": {"type": "Point", "coordinates": [-16.744264, 14.14674]}, "properties": {"id": "loisirs-775", "type": "loisirs", "type_label": "Loisirs", "nom": "BAR RESTAURANT", "region": {"nom": "FATICK", "code": 9}, "departement": {"nom": "FATICK", "code": 91}, "commune": {"nom": "FIMELA", "code": 91202}, "communaute_rurale": {"nom": "FIMELA", "code": 9120201}, "quartier_village": "MBISSEL", "milieu": "RURAL", "thematique": null, "type_qvh": null}}, {"type": "Feature", "geometry": {"type": "Point", "coordinates": [-16.238758, 14.508418]}, "properties": {"id": "loisirs-776", "type": "loisirs", "type_label": "Loisirs", "nom": "BAR", "region": {"nom": "FATICK", "code": 9}, "departement": {"nom": "FATICK", "code": 91}, "commune": {"nom": "NDIOB", "code": 91201}, "communaute_rurale": {"nom": "NDIOP", "code": 9120103}, "quartier_village": "FARARE", "milieu": "RURAL", "thematique": null, "type_qvh": null}}, {"type": "Feature", "geometry": {"type": "Point", "coordinates": [-16.608223, 14.313248]}, "properties": {"id": "loisirs-777", "type": "loisirs", "type_label": "Loisirs", "nom": "BAR", "region": {"nom": "FATICK", "code": 9}, "departement": {"nom": "FATICK", "code": 91}, "commune": {"nom": "FIMELA", "code": 91202}, "communaute_rurale": {"nom": "LOUL SESSENE", "code": 9120202}, "quartier_village": "LOUL SESSENE", "milieu": "RURAL", "thematique": null, "type_qvh": null}}, {"type": "Feature", "geometry": {"type": "Point", "coordinates": [-16.25292, 14.549286]}, "properties": {"id": "loisirs-778", "type": "loisirs", "type_label": "Loisirs", "nom": "MAISON COMMUNAUTAIRE", "region": {"nom": "FATICK", "code": 9}, "departement": {"nom": "FATICK", "code": 91}, "commune": {"nom": "NDIOB", "code": 91201}, "communaute_rurale": {"nom": "NDIOP", "code": 9120103}, "quartier_village": "NDIOB", "milieu": "RURAL", "thematique": null, "type_qvh": null}}, {"type": "Feature", "geometry": {"type": "Point", "coordinates": [-16.401381, 14.477939]}, "properties": {"id": "loisirs-779", "type": "loisirs", "type_label": "Loisirs", "nom": "DANCING", "region": {"nom": "FATICK", "code": 9}, "departement": {"nom": "FATICK", "code": 91}, "commune": {"nom": "NIAKHAR", "code": 91203}, "communaute_rurale": {"nom": "NIAKHAR", "code": 9120302}, "quartier_village": "NIAKHAR", "milieu": "RURAL", "thematique": null, "type_qvh": null}}, {"type": "Feature", "geometry": {"type": "Point", "coordinates": [-16.394265, 14.474704]}, "properties": {"id": "loisirs-780", "type": "loisirs", "type_label": "Loisirs", "nom": "BAR", "region": {"nom": "FATICK", "code": 9}, "departement": {"nom": "FATICK", "code": 91}, "commune": {"nom": "NIAKHAR", "code": 91203}, "communaute_rurale": {"nom": "NIAKHAR", "code": 9120302}, "quartier_village": "NIAKHAR", "milieu": "RURAL", "thematique": null, "type_qvh": null}}, {"type": "Feature", "geometry": {"type": "Point", "coordinates": [-16.397376, 14.476392]}, "properties": {"id": "loisirs-781", "type": "loisirs", "type_label": "Loisirs", "nom": "VENTE DE BOISSON ALCOOLISEE", "region": {"nom": "FATICK", "code": 9}, "departement": {"nom": "FATICK", "code": 91}, "commune": {"nom": "NIAKHAR", "code": 91203}, "communaute_rurale": {"nom": "NIAKHAR", "code": 9120302}, "quartier_village": "NIAKHAR", "milieu": "RURAL", "thematique": null, "type_qvh": null}}, {"type": "Feature", "geometry": {"type": "Point", "coordinates": [-16.607314, 14.424693]}, "properties": {"id": "loisirs-782", "type": "loisirs", "type_label": "Loisirs", "nom": "BAR", "region": {"nom": "FATICK", "code": 9}, "departement": {"nom": "FATICK", "code": 91}, "commune": {"nom": "TATTAGUINE", "code": 91204}, "communaute_rurale": {"nom": "TATTAGUINE", "code": 9120403}, "quartier_village": "TATTAGUINE ESCALE", "milieu": "RURAL", "thematique": null, "type_qvh": null}}, {"type": "Feature", "geometry": {"type": "Point", "coordinates": [-16.63324, 14.361232]}, "properties": {"id": "loisirs-783", "type": "loisirs", "type_label": "Loisirs", "nom": "BAR RESTAURANT", "region": {"nom": "FATICK", "code": 9}, "departement": {"nom": "FATICK", "code": 91}, "commune": {"nom": "TATTAGUINE", "code": 91204}, "communaute_rurale": {"nom": "TATTAGUINE", "code": 9120403}, "quartier_village": "NGOHE NDOFONGOR", "milieu": "RURAL", "thematique": null, "type_qvh": null}}, {"type": "Feature", "geometry": {"type": "Point", "coordinates": [-16.630408, 14.356052]}, "properties": {"id": "loisirs-784", "type": "loisirs", "type_label": "Loisirs", "nom": "BAR", "region": {"nom": "FATICK", "code": 9}, "departement": {"nom": "FATICK", "code": 91}, "commune": {"nom": "TATTAGUINE", "code": 91204}, "communaute_rurale": {"nom": "TATTAGUINE", "code": 9120403}, "quartier_village": "NGOHE NDOFONGOR", "milieu": "RURAL", "thematique": null, "type_qvh": null}}, {"type": "Feature", "geometry": {"type": "Point", "coordinates": [-16.617933, 14.372395]}, "properties": {"id": "loisirs-785", "type": "loisirs", "type_label": "Loisirs", "nom": "BAR", "region": {"nom": "FATICK", "code": 9}, "departement": {"nom": "FATICK", "code": 91}, "commune": {"nom": "TATTAGUINE", "code": 91204}, "communaute_rurale": {"nom": "TATTAGUINE", "code": 9120403}, "quartier_village": "NGOHE MBADATTE", "milieu": "RURAL", "thematique": null, "type_qvh": null}}, {"type": "Feature", "geometry": {"type": "Point", "coordinates": [-16.483651, 14.352122]}, "properties": {"id": "loisirs-786", "type": "loisirs", "type_label": "Loisirs", "nom": "BAR RESTAURANT MBINE SAMBA", "region": {"nom": "FATICK", "code": 9}, "departement": {"nom": "FATICK", "code": 91}, "commune": {"nom": "TATTAGUINE", "code": 91204}, "communaute_rurale": {"nom": "DIOUROUP", "code": 9120402}, "quartier_village": "NDIONGOLOR", "milieu": "RURAL", "thematique": null, "type_qvh": null}}, {"type": "Feature", "geometry": {"type": "Point", "coordinates": [-16.493162, 14.360251]}, "properties": {"id": "loisirs-787", "type": "loisirs", "type_label": "Loisirs", "nom": "SALLE DE JEUX", "region": {"nom": "FATICK", "code": 9}, "departement": {"nom": "FATICK", "code": 91}, "commune": {"nom": "TATTAGUINE", "code": 91204}, "communaute_rurale": {"nom": "DIOUROUP", "code": 9120402}, "quartier_village": "NDIONGOLOR", "milieu": "RURAL", "thematique": null, "type_qvh": null}}, {"type": "Feature", "geometry": {"type": "Point", "coordinates": [-16.523295, 14.367169]}, "properties": {"id": "loisirs-788", "type": "loisirs", "type_label": "Loisirs", "nom": "BAR LE JOURDIN/GASSAPEL", "region": {"nom": "FATICK", "code": 9}, "departement": {"nom": "FATICK", "code": 91}, "commune": {"nom": "TATTAGUINE", "code": 91204}, "communaute_rurale": {"nom": "DIOUROUP", "code": 9120402}, "quartier_village": "DIOUROUP (NDIODIONE)", "milieu": "RURAL", "thematique": null, "type_qvh": null}}, {"type": "Feature", "geometry": {"type": "Point", "coordinates": [-16.523959, 14.367168]}, "properties": {"id": "loisirs-789", "type": "loisirs", "type_label": "Loisirs", "nom": "BAR", "region": {"nom": "FATICK", "code": 9}, "departement": {"nom": "FATICK", "code": 91}, "commune": {"nom": "TATTAGUINE", "code": 91204}, "communaute_rurale": {"nom": "DIOUROUP", "code": 9120402}, "quartier_village": "DIOUROUP (NDIODIONE)", "milieu": "RURAL", "thematique": null, "type_qvh": null}}, {"type": "Feature", "geometry": {"type": "Point", "coordinates": [-16.52335, 14.368858]}, "properties": {"id": "loisirs-790", "type": "loisirs", "type_label": "Loisirs", "nom": "BAR DIOGNANE", "region": {"nom": "FATICK", "code": 9}, "departement": {"nom": "FATICK", "code": 91}, "commune": {"nom": "TATTAGUINE", "code": 91204}, "communaute_rurale": {"nom": "DIOUROUP", "code": 9120402}, "quartier_village": "DIOUROUP (NDIODIONE)", "milieu": "RURAL", "thematique": null, "type_qvh": null}}, {"type": "Feature", "geometry": {"type": "Point", "coordinates": [-16.501449, 14.50165]}, "properties": {"id": "loisirs-791", "type": "loisirs", "type_label": "Loisirs", "nom": "BAR", "region": {"nom": "FATICK", "code": 9}, "departement": {"nom": "FATICK", "code": 91}, "commune": {"nom": "TATTAGUINE", "code": 91204}, "communaute_rurale": {"nom": "DIARRERE", "code": 9120401}, "quartier_village": "DIOHINE", "milieu": "RURAL", "thematique": null, "type_qvh": null}}, {"type": "Feature", "geometry": {"type": "Point", "coordinates": [-16.501522, 14.502716]}, "properties": {"id": "loisirs-792", "type": "loisirs", "type_label": "Loisirs", "nom": "BAR", "region": {"nom": "FATICK", "code": 9}, "departement": {"nom": "FATICK", "code": 91}, "commune": {"nom": "TATTAGUINE", "code": 91204}, "communaute_rurale": {"nom": "DIARRERE", "code": 9120401}, "quartier_village": "DIOHINE", "milieu": "RURAL", "thematique": null, "type_qvh": null}}, {"type": "Feature", "geometry": {"type": "Point", "coordinates": [-16.434756, 14.123118]}, "properties": {"id": "loisirs-793", "type": "loisirs", "type_label": "Loisirs", "nom": "BAR", "region": {"nom": "FATICK", "code": 9}, "departement": {"nom": "FOUNDIOUGNE", "code": 92}, "commune": {"nom": "DJILOR", "code": 92201}, "communaute_rurale": {"nom": "MBAM", "code": 9220104}, "quartier_village": "MBAM", "milieu": "RURAL", "thematique": null, "type_qvh": null}}, {"type": "Feature", "geometry": {"type": "Point", "coordinates": [-16.71885, 13.857968]}, "properties": {"id": "loisirs-794", "type": "loisirs", "type_label": "Loisirs", "nom": "GITE TOURISTIQUE \" DALINE GUENAAR\"", "region": {"nom": "FATICK", "code": 9}, "departement": {"nom": "FOUNDIOUGNE", "code": 92}, "commune": {"nom": "NIODIOR", "code": 92202}, "communaute_rurale": {"nom": "DIONEWAR", "code": 9220202}, "quartier_village": "NIODIOR", "milieu": "RURAL", "thematique": null, "type_qvh": null}}, {"type": "Feature", "geometry": {"type": "Point", "coordinates": [-16.423487, 13.601253]}, "properties": {"id": "loisirs-795", "type": "loisirs", "type_label": "Loisirs", "nom": "BOITE DE NUIT", "region": {"nom": "FATICK", "code": 9}, "departement": {"nom": "FOUNDIOUGNE", "code": 92}, "commune": {"nom": "TOUBACOUTA", "code": 92203}, "communaute_rurale": {"nom": "KARANG POSTE", "code": 9220305}, "quartier_village": "KASSOUMAYE", "milieu": "URBAIN", "thematique": null, "type_qvh": null}}, {"type": "Feature", "geometry": {"type": "Point", "coordinates": [-15.947657, 14.271892]}, "properties": {"id": "loisirs-796", "type": "loisirs", "type_label": "Loisirs", "nom": "PREMIER BET", "region": {"nom": "KAOLACK", "code": 6}, "departement": {"nom": "GUINGUINEO", "code": 63}, "commune": {"nom": "GUINGUINEO", "code": 63101}, "communaute_rurale": {"nom": "GUINGUINEO", "code": 6310100}, "quartier_village": "KEUR MACODE BAR", "milieu": "RURAL", "thematique": null, "type_qvh": null}}, {"type": "Feature", "geometry": {"type": "Point", "coordinates": [-15.944765, 14.270922]}, "properties": {"id": "loisirs-797", "type": "loisirs", "type_label": "Loisirs", "nom": "BAR", "region": {"nom": "KAOLACK", "code": 6}, "departement": {"nom": "GUINGUINEO", "code": 63}, "commune": {"nom": "GUINGUINEO", "code": 63101}, "communaute_rurale": {"nom": "GUINGUINEO", "code": 6310100}, "quartier_village": "KANENE", "milieu": "RURAL", "thematique": null, "type_qvh": null}}, {"type": "Feature", "geometry": {"type": "Point", "coordinates": [-16.024239, 14.156255]}, "properties": {"id": "loisirs-798", "type": "loisirs", "type_label": "Loisirs", "nom": "LE BAOBAB MYTHIQUE DE LA FRATERNITE DE CASE", "region": {"nom": "KAOLACK", "code": 6}, "departement": {"nom": "KAOLACK", "code": 61}, "commune": {"nom": "KAHONE", "code": 61102}, "communaute_rurale": {"nom": "KAHONE", "code": 6110200}, "quartier_village": "THIANTE", "milieu": "URBAIN", "thematique": null, "type_qvh": null}}, {"type": "Feature", "geometry": {"type": "Point", "coordinates": [-16.0302, 14.161823]}, "properties": {"id": "loisirs-799", "type": "loisirs", "type_label": "Loisirs", "nom": "BAR JOE KAMA", "region": {"nom": "KAOLACK", "code": 6}, "departement": {"nom": "KAOLACK", "code": 61}, "commune": {"nom": "KAHONE", "code": 61102}, "communaute_rurale": {"nom": "KAHONE", "code": 6110200}, "quartier_village": "KAHONE III", "milieu": "URBAIN", "thematique": null, "type_qvh": null}}, {"type": "Feature", "geometry": {"type": "Point", "coordinates": [-16.029151, 14.155614]}, "properties": {"id": "loisirs-800", "type": "loisirs", "type_label": "Loisirs", "nom": "BUVETTE LA CASASAISE DU DJOLOFF CHEZ SOUPETTE", "region": {"nom": "KAOLACK", "code": 6}, "departement": {"nom": "KAOLACK", "code": 61}, "commune": {"nom": "KAHONE", "code": 61102}, "communaute_rurale": {"nom": "KAHONE", "code": 6110200}, "quartier_village": "THIANTE", "milieu": "URBAIN", "thematique": null, "type_qvh": null}}, {"type": "Feature", "geometry": {"type": "Point", "coordinates": [-16.039077, 14.155519]}, "properties": {"id": "loisirs-801", "type": "loisirs", "type_label": "Loisirs", "nom": "LE SARABA", "region": {"nom": "KAOLACK", "code": 6}, "departement": {"nom": "KAOLACK", "code": 61}, "commune": {"nom": "KAHONE", "code": 61102}, "communaute_rurale": {"nom": "KAHONE", "code": 6110200}, "quartier_village": "KAHONE II", "milieu": "URBAIN", "thematique": null, "type_qvh": null}}, {"type": "Feature", "geometry": {"type": "Point", "coordinates": [-16.042025, 14.152474]}, "properties": {"id": "loisirs-802", "type": "loisirs", "type_label": "Loisirs", "nom": "BAR", "region": {"nom": "KAOLACK", "code": 6}, "departement": {"nom": "KAOLACK", "code": 61}, "commune": {"nom": "KAHONE", "code": 61102}, "communaute_rurale": {"nom": "KAHONE", "code": 6110200}, "quartier_village": "KAHONE II", "milieu": "URBAIN", "thematique": null, "type_qvh": null}}, {"type": "Feature", "geometry": {"type": "Point", "coordinates": [-16.065616, 14.170174]}, "properties": {"id": "loisirs-803", "type": "loisirs", "type_label": "Loisirs", "nom": "SALLE DE JEUX", "region": {"nom": "KAOLACK", "code": 6}, "departement": {"nom": "KAOLACK", "code": 61}, "commune": {"nom": "KAOLACK", "code": 61101}, "communaute_rurale": {"nom": "KAOLACK", "code": 6110100}, "quartier_village": "THIOFFACK", "milieu": "URBAIN", "thematique": null, "type_qvh": null}}, {"type": "Feature", "geometry": {"type": "Point", "coordinates": [-16.062917, 14.165585]}, "properties": {"id": "loisirs-804", "type": "loisirs", "type_label": "Loisirs", "nom": "SALLE DE JEUX", "region": {"nom": "KAOLACK", "code": 6}, "departement": {"nom": "KAOLACK", "code": 61}, "commune": {"nom": "KAOLACK", "code": 61101}, "communaute_rurale": {"nom": "KAOLACK", "code": 6110100}, "quartier_village": "THIOFFACK", "milieu": "URBAIN", "thematique": null, "type_qvh": null}}, {"type": "Feature", "geometry": {"type": "Point", "coordinates": [-16.089555, 14.153676]}, "properties": {"id": "loisirs-805", "type": "loisirs", "type_label": "Loisirs", "nom": "SALLE DE JEUX", "region": {"nom": "KAOLACK", "code": 6}, "departement": {"nom": "KAOLACK", "code": 61}, "commune": {"nom": "KAOLACK", "code": 61101}, "communaute_rurale": {"nom": "KAOLACK", "code": 6110100}, "quartier_village": "SARA NDIOUGARY", "milieu": "URBAIN", "thematique": null, "type_qvh": null}}, {"type": "Feature", "geometry": {"type": "Point", "coordinates": [-16.091321, 14.145507]}, "properties": {"id": "loisirs-806", "type": "loisirs", "type_label": "Loisirs", "nom": "BAR LE PENALTY", "region": {"nom": "KAOLACK", "code": 6}, "departement": {"nom": "KAOLACK", "code": 61}, "commune": {"nom": "KAOLACK", "code": 61101}, "communaute_rurale": {"nom": "KAOLACK", "code": 6110100}, "quartier_village": "BONGRE", "milieu": "URBAIN", "thematique": null, "type_qvh": null}}, {"type": "Feature", "geometry": {"type": "Point", "coordinates": [-16.091609, 14.158667]}, "properties": {"id": "loisirs-807", "type": "loisirs", "type_label": "Loisirs", "nom": "BAR", "region": {"nom": "KAOLACK", "code": 6}, "departement": {"nom": "KAOLACK", "code": 61}, "commune": {"nom": "KAOLACK", "code": 61101}, "communaute_rurale": {"nom": "KAOLACK", "code": 6110100}, "quartier_village": "DIAMAGUENE I", "milieu": "URBAIN", "thematique": null, "type_qvh": null}}, {"type": "Feature", "geometry": {"type": "Point", "coordinates": [-16.093126, 14.158281]}, "properties": {"id": "loisirs-808", "type": "loisirs", "type_label": "Loisirs", "nom": "BAR LA GAZELLE", "region": {"nom": "KAOLACK", "code": 6}, "departement": {"nom": "KAOLACK", "code": 61}, "commune": {"nom": "KAOLACK", "code": 61101}, "communaute_rurale": {"nom": "KAOLACK", "code": 6110100}, "quartier_village": "DIAMAGUENE I", "milieu": "URBAIN", "thematique": null, "type_qvh": null}}, {"type": "Feature", "geometry": {"type": "Point", "coordinates": [-16.096859, 14.155304]}, "properties": {"id": "loisirs-809", "type": "loisirs", "type_label": "Loisirs", "nom": "BAR LE SANGOMAR", "region": {"nom": "KAOLACK", "code": 6}, "departement": {"nom": "KAOLACK", "code": 61}, "commune": {"nom": "KAOLACK", "code": 61101}, "communaute_rurale": {"nom": "KAOLACK", "code": 6110100}, "quartier_village": "DIAMAGUENE II", "milieu": "URBAIN", "thematique": null, "type_qvh": null}}, {"type": "Feature", "geometry": {"type": "Point", "coordinates": [-16.101166, 14.15372]}, "properties": {"id": "loisirs-810", "type": "loisirs", "type_label": "Loisirs", "nom": "PARI FOOT", "region": {"nom": "KAOLACK", "code": 6}, "departement": {"nom": "KAOLACK", "code": 61}, "commune": {"nom": "KAOLACK", "code": 61101}, "communaute_rurale": {"nom": "KAOLACK", "code": 6110100}, "quartier_village": "DIAMAGUENE EXTENTION", "milieu": "URBAIN", "thematique": null, "type_qvh": null}}, {"type": "Feature", "geometry": {"type": "Point", "coordinates": [-16.100097, 14.153968]}, "properties": {"id": "loisirs-811", "type": "loisirs", "type_label": "Loisirs", "nom": "SALLE DE JEUX", "region": {"nom": "KAOLACK", "code": 6}, "departement": {"nom": "KAOLACK", "code": 61}, "commune": {"nom": "KAOLACK", "code": 61101}, "communaute_rurale": {"nom": "KAOLACK", "code": 6110100}, "quartier_village": "DIAMAGUENE EXTENTION", "milieu": "URBAIN", "thematique": null, "type_qvh": null}}, {"type": "Feature", "geometry": {"type": "Point", "coordinates": [-16.096935, 14.156873]}, "properties": {"id": "loisirs-812", "type": "loisirs", "type_label": "Loisirs", "nom": "PARI FOOT", "region": {"nom": "KAOLACK", "code": 6}, "departement": {"nom": "KAOLACK", "code": 61}, "commune": {"nom": "KAOLACK", "code": 61101}, "communaute_rurale": {"nom": "KAOLACK", "code": 6110100}, "quartier_village": "PARCELLES ASSAINIES", "milieu": "URBAIN", "thematique": null, "type_qvh": null}}, {"type": "Feature", "geometry": {"type": "Point", "coordinates": [-16.096968, 14.158224]}, "properties": {"id": "loisirs-813", "type": "loisirs", "type_label": "Loisirs", "nom": "BAR KITOR", "region": {"nom": "KAOLACK", "code": 6}, "departement": {"nom": "KAOLACK", "code": 61}, "commune": {"nom": "KAOLACK", "code": 61101}, "communaute_rurale": {"nom": "KAOLACK", "code": 6110100}, "quartier_village": "PARCELLES ASSAINIES", "milieu": "URBAIN", "thematique": null, "type_qvh": null}}, {"type": "Feature", "geometry": {"type": "Point", "coordinates": [-16.084298, 14.160126]}, "properties": {"id": "loisirs-814", "type": "loisirs", "type_label": "Loisirs", "nom": "SALLE DE JEUX", "region": {"nom": "KAOLACK", "code": 6}, "departement": {"nom": "KAOLACK", "code": 61}, "commune": {"nom": "KAOLACK", "code": 61101}, "communaute_rurale": {"nom": "KAOLACK", "code": 6110100}, "quartier_village": "KEUR MALOUM", "milieu": "URBAIN", "thematique": null, "type_qvh": null}}, {"type": "Feature", "geometry": {"type": "Point", "coordinates": [-16.076032, 14.155963]}, "properties": {"id": "loisirs-815", "type": "loisirs", "type_label": "Loisirs", "nom": "SALLE DE JEUX", "region": {"nom": "KAOLACK", "code": 6}, "departement": {"nom": "KAOLACK", "code": 61}, "commune": {"nom": "KAOLACK", "code": 61101}, "communaute_rurale": {"nom": "KAOLACK", "code": 6110100}, "quartier_village": "NDORONG I", "milieu": "URBAIN", "thematique": null, "type_qvh": null}}, {"type": "Feature", "geometry": {"type": "Point", "coordinates": [-16.067809, 14.139044]}, "properties": {"id": "loisirs-816", "type": "loisirs", "type_label": "Loisirs", "nom": "SALLE DE JEUX", "region": {"nom": "KAOLACK", "code": 6}, "departement": {"nom": "KAOLACK", "code": 61}, "commune": {"nom": "KAOLACK", "code": 61101}, "communaute_rurale": {"nom": "KAOLACK", "code": 6110100}, "quartier_village": "NDAR GOU NDAW", "milieu": "URBAIN", "thematique": null, "type_qvh": null}}, {"type": "Feature", "geometry": {"type": "Point", "coordinates": [-16.066565, 14.138981]}, "properties": {"id": "loisirs-817", "type": "loisirs", "type_label": "Loisirs", "nom": "SALLE DE JEUX", "region": {"nom": "KAOLACK", "code": 6}, "departement": {"nom": "KAOLACK", "code": 61}, "commune": {"nom": "KAOLACK", "code": 61101}, "communaute_rurale": {"nom": "KAOLACK", "code": 6110100}, "quartier_village": "NDAR GOU NDAW", "milieu": "URBAIN", "thematique": null, "type_qvh": null}}, {"type": "Feature", "geometry": {"type": "Point", "coordinates": [-16.07007, 14.144949]}, "properties": {"id": "loisirs-818", "type": "loisirs", "type_label": "Loisirs", "nom": "BUVETTE", "region": {"nom": "KAOLACK", "code": 6}, "departement": {"nom": "KAOLACK", "code": 61}, "commune": {"nom": "KAOLACK", "code": 61101}, "communaute_rurale": {"nom": "KAOLACK", "code": 6110100}, "quartier_village": "LEONA CENTRE", "milieu": "URBAIN", "thematique": null, "type_qvh": null}}, {"type": "Feature", "geometry": {"type": "Point", "coordinates": [-16.070146, 14.144952]}, "properties": {"id": "loisirs-819", "type": "loisirs", "type_label": "Loisirs", "nom": "BUVETTE", "region": {"nom": "KAOLACK", "code": 6}, "departement": {"nom": "KAOLACK", "code": 61}, "commune": {"nom": "KAOLACK", "code": 61101}, "communaute_rurale": {"nom": "KAOLACK", "code": 6110100}, "quartier_village": "LEONA CENTRE", "milieu": "URBAIN", "thematique": null, "type_qvh": null}}, {"type": "Feature", "geometry": {"type": "Point", "coordinates": [-16.068788, 14.14302]}, "properties": {"id": "loisirs-820", "type": "loisirs", "type_label": "Loisirs", "nom": "PREMIER BET", "region": {"nom": "KAOLACK", "code": 6}, "departement": {"nom": "KAOLACK", "code": 61}, "commune": {"nom": "KAOLACK", "code": 61101}, "communaute_rurale": {"nom": "KAOLACK", "code": 6110100}, "quartier_village": "LEONA CENTRE", "milieu": "URBAIN", "thematique": null, "type_qvh": null}}, {"type": "Feature", "geometry": {"type": "Point", "coordinates": [-16.07101, 14.140483]}, "properties": {"id": "loisirs-821", "type": "loisirs", "type_label": "Loisirs", "nom": "PMU", "region": {"nom": "KAOLACK", "code": 6}, "departement": {"nom": "KAOLACK", "code": 61}, "commune": {"nom": "KAOLACK", "code": 61101}, "communaute_rurale": {"nom": "KAOLACK", "code": 6110100}, "quartier_village": "LEONA CENTRE", "milieu": "URBAIN", "thematique": null, "type_qvh": null}}, {"type": "Feature", "geometry": {"type": "Point", "coordinates": [-16.069649, 14.140521]}, "properties": {"id": "loisirs-822", "type": "loisirs", "type_label": "Loisirs", "nom": "SALLE DE JEUX", "region": {"nom": "KAOLACK", "code": 6}, "departement": {"nom": "KAOLACK", "code": 61}, "commune": {"nom": "KAOLACK", "code": 61101}, "communaute_rurale": {"nom": "KAOLACK", "code": 6110100}, "quartier_village": "LEONA CENTRE", "milieu": "URBAIN", "thematique": null, "type_qvh": null}}, {"type": "Feature", "geometry": {"type": "Point", "coordinates": [-16.072538, 14.143031]}, "properties": {"id": "loisirs-823", "type": "loisirs", "type_label": "Loisirs", "nom": "SALLE DE JEUX", "region": {"nom": "KAOLACK", "code": 6}, "departement": {"nom": "KAOLACK", "code": 61}, "commune": {"nom": "KAOLACK", "code": 61101}, "communaute_rurale": {"nom": "KAOLACK", "code": 6110100}, "quartier_village": "LEONA CENTRE", "milieu": "URBAIN", "thematique": null, "type_qvh": null}}, {"type": "Feature", "geometry": {"type": "Point", "coordinates": [-16.075996, 14.147143]}, "properties": {"id": "loisirs-824", "type": "loisirs", "type_label": "Loisirs", "nom": "PREMIER BET (LONASE)", "region": {"nom": "KAOLACK", "code": 6}, "departement": {"nom": "KAOLACK", "code": 61}, "commune": {"nom": "KAOLACK", "code": 61101}, "communaute_rurale": {"nom": "KAOLACK", "code": 6110100}, "quartier_village": "TABAYA (KASNACK NORD)", "milieu": "URBAIN", "thematique": null, "type_qvh": null}}, {"type": "Feature", "geometry": {"type": "Point", "coordinates": [-16.070203, 14.147155]}, "properties": {"id": "loisirs-825", "type": "loisirs", "type_label": "Loisirs", "nom": "BUVETTE", "region": {"nom": "KAOLACK", "code": 6}, "departement": {"nom": "KAOLACK", "code": 61}, "commune": {"nom": "KAOLACK", "code": 61101}, "communaute_rurale": {"nom": "KAOLACK", "code": 6110100}, "quartier_village": "DIALEGNE I", "milieu": "URBAIN", "thematique": null, "type_qvh": null}}, {"type": "Feature", "geometry": {"type": "Point", "coordinates": [-16.06392, 14.13812]}, "properties": {"id": "loisirs-826", "type": "loisirs", "type_label": "Loisirs", "nom": "SALLE DE JEUX", "region": {"nom": "KAOLACK", "code": 6}, "departement": {"nom": "KAOLACK", "code": 61}, "commune": {"nom": "KAOLACK", "code": 61101}, "communaute_rurale": {"nom": "KAOLACK", "code": 6110100}, "quartier_village": "ABATTOIRS", "milieu": "URBAIN", "thematique": null, "type_qvh": null}}, {"type": "Feature", "geometry": {"type": "Point", "coordinates": [-16.07196, 14.137868]}, "properties": {"id": "loisirs-827", "type": "loisirs", "type_label": "Loisirs", "nom": "BAR", "region": {"nom": "KAOLACK", "code": 6}, "departement": {"nom": "KAOLACK", "code": 61}, "commune": {"nom": "KAOLACK", "code": 61101}, "communaute_rurale": {"nom": "KAOLACK", "code": 6110100}, "quartier_village": "LEONA ESCALE", "milieu": "URBAIN", "thematique": null, "type_qvh": null}}, {"type": "Feature", "geometry": {"type": "Point", "coordinates": [-16.073327, 14.138621]}, "properties": {"id": "loisirs-828", "type": "loisirs", "type_label": "Loisirs", "nom": "BLUE BIRD", "region": {"nom": "KAOLACK", "code": 6}, "departement": {"nom": "KAOLACK", "code": 61}, "commune": {"nom": "KAOLACK", "code": 61101}, "communaute_rurale": {"nom": "KAOLACK", "code": 6110100}, "quartier_village": "LEONA ESCALE", "milieu": "URBAIN", "thematique": null, "type_qvh": null}}, {"type": "Feature", "geometry": {"type": "Point", "coordinates": [-16.071456, 14.138101]}, "properties": {"id": "loisirs-829", "type": "loisirs", "type_label": "Loisirs", "nom": "BAR LE CAYOR", "region": {"nom": "KAOLACK", "code": 6}, "departement": {"nom": "KAOLACK", "code": 61}, "commune": {"nom": "KAOLACK", "code": 61101}, "communaute_rurale": {"nom": "KAOLACK", "code": 6110100}, "quartier_village": "LEONA ESCALE", "milieu": "URBAIN", "thematique": null, "type_qvh": null}}, {"type": "Feature", "geometry": {"type": "Point", "coordinates": [-16.076177, 14.133469]}, "properties": {"id": "loisirs-830", "type": "loisirs", "type_label": "Loisirs", "nom": "SUN SALOUM", "region": {"nom": "KAOLACK", "code": 6}, "departement": {"nom": "KAOLACK", "code": 61}, "commune": {"nom": "KAOLACK", "code": 61101}, "communaute_rurale": {"nom": "KAOLACK", "code": 6110100}, "quartier_village": "LEONA ESCALE", "milieu": "URBAIN", "thematique": null, "type_qvh": null}}, {"type": "Feature", "geometry": {"type": "Point", "coordinates": [-16.067719, 14.128292]}, "properties": {"id": "loisirs-831", "type": "loisirs", "type_label": "Loisirs", "nom": "SALLE DE JEUX", "region": {"nom": "KAOLACK", "code": 6}, "departement": {"nom": "KAOLACK", "code": 61}, "commune": {"nom": "KAOLACK", "code": 61101}, "communaute_rurale": {"nom": "KAOLACK", "code": 6110100}, "quartier_village": "DAROU SALAM NDANGANE", "milieu": "URBAIN", "thematique": null, "type_qvh": null}}, {"type": "Feature", "geometry": {"type": "Point", "coordinates": [-16.066449, 14.106338]}, "properties": {"id": "loisirs-832", "type": "loisirs", "type_label": "Loisirs", "nom": "PISCINE", "region": {"nom": "KAOLACK", "code": 6}, "departement": {"nom": "KAOLACK", "code": 61}, "commune": {"nom": "KAOLACK", "code": 61101}, "communaute_rurale": {"nom": "KAOLACK", "code": 6110100}, "quartier_village": "DAROU SALAM NDANGANE", "milieu": "URBAIN", "thematique": null, "type_qvh": null}}, {"type": "Feature", "geometry": {"type": "Point", "coordinates": [-16.064564, 13.850088]}, "properties": {"id": "loisirs-833", "type": "loisirs", "type_label": "Loisirs", "nom": "BAR", "region": {"nom": "KAOLACK", "code": 6}, "departement": {"nom": "NIORO", "code": 62}, "commune": {"nom": "WACK NGOUNA", "code": 62203}, "communaute_rurale": {"nom": "KEUR MADIABEL", "code": 6220305}, "quartier_village": "LEONA", "milieu": "URBAIN", "thematique": null, "type_qvh": null}}, {"type": "Feature", "geometry": {"type": "Point", "coordinates": [-16.058069, 13.851613]}, "properties": {"id": "loisirs-834", "type": "loisirs", "type_label": "Loisirs", "nom": "POINT PARI LOTO", "region": {"nom": "KAOLACK", "code": 6}, "departement": {"nom": "NIORO", "code": 62}, "commune": {"nom": "WACK NGOUNA", "code": 62203}, "communaute_rurale": {"nom": "KEUR MADIABEL", "code": 6220305}, "quartier_village": "LEONA", "milieu": "URBAIN", "thematique": null, "type_qvh": null}}, {"type": "Feature", "geometry": {"type": "Point", "coordinates": [-16.053261, 13.850502]}, "properties": {"id": "loisirs-835", "type": "loisirs", "type_label": "Loisirs", "nom": "PODIUM", "region": {"nom": "KAOLACK", "code": 6}, "departement": {"nom": "NIORO", "code": 62}, "commune": {"nom": "WACK NGOUNA", "code": 62203}, "communaute_rurale": {"nom": "KEUR MADIABEL", "code": 6220305}, "quartier_village": "MEDINE NIASSENE", "milieu": "URBAIN", "thematique": null, "type_qvh": null}}, {"type": "Feature", "geometry": {"type": "Point", "coordinates": [-16.057464, 13.849976]}, "properties": {"id": "loisirs-836", "type": "loisirs", "type_label": "Loisirs", "nom": "ANIMATION MUSIQUE", "region": {"nom": "KAOLACK", "code": 6}, "departement": {"nom": "NIORO", "code": 62}, "commune": {"nom": "WACK NGOUNA", "code": 62203}, "communaute_rurale": {"nom": "KEUR MADIABEL", "code": 6220305}, "quartier_village": "MEDINE NIASSENE", "milieu": "URBAIN", "thematique": null, "type_qvh": null}}, {"type": "Feature", "geometry": {"type": "Point", "coordinates": [-15.973222, 14.018169]}, "properties": {"id": "loisirs-837", "type": "loisirs", "type_label": "Loisirs", "nom": "LIEU DE DIVERTISSEMENT", "region": {"nom": "KAOLACK", "code": 6}, "departement": {"nom": "KAOLACK", "code": 61}, "commune": {"nom": "KOUMBAL", "code": 61202}, "communaute_rurale": {"nom": "LATMINGUE", "code": 6120201}, "quartier_village": "THIAMENE BAMBARA", "milieu": "RURAL", "thematique": null, "type_qvh": null}}, {"type": "Feature", "geometry": {"type": "Point", "coordinates": [-16.072869, 14.187664]}, "properties": {"id": "loisirs-838", "type": "loisirs", "type_label": "Loisirs", "nom": "ESPACE VERT (MANGUIER)", "region": {"nom": "KAOLACK", "code": 6}, "departement": {"nom": "GUINGUINEO", "code": 63}, "commune": {"nom": "MBADAKHOUNE", "code": 63201}, "communaute_rurale": {"nom": "MBADAKHOUNE", "code": 6320101}, "quartier_village": "DAROU MINAME", "milieu": "RURAL", "thematique": null, "type_qvh": null}}, {"type": "Feature", "geometry": {"type": "Point", "coordinates": [-16.273227, 14.240659]}, "properties": {"id": "loisirs-839", "type": "loisirs", "type_label": "Loisirs", "nom": "BIBLIOTHEQUE COMMUNALE", "region": {"nom": "KAOLACK", "code": 6}, "departement": {"nom": "KAOLACK", "code": 61}, "commune": {"nom": "NGOTHIE", "code": 61203}, "communaute_rurale": {"nom": "GANDIAYE", "code": 6120304}, "quartier_village": "TOKO NDAME", "milieu": "URBAIN", "thematique": null, "type_qvh": null}}, {"type": "Feature", "geometry": {"type": "Point", "coordinates": [-16.267566, 14.24671]}, "properties": {"id": "loisirs-840", "type": "loisirs", "type_label": "Loisirs", "nom": "BAR RESTAURANT LA ROSETTE", "region": {"nom": "KAOLACK", "code": 6}, "departement": {"nom": "KAOLACK", "code": 61}, "commune": {"nom": "NGOTHIE", "code": 61203}, "communaute_rurale": {"nom": "GANDIAYE", "code": 6120304}, "quartier_village": "DIAMAGUENE I", "milieu": "URBAIN", "thematique": null, "type_qvh": null}}, {"type": "Feature", "geometry": {"type": "Point", "coordinates": [-16.269843, 14.242133]}, "properties": {"id": "loisirs-841", "type": "loisirs", "type_label": "Loisirs", "nom": "BAR", "region": {"nom": "KAOLACK", "code": 6}, "departement": {"nom": "KAOLACK", "code": 61}, "commune": {"nom": "NGOTHIE", "code": 61203}, "communaute_rurale": {"nom": "GANDIAYE", "code": 6120304}, "quartier_village": "NGARAF", "milieu": "URBAIN", "thematique": null, "type_qvh": null}}, {"type": "Feature", "geometry": {"type": "Point", "coordinates": [-15.579578, 13.601241]}, "properties": {"id": "loisirs-842", "type": "loisirs", "type_label": "Loisirs", "nom": "SALLE DE JEUX", "region": {"nom": "KAOLACK", "code": 6}, "departement": {"nom": "NIORO", "code": 62}, "commune": {"nom": "MEDINA SABAKH", "code": 62201}, "communaute_rurale": {"nom": "MEDINA SABAKH", "code": 6220102}, "quartier_village": "MEDINA SABAKH", "milieu": "RURAL", "thematique": null, "type_qvh": null}}, {"type": "Feature", "geometry": {"type": "Point", "coordinates": [-15.922007, 13.917776]}, "properties": {"id": "loisirs-843", "type": "loisirs", "type_label": "Loisirs", "nom": "CINEMA NON FONCTIONNEL", "region": {"nom": "KAOLACK", "code": 6}, "departement": {"nom": "KAOLACK", "code": 61}, "commune": {"nom": "KOUMBAL", "code": 61202}, "communaute_rurale": {"nom": "NDOFFANE", "code": 6120204}, "quartier_village": "DIAMAGUENE", "milieu": "URBAIN", "thematique": null, "type_qvh": null}}, {"type": "Feature", "geometry": {"type": "Point", "coordinates": [-15.775166, 13.744322]}, "properties": {"id": "loisirs-844", "type": "loisirs", "type_label": "Loisirs", "nom": "SALLE DE JEUX", "region": {"nom": "KAOLACK", "code": 6}, "departement": {"nom": "NIORO", "code": 62}, "commune": {"nom": "NIORO", "code": 62101}, "communaute_rurale": {"nom": "NIORO", "code": 6210100}, "quartier_village": "THIERERE", "milieu": "URBAIN", "thematique": null, "type_qvh": null}}, {"type": "Feature", "geometry": {"type": "Point", "coordinates": [-15.764788, 13.738226]}, "properties": {"id": "loisirs-845", "type": "loisirs", "type_label": "Loisirs", "nom": "BAR GUANTANAMO", "region": {"nom": "KAOLACK", "code": 6}, "departement": {"nom": "NIORO", "code": 62}, "commune": {"nom": "NIORO", "code": 62101}, "communaute_rurale": {"nom": "NIORO", "code": 6210100}, "quartier_village": "FASS HLM", "milieu": "URBAIN", "thematique": null, "type_qvh": null}}, {"type": "Feature", "geometry": {"type": "Point", "coordinates": [-16.099565, 14.322318]}, "properties": {"id": "loisirs-846", "type": "loisirs", "type_label": "Loisirs", "nom": "BAR (FLAG)", "region": {"nom": "KAOLACK", "code": 6}, "departement": {"nom": "GUINGUINEO", "code": 63}, "commune": {"nom": "NGUELOU", "code": 63202}, "communaute_rurale": {"nom": "OUROUR", "code": 6320203}, "quartier_village": "GOWETHIE SERERE", "milieu": "RURAL", "thematique": null, "type_qvh": null}}, {"type": "Feature", "geometry": {"type": "Point", "coordinates": [-15.799446, 13.784542]}, "properties": {"id": "loisirs-847", "type": "loisirs", "type_label": "Loisirs", "nom": "SALLE DE JEUX", "region": {"nom": "KAOLACK", "code": 6}, "departement": {"nom": "NIORO", "code": 62}, "commune": {"nom": "PAOSKOTO", "code": 62202}, "communaute_rurale": {"nom": "PAOSKOTO", "code": 6220202}, "quartier_village": "PAOSKOTO", "milieu": "RURAL", "thematique": null, "type_qvh": null}}, {"type": "Feature", "geometry": {"type": "Point", "coordinates": [-16.159136, 14.18652]}, "properties": {"id": "loisirs-848", "type": "loisirs", "type_label": "Loisirs", "nom": "BAR", "region": {"nom": "KAOLACK", "code": 6}, "departement": {"nom": "KAOLACK", "code": 61}, "commune": {"nom": "NGOTHIE", "code": 61203}, "communaute_rurale": {"nom": "SIBASSOR", "code": 6120305}, "quartier_village": "SECCO", "milieu": "URBAIN", "thematique": null, "type_qvh": null}}, {"type": "Feature", "geometry": {"type": "Point", "coordinates": [-16.160475, 14.184977]}, "properties": {"id": "loisirs-849", "type": "loisirs", "type_label": "Loisirs", "nom": "DANCING", "region": {"nom": "KAOLACK", "code": 6}, "departement": {"nom": "KAOLACK", "code": 61}, "commune": {"nom": "NGOTHIE", "code": 61203}, "communaute_rurale": {"nom": "SIBASSOR", "code": 6120305}, "quartier_village": "MEDINA GOUNASS", "milieu": "URBAIN", "thematique": null, "type_qvh": null}}, {"type": "Feature", "geometry": {"type": "Point", "coordinates": [-16.159909, 14.185414]}, "properties": {"id": "loisirs-850", "type": "loisirs", "type_label": "Loisirs", "nom": "BAR CHEZ MARIAM", "region": {"nom": "KAOLACK", "code": 6}, "departement": {"nom": "KAOLACK", "code": 61}, "commune": {"nom": "NGOTHIE", "code": 61203}, "communaute_rurale": {"nom": "SIBASSOR", "code": 6120305}, "quartier_village": "MEDINA GOUNASS", "milieu": "URBAIN", "thematique": null, "type_qvh": null}}, {"type": "Feature", "geometry": {"type": "Point", "coordinates": [-16.156893, 14.183268]}, "properties": {"id": "loisirs-851", "type": "loisirs", "type_label": "Loisirs", "nom": "DANCING", "region": {"nom": "KAOLACK", "code": 6}, "departement": {"nom": "KAOLACK", "code": 61}, "commune": {"nom": "NGOTHIE", "code": 61203}, "communaute_rurale": {"nom": "SIBASSOR", "code": 6120305}, "quartier_village": "MEDINA GOUNASS", "milieu": "URBAIN", "thematique": null, "type_qvh": null}}, {"type": "Feature", "geometry": {"type": "Point", "coordinates": [-15.904484, 13.763801]}, "properties": {"id": "loisirs-852", "type": "loisirs", "type_label": "Loisirs", "nom": "SALLE DE JEUX", "region": {"nom": "KAOLACK", "code": 6}, "departement": {"nom": "NIORO", "code": 62}, "commune": {"nom": "PAOSKOTO", "code": 62202}, "communaute_rurale": {"nom": "TAIBA NIASSENE", "code": 6220204}, "quartier_village": "TAIBA NIASSENE", "milieu": "RURAL", "thematique": null, "type_qvh": null}}, {"type": "Feature", "geometry": {"type": "Point", "coordinates": [-16.063878, 13.75732]}, "properties": {"id": "loisirs-853", "type": "loisirs", "type_label": "Loisirs", "nom": "SALLE DE JEUX", "region": {"nom": "KAOLACK", "code": 6}, "departement": {"nom": "NIORO", "code": 62}, "commune": {"nom": "WACK NGOUNA", "code": 62203}, "communaute_rurale": {"nom": "WACK NGOUNA", "code": 6220303}, "quartier_village": "WACK NGOUNA", "milieu": "RURAL", "thematique": null, "type_qvh": null}}, {"type": "Feature", "geometry": {"type": "Point", "coordinates": [-16.453431, 14.695988]}, "properties": {"id": "loisirs-854", "type": "loisirs", "type_label": "Loisirs", "nom": "BAR INDEDENDANCE", "region": {"nom": "DIOURBEL", "code": 3}, "departement": {"nom": "BAMBEY", "code": 31}, "commune": {"nom": "BAMBEY", "code": 31101}, "communaute_rurale": {"nom": "BAMBEY", "code": 3110100}, "quartier_village": "LEONA SUD", "milieu": "URBAIN", "thematique": null, "type_qvh": null}}, {"type": "Feature", "geometry": {"type": "Point", "coordinates": [-16.449862, 14.693809]}, "properties": {"id": "loisirs-855", "type": "loisirs", "type_label": "Loisirs", "nom": "BAR CHEZ GERARD", "region": {"nom": "DIOURBEL", "code": 3}, "departement": {"nom": "BAMBEY", "code": 31}, "commune": {"nom": "BAMBEY", "code": 31101}, "communaute_rurale": {"nom": "BAMBEY", "code": 3110100}, "quartier_village": "LEONA SUD", "milieu": "URBAIN", "thematique": null, "type_qvh": null}}, {"type": "Feature", "geometry": {"type": "Point", "coordinates": [-16.481136, 14.708363]}, "properties": {"id": "loisirs-856", "type": "loisirs", "type_label": "Loisirs", "nom": "AIRE DE JEUX", "region": {"nom": "DIOURBEL", "code": 3}, "departement": {"nom": "BAMBEY", "code": 31}, "commune": {"nom": "LAMBAYE", "code": 31202}, "communaute_rurale": {"nom": "NGOGOM", "code": 3120203}, "quartier_village": "ISRA (CNRA)", "milieu": "RURAL", "thematique": null, "type_qvh": null}}, {"type": "Feature", "geometry": {"type": "Point", "coordinates": [-16.479237, 14.710846]}, "properties": {"id": "loisirs-857", "type": "loisirs", "type_label": "Loisirs", "nom": "PISCINE", "region": {"nom": "DIOURBEL", "code": 3}, "departement": {"nom": "BAMBEY", "code": 31}, "commune": {"nom": "LAMBAYE", "code": 31202}, "communaute_rurale": {"nom": "NGOGOM", "code": 3120203}, "quartier_village": "ISRA (CNRA)", "milieu": "RURAL", "thematique": null, "type_qvh": null}}, {"type": "Feature", "geometry": {"type": "Point", "coordinates": [-16.204573, 14.666338]}, "properties": {"id": "loisirs-858", "type": "loisirs", "type_label": "Loisirs", "nom": "AIRE DE JEUX", "region": {"nom": "DIOURBEL", "code": 3}, "departement": {"nom": "DIOURBEL", "code": 32}, "commune": {"nom": "DIOURBEL", "code": 32101}, "communaute_rurale": {"nom": "DIOURBEL", "code": 3210100}, "quartier_village": "THIERNO KANDJI", "milieu": "URBAIN", "thematique": null, "type_qvh": null}}, {"type": "Feature", "geometry": {"type": "Point", "coordinates": [-16.205273, 14.6627]}, "properties": {"id": "loisirs-859", "type": "loisirs", "type_label": "Loisirs", "nom": "MINI CLUB", "region": {"nom": "DIOURBEL", "code": 3}, "departement": {"nom": "DIOURBEL", "code": 32}, "commune": {"nom": "DIOURBEL", "code": 32101}, "communaute_rurale": {"nom": "DIOURBEL", "code": 3210100}, "quartier_village": "THIERNO KANDJI", "milieu": "URBAIN", "thematique": null, "type_qvh": null}}, {"type": "Feature", "geometry": {"type": "Point", "coordinates": [-16.207996, 14.652599]}, "properties": {"id": "loisirs-860", "type": "loisirs", "type_label": "Loisirs", "nom": "SALLE DE JEUX", "region": {"nom": "DIOURBEL", "code": 3}, "departement": {"nom": "DIOURBEL", "code": 32}, "commune": {"nom": "DIOURBEL", "code": 32101}, "communaute_rurale": {"nom": "DIOURBEL", "code": 3210100}, "quartier_village": "THIERNO KANDJI", "milieu": "URBAIN", "thematique": null, "type_qvh": null}}, {"type": "Feature", "geometry": {"type": "Point", "coordinates": [-16.215484, 14.654277]}, "properties": {"id": "loisirs-861", "type": "loisirs", "type_label": "Loisirs", "nom": "BAR CHEZ ALAN SENE", "region": {"nom": "DIOURBEL", "code": 3}, "departement": {"nom": "DIOURBEL", "code": 32}, "commune": {"nom": "DIOURBEL", "code": 32101}, "communaute_rurale": {"nom": "DIOURBEL", "code": 3210100}, "quartier_village": "THIERNO KANDJI", "milieu": "URBAIN", "thematique": null, "type_qvh": null}}, {"type": "Feature", "geometry": {"type": "Point", "coordinates": [-16.216552, 14.648536]}, "properties": {"id": "loisirs-862", "type": "loisirs", "type_label": "Loisirs", "nom": "BABY FOOT", "region": {"nom": "DIOURBEL", "code": 3}, "departement": {"nom": "DIOURBEL", "code": 32}, "commune": {"nom": "DIOURBEL", "code": 32101}, "communaute_rurale": {"nom": "DIOURBEL", "code": 3210100}, "quartier_village": "THIERNO KANDJI", "milieu": "URBAIN", "thematique": null, "type_qvh": null}}, {"type": "Feature", "geometry": {"type": "Point", "coordinates": [-16.222295, 14.652218]}, "properties": {"id": "loisirs-863", "type": "loisirs", "type_label": "Loisirs", "nom": "BAR", "region": {"nom": "DIOURBEL", "code": 3}, "departement": {"nom": "DIOURBEL", "code": 32}, "commune": {"nom": "DIOURBEL", "code": 32101}, "communaute_rurale": {"nom": "DIOURBEL", "code": 3210100}, "quartier_village": "THIERNO KANDJI", "milieu": "URBAIN", "thematique": null, "type_qvh": null}}, {"type": "Feature", "geometry": {"type": "Point", "coordinates": [-16.26198, 14.650895]}, "properties": {"id": "loisirs-864", "type": "loisirs", "type_label": "Loisirs", "nom": "CINEMA", "region": {"nom": "DIOURBEL", "code": 3}, "departement": {"nom": "DIOURBEL", "code": 32}, "commune": {"nom": "NDOULO", "code": 32202}, "communaute_rurale": {"nom": "NGOHE", "code": 3220202}, "quartier_village": "CITE OUVRIERE SEIB", "milieu": "RURAL", "thematique": null, "type_qvh": null}}, {"type": "Feature", "geometry": {"type": "Point", "coordinates": [-16.223718, 14.634752]}, "properties": {"id": "loisirs-865", "type": "loisirs", "type_label": "Loisirs", "nom": "SALLE DE JEUX BABY FOOT", "region": {"nom": "DIOURBEL", "code": 3}, "departement": {"nom": "DIOURBEL", "code": 32}, "commune": {"nom": "DIOURBEL", "code": 32101}, "communaute_rurale": {"nom": "DIOURBEL", "code": 3210100}, "quartier_village": "MEDINATOUL (KEUR GOUMACK)", "milieu": "URBAIN", "thematique": null, "type_qvh": null}}, {"type": "Feature", "geometry": {"type": "Point", "coordinates": [-16.230526, 14.636158]}, "properties": {"id": "loisirs-866", "type": "loisirs", "type_label": "Loisirs", "nom": "SALLE DE JEUX", "region": {"nom": "DIOURBEL", "code": 3}, "departement": {"nom": "DIOURBEL", "code": 32}, "commune": {"nom": "DIOURBEL", "code": 32101}, "communaute_rurale": {"nom": "DIOURBEL", "code": 3210100}, "quartier_village": "MEDINATOUL (KEUR GOUMACK)", "milieu": "URBAIN", "thematique": null, "type_qvh": null}}, {"type": "Feature", "geometry": {"type": "Point", "coordinates": [-16.23965, 14.638943]}, "properties": {"id": "loisirs-867", "type": "loisirs", "type_label": "Loisirs", "nom": "PREMIER PARI FOOT", "region": {"nom": "DIOURBEL", "code": 3}, "departement": {"nom": "DIOURBEL", "code": 32}, "commune": {"nom": "DIOURBEL", "code": 32101}, "communaute_rurale": {"nom": "DIOURBEL", "code": 3210100}, "quartier_village": "CHEIKH ANTA MBACKE", "milieu": "URBAIN", "thematique": null, "type_qvh": null}}, {"type": "Feature", "geometry": {"type": "Point", "coordinates": [-16.239222, 14.664653]}, "properties": {"id": "loisirs-868", "type": "loisirs", "type_label": "Loisirs", "nom": "BAR RESTAURANT SUNU KER", "region": {"nom": "DIOURBEL", "code": 3}, "departement": {"nom": "DIOURBEL", "code": 32}, "commune": {"nom": "DIOURBEL", "code": 32101}, "communaute_rurale": {"nom": "DIOURBEL", "code": 3210100}, "quartier_village": "CHEIKH ANTA MBACKE", "milieu": "URBAIN", "thematique": null, "type_qvh": null}}, {"type": "Feature", "geometry": {"type": "Point", "coordinates": [-16.239589, 14.637376]}, "properties": {"id": "loisirs-869", "type": "loisirs", "type_label": "Loisirs", "nom": "SALLE DE JEUX", "region": {"nom": "DIOURBEL", "code": 3}, "departement": {"nom": "DIOURBEL", "code": 32}, "commune": {"nom": "DIOURBEL", "code": 32101}, "communaute_rurale": {"nom": "DIOURBEL", "code": 3210100}, "quartier_village": "CHEIKH ANTA MBACKE", "milieu": "URBAIN", "thematique": null, "type_qvh": null}}, {"type": "Feature", "geometry": {"type": "Point", "coordinates": [-16.239597, 14.649502]}, "properties": {"id": "loisirs-870", "type": "loisirs", "type_label": "Loisirs", "nom": "BAR CORNICHE", "region": {"nom": "DIOURBEL", "code": 3}, "departement": {"nom": "DIOURBEL", "code": 32}, "commune": {"nom": "DIOURBEL", "code": 32101}, "communaute_rurale": {"nom": "DIOURBEL", "code": 3210100}, "quartier_village": "CHEIKH ANTA MBACKE", "milieu": "URBAIN", "thematique": null, "type_qvh": null}}, {"type": "Feature", "geometry": {"type": "Point", "coordinates": [-16.245658, 14.649284]}, "properties": {"id": "loisirs-871", "type": "loisirs", "type_label": "Loisirs", "nom": "SALLE DE JEUX SODA", "region": {"nom": "DIOURBEL", "code": 3}, "departement": {"nom": "DIOURBEL", "code": 32}, "commune": {"nom": "DIOURBEL", "code": 32101}, "communaute_rurale": {"nom": "DIOURBEL", "code": 3210100}, "quartier_village": "KEUR CHEIKH IBRA FALL", "milieu": "URBAIN", "thematique": null, "type_qvh": null}}, {"type": "Feature", "geometry": {"type": "Point", "coordinates": [-16.251778, 14.650322]}, "properties": {"id": "loisirs-872", "type": "loisirs", "type_label": "Loisirs", "nom": "BAR", "region": {"nom": "DIOURBEL", "code": 3}, "departement": {"nom": "DIOURBEL", "code": 32}, "commune": {"nom": "DIOURBEL", "code": 32101}, "communaute_rurale": {"nom": "DIOURBEL", "code": 3210100}, "quartier_village": "CHEIKH ANTA MBACKE", "milieu": "URBAIN", "thematique": null, "type_qvh": null}}, {"type": "Feature", "geometry": {"type": "Point", "coordinates": [-15.906106, 14.797673]}, "properties": {"id": "loisirs-873", "type": "loisirs", "type_label": "Loisirs", "nom": "PMU", "region": {"nom": "DIOURBEL", "code": 3}, "departement": {"nom": "MBACKE", "code": 33}, "commune": {"nom": "MBACKE", "code": 33101}, "communaute_rurale": {"nom": "MBACKE", "code": 3310100}, "quartier_village": "MBACKE KHEWAR", "milieu": "URBAIN", "thematique": null, "type_qvh": null}}, {"type": "Feature", "geometry": {"type": "Point", "coordinates": [-15.907911, 14.799396]}, "properties": {"id": "loisirs-874", "type": "loisirs", "type_label": "Loisirs", "nom": "THEATRE DE VERDURE", "region": {"nom": "DIOURBEL", "code": 3}, "departement": {"nom": "MBACKE", "code": 33}, "commune": {"nom": "MBACKE", "code": 33101}, "communaute_rurale": {"nom": "MBACKE", "code": 3310100}, "quartier_village": "MBACKE KHEWAR", "milieu": "URBAIN", "thematique": null, "type_qvh": null}}, {"type": "Feature", "geometry": {"type": "Point", "coordinates": [-15.907438, 14.796174]}, "properties": {"id": "loisirs-875", "type": "loisirs", "type_label": "Loisirs", "nom": "BUVETTE", "region": {"nom": "DIOURBEL", "code": 3}, "departement": {"nom": "MBACKE", "code": 33}, "commune": {"nom": "MBACKE", "code": 33101}, "communaute_rurale": {"nom": "MBACKE", "code": 3310100}, "quartier_village": "MBACKE KHEWAR", "milieu": "URBAIN", "thematique": null, "type_qvh": null}}, {"type": "Feature", "geometry": {"type": "Point", "coordinates": [-15.906002, 14.798755]}, "properties": {"id": "loisirs-876", "type": "loisirs", "type_label": "Loisirs", "nom": "SALLE DE DANCE", "region": {"nom": "DIOURBEL", "code": 3}, "departement": {"nom": "MBACKE", "code": 33}, "commune": {"nom": "MBACKE", "code": 33101}, "communaute_rurale": {"nom": "MBACKE", "code": 3310100}, "quartier_village": "MBACKE KHEWAR", "milieu": "URBAIN", "thematique": null, "type_qvh": null}}, {"type": "Feature", "geometry": {"type": "Point", "coordinates": [-15.897945, 14.791737]}, "properties": {"id": "loisirs-877", "type": "loisirs", "type_label": "Loisirs", "nom": "SALLE DE JEUX", "region": {"nom": "DIOURBEL", "code": 3}, "departement": {"nom": "MBACKE", "code": 33}, "commune": {"nom": "MBACKE", "code": 33101}, "communaute_rurale": {"nom": "MBACKE", "code": 3310100}, "quartier_village": "MBACKE KHEWAR", "milieu": "URBAIN", "thematique": null, "type_qvh": null}}, {"type": "Feature", "geometry": {"type": "Point", "coordinates": [-12.821575, 12.641309]}, "properties": {"id": "loisirs-878", "type": "loisirs", "type_label": "Loisirs", "nom": "DANCING", "region": {"nom": "KEDOUGOU", "code": 13}, "departement": {"nom": "SALEMATA", "code": 132}, "commune": {"nom": "SALEMATA", "code": 132101}, "communaute_rurale": {"nom": "SALEMATA", "code": 13210100}, "quartier_village": "COULOUBA", "milieu": "URBAIN", "thematique": null, "type_qvh": null}}, {"type": "Feature", "geometry": {"type": "Point", "coordinates": [-11.666236, 13.280054]}, "properties": {"id": "loisirs-879", "type": "loisirs", "type_label": "Loisirs", "nom": "BAR", "region": {"nom": "KEDOUGOU", "code": 13}, "departement": {"nom": "SARAYA", "code": 133}, "commune": {"nom": "SABODALA", "code": 133202}, "communaute_rurale": {"nom": "MISSIRAH SIRIMANA", "code": 13320202}, "quartier_village": "KHASSAGUIRI (BONDALA)", "milieu": "RURAL", "thematique": null, "type_qvh": null}}, {"type": "Feature", "geometry": {"type": "Point", "coordinates": [-12.241656, 12.768356]}, "properties": {"id": "loisirs-880", "type": "loisirs", "type_label": "Loisirs", "nom": "BAR ROUZO", "region": {"nom": "KEDOUGOU", "code": 13}, "departement": {"nom": "KEDOUGOU", "code": 131}, "commune": {"nom": "BANDAFASSI", "code": 131201}, "communaute_rurale": {"nom": "TOMBORONKOTO", "code": 13120102}, "quartier_village": "BANTAKOCOUTA", "milieu": "RURAL", "thematique": null, "type_qvh": null}}, {"type": "Feature", "geometry": {"type": "Point", "coordinates": [-12.240902, 12.768452]}, "properties": {"id": "loisirs-881", "type": "loisirs", "type_label": "Loisirs", "nom": "BAR", "region": {"nom": "KEDOUGOU", "code": 13}, "departement": {"nom": "KEDOUGOU", "code": 131}, "commune": {"nom": "BANDAFASSI", "code": 131201}, "communaute_rurale": {"nom": "TOMBORONKOTO", "code": 13120102}, "quartier_village": "BANTAKOCOUTA", "milieu": "RURAL", "thematique": null, "type_qvh": null}}, {"type": "Feature", "geometry": {"type": "Point", "coordinates": [-12.244692, 12.766891]}, "properties": {"id": "loisirs-882", "type": "loisirs", "type_label": "Loisirs", "nom": "BAR LUCKY", "region": {"nom": "KEDOUGOU", "code": 13}, "departement": {"nom": "KEDOUGOU", "code": 131}, "commune": {"nom": "BANDAFASSI", "code": 131201}, "communaute_rurale": {"nom": "TOMBORONKOTO", "code": 13120102}, "quartier_village": "BANTAKOCOUTA", "milieu": "RURAL", "thematique": null, "type_qvh": null}}, {"type": "Feature", "geometry": {"type": "Point", "coordinates": [-12.244186, 12.767006]}, "properties": {"id": "loisirs-883", "type": "loisirs", "type_label": "Loisirs", "nom": "BAR MARTIN", "region": {"nom": "KEDOUGOU", "code": 13}, "departement": {"nom": "KEDOUGOU", "code": 131}, "commune": {"nom": "BANDAFASSI", "code": 131201}, "communaute_rurale": {"nom": "TOMBORONKOTO", "code": 13120102}, "quartier_village": "BANTAKOCOUTA", "milieu": "RURAL", "thematique": null, "type_qvh": null}}, {"type": "Feature", "geometry": {"type": "Point", "coordinates": [-12.180642, 12.554747]}, "properties": {"id": "loisirs-884", "type": "loisirs", "type_label": "Loisirs", "nom": "DANCING", "region": {"nom": "KEDOUGOU", "code": 13}, "departement": {"nom": "KEDOUGOU", "code": 131}, "commune": {"nom": "KEDOUGOU", "code": 131101}, "communaute_rurale": {"nom": "KEDOUGOU", "code": 13110100}, "quartier_village": "DANDEMAYO", "milieu": "URBAIN", "thematique": null, "type_qvh": null}}, {"type": "Feature", "geometry": {"type": "Point", "coordinates": [-12.20091, 12.5621]}, "properties": {"id": "loisirs-885", "type": "loisirs", "type_label": "Loisirs", "nom": "BAR CLEMENT", "region": {"nom": "KEDOUGOU", "code": 13}, "departement": {"nom": "KEDOUGOU", "code": 131}, "commune": {"nom": "KEDOUGOU", "code": 131101}, "communaute_rurale": {"nom": "KEDOUGOU", "code": 13110100}, "quartier_village": "GOMBA", "milieu": "URBAIN", "thematique": null, "type_qvh": null}}, {"type": "Feature", "geometry": {"type": "Point", "coordinates": [-12.203414, 12.56665]}, "properties": {"id": "loisirs-886", "type": "loisirs", "type_label": "Loisirs", "nom": "BAR DISCOTECH/RESTAURANT/BON COIN", "region": {"nom": "KEDOUGOU", "code": 13}, "departement": {"nom": "KEDOUGOU", "code": 131}, "commune": {"nom": "KEDOUGOU", "code": 131101}, "communaute_rurale": {"nom": "KEDOUGOU", "code": 13110100}, "quartier_village": "GOMBA", "milieu": "URBAIN", "thematique": null, "type_qvh": null}}, {"type": "Feature", "geometry": {"type": "Point", "coordinates": [-12.188341, 12.559776]}, "properties": {"id": "loisirs-887", "type": "loisirs", "type_label": "Loisirs", "nom": "BAR LA GAZELLE", "region": {"nom": "KEDOUGOU", "code": 13}, "departement": {"nom": "KEDOUGOU", "code": 131}, "commune": {"nom": "KEDOUGOU", "code": 131101}, "communaute_rurale": {"nom": "KEDOUGOU", "code": 13110100}, "quartier_village": "DANDEMAYO", "milieu": "URBAIN", "thematique": null, "type_qvh": null}}, {"type": "Feature", "geometry": {"type": "Point", "coordinates": [-12.188894, 12.559905]}, "properties": {"id": "loisirs-888", "type": "loisirs", "type_label": "Loisirs", "nom": "BAR", "region": {"nom": "KEDOUGOU", "code": 13}, "departement": {"nom": "KEDOUGOU", "code": 131}, "commune": {"nom": "KEDOUGOU", "code": 131101}, "communaute_rurale": {"nom": "KEDOUGOU", "code": 13110100}, "quartier_village": "DANDEMAYO", "milieu": "URBAIN", "thematique": null, "type_qvh": null}}, {"type": "Feature", "geometry": {"type": "Point", "coordinates": [-12.195681, 12.563839]}, "properties": {"id": "loisirs-889", "type": "loisirs", "type_label": "Loisirs", "nom": "NOBLEX BAR", "region": {"nom": "KEDOUGOU", "code": 13}, "departement": {"nom": "KEDOUGOU", "code": 131}, "commune": {"nom": "KEDOUGOU", "code": 131101}, "communaute_rurale": {"nom": "KEDOUGOU", "code": 13110100}, "quartier_village": "DINGUESSOU", "milieu": "URBAIN", "thematique": null, "type_qvh": null}}, {"type": "Feature", "geometry": {"type": "Point", "coordinates": [-12.178649, 12.55703]}, "properties": {"id": "loisirs-890", "type": "loisirs", "type_label": "Loisirs", "nom": "BAR", "region": {"nom": "KEDOUGOU", "code": 13}, "departement": {"nom": "KEDOUGOU", "code": 131}, "commune": {"nom": "KEDOUGOU", "code": 131101}, "communaute_rurale": {"nom": "KEDOUGOU", "code": 13110100}, "quartier_village": "DALABA", "milieu": "URBAIN", "thematique": null, "type_qvh": null}}, {"type": "Feature", "geometry": {"type": "Point", "coordinates": [-12.188809, 12.560589]}, "properties": {"id": "loisirs-891", "type": "loisirs", "type_label": "Loisirs", "nom": "BAR", "region": {"nom": "KEDOUGOU", "code": 13}, "departement": {"nom": "KEDOUGOU", "code": 131}, "commune": {"nom": "KEDOUGOU", "code": 131101}, "communaute_rurale": {"nom": "KEDOUGOU", "code": 13110100}, "quartier_village": "DINGUESSOU", "milieu": "URBAIN", "thematique": null, "type_qvh": null}}, {"type": "Feature", "geometry": {"type": "Point", "coordinates": [-12.184544, 12.563004]}, "properties": {"id": "loisirs-892", "type": "loisirs", "type_label": "Loisirs", "nom": "BAR", "region": {"nom": "KEDOUGOU", "code": 13}, "departement": {"nom": "KEDOUGOU", "code": 131}, "commune": {"nom": "KEDOUGOU", "code": 131101}, "communaute_rurale": {"nom": "KEDOUGOU", "code": 13110100}, "quartier_village": "GADA DINGUESSOU", "milieu": "URBAIN", "thematique": null, "type_qvh": null}}, {"type": "Feature", "geometry": {"type": "Point", "coordinates": [-12.188296, 12.559892]}, "properties": {"id": "loisirs-893", "type": "loisirs", "type_label": "Loisirs", "nom": "BAR NGNETA DE LUXE", "region": {"nom": "KEDOUGOU", "code": 13}, "departement": {"nom": "KEDOUGOU", "code": 131}, "commune": {"nom": "KEDOUGOU", "code": 131101}, "communaute_rurale": {"nom": "KEDOUGOU", "code": 13110100}, "quartier_village": "DANDEMAYO", "milieu": "URBAIN", "thematique": null, "type_qvh": null}}, {"type": "Feature", "geometry": {"type": "Point", "coordinates": [-11.851673, 13.100157]}, "properties": {"id": "loisirs-894", "type": "loisirs", "type_label": "Loisirs", "nom": "DOLI BAR", "region": {"nom": "KEDOUGOU", "code": 13}, "departement": {"nom": "SARAYA", "code": 133}, "commune": {"nom": "SABODALA", "code": 133202}, "communaute_rurale": {"nom": "MISSIRAH SIRIMANA", "code": 13320202}, "quartier_village": "SAMBRANBOUGOU", "milieu": "RURAL", "thematique": null, "type_qvh": null}}, {"type": "Feature", "geometry": {"type": "Point", "coordinates": [-11.851494, 13.100052]}, "properties": {"id": "loisirs-895", "type": "loisirs", "type_label": "Loisirs", "nom": "BAR CLANDO", "region": {"nom": "KEDOUGOU", "code": 13}, "departement": {"nom": "SARAYA", "code": 133}, "commune": {"nom": "SABODALA", "code": 133202}, "communaute_rurale": {"nom": "MISSIRAH SIRIMANA", "code": 13320202}, "quartier_village": "SAMBRANBOUGOU", "milieu": "RURAL", "thematique": null, "type_qvh": null}}, {"type": "Feature", "geometry": {"type": "Point", "coordinates": [-11.875123, 13.025768]}, "properties": {"id": "loisirs-896", "type": "loisirs", "type_label": "Loisirs", "nom": "DANCING", "region": {"nom": "KEDOUGOU", "code": 13}, "departement": {"nom": "SARAYA", "code": 133}, "commune": {"nom": "SABODALA", "code": 133202}, "communaute_rurale": {"nom": "MISSIRAH SIRIMANA", "code": 13320202}, "quartier_village": "DOUTA", "milieu": "RURAL", "thematique": null, "type_qvh": null}}, {"type": "Feature", "geometry": {"type": "Point", "coordinates": [-11.610457, 13.227489]}, "properties": {"id": "loisirs-897", "type": "loisirs", "type_label": "Loisirs", "nom": "MIMI BAR", "region": {"nom": "KEDOUGOU", "code": 13}, "departement": {"nom": "SARAYA", "code": 133}, "commune": {"nom": "SABODALA", "code": 133202}, "communaute_rurale": {"nom": "MISSIRAH SIRIMANA", "code": 13320202}, "quartier_village": "MOURAN", "milieu": "RURAL", "thematique": null, "type_qvh": null}}, {"type": "Feature", "geometry": {"type": "Point", "coordinates": [-11.610103, 13.227443]}, "properties": {"id": "loisirs-898", "type": "loisirs", "type_label": "Loisirs", "nom": "BAR CLANDO", "region": {"nom": "KEDOUGOU", "code": 13}, "departement": {"nom": "SARAYA", "code": 133}, "commune": {"nom": "SABODALA", "code": 133202}, "communaute_rurale": {"nom": "MISSIRAH SIRIMANA", "code": 13320202}, "quartier_village": "MOURAN", "milieu": "RURAL", "thematique": null, "type_qvh": null}}, {"type": "Feature", "geometry": {"type": "Point", "coordinates": [-11.611317, 13.227734]}, "properties": {"id": "loisirs-899", "type": "loisirs", "type_label": "Loisirs", "nom": "BAR CLANDO", "region": {"nom": "KEDOUGOU", "code": 13}, "departement": {"nom": "SARAYA", "code": 133}, "commune": {"nom": "SABODALA", "code": 133202}, "communaute_rurale": {"nom": "MISSIRAH SIRIMANA", "code": 13320202}, "quartier_village": "MOURAN", "milieu": "RURAL", "thematique": null, "type_qvh": null}}, {"type": "Feature", "geometry": {"type": "Point", "coordinates": [-11.644656, 13.393713]}, "properties": {"id": "loisirs-900", "type": "loisirs", "type_label": "Loisirs", "nom": "BAR", "region": {"nom": "KEDOUGOU", "code": 13}, "departement": {"nom": "SARAYA", "code": 133}, "commune": {"nom": "SABODALA", "code": 133202}, "communaute_rurale": {"nom": "MISSIRAH SIRIMANA", "code": 13320202}, "quartier_village": "SAIENSOUTOU", "milieu": "RURAL", "thematique": null, "type_qvh": null}}, {"type": "Feature", "geometry": {"type": "Point", "coordinates": [-11.874485, 13.027622]}, "properties": {"id": "loisirs-901", "type": "loisirs", "type_label": "Loisirs", "nom": "SALLE VIDEO CLUB", "region": {"nom": "KEDOUGOU", "code": 13}, "departement": {"nom": "SARAYA", "code": 133}, "commune": {"nom": "SABODALA", "code": 133202}, "communaute_rurale": {"nom": "MISSIRAH SIRIMANA", "code": 13320202}, "quartier_village": "DOUTA", "milieu": "RURAL", "thematique": null, "type_qvh": null}}, {"type": "Feature", "geometry": {"type": "Point", "coordinates": [-11.503156, 13.193252]}, "properties": {"id": "loisirs-902", "type": "loisirs", "type_label": "Loisirs", "nom": "BAR", "region": {"nom": "KEDOUGOU", "code": 13}, "departement": {"nom": "SARAYA", "code": 133}, "commune": {"nom": "SABODALA", "code": 133202}, "communaute_rurale": {"nom": "MISSIRAH SIRIMANA", "code": 13320202}, "quartier_village": "MOUSSALA", "milieu": "RURAL", "thematique": null, "type_qvh": null}}, {"type": "Feature", "geometry": {"type": "Point", "coordinates": [-11.875539, 13.033571]}, "properties": {"id": "loisirs-903", "type": "loisirs", "type_label": "Loisirs", "nom": "EURO BAR 2018", "region": {"nom": "KEDOUGOU", "code": 13}, "departement": {"nom": "SARAYA", "code": 133}, "commune": {"nom": "SABODALA", "code": 133202}, "communaute_rurale": {"nom": "MISSIRAH SIRIMANA", "code": 13320202}, "quartier_village": "DOUTA", "milieu": "RURAL", "thematique": null, "type_qvh": null}}, {"type": "Feature", "geometry": {"type": "Point", "coordinates": [-11.502727, 13.193946]}, "properties": {"id": "loisirs-904", "type": "loisirs", "type_label": "Loisirs", "nom": "BAR", "region": {"nom": "KEDOUGOU", "code": 13}, "departement": {"nom": "SARAYA", "code": 133}, "commune": {"nom": "SABODALA", "code": 133202}, "communaute_rurale": {"nom": "MISSIRAH SIRIMANA", "code": 13320202}, "quartier_village": "MOUSSALA", "milieu": "RURAL", "thematique": null, "type_qvh": null}}, {"type": "Feature", "geometry": {"type": "Point", "coordinates": [-11.66221, 13.282608]}, "properties": {"id": "loisirs-905", "type": "loisirs", "type_label": "Loisirs", "nom": "TOGO BAR", "region": {"nom": "KEDOUGOU", "code": 13}, "departement": {"nom": "SARAYA", "code": 133}, "commune": {"nom": "SABODALA", "code": 133202}, "communaute_rurale": {"nom": "MISSIRAH SIRIMANA", "code": 13320202}, "quartier_village": "KHASSAGUIRI (BONDALA)", "milieu": "RURAL", "thematique": null, "type_qvh": null}}, {"type": "Feature", "geometry": {"type": "Point", "coordinates": [-11.53916, 13.268562]}, "properties": {"id": "loisirs-906", "type": "loisirs", "type_label": "Loisirs", "nom": "BAR", "region": {"nom": "KEDOUGOU", "code": 13}, "departement": {"nom": "SARAYA", "code": 133}, "commune": {"nom": "SABODALA", "code": 133202}, "communaute_rurale": {"nom": "MISSIRAH SIRIMANA", "code": 13320202}, "quartier_village": "BOUNTOUNG", "milieu": "RURAL", "thematique": null, "type_qvh": null}}, {"type": "Feature", "geometry": {"type": "Point", "coordinates": [-11.663099, 13.280409]}, "properties": {"id": "loisirs-907", "type": "loisirs", "type_label": "Loisirs", "nom": "CRETE BAR", "region": {"nom": "KEDOUGOU", "code": 13}, "departement": {"nom": "SARAYA", "code": 133}, "commune": {"nom": "SABODALA", "code": 133202}, "communaute_rurale": {"nom": "MISSIRAH SIRIMANA", "code": 13320202}, "quartier_village": "KHASSAGUIRI (BONDALA)", "milieu": "RURAL", "thematique": null, "type_qvh": null}}, {"type": "Feature", "geometry": {"type": "Point", "coordinates": [-11.751399, 12.831348]}, "properties": {"id": "loisirs-908", "type": "loisirs", "type_label": "Loisirs", "nom": "MINEREX", "region": {"nom": "KEDOUGOU", "code": 13}, "departement": {"nom": "SARAYA", "code": 133}, "commune": {"nom": "SARAYA", "code": 133101}, "communaute_rurale": {"nom": "SARAYA", "code": 13310100}, "quartier_village": "MOSQUEE", "milieu": "URBAIN", "thematique": null, "type_qvh": null}}, {"type": "Feature", "geometry": {"type": "Point", "coordinates": [-11.754213, 12.837635]}, "properties": {"id": "loisirs-909", "type": "loisirs", "type_label": "Loisirs", "nom": "BAR RESTAURANT", "region": {"nom": "KEDOUGOU", "code": 13}, "departement": {"nom": "SARAYA", "code": 133}, "commune": {"nom": "SARAYA", "code": 133101}, "communaute_rurale": {"nom": "SARAYA", "code": 13310100}, "quartier_village": "LIBERTE", "milieu": "URBAIN", "thematique": null, "type_qvh": null}}, {"type": "Feature", "geometry": {"type": "Point", "coordinates": [-11.752581, 12.837384]}, "properties": {"id": "loisirs-910", "type": "loisirs", "type_label": "Loisirs", "nom": "BAR RESTAURANT", "region": {"nom": "KEDOUGOU", "code": 13}, "departement": {"nom": "SARAYA", "code": 133}, "commune": {"nom": "SARAYA", "code": 133101}, "communaute_rurale": {"nom": "SARAYA", "code": 13310100}, "quartier_village": "LIBERTE", "milieu": "URBAIN", "thematique": null, "type_qvh": null}}, {"type": "Feature", "geometry": {"type": "Point", "coordinates": [-12.11322, 12.923532]}, "properties": {"id": "loisirs-911", "type": "loisirs", "type_label": "Loisirs", "nom": "BAR", "region": {"nom": "KEDOUGOU", "code": 13}, "departement": {"nom": "SARAYA", "code": 133}, "commune": {"nom": "SABODALA", "code": 133202}, "communaute_rurale": {"nom": "SABODALA", "code": 13320203}, "quartier_village": "TENKOTO", "milieu": "RURAL", "thematique": null, "type_qvh": null}}, {"type": "Feature", "geometry": {"type": "Point", "coordinates": [-12.121162, 12.926079]}, "properties": {"id": "loisirs-912", "type": "loisirs", "type_label": "Loisirs", "nom": "BAR", "region": {"nom": "KEDOUGOU", "code": 13}, "departement": {"nom": "SARAYA", "code": 133}, "commune": {"nom": "SABODALA", "code": 133202}, "communaute_rurale": {"nom": "SABODALA", "code": 13320203}, "quartier_village": "TENKOTO", "milieu": "RURAL", "thematique": null, "type_qvh": null}}, {"type": "Feature", "geometry": {"type": "Point", "coordinates": [-12.119894, 12.930838]}, "properties": {"id": "loisirs-913", "type": "loisirs", "type_label": "Loisirs", "nom": "CASA BAR", "region": {"nom": "KEDOUGOU", "code": 13}, "departement": {"nom": "SARAYA", "code": 133}, "commune": {"nom": "SABODALA", "code": 133202}, "communaute_rurale": {"nom": "SABODALA", "code": 13320203}, "quartier_village": "TENKOTO", "milieu": "RURAL", "thematique": null, "type_qvh": null}}, {"type": "Feature", "geometry": {"type": "Point", "coordinates": [-12.119369, 12.925937]}, "properties": {"id": "loisirs-914", "type": "loisirs", "type_label": "Loisirs", "nom": "BAR", "region": {"nom": "KEDOUGOU", "code": 13}, "departement": {"nom": "SARAYA", "code": 133}, "commune": {"nom": "SABODALA", "code": 133202}, "communaute_rurale": {"nom": "SABODALA", "code": 13320203}, "quartier_village": "TENKOTO", "milieu": "RURAL", "thematique": null, "type_qvh": null}}, {"type": "Feature", "geometry": {"type": "Point", "coordinates": [-12.120231, 12.930396]}, "properties": {"id": "loisirs-915", "type": "loisirs", "type_label": "Loisirs", "nom": "BAR", "region": {"nom": "KEDOUGOU", "code": 13}, "departement": {"nom": "SARAYA", "code": 133}, "commune": {"nom": "SABODALA", "code": 133202}, "communaute_rurale": {"nom": "SABODALA", "code": 13320203}, "quartier_village": "TENKOTO", "milieu": "RURAL", "thematique": null, "type_qvh": null}}, {"type": "Feature", "geometry": {"type": "Point", "coordinates": [-12.114733, 12.925171]}, "properties": {"id": "loisirs-916", "type": "loisirs", "type_label": "Loisirs", "nom": "BAR", "region": {"nom": "KEDOUGOU", "code": 13}, "departement": {"nom": "SARAYA", "code": 133}, "commune": {"nom": "SABODALA", "code": 133202}, "communaute_rurale": {"nom": "SABODALA", "code": 13320203}, "quartier_village": "TENKOTO", "milieu": "RURAL", "thematique": null, "type_qvh": null}}, {"type": "Feature", "geometry": {"type": "Point", "coordinates": [-11.97584, 13.138158]}, "properties": {"id": "loisirs-917", "type": "loisirs", "type_label": "Loisirs", "nom": "BAR STADE DE FRANCE DE KHOSSANTO", "region": {"nom": "KEDOUGOU", "code": 13}, "departement": {"nom": "SARAYA", "code": 133}, "commune": {"nom": "SABODALA", "code": 133202}, "communaute_rurale": {"nom": "KHOSSANTO", "code": 13320201}, "quartier_village": "KHOSSANTO", "milieu": "RURAL", "thematique": null, "type_qvh": null}}, {"type": "Feature", "geometry": {"type": "Point", "coordinates": [-11.976751, 13.131941]}, "properties": {"id": "loisirs-918", "type": "loisirs", "type_label": "Loisirs", "nom": "SALLE DE JEUX", "region": {"nom": "KEDOUGOU", "code": 13}, "departement": {"nom": "SARAYA", "code": 133}, "commune": {"nom": "SABODALA", "code": 133202}, "communaute_rurale": {"nom": "KHOSSANTO", "code": 13320201}, "quartier_village": "KHOSSANTO", "milieu": "RURAL", "thematique": null, "type_qvh": null}}, {"type": "Feature", "geometry": {"type": "Point", "coordinates": [-11.876787, 12.828546]}, "properties": {"id": "loisirs-919", "type": "loisirs", "type_label": "Loisirs", "nom": "BAR", "region": {"nom": "KEDOUGOU", "code": 13}, "departement": {"nom": "SARAYA", "code": 133}, "commune": {"nom": "BEMBOU", "code": 133201}, "communaute_rurale": {"nom": "BEMBOU", "code": 13320102}, "quartier_village": "BEMBOU", "milieu": "RURAL", "thematique": null, "type_qvh": null}}, {"type": "Feature", "geometry": {"type": "Point", "coordinates": [-11.410001, 12.981225]}, "properties": {"id": "loisirs-920", "type": "loisirs", "type_label": "Loisirs", "nom": "BAR", "region": {"nom": "KEDOUGOU", "code": 13}, "departement": {"nom": "SARAYA", "code": 133}, "commune": {"nom": "BEMBOU", "code": 133201}, "communaute_rurale": {"nom": "BEMBOU", "code": 13320102}, "quartier_village": "KOLYA", "milieu": "RURAL", "thematique": null, "type_qvh": null}}, {"type": "Feature", "geometry": {"type": "Point", "coordinates": [-11.525613, 12.922218]}, "properties": {"id": "loisirs-921", "type": "loisirs", "type_label": "Loisirs", "nom": "JEUNESSE BAR", "region": {"nom": "KEDOUGOU", "code": 13}, "departement": {"nom": "SARAYA", "code": 133}, "commune": {"nom": "BEMBOU", "code": 133201}, "communaute_rurale": {"nom": "BEMBOU", "code": 13320102}, "quartier_village": "KHARAKHAINA", "milieu": "RURAL", "thematique": null, "type_qvh": null}}, {"type": "Feature", "geometry": {"type": "Point", "coordinates": [-11.527388, 12.925104]}, "properties": {"id": "loisirs-922", "type": "loisirs", "type_label": "Loisirs", "nom": "BAR", "region": {"nom": "KEDOUGOU", "code": 13}, "departement": {"nom": "SARAYA", "code": 133}, "commune": {"nom": "BEMBOU", "code": 133201}, "communaute_rurale": {"nom": "BEMBOU", "code": 13320102}, "quartier_village": "KHARAKHAINA", "milieu": "RURAL", "thematique": null, "type_qvh": null}}, {"type": "Feature", "geometry": {"type": "Point", "coordinates": [-11.528006, 12.922562]}, "properties": {"id": "loisirs-923", "type": "loisirs", "type_label": "Loisirs", "nom": "FLAKE BAR", "region": {"nom": "KEDOUGOU", "code": 13}, "departement": {"nom": "SARAYA", "code": 133}, "commune": {"nom": "BEMBOU", "code": 133201}, "communaute_rurale": {"nom": "BEMBOU", "code": 13320102}, "quartier_village": "KHARAKHAINA", "milieu": "RURAL", "thematique": null, "type_qvh": null}}, {"type": "Feature", "geometry": {"type": "Point", "coordinates": [-11.526927, 12.918462]}, "properties": {"id": "loisirs-924", "type": "loisirs", "type_label": "Loisirs", "nom": "DANCING", "region": {"nom": "KEDOUGOU", "code": 13}, "departement": {"nom": "SARAYA", "code": 133}, "commune": {"nom": "BEMBOU", "code": 133201}, "communaute_rurale": {"nom": "BEMBOU", "code": 13320102}, "quartier_village": "KHARAKHAINA", "milieu": "RURAL", "thematique": null, "type_qvh": null}}, {"type": "Feature", "geometry": {"type": "Point", "coordinates": [-11.683409, 12.856504]}, "properties": {"id": "loisirs-925", "type": "loisirs", "type_label": "Loisirs", "nom": "LIGHT BAR", "region": {"nom": "KEDOUGOU", "code": 13}, "departement": {"nom": "SARAYA", "code": 133}, "commune": {"nom": "BEMBOU", "code": 133201}, "communaute_rurale": {"nom": "BEMBOU", "code": 13320102}, "quartier_village": "DALAFING", "milieu": "RURAL", "thematique": null, "type_qvh": null}}, {"type": "Feature", "geometry": {"type": "Point", "coordinates": [-12.004219, 12.846324]}, "properties": {"id": "loisirs-926", "type": "loisirs", "type_label": "Loisirs", "nom": "BAR", "region": {"nom": "KEDOUGOU", "code": 13}, "departement": {"nom": "SARAYA", "code": 133}, "commune": {"nom": "BEMBOU", "code": 133201}, "communaute_rurale": {"nom": "BEMBOU", "code": 13320102}, "quartier_village": "H1 SEGUEKHO", "milieu": "RURAL", "thematique": null, "type_qvh": null}}, {"type": "Feature", "geometry": {"type": "Point", "coordinates": [-12.002245, 12.844438]}, "properties": {"id": "loisirs-927", "type": "loisirs", "type_label": "Loisirs", "nom": "BAR", "region": {"nom": "KEDOUGOU", "code": 13}, "departement": {"nom": "SARAYA", "code": 133}, "commune": {"nom": "BEMBOU", "code": 133201}, "communaute_rurale": {"nom": "BEMBOU", "code": 13320102}, "quartier_village": "H1 SEGUEKHO", "milieu": "RURAL", "thematique": null, "type_qvh": null}}, {"type": "Feature", "geometry": {"type": "Point", "coordinates": [-11.43755, 12.737351]}, "properties": {"id": "loisirs-928", "type": "loisirs", "type_label": "Loisirs", "nom": "BAR", "region": {"nom": "KEDOUGOU", "code": 13}, "departement": {"nom": "SARAYA", "code": 133}, "commune": {"nom": "BEMBOU", "code": 133201}, "communaute_rurale": {"nom": "BEMBOU", "code": 13320102}, "quartier_village": "H5 SITADINA", "milieu": "RURAL", "thematique": null, "type_qvh": null}}, {"type": "Feature", "geometry": {"type": "Point", "coordinates": [-11.438429, 12.739801]}, "properties": {"id": "loisirs-929", "type": "loisirs", "type_label": "Loisirs", "nom": "BAR", "region": {"nom": "KEDOUGOU", "code": 13}, "departement": {"nom": "SARAYA", "code": 133}, "commune": {"nom": "BEMBOU", "code": 133201}, "communaute_rurale": {"nom": "BEMBOU", "code": 13320102}, "quartier_village": "H5 SITADINA", "milieu": "RURAL", "thematique": null, "type_qvh": null}}, {"type": "Feature", "geometry": {"type": "Point", "coordinates": [-11.434457, 12.740031]}, "properties": {"id": "loisirs-930", "type": "loisirs", "type_label": "Loisirs", "nom": "BAR", "region": {"nom": "KEDOUGOU", "code": 13}, "departement": {"nom": "SARAYA", "code": 133}, "commune": {"nom": "BEMBOU", "code": 133201}, "communaute_rurale": {"nom": "BEMBOU", "code": 13320102}, "quartier_village": "H5 SITADINA", "milieu": "RURAL", "thematique": null, "type_qvh": null}}, {"type": "Feature", "geometry": {"type": "Point", "coordinates": [-11.927479, 12.940619]}, "properties": {"id": "loisirs-931", "type": "loisirs", "type_label": "Loisirs", "nom": "BAR", "region": {"nom": "KEDOUGOU", "code": 13}, "departement": {"nom": "SARAYA", "code": 133}, "commune": {"nom": "BEMBOU", "code": 133201}, "communaute_rurale": {"nom": "BEMBOU", "code": 13320102}, "quartier_village": "SAKHADOFI (MASSAMASSA)", "milieu": "RURAL", "thematique": null, "type_qvh": null}}, {"type": "Feature", "geometry": {"type": "Point", "coordinates": [-11.388382, 12.537561]}, "properties": {"id": "loisirs-932", "type": "loisirs", "type_label": "Loisirs", "nom": "BAR", "region": {"nom": "KEDOUGOU", "code": 13}, "departement": {"nom": "SARAYA", "code": 133}, "commune": {"nom": "BEMBOU", "code": 133201}, "communaute_rurale": {"nom": "MEDINA BAFFE", "code": 13320101}, "quartier_village": "H3 FALEMA(FADOUGOU NIAFA)", "milieu": "RURAL", "thematique": null, "type_qvh": null}}, {"type": "Feature", "geometry": {"type": "Point", "coordinates": [-11.388106, 12.537194]}, "properties": {"id": "loisirs-933", "type": "loisirs", "type_label": "Loisirs", "nom": "BAR", "region": {"nom": "KEDOUGOU", "code": 13}, "departement": {"nom": "SARAYA", "code": 133}, "commune": {"nom": "BEMBOU", "code": 133201}, "communaute_rurale": {"nom": "MEDINA BAFFE", "code": 13320101}, "quartier_village": "H3 FALEMA(FADOUGOU NIAFA)", "milieu": "RURAL", "thematique": null, "type_qvh": null}}, {"type": "Feature", "geometry": {"type": "Point", "coordinates": [-15.750144, 14.126018]}, "properties": {"id": "loisirs-934", "type": "loisirs", "type_label": "Loisirs", "nom": "BAR", "region": {"nom": "KAFFRINE", "code": 12}, "departement": {"nom": "BIRKELANE", "code": 122}, "commune": {"nom": "BIRKELANE", "code": 122101}, "communaute_rurale": {"nom": "BIRKELANE", "code": 12210100}, "quartier_village": "TALLY BA", "milieu": "URBAIN", "thematique": null, "type_qvh": null}}, {"type": "Feature", "geometry": {"type": "Point", "coordinates": [-15.178046, 14.434953]}, "properties": {"id": "loisirs-935", "type": "loisirs", "type_label": "Loisirs", "nom": "Loisirs", "region": {"nom": "KAFFRINE", "code": 12}, "departement": {"nom": "MALEM HODDAR", "code": 124}, "commune": {"nom": "DAROU MINAM II", "code": 124201}, "communaute_rurale": {"nom": "DAROU MINAM II", "code": 12420101}, "quartier_village": "DAROU DIENE (DARA MAME MOR DIOP)", "milieu": "RURAL", "thematique": null, "type_qvh": null}}, {"type": "Feature", "geometry": {"type": "Point", "coordinates": [-15.178046, 14.434953]}, "properties": {"id": "loisirs-936", "type": "loisirs", "type_label": "Loisirs", "nom": "Loisirs", "region": {"nom": "KAFFRINE", "code": 12}, "departement": {"nom": "MALEM HODDAR", "code": 124}, "commune": {"nom": "DAROU MINAM II", "code": 124201}, "communaute_rurale": {"nom": "DAROU MINAM II", "code": 12420101}, "quartier_village": "DAROU DIENE (DARA MAME MOR DIOP)", "milieu": "RURAL", "thematique": null, "type_qvh": null}}, {"type": "Feature", "geometry": {"type": "Point", "coordinates": [-15.764246, 14.107718]}, "properties": {"id": "loisirs-937", "type": "loisirs", "type_label": "Loisirs", "nom": "SALLE DE JEUX", "region": {"nom": "KAFFRINE", "code": 12}, "departement": {"nom": "BIRKELANE", "code": 122}, "commune": {"nom": "KEUR MBOUCKI", "code": 122201}, "communaute_rurale": {"nom": "DIAMAL", "code": 12220103}, "quartier_village": "DIAMAL", "milieu": "RURAL", "thematique": null, "type_qvh": null}}, {"type": "Feature", "geometry": {"type": "Point", "coordinates": [-15.54836, 14.097922]}, "properties": {"id": "loisirs-938", "type": "loisirs", "type_label": "Loisirs", "nom": "KANSING BAR", "region": {"nom": "KAFFRINE", "code": 12}, "departement": {"nom": "KAFFRINE", "code": 121}, "commune": {"nom": "KAFFRINE", "code": 121101}, "communaute_rurale": {"nom": "KAFFRINE", "code": 12110100}, "quartier_village": "DIAMAGUENE CENTRE", "milieu": "URBAIN", "thematique": null, "type_qvh": null}}, {"type": "Feature", "geometry": {"type": "Point", "coordinates": [-15.553299, 14.09535]}, "properties": {"id": "loisirs-939", "type": "loisirs", "type_label": "Loisirs", "nom": "SALLE DE JEUX", "region": {"nom": "KAFFRINE", "code": 12}, "departement": {"nom": "KAFFRINE", "code": 121}, "commune": {"nom": "KAFFRINE", "code": 121101}, "communaute_rurale": {"nom": "KAFFRINE", "code": 12110100}, "quartier_village": "DIAMAGUENE TP", "milieu": "URBAIN", "thematique": null, "type_qvh": null}}, {"type": "Feature", "geometry": {"type": "Point", "coordinates": [-15.553562, 14.097628]}, "properties": {"id": "loisirs-940", "type": "loisirs", "type_label": "Loisirs", "nom": "PREMIER BET", "region": {"nom": "KAFFRINE", "code": 12}, "departement": {"nom": "KAFFRINE", "code": 121}, "commune": {"nom": "KAFFRINE", "code": 121101}, "communaute_rurale": {"nom": "KAFFRINE", "code": 12110100}, "quartier_village": "DIAMAGUENE TP", "milieu": "URBAIN", "thematique": null, "type_qvh": null}}, {"type": "Feature", "geometry": {"type": "Point", "coordinates": [-15.546643, 14.106157]}, "properties": {"id": "loisirs-941", "type": "loisirs", "type_label": "Loisirs", "nom": "SALLE DE DOJO", "region": {"nom": "KAFFRINE", "code": 12}, "departement": {"nom": "KAFFRINE", "code": 121}, "commune": {"nom": "KAFFRINE", "code": 121101}, "communaute_rurale": {"nom": "KAFFRINE", "code": 12110100}, "quartier_village": "ESCALE EST", "milieu": "URBAIN", "thematique": null, "type_qvh": null}}, {"type": "Feature", "geometry": {"type": "Point", "coordinates": [-15.5463, 14.104932]}, "properties": {"id": "loisirs-942", "type": "loisirs", "type_label": "Loisirs", "nom": "DANCING", "region": {"nom": "KAFFRINE", "code": 12}, "departement": {"nom": "KAFFRINE", "code": 121}, "commune": {"nom": "KAFFRINE", "code": 121101}, "communaute_rurale": {"nom": "KAFFRINE", "code": 12110100}, "quartier_village": "ESCALE EST", "milieu": "URBAIN", "thematique": null, "type_qvh": null}}, {"type": "Feature", "geometry": {"type": "Point", "coordinates": [-15.54603, 14.104841]}, "properties": {"id": "loisirs-943", "type": "loisirs", "type_label": "Loisirs", "nom": "BAR", "region": {"nom": "KAFFRINE", "code": 12}, "departement": {"nom": "KAFFRINE", "code": 121}, "commune": {"nom": "KAFFRINE", "code": 121101}, "communaute_rurale": {"nom": "KAFFRINE", "code": 12110100}, "quartier_village": "ESCALE EST", "milieu": "URBAIN", "thematique": null, "type_qvh": null}}, {"type": "Feature", "geometry": {"type": "Point", "coordinates": [-15.545386, 14.104792]}, "properties": {"id": "loisirs-944", "type": "loisirs", "type_label": "Loisirs", "nom": "CHEZ JEANNI", "region": {"nom": "KAFFRINE", "code": 12}, "departement": {"nom": "KAFFRINE", "code": 121}, "commune": {"nom": "KAFFRINE", "code": 121101}, "communaute_rurale": {"nom": "KAFFRINE", "code": 12110100}, "quartier_village": "ESCALE EST", "milieu": "URBAIN", "thematique": null, "type_qvh": null}}, {"type": "Feature", "geometry": {"type": "Point", "coordinates": [-15.406158, 13.829555]}, "properties": {"id": "loisirs-945", "type": "loisirs", "type_label": "Loisirs", "nom": "SALLE DE JEUX", "region": {"nom": "KAFFRINE", "code": 12}, "departement": {"nom": "KAFFRINE", "code": 121}, "commune": {"nom": "KATAKEL", "code": 121202}, "communaute_rurale": {"nom": "NGANDA", "code": 12120205}, "quartier_village": "NGANDA CENTRE", "milieu": "URBAIN", "thematique": null, "type_qvh": null}}, {"type": "Feature", "geometry": {"type": "Point", "coordinates": [-15.261602, 14.016747]}, "properties": {"id": "loisirs-946", "type": "loisirs", "type_label": "Loisirs", "nom": "RAVIN", "region": {"nom": "KAFFRINE", "code": 12}, "departement": {"nom": "MALEM HODDAR", "code": 124}, "commune": {"nom": "SAGNA", "code": 124202}, "communaute_rurale": {"nom": "SAGNA", "code": 12420202}, "quartier_village": "MEDINA NGAYENE", "milieu": "RURAL", "thematique": null, "type_qvh": null}}, {"type": "Feature", "geometry": {"type": "Point", "coordinates": [-14.970048, 13.839014]}, "properties": {"id": "loisirs-947", "type": "loisirs", "type_label": "Loisirs", "nom": "Loisirs", "region": {"nom": "KAFFRINE", "code": 12}, "departement": {"nom": "KOUNGHEUL", "code": 123}, "commune": {"nom": "IDA MOURIDE", "code": 123201}, "communaute_rurale": {"nom": "SALY ESCALE", "code": 12320101}, "quartier_village": "SINE MATAR", "milieu": "RURAL", "thematique": null, "type_qvh": null}}, {"type": "Feature", "geometry": {"type": "Point", "coordinates": [-14.473892, 12.879274]}, "properties": {"id": "loisirs-948", "type": "loisirs", "type_label": "Loisirs", "nom": "SALLE DE DANCE", "region": {"nom": "KOLDA", "code": 10}, "departement": {"nom": "KOLDA", "code": 101}, "commune": {"nom": "MAMPATIM", "code": 101202}, "communaute_rurale": {"nom": "DABO", "code": 10120206}, "quartier_village": "GOROL", "milieu": "URBAIN", "thematique": null, "type_qvh": null}}, {"type": "Feature", "geometry": {"type": "Point", "coordinates": [-14.915921, 12.881265]}, "properties": {"id": "loisirs-949", "type": "loisirs", "type_label": "Loisirs", "nom": "SALLE DE JEUX", "region": {"nom": "KOLDA", "code": 10}, "departement": {"nom": "KOLDA", "code": 101}, "commune": {"nom": "DIOULACOLON", "code": 101201}, "communaute_rurale": {"nom": "DIOULACOLON", "code": 10120101}, "quartier_village": "SINTHIANG SAMBA COULIBALY", "milieu": "RURAL", "thematique": null, "type_qvh": null}}, {"type": "Feature", "geometry": {"type": "Point", "coordinates": [-14.922502, 12.882969]}, "properties": {"id": "loisirs-950", "type": "loisirs", "type_label": "Loisirs", "nom": "BAR", "region": {"nom": "KOLDA", "code": 10}, "departement": {"nom": "KOLDA", "code": 101}, "commune": {"nom": "DIOULACOLON", "code": 101201}, "communaute_rurale": {"nom": "DIOULACOLON", "code": 10120101}, "quartier_village": "SINTHIANG SAMBA COULIBALY", "milieu": "RURAL", "thematique": null, "type_qvh": null}}, {"type": "Feature", "geometry": {"type": "Point", "coordinates": [-14.997344, 13.43043]}, "properties": {"id": "loisirs-951", "type": "loisirs", "type_label": "Loisirs", "nom": "DANCING", "region": {"nom": "KOLDA", "code": 10}, "departement": {"nom": "MEDINA YORO FOULAH", "code": 103}, "commune": {"nom": "NIAMING", "code": 103203}, "communaute_rurale": {"nom": "KEREWANE", "code": 10320302}, "quartier_village": "KEREWANE", "milieu": "RURAL", "thematique": null, "type_qvh": null}}, {"type": "Feature", "geometry": {"type": "Point", "coordinates": [-13.919427, 13.025554]}, "properties": {"id": "loisirs-952", "type": "loisirs", "type_label": "Loisirs", "nom": "SALLE DES FETES", "region": {"nom": "KOLDA", "code": 10}, "departement": {"nom": "VELINGARA", "code": 102}, "commune": {"nom": "BONCONTO", "code": 102201}, "communaute_rurale": {"nom": "BONCONTO", "code": 10220101}, "quartier_village": "BONCONTO", "milieu": "RURAL", "thematique": null, "type_qvh": null}}, {"type": "Feature", "geometry": {"type": "Point", "coordinates": [-14.168151, 12.912058]}, "properties": {"id": "loisirs-953", "type": "loisirs", "type_label": "Loisirs", "nom": "BAR", "region": {"nom": "KOLDA", "code": 10}, "departement": {"nom": "VELINGARA", "code": 102}, "commune": {"nom": "SARE COLY SALLE", "code": 102203}, "communaute_rurale": {"nom": "DIAOBE KABENDOU", "code": 10220305}, "quartier_village": "DIALICOUNDA", "milieu": "URBAIN", "thematique": null, "type_qvh": null}}, {"type": "Feature", "geometry": {"type": "Point", "coordinates": [-14.14743, 12.912474]}, "properties": {"id": "loisirs-954", "type": "loisirs", "type_label": "Loisirs", "nom": "BAR", "region": {"nom": "KOLDA", "code": 10}, "departement": {"nom": "VELINGARA", "code": 102}, "commune": {"nom": "SARE COLY SALLE", "code": 102203}, "communaute_rurale": {"nom": "DIAOBE KABENDOU", "code": 10220305}, "quartier_village": "DIAOBE 4", "milieu": "URBAIN", "thematique": null, "type_qvh": null}}, {"type": "Feature", "geometry": {"type": "Point", "coordinates": [-14.153122, 12.911332]}, "properties": {"id": "loisirs-955", "type": "loisirs", "type_label": "Loisirs", "nom": "BAR", "region": {"nom": "KOLDA", "code": 10}, "departement": {"nom": "VELINGARA", "code": 102}, "commune": {"nom": "SARE COLY SALLE", "code": 102203}, "communaute_rurale": {"nom": "DIAOBE KABENDOU", "code": 10220305}, "quartier_village": "DIAOBE 4 MODY BOYE", "milieu": "URBAIN", "thematique": null, "type_qvh": null}}, {"type": "Feature", "geometry": {"type": "Point", "coordinates": [-14.15828, 12.907789]}, "properties": {"id": "loisirs-956", "type": "loisirs", "type_label": "Loisirs", "nom": "BAR", "region": {"nom": "KOLDA", "code": 10}, "departement": {"nom": "VELINGARA", "code": 102}, "commune": {"nom": "SARE COLY SALLE", "code": 102203}, "communaute_rurale": {"nom": "DIAOBE KABENDOU", "code": 10220305}, "quartier_village": "DIAOBE 3", "milieu": "URBAIN", "thematique": null, "type_qvh": null}}, {"type": "Feature", "geometry": {"type": "Point", "coordinates": [-14.270796, 13.204724]}, "properties": {"id": "loisirs-957", "type": "loisirs", "type_label": "Loisirs", "nom": "SALE DE SPECTACLE MATCHS FOOT BALL", "region": {"nom": "KOLDA", "code": 10}, "departement": {"nom": "VELINGARA", "code": 102}, "commune": {"nom": "SARE COLY SALLE", "code": 102203}, "communaute_rurale": {"nom": "KANDIA", "code": 10220301}, "quartier_village": "LAMBATARA", "milieu": "RURAL", "thematique": null, "type_qvh": null}}, {"type": "Feature", "geometry": {"type": "Point", "coordinates": [-14.081412, 12.931739]}, "properties": {"id": "loisirs-958", "type": "loisirs", "type_label": "Loisirs", "nom": "BAR", "region": {"nom": "KOLDA", "code": 10}, "departement": {"nom": "VELINGARA", "code": 102}, "commune": {"nom": "SARE COLY SALLE", "code": 102203}, "communaute_rurale": {"nom": "KOUNKANE", "code": 10220306}, "quartier_village": "ESCALE", "milieu": "URBAIN", "thematique": null, "type_qvh": null}}, {"type": "Feature", "geometry": {"type": "Point", "coordinates": [-14.080716, 12.935156]}, "properties": {"id": "loisirs-959", "type": "loisirs", "type_label": "Loisirs", "nom": "AUBERGE WORLD VISION", "region": {"nom": "KOLDA", "code": 10}, "departement": {"nom": "VELINGARA", "code": 102}, "commune": {"nom": "SARE COLY SALLE", "code": 102203}, "communaute_rurale": {"nom": "KOUNKANE", "code": 10220306}, "quartier_village": "DIARE DIAREA", "milieu": "URBAIN", "thematique": null, "type_qvh": null}}, {"type": "Feature", "geometry": {"type": "Point", "coordinates": [-14.099923, 13.149679]}, "properties": {"id": "loisirs-960", "type": "loisirs", "type_label": "Loisirs", "nom": "BAR", "region": {"nom": "KOLDA", "code": 10}, "departement": {"nom": "VELINGARA", "code": 102}, "commune": {"nom": "VELINGARA", "code": 102101}, "communaute_rurale": {"nom": "VELINGARA", "code": 10210100}, "quartier_village": "FOULBE", "milieu": "URBAIN", "thematique": null, "type_qvh": null}}, {"type": "Feature", "geometry": {"type": "Point", "coordinates": [-14.100058, 13.147009]}, "properties": {"id": "loisirs-961", "type": "loisirs", "type_label": "Loisirs", "nom": "BAR", "region": {"nom": "KOLDA", "code": 10}, "departement": {"nom": "VELINGARA", "code": 102}, "commune": {"nom": "VELINGARA", "code": 102101}, "communaute_rurale": {"nom": "VELINGARA", "code": 10210100}, "quartier_village": "FOULBE", "milieu": "URBAIN", "thematique": null, "type_qvh": null}}, {"type": "Feature", "geometry": {"type": "Point", "coordinates": [-14.12029, 13.148005]}, "properties": {"id": "loisirs-962", "type": "loisirs", "type_label": "Loisirs", "nom": "Loisirs", "region": {"nom": "KOLDA", "code": 10}, "departement": {"nom": "VELINGARA", "code": 102}, "commune": {"nom": "VELINGARA", "code": 102101}, "communaute_rurale": {"nom": "VELINGARA", "code": 10210100}, "quartier_village": "NASSOUROULAHI", "milieu": "URBAIN", "thematique": null, "type_qvh": null}}, {"type": "Feature", "geometry": {"type": "Point", "coordinates": [-14.104852, 13.146443]}, "properties": {"id": "loisirs-963", "type": "loisirs", "type_label": "Loisirs", "nom": "BAR LE PRADO", "region": {"nom": "KOLDA", "code": 10}, "departement": {"nom": "VELINGARA", "code": 102}, "commune": {"nom": "VELINGARA", "code": 102101}, "communaute_rurale": {"nom": "VELINGARA", "code": 10210100}, "quartier_village": "FOULBE", "milieu": "URBAIN", "thematique": null, "type_qvh": null}}, {"type": "Feature", "geometry": {"type": "Point", "coordinates": [-14.100741, 13.157643]}, "properties": {"id": "loisirs-964", "type": "loisirs", "type_label": "Loisirs", "nom": "BAR", "region": {"nom": "KOLDA", "code": 10}, "departement": {"nom": "VELINGARA", "code": 102}, "commune": {"nom": "VELINGARA", "code": 102101}, "communaute_rurale": {"nom": "VELINGARA", "code": 10210100}, "quartier_village": "VELINGARA PEULH", "milieu": "URBAIN", "thematique": null, "type_qvh": null}}, {"type": "Feature", "geometry": {"type": "Point", "coordinates": [-14.943626, 12.879762]}, "properties": {"id": "loisirs-965", "type": "loisirs", "type_label": "Loisirs", "nom": "BAR", "region": {"nom": "KOLDA", "code": 10}, "departement": {"nom": "KOLDA", "code": 101}, "commune": {"nom": "KOLDA", "code": 101101}, "communaute_rurale": {"nom": "KOLDA", "code": 10110100}, "quartier_village": "BOUNA KANE", "milieu": "URBAIN", "thematique": null, "type_qvh": null}}, {"type": "Feature", "geometry": {"type": "Point", "coordinates": [-14.942638, 12.882396]}, "properties": {"id": "loisirs-966", "type": "loisirs", "type_label": "Loisirs", "nom": "BAR", "region": {"nom": "KOLDA", "code": 10}, "departement": {"nom": "KOLDA", "code": 101}, "commune": {"nom": "KOLDA", "code": 101101}, "communaute_rurale": {"nom": "KOLDA", "code": 10110100}, "quartier_village": "BOUNA KANE", "milieu": "URBAIN", "thematique": null, "type_qvh": null}}, {"type": "Feature", "geometry": {"type": "Point", "coordinates": [-14.943705, 12.891726]}, "properties": {"id": "loisirs-967", "type": "loisirs", "type_label": "Loisirs", "nom": "BAR", "region": {"nom": "KOLDA", "code": 10}, "departement": {"nom": "KOLDA", "code": 101}, "commune": {"nom": "KOLDA", "code": 101101}, "communaute_rurale": {"nom": "KOLDA", "code": 10110100}, "quartier_village": "GADAPARA", "milieu": "URBAIN", "thematique": null, "type_qvh": null}}, {"type": "Feature", "geometry": {"type": "Point", "coordinates": [-14.940539, 12.888926]}, "properties": {"id": "loisirs-968", "type": "loisirs", "type_label": "Loisirs", "nom": "BAR", "region": {"nom": "KOLDA", "code": 10}, "departement": {"nom": "KOLDA", "code": 101}, "commune": {"nom": "KOLDA", "code": 101101}, "communaute_rurale": {"nom": "KOLDA", "code": 10110100}, "quartier_village": "GADAPARA", "milieu": "URBAIN", "thematique": null, "type_qvh": null}}, {"type": "Feature", "geometry": {"type": "Point", "coordinates": [-14.941336, 12.896353]}, "properties": {"id": "loisirs-969", "type": "loisirs", "type_label": "Loisirs", "nom": "BAR", "region": {"nom": "KOLDA", "code": 10}, "departement": {"nom": "KOLDA", "code": 101}, "commune": {"nom": "KOLDA", "code": 101101}, "communaute_rurale": {"nom": "KOLDA", "code": 10110100}, "quartier_village": "DOUMASSOU", "milieu": "URBAIN", "thematique": null, "type_qvh": null}}, {"type": "Feature", "geometry": {"type": "Point", "coordinates": [-14.950435, 12.907494]}, "properties": {"id": "loisirs-970", "type": "loisirs", "type_label": "Loisirs", "nom": "BAR", "region": {"nom": "KOLDA", "code": 10}, "departement": {"nom": "KOLDA", "code": 101}, "commune": {"nom": "KOLDA", "code": 101101}, "communaute_rurale": {"nom": "KOLDA", "code": 10110100}, "quartier_village": "ZONE LYCEE", "milieu": "URBAIN", "thematique": null, "type_qvh": null}}, {"type": "Feature", "geometry": {"type": "Point", "coordinates": [-14.943537, 12.90905]}, "properties": {"id": "loisirs-971", "type": "loisirs", "type_label": "Loisirs", "nom": "BAR", "region": {"nom": "KOLDA", "code": 10}, "departement": {"nom": "KOLDA", "code": 101}, "commune": {"nom": "KOLDA", "code": 101101}, "communaute_rurale": {"nom": "KOLDA", "code": 10110100}, "quartier_village": "MEDINA", "milieu": "URBAIN", "thematique": null, "type_qvh": null}}, {"type": "Feature", "geometry": {"type": "Point", "coordinates": [-14.935397, 12.895888]}, "properties": {"id": "loisirs-972", "type": "loisirs", "type_label": "Loisirs", "nom": "BAR", "region": {"nom": "KOLDA", "code": 10}, "departement": {"nom": "KOLDA", "code": 101}, "commune": {"nom": "KOLDA", "code": 101101}, "communaute_rurale": {"nom": "KOLDA", "code": 10110100}, "quartier_village": "NDIOBENE", "milieu": "URBAIN", "thematique": null, "type_qvh": null}}, {"type": "Feature", "geometry": {"type": "Point", "coordinates": [-14.93, 12.9041]}, "properties": {"id": "loisirs-973", "type": "loisirs", "type_label": "Loisirs", "nom": "BAR", "region": {"nom": "KOLDA", "code": 10}, "departement": {"nom": "KOLDA", "code": 101}, "commune": {"nom": "KOLDA", "code": 101101}, "communaute_rurale": {"nom": "KOLDA", "code": 10110100}, "quartier_village": "SIKILO NORD", "milieu": "URBAIN", "thematique": null, "type_qvh": null}}, {"type": "Feature", "geometry": {"type": "Point", "coordinates": [-16.68958, 14.764219]}, "properties": {"id": "loisirs-974", "type": "loisirs", "type_label": "Loisirs", "nom": "BAR", "region": {"nom": "THIES", "code": 7}, "departement": {"nom": "THIES", "code": 72}, "commune": {"nom": "KHOMBOLE", "code": 72101}, "communaute_rurale": {"nom": "KHOMBOLE", "code": 7210100}, "quartier_village": "KEUR MACODOU", "milieu": "URBAIN", "thematique": null, "type_qvh": null}}, {"type": "Feature", "geometry": {"type": "Point", "coordinates": [-16.937797, 14.793415]}, "properties": {"id": "loisirs-975", "type": "loisirs", "type_label": "Loisirs", "nom": "PALAIS DES ARTS", "region": {"nom": "THIES", "code": 7}, "departement": {"nom": "THIES", "code": 72}, "commune": {"nom": "THIES", "code": 72301}, "communaute_rurale": {"nom": "THIES OUEST", "code": 7230122}, "quartier_village": "HLM DIXIEME", "milieu": "URBAIN", "thematique": null, "type_qvh": null}}, {"type": "Feature", "geometry": {"type": "Point", "coordinates": [-16.935972, 14.777175]}, "properties": {"id": "loisirs-976", "type": "loisirs", "type_label": "Loisirs", "nom": "BAR RESTAURANT", "region": {"nom": "THIES", "code": 7}, "departement": {"nom": "THIES", "code": 72}, "commune": {"nom": "THIES", "code": 72301}, "communaute_rurale": {"nom": "THIES OUEST", "code": 7230122}, "quartier_village": "MBOUR I", "milieu": "URBAIN", "thematique": null, "type_qvh": null}}, {"type": "Feature", "geometry": {"type": "Point", "coordinates": [-16.937843, 14.773843]}, "properties": {"id": "loisirs-977", "type": "loisirs", "type_label": "Loisirs", "nom": "BAR PAILLOTE", "region": {"nom": "THIES", "code": 7}, "departement": {"nom": "THIES", "code": 72}, "commune": {"nom": "THIES", "code": 72301}, "communaute_rurale": {"nom": "THIES OUEST", "code": 7230122}, "quartier_village": "MBOUR I", "milieu": "URBAIN", "thematique": null, "type_qvh": null}}, {"type": "Feature", "geometry": {"type": "Point", "coordinates": [-16.929097, 14.78618]}, "properties": {"id": "loisirs-978", "type": "loisirs", "type_label": "Loisirs", "nom": "BAR KEUR LEITY", "region": {"nom": "THIES", "code": 7}, "departement": {"nom": "THIES", "code": 72}, "commune": {"nom": "THIES", "code": 72301}, "communaute_rurale": {"nom": "THIES OUEST", "code": 7230122}, "quartier_village": "SOM", "milieu": "URBAIN", "thematique": null, "type_qvh": null}}, {"type": "Feature", "geometry": {"type": "Point", "coordinates": [-16.942544, 14.779523]}, "properties": {"id": "loisirs-979", "type": "loisirs", "type_label": "Loisirs", "nom": "BAR", "region": {"nom": "THIES", "code": 7}, "departement": {"nom": "THIES", "code": 72}, "commune": {"nom": "THIES", "code": 72301}, "communaute_rurale": {"nom": "THIES OUEST", "code": 7230122}, "quartier_village": "SOM", "milieu": "URBAIN", "thematique": null, "type_qvh": null}}, {"type": "Feature", "geometry": {"type": "Point", "coordinates": [-16.953168, 14.78448]}, "properties": {"id": "loisirs-980", "type": "loisirs", "type_label": "Loisirs", "nom": "BIENVENUE AU CAFFE DES ARTS", "region": {"nom": "THIES", "code": 7}, "departement": {"nom": "THIES", "code": 72}, "commune": {"nom": "THIES", "code": 72301}, "communaute_rurale": {"nom": "THIES OUEST", "code": 7230122}, "quartier_village": "ZONE INDUSTRIELLE", "milieu": "URBAIN", "thematique": null, "type_qvh": null}}, {"type": "Feature", "geometry": {"type": "Point", "coordinates": [-16.95872, 14.766728]}, "properties": {"id": "loisirs-981", "type": "loisirs", "type_label": "Loisirs", "nom": "SALLE DE JEUX", "region": {"nom": "THIES", "code": 7}, "departement": {"nom": "THIES", "code": 72}, "commune": {"nom": "THIES", "code": 72301}, "communaute_rurale": {"nom": "THIES OUEST", "code": 7230122}, "quartier_village": "MBOUR IV", "milieu": "URBAIN", "thematique": null, "type_qvh": null}}, {"type": "Feature", "geometry": {"type": "Point", "coordinates": [-16.947331, 14.768678]}, "properties": {"id": "loisirs-982", "type": "loisirs", "type_label": "Loisirs", "nom": "BAR", "region": {"nom": "THIES", "code": 7}, "departement": {"nom": "THIES", "code": 72}, "commune": {"nom": "THIES", "code": 72301}, "communaute_rurale": {"nom": "THIES OUEST", "code": 7230122}, "quartier_village": "MBOUR III (AMITIE)", "milieu": "URBAIN", "thematique": null, "type_qvh": null}}, {"type": "Feature", "geometry": {"type": "Point", "coordinates": [-16.942214, 14.774371]}, "properties": {"id": "loisirs-983", "type": "loisirs", "type_label": "Loisirs", "nom": "SALLE DE JEUX", "region": {"nom": "THIES", "code": 7}, "departement": {"nom": "THIES", "code": 72}, "commune": {"nom": "THIES", "code": 72301}, "communaute_rurale": {"nom": "THIES OUEST", "code": 7230122}, "quartier_village": "MBOUR I", "milieu": "URBAIN", "thematique": null, "type_qvh": null}}, {"type": "Feature", "geometry": {"type": "Point", "coordinates": [-16.946618, 14.773211]}, "properties": {"id": "loisirs-984", "type": "loisirs", "type_label": "Loisirs", "nom": "BAR", "region": {"nom": "THIES", "code": 7}, "departement": {"nom": "THIES", "code": 72}, "commune": {"nom": "THIES", "code": 72301}, "communaute_rurale": {"nom": "THIES OUEST", "code": 7230122}, "quartier_village": "HLM ROUTE DE MBOUR", "milieu": "URBAIN", "thematique": null, "type_qvh": null}}, {"type": "Feature", "geometry": {"type": "Point", "coordinates": [-16.945734, 14.775447]}, "properties": {"id": "loisirs-985", "type": "loisirs", "type_label": "Loisirs", "nom": "SALLE DE JEUX", "region": {"nom": "THIES", "code": 7}, "departement": {"nom": "THIES", "code": 72}, "commune": {"nom": "THIES", "code": 72301}, "communaute_rurale": {"nom": "THIES OUEST", "code": 7230122}, "quartier_village": "HLM ROUTE DE MBOUR", "milieu": "URBAIN", "thematique": null, "type_qvh": null}}, {"type": "Feature", "geometry": {"type": "Point", "coordinates": [-16.933013, 14.782654]}, "properties": {"id": "loisirs-986", "type": "loisirs", "type_label": "Loisirs", "nom": "SALLE DE JEUX", "region": {"nom": "THIES", "code": 7}, "departement": {"nom": "THIES", "code": 72}, "commune": {"nom": "THIES", "code": 72301}, "communaute_rurale": {"nom": "THIES OUEST", "code": 7230122}, "quartier_village": "SOM", "milieu": "URBAIN", "thematique": null, "type_qvh": null}}, {"type": "Feature", "geometry": {"type": "Point", "coordinates": [-16.939619, 14.781516]}, "properties": {"id": "loisirs-987", "type": "loisirs", "type_label": "Loisirs", "nom": "BAR", "region": {"nom": "THIES", "code": 7}, "departement": {"nom": "THIES", "code": 72}, "commune": {"nom": "THIES", "code": 72301}, "communaute_rurale": {"nom": "THIES OUEST", "code": 7230122}, "quartier_village": "SOM", "milieu": "URBAIN", "thematique": null, "type_qvh": null}}, {"type": "Feature", "geometry": {"type": "Point", "coordinates": [-16.930339, 14.781263]}, "properties": {"id": "loisirs-988", "type": "loisirs", "type_label": "Loisirs", "nom": "SALLE DE JEUX", "region": {"nom": "THIES", "code": 7}, "departement": {"nom": "THIES", "code": 72}, "commune": {"nom": "THIES", "code": 72301}, "communaute_rurale": {"nom": "THIES OUEST", "code": 7230122}, "quartier_village": "RANDOULENE SUD (GRAND THIES)", "milieu": "URBAIN", "thematique": null, "type_qvh": null}}, {"type": "Feature", "geometry": {"type": "Point", "coordinates": [-16.929799, 14.779121]}, "properties": {"id": "loisirs-989", "type": "loisirs", "type_label": "Loisirs", "nom": "SALLE DE JEUX", "region": {"nom": "THIES", "code": 7}, "departement": {"nom": "THIES", "code": 72}, "commune": {"nom": "THIES", "code": 72301}, "communaute_rurale": {"nom": "THIES OUEST", "code": 7230122}, "quartier_village": "RANDOULENE SUD (GRAND THIES)", "milieu": "URBAIN", "thematique": null, "type_qvh": null}}, {"type": "Feature", "geometry": {"type": "Point", "coordinates": [-16.935218, 14.772508]}, "properties": {"id": "loisirs-990", "type": "loisirs", "type_label": "Loisirs", "nom": "BAR", "region": {"nom": "THIES", "code": 7}, "departement": {"nom": "THIES", "code": 72}, "commune": {"nom": "THIES", "code": 72301}, "communaute_rurale": {"nom": "THIES OUEST", "code": 7230122}, "quartier_village": "MBOUR I", "milieu": "URBAIN", "thematique": null, "type_qvh": null}}, {"type": "Feature", "geometry": {"type": "Point", "coordinates": [-16.933515, 14.77414]}, "properties": {"id": "loisirs-991", "type": "loisirs", "type_label": "Loisirs", "nom": "BAR", "region": {"nom": "THIES", "code": 7}, "departement": {"nom": "THIES", "code": 72}, "commune": {"nom": "THIES", "code": 72301}, "communaute_rurale": {"nom": "THIES OUEST", "code": 7230122}, "quartier_village": "MBOUR I", "milieu": "URBAIN", "thematique": null, "type_qvh": null}}, {"type": "Feature", "geometry": {"type": "Point", "coordinates": [-16.939237, 14.775924]}, "properties": {"id": "loisirs-992", "type": "loisirs", "type_label": "Loisirs", "nom": "BAR", "region": {"nom": "THIES", "code": 7}, "departement": {"nom": "THIES", "code": 72}, "commune": {"nom": "THIES", "code": 72301}, "communaute_rurale": {"nom": "THIES OUEST", "code": 7230122}, "quartier_village": "MBOUR I", "milieu": "URBAIN", "thematique": null, "type_qvh": null}}, {"type": "Feature", "geometry": {"type": "Point", "coordinates": [-16.932541, 14.775444]}, "properties": {"id": "loisirs-993", "type": "loisirs", "type_label": "Loisirs", "nom": "SALLE DE JEUX", "region": {"nom": "THIES", "code": 7}, "departement": {"nom": "THIES", "code": 72}, "commune": {"nom": "THIES", "code": 72301}, "communaute_rurale": {"nom": "THIES OUEST", "code": 7230122}, "quartier_village": "MBOUR I", "milieu": "URBAIN", "thematique": null, "type_qvh": null}}, {"type": "Feature", "geometry": {"type": "Point", "coordinates": [-16.933267, 14.777578]}, "properties": {"id": "loisirs-994", "type": "loisirs", "type_label": "Loisirs", "nom": "ANIMATION", "region": {"nom": "THIES", "code": 7}, "departement": {"nom": "THIES", "code": 72}, "commune": {"nom": "THIES", "code": 72301}, "communaute_rurale": {"nom": "THIES OUEST", "code": 7230122}, "quartier_village": "MBOUR I", "milieu": "URBAIN", "thematique": null, "type_qvh": null}}, {"type": "Feature", "geometry": {"type": "Point", "coordinates": [-16.935706, 14.777339]}, "properties": {"id": "loisirs-995", "type": "loisirs", "type_label": "Loisirs", "nom": "SALLE DE JEUX", "region": {"nom": "THIES", "code": 7}, "departement": {"nom": "THIES", "code": 72}, "commune": {"nom": "THIES", "code": 72301}, "communaute_rurale": {"nom": "THIES OUEST", "code": 7230122}, "quartier_village": "MBOUR I", "milieu": "URBAIN", "thematique": null, "type_qvh": null}}, {"type": "Feature", "geometry": {"type": "Point", "coordinates": [-16.925225, 14.789353]}, "properties": {"id": "loisirs-996", "type": "loisirs", "type_label": "Loisirs", "nom": "SALLE DE JEUX", "region": {"nom": "THIES", "code": 7}, "departement": {"nom": "THIES", "code": 72}, "commune": {"nom": "THIES", "code": 72301}, "communaute_rurale": {"nom": "THIES OUEST", "code": 7230122}, "quartier_village": "RANDOULENE NORD", "milieu": "URBAIN", "thematique": null, "type_qvh": null}}, {"type": "Feature", "geometry": {"type": "Point", "coordinates": [-16.925382, 14.788056]}, "properties": {"id": "loisirs-997", "type": "loisirs", "type_label": "Loisirs", "nom": "LOTERIE NATIONALE SENEGALAISE (LONASE)", "region": {"nom": "THIES", "code": 7}, "departement": {"nom": "THIES", "code": 72}, "commune": {"nom": "THIES", "code": 72301}, "communaute_rurale": {"nom": "THIES OUEST", "code": 7230122}, "quartier_village": "RANDOULENE NORD", "milieu": "URBAIN", "thematique": null, "type_qvh": null}}, {"type": "Feature", "geometry": {"type": "Point", "coordinates": [-16.940348, 14.776419]}, "properties": {"id": "loisirs-998", "type": "loisirs", "type_label": "Loisirs", "nom": "BAR", "region": {"nom": "THIES", "code": 7}, "departement": {"nom": "THIES", "code": 72}, "commune": {"nom": "THIES", "code": 72301}, "communaute_rurale": {"nom": "THIES OUEST", "code": 7230122}, "quartier_village": "MBOUR I", "milieu": "URBAIN", "thematique": null, "type_qvh": null}}, {"type": "Feature", "geometry": {"type": "Point", "coordinates": [-16.943699, 14.792554]}, "properties": {"id": "loisirs-999", "type": "loisirs", "type_label": "Loisirs", "nom": "BAR", "region": {"nom": "THIES", "code": 7}, "departement": {"nom": "THIES", "code": 72}, "commune": {"nom": "THIES", "code": 72301}, "communaute_rurale": {"nom": "THIES OUEST", "code": 7230122}, "quartier_village": "HLM DIXIEME", "milieu": "URBAIN", "thematique": null, "type_qvh": null}}, {"type": "Feature", "geometry": {"type": "Point", "coordinates": [-16.938411, 14.771742]}, "properties": {"id": "loisirs-1000", "type": "loisirs", "type_label": "Loisirs", "nom": "BAR", "region": {"nom": "THIES", "code": 7}, "departement": {"nom": "THIES", "code": 72}, "commune": {"nom": "THIES", "code": 72301}, "communaute_rurale": {"nom": "THIES OUEST", "code": 7230122}, "quartier_village": "MBOUR I", "milieu": "URBAIN", "thematique": null, "type_qvh": null}}, {"type": "Feature", "geometry": {"type": "Point", "coordinates": [-16.941519, 14.7725]}, "properties": {"id": "loisirs-1001", "type": "loisirs", "type_label": "Loisirs", "nom": "BAR", "region": {"nom": "THIES", "code": 7}, "departement": {"nom": "THIES", "code": 72}, "commune": {"nom": "THIES", "code": 72301}, "communaute_rurale": {"nom": "THIES OUEST", "code": 7230122}, "quartier_village": "MBOUR I", "milieu": "URBAIN", "thematique": null, "type_qvh": null}}, {"type": "Feature", "geometry": {"type": "Point", "coordinates": [-16.936208, 14.800978]}, "properties": {"id": "loisirs-1002", "type": "loisirs", "type_label": "Loisirs", "nom": "BAR", "region": {"nom": "THIES", "code": 7}, "departement": {"nom": "THIES", "code": 72}, "commune": {"nom": "THIES", "code": 72301}, "communaute_rurale": {"nom": "THIES NORD", "code": 7230111}, "quartier_village": "DIAKHAO", "milieu": "URBAIN", "thematique": null, "type_qvh": null}}, {"type": "Feature", "geometry": {"type": "Point", "coordinates": [-16.927436, 14.801522]}, "properties": {"id": "loisirs-1003", "type": "loisirs", "type_label": "Loisirs", "nom": "BAR", "region": {"nom": "THIES", "code": 7}, "departement": {"nom": "THIES", "code": 72}, "commune": {"nom": "THIES", "code": 72301}, "communaute_rurale": {"nom": "THIES NORD", "code": 7230111}, "quartier_village": "NGUINTH", "milieu": "URBAIN", "thematique": null, "type_qvh": null}}, {"type": "Feature", "geometry": {"type": "Point", "coordinates": [-16.901257, 14.829512]}, "properties": {"id": "loisirs-1004", "type": "loisirs", "type_label": "Loisirs", "nom": "BISTROT", "region": {"nom": "THIES", "code": 7}, "departement": {"nom": "THIES", "code": 72}, "commune": {"nom": "THIES", "code": 72301}, "communaute_rurale": {"nom": "THIES NORD", "code": 7230111}, "quartier_village": "DIASSAP", "milieu": "URBAIN", "thematique": null, "type_qvh": null}}, {"type": "Feature", "geometry": {"type": "Point", "coordinates": [-16.925542, 14.82944]}, "properties": {"id": "loisirs-1005", "type": "loisirs", "type_label": "Loisirs", "nom": "LA PAYOTTE", "region": {"nom": "THIES", "code": 7}, "departement": {"nom": "THIES", "code": 72}, "commune": {"nom": "THIES", "code": 72301}, "communaute_rurale": {"nom": "THIES NORD", "code": 7230111}, "quartier_village": "ZAC DE THIES", "milieu": "URBAIN", "thematique": null, "type_qvh": null}}, {"type": "Feature", "geometry": {"type": "Point", "coordinates": [-16.927085, 14.799233]}, "properties": {"id": "loisirs-1006", "type": "loisirs", "type_label": "Loisirs", "nom": "BAR", "region": {"nom": "THIES", "code": 7}, "departement": {"nom": "THIES", "code": 72}, "commune": {"nom": "THIES", "code": 72301}, "communaute_rurale": {"nom": "THIES NORD", "code": 7230111}, "quartier_village": "ESCALE NORD", "milieu": "URBAIN", "thematique": null, "type_qvh": null}}, {"type": "Feature", "geometry": {"type": "Point", "coordinates": [-16.913562, 14.801678]}, "properties": {"id": "loisirs-1007", "type": "loisirs", "type_label": "Loisirs", "nom": "SALLE DE JEUX", "region": {"nom": "THIES", "code": 7}, "departement": {"nom": "THIES", "code": 72}, "commune": {"nom": "THIES", "code": 72301}, "communaute_rurale": {"nom": "THIES NORD", "code": 7230111}, "quartier_village": "MEDINA FALL", "milieu": "URBAIN", "thematique": null, "type_qvh": null}}, {"type": "Feature", "geometry": {"type": "Point", "coordinates": [-16.911405, 14.811561]}, "properties": {"id": "loisirs-1008", "type": "loisirs", "type_label": "Loisirs", "nom": "PREMIER BET", "region": {"nom": "THIES", "code": 7}, "departement": {"nom": "THIES", "code": 72}, "commune": {"nom": "THIES", "code": 72301}, "communaute_rurale": {"nom": "THIES NORD", "code": 7230111}, "quartier_village": "MEDINA FALL", "milieu": "URBAIN", "thematique": null, "type_qvh": null}}, {"type": "Feature", "geometry": {"type": "Point", "coordinates": [-16.92916, 14.811372]}, "properties": {"id": "loisirs-1009", "type": "loisirs", "type_label": "Loisirs", "nom": "BAR", "region": {"nom": "THIES", "code": 7}, "departement": {"nom": "THIES", "code": 72}, "commune": {"nom": "THIES", "code": 72301}, "communaute_rurale": {"nom": "THIES NORD", "code": 7230111}, "quartier_village": "THIALY (GRAND THIALY)", "milieu": "URBAIN", "thematique": null, "type_qvh": null}}, {"type": "Feature", "geometry": {"type": "Point", "coordinates": [-16.933231, 14.809093]}, "properties": {"id": "loisirs-1010", "type": "loisirs", "type_label": "Loisirs", "nom": "BAR", "region": {"nom": "THIES", "code": 7}, "departement": {"nom": "THIES", "code": 72}, "commune": {"nom": "THIES", "code": 72301}, "communaute_rurale": {"nom": "THIES NORD", "code": 7230111}, "quartier_village": "THIALY (GRAND THIALY)", "milieu": "URBAIN", "thematique": null, "type_qvh": null}}, {"type": "Feature", "geometry": {"type": "Point", "coordinates": [-16.933651, 14.804371]}, "properties": {"id": "loisirs-1011", "type": "loisirs", "type_label": "Loisirs", "nom": "BAR", "region": {"nom": "THIES", "code": 7}, "departement": {"nom": "THIES", "code": 72}, "commune": {"nom": "THIES", "code": 72301}, "communaute_rurale": {"nom": "THIES NORD", "code": 7230111}, "quartier_village": "THIALY (GRAND THIALY)", "milieu": "URBAIN", "thematique": null, "type_qvh": null}}, {"type": "Feature", "geometry": {"type": "Point", "coordinates": [-16.934526, 14.804407]}, "properties": {"id": "loisirs-1012", "type": "loisirs", "type_label": "Loisirs", "nom": "BAR", "region": {"nom": "THIES", "code": 7}, "departement": {"nom": "THIES", "code": 72}, "commune": {"nom": "THIES", "code": 72301}, "communaute_rurale": {"nom": "THIES NORD", "code": 7230111}, "quartier_village": "THIALY (GRAND THIALY)", "milieu": "URBAIN", "thematique": null, "type_qvh": null}}, {"type": "Feature", "geometry": {"type": "Point", "coordinates": [-16.929859, 14.804383]}, "properties": {"id": "loisirs-1013", "type": "loisirs", "type_label": "Loisirs", "nom": "BAR", "region": {"nom": "THIES", "code": 7}, "departement": {"nom": "THIES", "code": 72}, "commune": {"nom": "THIES", "code": 72301}, "communaute_rurale": {"nom": "THIES NORD", "code": 7230111}, "quartier_village": "THIALY (GRAND THIALY)", "milieu": "URBAIN", "thematique": null, "type_qvh": null}}, {"type": "Feature", "geometry": {"type": "Point", "coordinates": [-16.933899, 14.808335]}, "properties": {"id": "loisirs-1014", "type": "loisirs", "type_label": "Loisirs", "nom": "BAR", "region": {"nom": "THIES", "code": 7}, "departement": {"nom": "THIES", "code": 72}, "commune": {"nom": "THIES", "code": 72301}, "communaute_rurale": {"nom": "THIES NORD", "code": 7230111}, "quartier_village": "THIALY (GRAND THIALY)", "milieu": "URBAIN", "thematique": null, "type_qvh": null}}, {"type": "Feature", "geometry": {"type": "Point", "coordinates": [-16.92951, 14.808556]}, "properties": {"id": "loisirs-1015", "type": "loisirs", "type_label": "Loisirs", "nom": "DEPOT DE BOISSON", "region": {"nom": "THIES", "code": 7}, "departement": {"nom": "THIES", "code": 72}, "commune": {"nom": "THIES", "code": 72301}, "communaute_rurale": {"nom": "THIES NORD", "code": 7230111}, "quartier_village": "THIALY (GRAND THIALY)", "milieu": "URBAIN", "thematique": null, "type_qvh": null}}, {"type": "Feature", "geometry": {"type": "Point", "coordinates": [-16.936832, 14.79978]}, "properties": {"id": "loisirs-1016", "type": "loisirs", "type_label": "Loisirs", "nom": "BAR RESTAURANT ET LOCATION DE VOITURE", "region": {"nom": "THIES", "code": 7}, "departement": {"nom": "THIES", "code": 72}, "commune": {"nom": "THIES", "code": 72301}, "communaute_rurale": {"nom": "THIES NORD", "code": 7230111}, "quartier_village": "DIAKHAO", "milieu": "URBAIN", "thematique": null, "type_qvh": null}}, {"type": "Feature", "geometry": {"type": "Point", "coordinates": [-16.93596, 14.799913]}, "properties": {"id": "loisirs-1017", "type": "loisirs", "type_label": "Loisirs", "nom": "BAR", "region": {"nom": "THIES", "code": 7}, "departement": {"nom": "THIES", "code": 72}, "commune": {"nom": "THIES", "code": 72301}, "communaute_rurale": {"nom": "THIES NORD", "code": 7230111}, "quartier_village": "DIAKHAO", "milieu": "URBAIN", "thematique": null, "type_qvh": null}}, {"type": "Feature", "geometry": {"type": "Point", "coordinates": [-16.935835, 14.804849]}, "properties": {"id": "loisirs-1018", "type": "loisirs", "type_label": "Loisirs", "nom": "LOTERIE NATIONALE SENEGALAISE (LONASE)", "region": {"nom": "THIES", "code": 7}, "departement": {"nom": "THIES", "code": 72}, "commune": {"nom": "THIES", "code": 72301}, "communaute_rurale": {"nom": "THIES NORD", "code": 7230111}, "quartier_village": "THIALY (GRAND THIALY)", "milieu": "URBAIN", "thematique": null, "type_qvh": null}}, {"type": "Feature", "geometry": {"type": "Point", "coordinates": [-16.937006, 14.80186]}, "properties": {"id": "loisirs-1019", "type": "loisirs", "type_label": "Loisirs", "nom": "BAR", "region": {"nom": "THIES", "code": 7}, "departement": {"nom": "THIES", "code": 72}, "commune": {"nom": "THIES", "code": 72301}, "communaute_rurale": {"nom": "THIES NORD", "code": 7230111}, "quartier_village": "DIAKHAO", "milieu": "URBAIN", "thematique": null, "type_qvh": null}}, {"type": "Feature", "geometry": {"type": "Point", "coordinates": [-16.936588, 14.801933]}, "properties": {"id": "loisirs-1020", "type": "loisirs", "type_label": "Loisirs", "nom": "BAR", "region": {"nom": "THIES", "code": 7}, "departement": {"nom": "THIES", "code": 72}, "commune": {"nom": "THIES", "code": 72301}, "communaute_rurale": {"nom": "THIES NORD", "code": 7230111}, "quartier_village": "DIAKHAO", "milieu": "URBAIN", "thematique": null, "type_qvh": null}}, {"type": "Feature", "geometry": {"type": "Point", "coordinates": [-16.96002, 14.787897]}, "properties": {"id": "loisirs-1021", "type": "loisirs", "type_label": "Loisirs", "nom": "BAR", "region": {"nom": "THIES", "code": 7}, "departement": {"nom": "THIES", "code": 72}, "commune": {"nom": "THIES", "code": 72301}, "communaute_rurale": {"nom": "THIES NORD", "code": 7230111}, "quartier_village": "EPT (ECOLE POLYTECHNIQUE DE THIES)", "milieu": "URBAIN", "thematique": null, "type_qvh": null}}, {"type": "Feature", "geometry": {"type": "Point", "coordinates": [-16.933438, 14.80656]}, "properties": {"id": "loisirs-1022", "type": "loisirs", "type_label": "Loisirs", "nom": "BAR SAKAYA", "region": {"nom": "THIES", "code": 7}, "departement": {"nom": "THIES", "code": 72}, "commune": {"nom": "THIES", "code": 72301}, "communaute_rurale": {"nom": "THIES NORD", "code": 7230111}, "quartier_village": "THIALY (GRAND THIALY)", "milieu": "URBAIN", "thematique": null, "type_qvh": null}}, {"type": "Feature", "geometry": {"type": "Point", "coordinates": [-16.941233, 14.81059]}, "properties": {"id": "loisirs-1023", "type": "loisirs", "type_label": "Loisirs", "nom": "BAR", "region": {"nom": "THIES", "code": 7}, "departement": {"nom": "THIES", "code": 72}, "commune": {"nom": "THIES", "code": 72301}, "communaute_rurale": {"nom": "THIES NORD", "code": 7230111}, "quartier_village": "DIAKHAO THIALY", "milieu": "URBAIN", "thematique": null, "type_qvh": null}}, {"type": "Feature", "geometry": {"type": "Point", "coordinates": [-16.905809, 14.775349]}, "properties": {"id": "loisirs-1024", "type": "loisirs", "type_label": "Loisirs", "nom": "SALLE DE JEUX", "region": {"nom": "THIES", "code": 7}, "departement": {"nom": "THIES", "code": 72}, "commune": {"nom": "THIES SUD", "code": 72301}, "communaute_rurale": {"nom": "THIES EST", "code": 7230121}, "quartier_village": "HERSENT II", "milieu": "URBAIN", "thematique": null, "type_qvh": null}}, {"type": "Feature", "geometry": {"type": "Point", "coordinates": [-17.061595, 14.769213]}, "properties": {"id": "loisirs-1025", "type": "loisirs", "type_label": "Loisirs", "nom": "BAR", "region": {"nom": "THIES", "code": 7}, "departement": {"nom": "THIES", "code": 72}, "commune": {"nom": "POUT", "code": 72102}, "communaute_rurale": {"nom": "POUT", "code": 7210200}, "quartier_village": "MBAMBARA", "milieu": "URBAIN", "thematique": null, "type_qvh": null}}, {"type": "Feature", "geometry": {"type": "Point", "coordinates": [-17.118084, 14.780019]}, "properties": {"id": "loisirs-1026", "type": "loisirs", "type_label": "Loisirs", "nom": "BAR", "region": {"nom": "THIES", "code": 7}, "departement": {"nom": "THIES", "code": 72}, "commune": {"nom": "KEUR MOUSSEU", "code": 72203}, "communaute_rurale": {"nom": "KEUR MOUSSA", "code": 7220303}, "quartier_village": "KEUR MOUSSEU (KEUR MOUSSA)", "milieu": "RURAL", "thematique": null, "type_qvh": null}}, {"type": "Feature", "geometry": {"type": "Point", "coordinates": [-17.125159, 14.780845]}, "properties": {"id": "loisirs-1027", "type": "loisirs", "type_label": "Loisirs", "nom": "BAR", "region": {"nom": "THIES", "code": 7}, "departement": {"nom": "THIES", "code": 72}, "commune": {"nom": "KEUR MOUSSEU", "code": 72203}, "communaute_rurale": {"nom": "KEUR MOUSSA", "code": 7220303}, "quartier_village": "KEUR MOUSSEU (KEUR MOUSSA)", "milieu": "RURAL", "thematique": null, "type_qvh": null}}, {"type": "Feature", "geometry": {"type": "Point", "coordinates": [-17.061745, 14.721633]}, "properties": {"id": "loisirs-1028", "type": "loisirs", "type_label": "Loisirs", "nom": "SALLE DE JEUX", "region": {"nom": "THIES", "code": 7}, "departement": {"nom": "THIES", "code": 72}, "commune": {"nom": "KEUR MOUSSEU", "code": 72203}, "communaute_rurale": {"nom": "KEUR MOUSSA", "code": 7220303}, "quartier_village": "H1 NBADATT", "milieu": "RURAL", "thematique": null, "type_qvh": null}}, {"type": "Feature", "geometry": {"type": "Point", "coordinates": [-17.122378, 14.781501]}, "properties": {"id": "loisirs-1029", "type": "loisirs", "type_label": "Loisirs", "nom": "BAR", "region": {"nom": "THIES", "code": 7}, "departement": {"nom": "THIES", "code": 72}, "commune": {"nom": "KEUR MOUSSEU", "code": 72203}, "communaute_rurale": {"nom": "KEUR MOUSSA", "code": 7220303}, "quartier_village": "KEUR MOUSSEU (KEUR MOUSSA)", "milieu": "RURAL", "thematique": null, "type_qvh": null}}, {"type": "Feature", "geometry": {"type": "Point", "coordinates": [-17.130883, 14.884806]}, "properties": {"id": "loisirs-1030", "type": "loisirs", "type_label": "Loisirs", "nom": "SALLE DE JEUX", "region": {"nom": "THIES", "code": 7}, "departement": {"nom": "THIES", "code": 72}, "commune": {"nom": "KEUR MOUSSEU", "code": 72203}, "communaute_rurale": {"nom": "KAYAR", "code": 7220304}, "quartier_village": "KEUR ABDOU NDOYE 2", "milieu": "URBAIN", "thematique": null, "type_qvh": null}}, {"type": "Feature", "geometry": {"type": "Point", "coordinates": [-17.133033, 14.887584]}, "properties": {"id": "loisirs-1031", "type": "loisirs", "type_label": "Loisirs", "nom": "SALLE DES FETES", "region": {"nom": "THIES", "code": 7}, "departement": {"nom": "THIES", "code": 72}, "commune": {"nom": "KEUR MOUSSEU", "code": 72203}, "communaute_rurale": {"nom": "KAYAR", "code": 7220304}, "quartier_village": "KEUR ABDOU NDOYE 2", "milieu": "URBAIN", "thematique": null, "type_qvh": null}}, {"type": "Feature", "geometry": {"type": "Point", "coordinates": [-17.123641, 14.912639]}, "properties": {"id": "loisirs-1032", "type": "loisirs", "type_label": "Loisirs", "nom": "SALLE DE JEUX", "region": {"nom": "THIES", "code": 7}, "departement": {"nom": "THIES", "code": 72}, "commune": {"nom": "KEUR MOUSSEU", "code": 72203}, "communaute_rurale": {"nom": "KAYAR", "code": 7220304}, "quartier_village": "TANTY YOFF", "milieu": "URBAIN", "thematique": null, "type_qvh": null}}, {"type": "Feature", "geometry": {"type": "Point", "coordinates": [-17.123184, 14.914007]}, "properties": {"id": "loisirs-1033", "type": "loisirs", "type_label": "Loisirs", "nom": "SALLE DE JEUX", "region": {"nom": "THIES", "code": 7}, "departement": {"nom": "THIES", "code": 72}, "commune": {"nom": "KEUR MOUSSEU", "code": 72203}, "communaute_rurale": {"nom": "KAYAR", "code": 7220304}, "quartier_village": "TANTY YOFF", "milieu": "URBAIN", "thematique": null, "type_qvh": null}}, {"type": "Feature", "geometry": {"type": "Point", "coordinates": [-17.116128, 14.912631]}, "properties": {"id": "loisirs-1034", "type": "loisirs", "type_label": "Loisirs", "nom": "SALLE DE JEUX", "region": {"nom": "THIES", "code": 7}, "departement": {"nom": "THIES", "code": 72}, "commune": {"nom": "KEUR MOUSSEU", "code": 72203}, "communaute_rurale": {"nom": "KAYAR", "code": 7220304}, "quartier_village": "DAROU SALAM", "milieu": "URBAIN", "thematique": null, "type_qvh": null}}, {"type": "Feature", "geometry": {"type": "Point", "coordinates": [-16.902345, 14.774578]}, "properties": {"id": "loisirs-1035", "type": "loisirs", "type_label": "Loisirs", "nom": "BAR", "region": {"nom": "THIES", "code": 7}, "departement": {"nom": "THIES", "code": 72}, "commune": {"nom": "KEUR MOUSSEU", "code": 72203}, "communaute_rurale": {"nom": "FANDENE", "code": 7220302}, "quartier_village": "PEYCOUCK SERERE", "milieu": "RURAL", "thematique": null, "type_qvh": null}}, {"type": "Feature", "geometry": {"type": "Point", "coordinates": [-16.850316, 14.80323]}, "properties": {"id": "loisirs-1036", "type": "loisirs", "type_label": "Loisirs", "nom": "BAR", "region": {"nom": "THIES", "code": 7}, "departement": {"nom": "THIES", "code": 72}, "commune": {"nom": "KEUR MOUSSEU", "code": 72203}, "communaute_rurale": {"nom": "FANDENE", "code": 7220302}, "quartier_village": "FANDENE THIATHIE", "milieu": "RURAL", "thematique": null, "type_qvh": null}}, {"type": "Feature", "geometry": {"type": "Point", "coordinates": [-16.889982, 14.853491]}, "properties": {"id": "loisirs-1037", "type": "loisirs", "type_label": "Loisirs", "nom": "BAR", "region": {"nom": "THIES", "code": 7}, "departement": {"nom": "THIES", "code": 72}, "commune": {"nom": "KEUR MOUSSEU", "code": 72203}, "communaute_rurale": {"nom": "FANDENE", "code": 7220302}, "quartier_village": "LALANE", "milieu": "RURAL", "thematique": null, "type_qvh": null}}, {"type": "Feature", "geometry": {"type": "Point", "coordinates": [-16.866645, 14.804228]}, "properties": {"id": "loisirs-1038", "type": "loisirs", "type_label": "Loisirs", "nom": "BAR", "region": {"nom": "THIES", "code": 7}, "departement": {"nom": "THIES", "code": 72}, "commune": {"nom": "KEUR MOUSSEU", "code": 72203}, "communaute_rurale": {"nom": "FANDENE", "code": 7220302}, "quartier_village": "H1 TENE TENE", "milieu": "RURAL", "thematique": null, "type_qvh": null}}, {"type": "Feature", "geometry": {"type": "Point", "coordinates": [-16.897164, 14.768834]}, "properties": {"id": "loisirs-1039", "type": "loisirs", "type_label": "Loisirs", "nom": "BAR", "region": {"nom": "THIES", "code": 7}, "departement": {"nom": "THIES", "code": 72}, "commune": {"nom": "KEUR MOUSSEU", "code": 72203}, "communaute_rurale": {"nom": "FANDENE", "code": 7220302}, "quartier_village": "PEYCOUCK SERERE", "milieu": "RURAL", "thematique": null, "type_qvh": null}}, {"type": "Feature", "geometry": {"type": "Point", "coordinates": [-17.138992, 14.832099]}, "properties": {"id": "loisirs-1040", "type": "loisirs", "type_label": "Loisirs", "nom": "BAR", "region": {"nom": "THIES", "code": 7}, "departement": {"nom": "THIES", "code": 72}, "commune": {"nom": "KEUR MOUSSA", "code": 72203}, "communaute_rurale": {"nom": "DIENDER", "code": 7220301}, "quartier_village": "BAYAKH I", "milieu": "RURAL", "thematique": null, "type_qvh": null}}, {"type": "Feature", "geometry": {"type": "Point", "coordinates": [-17.139732, 14.831911]}, "properties": {"id": "loisirs-1041", "type": "loisirs", "type_label": "Loisirs", "nom": "BAR", "region": {"nom": "THIES", "code": 7}, "departement": {"nom": "THIES", "code": 72}, "commune": {"nom": "KEUR MOUSSA", "code": 72203}, "communaute_rurale": {"nom": "DIENDER", "code": 7220301}, "quartier_village": "BAYAKH I", "milieu": "RURAL", "thematique": null, "type_qvh": null}}, {"type": "Feature", "geometry": {"type": "Point", "coordinates": [-16.870356, 15.102812]}, "properties": {"id": "loisirs-1042", "type": "loisirs", "type_label": "Loisirs", "nom": "CHEZ BERNARD", "region": {"nom": "THIES", "code": 7}, "departement": {"nom": "TIVAOUANE", "code": 73}, "commune": {"nom": "MEOUANE", "code": 73201}, "communaute_rurale": {"nom": "DAROU KHOUDOSS", "code": 7320103}, "quartier_village": "MEDINA FALL", "milieu": "RURAL", "thematique": null, "type_qvh": null}}, {"type": "Feature", "geometry": {"type": "Point", "coordinates": [-16.788241, 15.265393]}, "properties": {"id": "loisirs-1043", "type": "loisirs", "type_label": "Loisirs", "nom": "BAR", "region": {"nom": "THIES", "code": 7}, "departement": {"nom": "TIVAOUANE", "code": 73}, "commune": {"nom": "MEOUANE", "code": 73201}, "communaute_rurale": {"nom": "DAROU KHOUDOSS", "code": 7320103}, "quartier_village": "DIOGO", "milieu": "RURAL", "thematique": null, "type_qvh": null}}, {"type": "Feature", "geometry": {"type": "Point", "coordinates": [-16.80865, 14.956991]}, "properties": {"id": "loisirs-1044", "type": "loisirs", "type_label": "Loisirs", "nom": "PREMIER BET", "region": {"nom": "THIES", "code": 7}, "departement": {"nom": "TIVAOUANE", "code": 73}, "commune": {"nom": "TIVAOUANE", "code": 73102}, "communaute_rurale": {"nom": "TIVAOUANE", "code": 7310200}, "quartier_village": "FOGNY", "milieu": "URBAIN", "thematique": null, "type_qvh": null}}, {"type": "Feature", "geometry": {"type": "Point", "coordinates": [-16.889303, 14.961859]}, "properties": {"id": "loisirs-1045", "type": "loisirs", "type_label": "Loisirs", "nom": "DANCING", "region": {"nom": "THIES", "code": 7}, "departement": {"nom": "TIVAOUANE", "code": 73}, "commune": {"nom": "PAMBAL", "code": 73204}, "communaute_rurale": {"nom": "PAMBAL", "code": 7320405}, "quartier_village": "MBARAGLOU OGO", "milieu": "RURAL", "thematique": null, "type_qvh": null}}, {"type": "Feature", "geometry": {"type": "Point", "coordinates": [-16.852319, 14.946894]}, "properties": {"id": "loisirs-1046", "type": "loisirs", "type_label": "Loisirs", "nom": "Loisirs", "region": {"nom": "THIES", "code": 7}, "departement": {"nom": "TIVAOUANE", "code": 73}, "commune": {"nom": "PAMBAL", "code": 73204}, "communaute_rurale": {"nom": "PAMBAL", "code": 7320405}, "quartier_village": "YENDANE", "milieu": "RURAL", "thematique": null, "type_qvh": null}}, {"type": "Feature", "geometry": {"type": "Point", "coordinates": [-16.986798, 14.919839]}, "properties": {"id": "loisirs-1047", "type": "loisirs", "type_label": "Loisirs", "nom": "SALLE YUGUS", "region": {"nom": "THIES", "code": 7}, "departement": {"nom": "TIVAOUANE", "code": 73}, "commune": {"nom": "PAMBAL", "code": 73204}, "communaute_rurale": {"nom": "MONT ROLLAND", "code": 7320402}, "quartier_village": "PAKHAMKOUYE II", "milieu": "RURAL", "thematique": null, "type_qvh": null}}, {"type": "Feature", "geometry": {"type": "Point", "coordinates": [-16.994934, 14.921215]}, "properties": {"id": "loisirs-1048", "type": "loisirs", "type_label": "Loisirs", "nom": "BAR", "region": {"nom": "THIES", "code": 7}, "departement": {"nom": "TIVAOUANE", "code": 73}, "commune": {"nom": "PAMBAL", "code": 73204}, "communaute_rurale": {"nom": "MONT ROLLAND", "code": 7320402}, "quartier_village": "TIVIGNE DIASSA", "milieu": "RURAL", "thematique": null, "type_qvh": null}}, {"type": "Feature", "geometry": {"type": "Point", "coordinates": [-16.981033, 14.91786]}, "properties": {"id": "loisirs-1049", "type": "loisirs", "type_label": "Loisirs", "nom": "FAM GANA", "region": {"nom": "THIES", "code": 7}, "departement": {"nom": "TIVAOUANE", "code": 73}, "commune": {"nom": "PAMBAL", "code": 73204}, "communaute_rurale": {"nom": "MONT ROLLAND", "code": 7320402}, "quartier_village": "TIVIGNE TANGHOR", "milieu": "RURAL", "thematique": null, "type_qvh": null}}, {"type": "Feature", "geometry": {"type": "Point", "coordinates": [-16.984047, 14.919177]}, "properties": {"id": "loisirs-1050", "type": "loisirs", "type_label": "Loisirs", "nom": "BAR LE PARADIS", "region": {"nom": "THIES", "code": 7}, "departement": {"nom": "TIVAOUANE", "code": 73}, "commune": {"nom": "PAMBAL", "code": 73204}, "communaute_rurale": {"nom": "MONT ROLLAND", "code": 7320402}, "quartier_village": "TIVIGNE TANGHOR", "milieu": "RURAL", "thematique": null, "type_qvh": null}}, {"type": "Feature", "geometry": {"type": "Point", "coordinates": [-16.722681, 14.40948]}, "properties": {"id": "loisirs-1051", "type": "loisirs", "type_label": "Loisirs", "nom": "BAR RESTAURANT ADAMA FAYE", "region": {"nom": "THIES", "code": 7}, "departement": {"nom": "MBOUR", "code": 71}, "commune": {"nom": "SESSENE", "code": 71202}, "communaute_rurale": {"nom": "THIADIAYE", "code": 7120204}, "quartier_village": "CHAMPS DE COURSE OUEST", "milieu": "URBAIN", "thematique": null, "type_qvh": null}}, {"type": "Feature", "geometry": {"type": "Point", "coordinates": [-16.696542, 14.419276]}, "properties": {"id": "loisirs-1052", "type": "loisirs", "type_label": "Loisirs", "nom": "BAR", "region": {"nom": "THIES", "code": 7}, "departement": {"nom": "MBOUR", "code": 71}, "commune": {"nom": "SESSENE", "code": 71202}, "communaute_rurale": {"nom": "THIADIAYE", "code": 7120204}, "quartier_village": "CHAMPS DE COURSE EST", "milieu": "URBAIN", "thematique": null, "type_qvh": null}}, {"type": "Feature", "geometry": {"type": "Point", "coordinates": [-17.075591, 14.487358]}, "properties": {"id": "loisirs-1053", "type": "loisirs", "type_label": "Loisirs", "nom": "BAR ANGE BERNARD", "region": {"nom": "THIES", "code": 7}, "departement": {"nom": "MBOUR", "code": 71}, "commune": {"nom": "SINDIA", "code": 71203}, "communaute_rurale": {"nom": "SOMONE", "code": 7120308}, "quartier_village": "GUINAW RAIL", "milieu": "URBAIN", "thematique": null, "type_qvh": null}}, {"type": "Feature", "geometry": {"type": "Point", "coordinates": [-17.058888, 14.496086]}, "properties": {"id": "loisirs-1054", "type": "loisirs", "type_label": "Loisirs", "nom": "BAR RESTAURANT LOUNGE", "region": {"nom": "THIES", "code": 7}, "departement": {"nom": "MBOUR", "code": 71}, "commune": {"nom": "SINDIA", "code": 71203}, "communaute_rurale": {"nom": "SOMONE", "code": 7120308}, "quartier_village": "GUINAW RAIL", "milieu": "URBAIN", "thematique": null, "type_qvh": null}}, {"type": "Feature", "geometry": {"type": "Point", "coordinates": [-17.07221, 14.475379]}, "properties": {"id": "loisirs-1055", "type": "loisirs", "type_label": "Loisirs", "nom": "BAR RESTAURANT LE VIVIER", "region": {"nom": "THIES", "code": 7}, "departement": {"nom": "MBOUR", "code": 71}, "commune": {"nom": "SINDIA", "code": 71203}, "communaute_rurale": {"nom": "SOMONE", "code": 7120308}, "quartier_village": "KANDA", "milieu": "URBAIN", "thematique": null, "type_qvh": null}}, {"type": "Feature", "geometry": {"type": "Point", "coordinates": [-17.078082, 14.483078]}, "properties": {"id": "loisirs-1056", "type": "loisirs", "type_label": "Loisirs", "nom": "BAR RESTAURANT GALGUI", "region": {"nom": "THIES", "code": 7}, "departement": {"nom": "MBOUR", "code": 71}, "commune": {"nom": "SINDIA", "code": 71203}, "communaute_rurale": {"nom": "SOMONE", "code": 7120308}, "quartier_village": "TEFESS", "milieu": "URBAIN", "thematique": null, "type_qvh": null}}, {"type": "Feature", "geometry": {"type": "Point", "coordinates": [-17.06792, 14.481949]}, "properties": {"id": "loisirs-1057", "type": "loisirs", "type_label": "Loisirs", "nom": "PISCINE", "region": {"nom": "THIES", "code": 7}, "departement": {"nom": "MBOUR", "code": 71}, "commune": {"nom": "SINDIA", "code": 71203}, "communaute_rurale": {"nom": "SOMONE", "code": 7120308}, "quartier_village": "KANDA", "milieu": "URBAIN", "thematique": null, "type_qvh": null}}, {"type": "Feature", "geometry": {"type": "Point", "coordinates": [-17.075682, 14.482771]}, "properties": {"id": "loisirs-1058", "type": "loisirs", "type_label": "Loisirs", "nom": "CHEZ JOE", "region": {"nom": "THIES", "code": 7}, "departement": {"nom": "MBOUR", "code": 71}, "commune": {"nom": "SINDIA", "code": 71203}, "communaute_rurale": {"nom": "SOMONE", "code": 7120308}, "quartier_village": "TEFESS", "milieu": "URBAIN", "thematique": null, "type_qvh": null}}, {"type": "Feature", "geometry": {"type": "Point", "coordinates": [-17.041851, 14.480058]}, "properties": {"id": "loisirs-1059", "type": "loisirs", "type_label": "Loisirs", "nom": "PARC EXOTIQUES", "region": {"nom": "THIES", "code": 7}, "departement": {"nom": "MBOUR", "code": 71}, "commune": {"nom": "SINDIA", "code": 71203}, "communaute_rurale": {"nom": "SINDIA", "code": 7120303}, "quartier_village": "NGUERIGNE (NGUERIGNE BAMBARA)", "milieu": "RURAL", "thematique": null, "type_qvh": null}}, {"type": "Feature", "geometry": {"type": "Point", "coordinates": [-17.030151, 14.48523]}, "properties": {"id": "loisirs-1060", "type": "loisirs", "type_label": "Loisirs", "nom": "BAR RESTAURANT", "region": {"nom": "THIES", "code": 7}, "departement": {"nom": "MBOUR", "code": 71}, "commune": {"nom": "SINDIA", "code": 71203}, "communaute_rurale": {"nom": "SINDIA", "code": 7120303}, "quartier_village": "H2 NGUERIGNE SERERE", "milieu": "RURAL", "thematique": null, "type_qvh": null}}, {"type": "Feature", "geometry": {"type": "Point", "coordinates": [-17.032808, 14.584431]}, "properties": {"id": "loisirs-1061", "type": "loisirs", "type_label": "Loisirs", "nom": "SALLE DE JEUX", "region": {"nom": "THIES", "code": 7}, "departement": {"nom": "MBOUR", "code": 71}, "commune": {"nom": "SINDIA", "code": 71203}, "communaute_rurale": {"nom": "SINDIA", "code": 7120303}, "quartier_village": "SINDIA", "milieu": "RURAL", "thematique": null, "type_qvh": null}}, {"type": "Feature", "geometry": {"type": "Point", "coordinates": [-17.056086, 14.521655]}, "properties": {"id": "loisirs-1062", "type": "loisirs", "type_label": "Loisirs", "nom": "BAR DU CAMPEMENT", "region": {"nom": "THIES", "code": 7}, "departement": {"nom": "MBOUR", "code": 71}, "commune": {"nom": "SINDIA", "code": 71203}, "communaute_rurale": {"nom": "SINDIA", "code": 7120303}, "quartier_village": "THIAFOURA", "milieu": "RURAL", "thematique": null, "type_qvh": null}}, {"type": "Feature", "geometry": {"type": "Point", "coordinates": [-17.03572, 14.451581]}, "properties": {"id": "loisirs-1063", "type": "loisirs", "type_label": "Loisirs", "nom": "PISCINE OLYMPIQUE", "region": {"nom": "THIES", "code": 7}, "departement": {"nom": "MBOUR", "code": 71}, "commune": {"nom": "SINDIA", "code": 71203}, "communaute_rurale": {"nom": "SINDIA", "code": 7120303}, "quartier_village": "NDIOROTH MBOTH", "milieu": "RURAL", "thematique": null, "type_qvh": null}}, {"type": "Feature", "geometry": {"type": "Point", "coordinates": [-17.018747, 14.469796]}, "properties": {"id": "loisirs-1064", "type": "loisirs", "type_label": "Loisirs", "nom": "PARC DE LOISIRS", "region": {"nom": "THIES", "code": 7}, "departement": {"nom": "MBOUR", "code": 71}, "commune": {"nom": "SINDIA", "code": 71203}, "communaute_rurale": {"nom": "SINDIA", "code": 7120303}, "quartier_village": "H1 THIERERE ( NDRIOROTH SERERE )", "milieu": "RURAL", "thematique": null, "type_qvh": null}}, {"type": "Feature", "geometry": {"type": "Point", "coordinates": [-17.034474, 14.581424]}, "properties": {"id": "loisirs-1065", "type": "loisirs", "type_label": "Loisirs", "nom": "SALLE DE JEUX", "region": {"nom": "THIES", "code": 7}, "departement": {"nom": "MBOUR", "code": 71}, "commune": {"nom": "SINDIA", "code": 71203}, "communaute_rurale": {"nom": "SINDIA", "code": 7120303}, "quartier_village": "SINDIA", "milieu": "RURAL", "thematique": null, "type_qvh": null}}, {"type": "Feature", "geometry": {"type": "Point", "coordinates": [-17.029952, 14.485051]}, "properties": {"id": "loisirs-1066", "type": "loisirs", "type_label": "Loisirs", "nom": "BAR", "region": {"nom": "THIES", "code": 7}, "departement": {"nom": "MBOUR", "code": 71}, "commune": {"nom": "SINDIA", "code": 71203}, "communaute_rurale": {"nom": "SINDIA", "code": 7120303}, "quartier_village": "H2 NGUERIGNE SERERE", "milieu": "RURAL", "thematique": null, "type_qvh": null}}, {"type": "Feature", "geometry": {"type": "Point", "coordinates": [-17.029481, 14.486047]}, "properties": {"id": "loisirs-1067", "type": "loisirs", "type_label": "Loisirs", "nom": "BAR", "region": {"nom": "THIES", "code": 7}, "departement": {"nom": "MBOUR", "code": 71}, "commune": {"nom": "SINDIA", "code": 71203}, "communaute_rurale": {"nom": "SINDIA", "code": 7120303}, "quartier_village": "H2 NGUERIGNE SERERE", "milieu": "RURAL", "thematique": null, "type_qvh": null}}, {"type": "Feature", "geometry": {"type": "Point", "coordinates": [-17.029875, 14.485587]}, "properties": {"id": "loisirs-1068", "type": "loisirs", "type_label": "Loisirs", "nom": "BAR", "region": {"nom": "THIES", "code": 7}, "departement": {"nom": "MBOUR", "code": 71}, "commune": {"nom": "SINDIA", "code": 71203}, "communaute_rurale": {"nom": "SINDIA", "code": 7120303}, "quartier_village": "H2 NGUERIGNE SERERE", "milieu": "RURAL", "thematique": null, "type_qvh": null}}, {"type": "Feature", "geometry": {"type": "Point", "coordinates": [-17.033796, 14.480508]}, "properties": {"id": "loisirs-1069", "type": "loisirs", "type_label": "Loisirs", "nom": "LE MISSO", "region": {"nom": "THIES", "code": 7}, "departement": {"nom": "MBOUR", "code": 71}, "commune": {"nom": "SINDIA", "code": 71203}, "communaute_rurale": {"nom": "SINDIA", "code": 7120303}, "quartier_village": "NGUERIGNE (NGUERIGNE BAMBARA)", "milieu": "RURAL", "thematique": null, "type_qvh": null}}, {"type": "Feature", "geometry": {"type": "Point", "coordinates": [-17.035664, 14.476977]}, "properties": {"id": "loisirs-1070", "type": "loisirs", "type_label": "Loisirs", "nom": "AIRE DE JEUX", "region": {"nom": "THIES", "code": 7}, "departement": {"nom": "MBOUR", "code": 71}, "commune": {"nom": "SINDIA", "code": 71203}, "communaute_rurale": {"nom": "SINDIA", "code": 7120303}, "quartier_village": "NGUERIGNE (NGUERIGNE BAMBARA)", "milieu": "RURAL", "thematique": null, "type_qvh": null}}, {"type": "Feature", "geometry": {"type": "Point", "coordinates": [-16.793121, 14.438396]}, "properties": {"id": "loisirs-1071", "type": "loisirs", "type_label": "Loisirs", "nom": "BAR", "region": {"nom": "THIES", "code": 7}, "departement": {"nom": "MBOUR", "code": 71}, "commune": {"nom": "SESSENE", "code": 71202}, "communaute_rurale": {"nom": "SANDIARA", "code": 7120202}, "quartier_village": "SANDIARA SERERE", "milieu": "RURAL", "thematique": null, "type_qvh": null}}, {"type": "Feature", "geometry": {"type": "Point", "coordinates": [-16.793101, 14.435501]}, "properties": {"id": "loisirs-1072", "type": "loisirs", "type_label": "Loisirs", "nom": "SALLE DE JEUX", "region": {"nom": "THIES", "code": 7}, "departement": {"nom": "MBOUR", "code": 71}, "commune": {"nom": "SESSENE", "code": 71202}, "communaute_rurale": {"nom": "SANDIARA", "code": 7120202}, "quartier_village": "SANDIARA SERERE", "milieu": "RURAL", "thematique": null, "type_qvh": null}}, {"type": "Feature", "geometry": {"type": "Point", "coordinates": [-17.00276, 14.439296]}, "properties": {"id": "loisirs-1073", "type": "loisirs", "type_label": "Loisirs", "nom": "BAR RESTAURANT", "region": {"nom": "THIES", "code": 7}, "departement": {"nom": "MBOUR", "code": 71}, "commune": {"nom": "SINDIA", "code": 71203}, "communaute_rurale": {"nom": "SALY PORTUDAL", "code": 7120307}, "quartier_village": "SALY BAMBARA", "milieu": "URBAIN", "thematique": null, "type_qvh": null}}, {"type": "Feature", "geometry": {"type": "Point", "coordinates": [-16.998698, 14.444341]}, "properties": {"id": "loisirs-1074", "type": "loisirs", "type_label": "Loisirs", "nom": "BAR RESTAURANT", "region": {"nom": "THIES", "code": 7}, "departement": {"nom": "MBOUR", "code": 71}, "commune": {"nom": "SINDIA", "code": 71203}, "communaute_rurale": {"nom": "SALY PORTUDAL", "code": 7120307}, "quartier_village": "SALY STATION", "milieu": "URBAIN", "thematique": null, "type_qvh": null}}, {"type": "Feature", "geometry": {"type": "Point", "coordinates": [-16.9985, 14.430625]}, "properties": {"id": "loisirs-1075", "type": "loisirs", "type_label": "Loisirs", "nom": "BAR RESTAURANT", "region": {"nom": "THIES", "code": 7}, "departement": {"nom": "MBOUR", "code": 71}, "commune": {"nom": "SINDIA", "code": 71203}, "communaute_rurale": {"nom": "SALY PORTUDAL", "code": 7120307}, "quartier_village": "SALY NIAKHNIAKHAL", "milieu": "URBAIN", "thematique": null, "type_qvh": null}}, {"type": "Feature", "geometry": {"type": "Point", "coordinates": [-16.98548, 14.439891]}, "properties": {"id": "loisirs-1076", "type": "loisirs", "type_label": "Loisirs", "nom": "Loisirs", "region": {"nom": "THIES", "code": 7}, "departement": {"nom": "MBOUR", "code": 71}, "commune": {"nom": "SINDIA", "code": 71203}, "communaute_rurale": {"nom": "SALY PORTUDAL", "code": 7120307}, "quartier_village": "SALY CARREFOUR", "milieu": "URBAIN", "thematique": null, "type_qvh": null}}, {"type": "Feature", "geometry": {"type": "Point", "coordinates": [-17.016014, 14.441521]}, "properties": {"id": "loisirs-1077", "type": "loisirs", "type_label": "Loisirs", "nom": "BAR RESTAURANT LE PELICAN", "region": {"nom": "THIES", "code": 7}, "departement": {"nom": "MBOUR", "code": 71}, "commune": {"nom": "SINDIA", "code": 71203}, "communaute_rurale": {"nom": "SALY PORTUDAL", "code": 7120307}, "quartier_village": "SALY COULANG", "milieu": "URBAIN", "thematique": null, "type_qvh": null}}, {"type": "Feature", "geometry": {"type": "Point", "coordinates": [-17.016054, 14.441968]}, "properties": {"id": "loisirs-1078", "type": "loisirs", "type_label": "Loisirs", "nom": "MOON LIGHT", "region": {"nom": "THIES", "code": 7}, "departement": {"nom": "MBOUR", "code": 71}, "commune": {"nom": "SINDIA", "code": 71203}, "communaute_rurale": {"nom": "SALY PORTUDAL", "code": 7120307}, "quartier_village": "SALY COULANG", "milieu": "URBAIN", "thematique": null, "type_qvh": null}}, {"type": "Feature", "geometry": {"type": "Point", "coordinates": [-17.001354, 14.448601]}, "properties": {"id": "loisirs-1079", "type": "loisirs", "type_label": "Loisirs", "nom": "BAR", "region": {"nom": "THIES", "code": 7}, "departement": {"nom": "MBOUR", "code": 71}, "commune": {"nom": "SINDIA", "code": 71203}, "communaute_rurale": {"nom": "SALY PORTUDAL", "code": 7120307}, "quartier_village": "SALY STATION", "milieu": "URBAIN", "thematique": null, "type_qvh": null}}, {"type": "Feature", "geometry": {"type": "Point", "coordinates": [-17.016101, 14.441638]}, "properties": {"id": "loisirs-1080", "type": "loisirs", "type_label": "Loisirs", "nom": "BAR RESTAURANT LE SALOUM", "region": {"nom": "THIES", "code": 7}, "departement": {"nom": "MBOUR", "code": 71}, "commune": {"nom": "SINDIA", "code": 71203}, "communaute_rurale": {"nom": "SALY PORTUDAL", "code": 7120307}, "quartier_village": "SALY COULANG", "milieu": "URBAIN", "thematique": null, "type_qvh": null}}, {"type": "Feature", "geometry": {"type": "Point", "coordinates": [-17.022847, 14.447399]}, "properties": {"id": "loisirs-1081", "type": "loisirs", "type_label": "Loisirs", "nom": "RESTAURANT BAR LOUNGE", "region": {"nom": "THIES", "code": 7}, "departement": {"nom": "MBOUR", "code": 71}, "commune": {"nom": "SINDIA", "code": 71203}, "communaute_rurale": {"nom": "SALY PORTUDAL", "code": 7120307}, "quartier_village": "SALY COULANG", "milieu": "URBAIN", "thematique": null, "type_qvh": null}}, {"type": "Feature", "geometry": {"type": "Point", "coordinates": [-17.005191, 14.442157]}, "properties": {"id": "loisirs-1082", "type": "loisirs", "type_label": "Loisirs", "nom": "SALLE EVENEMENTIEL", "region": {"nom": "THIES", "code": 7}, "departement": {"nom": "MBOUR", "code": 71}, "commune": {"nom": "SINDIA", "code": 71203}, "communaute_rurale": {"nom": "SALY PORTUDAL", "code": 7120307}, "quartier_village": "ZONE HOTELIERE (SAPCO)", "milieu": "URBAIN", "thematique": null, "type_qvh": null}}, {"type": "Feature", "geometry": {"type": "Point", "coordinates": [-17.016196, 14.442073]}, "properties": {"id": "loisirs-1083", "type": "loisirs", "type_label": "Loisirs", "nom": "RESTAURANT BAR LOUNGE", "region": {"nom": "THIES", "code": 7}, "departement": {"nom": "MBOUR", "code": 71}, "commune": {"nom": "SINDIA", "code": 71203}, "communaute_rurale": {"nom": "SALY PORTUDAL", "code": 7120307}, "quartier_village": "SALY COULANG", "milieu": "URBAIN", "thematique": null, "type_qvh": null}}, {"type": "Feature", "geometry": {"type": "Point", "coordinates": [-16.99632, 14.445868]}, "properties": {"id": "loisirs-1084", "type": "loisirs", "type_label": "Loisirs", "nom": "BAR RESTAURANT", "region": {"nom": "THIES", "code": 7}, "departement": {"nom": "MBOUR", "code": 71}, "commune": {"nom": "SINDIA", "code": 71203}, "communaute_rurale": {"nom": "SALY PORTUDAL", "code": 7120307}, "quartier_village": "SALY VELINGARA", "milieu": "URBAIN", "thematique": null, "type_qvh": null}}, {"type": "Feature", "geometry": {"type": "Point", "coordinates": [-17.010606, 14.454345]}, "properties": {"id": "loisirs-1085", "type": "loisirs", "type_label": "Loisirs", "nom": "PIANO BAR", "region": {"nom": "THIES", "code": 7}, "departement": {"nom": "MBOUR", "code": 71}, "commune": {"nom": "SINDIA", "code": 71203}, "communaute_rurale": {"nom": "SALY PORTUDAL", "code": 7120307}, "quartier_village": "SALY DAROU SALAM", "milieu": "URBAIN", "thematique": null, "type_qvh": null}}, {"type": "Feature", "geometry": {"type": "Point", "coordinates": [-17.011786, 14.451491]}, "properties": {"id": "loisirs-1086", "type": "loisirs", "type_label": "Loisirs", "nom": "BAR RESTAURANT", "region": {"nom": "THIES", "code": 7}, "departement": {"nom": "MBOUR", "code": 71}, "commune": {"nom": "SINDIA", "code": 71203}, "communaute_rurale": {"nom": "SALY PORTUDAL", "code": 7120307}, "quartier_village": "SALY DAROU SALAM", "milieu": "URBAIN", "thematique": null, "type_qvh": null}}, {"type": "Feature", "geometry": {"type": "Point", "coordinates": [-17.010973, 14.45401]}, "properties": {"id": "loisirs-1087", "type": "loisirs", "type_label": "Loisirs", "nom": "BAR RESTAURANT", "region": {"nom": "THIES", "code": 7}, "departement": {"nom": "MBOUR", "code": 71}, "commune": {"nom": "SINDIA", "code": 71203}, "communaute_rurale": {"nom": "SALY PORTUDAL", "code": 7120307}, "quartier_village": "SALY DAROU SALAM", "milieu": "URBAIN", "thematique": null, "type_qvh": null}}, {"type": "Feature", "geometry": {"type": "Point", "coordinates": [-17.017236, 14.447043]}, "properties": {"id": "loisirs-1088", "type": "loisirs", "type_label": "Loisirs", "nom": "LE CARABANAIS", "region": {"nom": "THIES", "code": 7}, "departement": {"nom": "MBOUR", "code": 71}, "commune": {"nom": "SINDIA", "code": 71203}, "communaute_rurale": {"nom": "SALY PORTUDAL", "code": 7120307}, "quartier_village": "SALY GOLF", "milieu": "URBAIN", "thematique": null, "type_qvh": null}}, {"type": "Feature", "geometry": {"type": "Point", "coordinates": [-17.017195, 14.446634]}, "properties": {"id": "loisirs-1089", "type": "loisirs", "type_label": "Loisirs", "nom": "MARINETTE SARL", "region": {"nom": "THIES", "code": 7}, "departement": {"nom": "MBOUR", "code": 71}, "commune": {"nom": "SINDIA", "code": 71203}, "communaute_rurale": {"nom": "SALY PORTUDAL", "code": 7120307}, "quartier_village": "SALY GOLF", "milieu": "URBAIN", "thematique": null, "type_qvh": null}}, {"type": "Feature", "geometry": {"type": "Point", "coordinates": [-17.017913, 14.44777]}, "properties": {"id": "loisirs-1090", "type": "loisirs", "type_label": "Loisirs", "nom": "BAR RESTAURANT", "region": {"nom": "THIES", "code": 7}, "departement": {"nom": "MBOUR", "code": 71}, "commune": {"nom": "SINDIA", "code": 71203}, "communaute_rurale": {"nom": "SALY PORTUDAL", "code": 7120307}, "quartier_village": "SALY GOLF", "milieu": "URBAIN", "thematique": null, "type_qvh": null}}, {"type": "Feature", "geometry": {"type": "Point", "coordinates": [-17.014051, 14.444607]}, "properties": {"id": "loisirs-1091", "type": "loisirs", "type_label": "Loisirs", "nom": "CINEMA", "region": {"nom": "THIES", "code": 7}, "departement": {"nom": "MBOUR", "code": 71}, "commune": {"nom": "SINDIA", "code": 71203}, "communaute_rurale": {"nom": "SALY PORTUDAL", "code": 7120307}, "quartier_village": "SALY TAPEE", "milieu": "URBAIN", "thematique": null, "type_qvh": null}}, {"type": "Feature", "geometry": {"type": "Point", "coordinates": [-17.018331, 14.445293]}, "properties": {"id": "loisirs-1092", "type": "loisirs", "type_label": "Loisirs", "nom": "BAR RESTAURANT DISCOTHEQUE", "region": {"nom": "THIES", "code": 7}, "departement": {"nom": "MBOUR", "code": 71}, "commune": {"nom": "SINDIA", "code": 71203}, "communaute_rurale": {"nom": "SALY PORTUDAL", "code": 7120307}, "quartier_village": "SALY TAPEE", "milieu": "URBAIN", "thematique": null, "type_qvh": null}}, {"type": "Feature", "geometry": {"type": "Point", "coordinates": [-16.990809, 14.428644]}, "properties": {"id": "loisirs-1093", "type": "loisirs", "type_label": "Loisirs", "nom": "MISE E JOUR APRES INTERVENTION IT", "region": {"nom": "THIES", "code": 7}, "departement": {"nom": "MBOUR", "code": 71}, "commune": {"nom": "SINDIA", "code": 71102}, "communaute_rurale": {"nom": "SALY PORTUDAL", "code": 7120307}, "quartier_village": "SALY NIAKH EXTENSION", "milieu": "URBAIN", "thematique": null, "type_qvh": null}}, {"type": "Feature", "geometry": {"type": "Point", "coordinates": [-17.136093, 14.575674]}, "properties": {"id": "loisirs-1094", "type": "loisirs", "type_label": "Loisirs", "nom": "BAR RESTAURANT MEDZO", "region": {"nom": "THIES", "code": 7}, "departement": {"nom": "MBOUR", "code": 71}, "commune": {"nom": "SINDIA", "code": 71203}, "communaute_rurale": {"nom": "POPENGUINE", "code": 7120306}, "quartier_village": "HLM FIRNDAWSI", "milieu": "URBAIN", "thematique": null, "type_qvh": null}}, {"type": "Feature", "geometry": {"type": "Point", "coordinates": [-17.119839, 14.560159]}, "properties": {"id": "loisirs-1095", "type": "loisirs", "type_label": "Loisirs", "nom": "ESPACE VERT", "region": {"nom": "THIES", "code": 7}, "departement": {"nom": "MBOUR", "code": 71}, "commune": {"nom": "SINDIA", "code": 71203}, "communaute_rurale": {"nom": "POPENGUINE", "code": 7120306}, "quartier_village": "MEDINE", "milieu": "URBAIN", "thematique": null, "type_qvh": null}}, {"type": "Feature", "geometry": {"type": "Point", "coordinates": [-16.752128, 14.266435]}, "properties": {"id": "loisirs-1096", "type": "loisirs", "type_label": "Loisirs", "nom": "BAR RESTAURANT CHEZ FA", "region": {"nom": "THIES", "code": 7}, "departement": {"nom": "MBOUR", "code": 71}, "commune": {"nom": "SESSENE", "code": 71202}, "communaute_rurale": {"nom": "NGUENIENE", "code": 7120201}, "quartier_village": "NGUENIENE OUOLOF", "milieu": "RURAL", "thematique": null, "type_qvh": null}}, {"type": "Feature", "geometry": {"type": "Point", "coordinates": [-16.816752, 14.22243]}, "properties": {"id": "loisirs-1097", "type": "loisirs", "type_label": "Loisirs", "nom": "SALLE DE JEUX", "region": {"nom": "THIES", "code": 7}, "departement": {"nom": "MBOUR", "code": 71}, "commune": {"nom": "SESSENE", "code": 71202}, "communaute_rurale": {"nom": "NGUENIENE", "code": 7120201}, "quartier_village": "NDIANDA", "milieu": "RURAL", "thematique": null, "type_qvh": null}}, {"type": "Feature", "geometry": {"type": "Point", "coordinates": [-16.815202, 14.222391]}, "properties": {"id": "loisirs-1098", "type": "loisirs", "type_label": "Loisirs", "nom": "BAR", "region": {"nom": "THIES", "code": 7}, "departement": {"nom": "MBOUR", "code": 71}, "commune": {"nom": "SESSENE", "code": 71202}, "communaute_rurale": {"nom": "NGUENIENE", "code": 7120201}, "quartier_village": "NDIANDA", "milieu": "RURAL", "thematique": null, "type_qvh": null}}, {"type": "Feature", "geometry": {"type": "Point", "coordinates": [-16.867478, 14.238558]}, "properties": {"id": "loisirs-1099", "type": "loisirs", "type_label": "Loisirs", "nom": "BAR", "region": {"nom": "THIES", "code": 7}, "departement": {"nom": "MBOUR", "code": 71}, "commune": {"nom": "SESSENE", "code": 71202}, "communaute_rurale": {"nom": "NGUENIENE", "code": 7120201}, "quartier_village": "MBODIENE", "milieu": "RURAL", "thematique": null, "type_qvh": null}}, {"type": "Feature", "geometry": {"type": "Point", "coordinates": [-16.869041, 14.239695]}, "properties": {"id": "loisirs-1100", "type": "loisirs", "type_label": "Loisirs", "nom": "BAR", "region": {"nom": "THIES", "code": 7}, "departement": {"nom": "MBOUR", "code": 71}, "commune": {"nom": "SESSENE", "code": 71202}, "communaute_rurale": {"nom": "NGUENIENE", "code": 7120201}, "quartier_village": "MBODIENE", "milieu": "RURAL", "thematique": null, "type_qvh": null}}, {"type": "Feature", "geometry": {"type": "Point", "coordinates": [-16.749239, 14.27153]}, "properties": {"id": "loisirs-1101", "type": "loisirs", "type_label": "Loisirs", "nom": "BAR", "region": {"nom": "THIES", "code": 7}, "departement": {"nom": "MBOUR", "code": 71}, "commune": {"nom": "SESSENE", "code": 71202}, "communaute_rurale": {"nom": "NGUENIENE", "code": 7120201}, "quartier_village": "NGUENIENE OUOLOF", "milieu": "RURAL", "thematique": null, "type_qvh": null}}, {"type": "Feature", "geometry": {"type": "Point", "coordinates": [-16.751684, 14.27305]}, "properties": {"id": "loisirs-1102", "type": "loisirs", "type_label": "Loisirs", "nom": "BAR RESTAURANT", "region": {"nom": "THIES", "code": 7}, "departement": {"nom": "MBOUR", "code": 71}, "commune": {"nom": "SESSENE", "code": 71202}, "communaute_rurale": {"nom": "NGUENIENE", "code": 7120201}, "quartier_village": "NGUENIENE SERERE", "milieu": "RURAL", "thematique": null, "type_qvh": null}}, {"type": "Feature", "geometry": {"type": "Point", "coordinates": [-17.057008, 14.464604]}, "properties": {"id": "loisirs-1103", "type": "loisirs", "type_label": "Loisirs", "nom": "BAR RESTAURANT LE GUELWAR", "region": {"nom": "THIES", "code": 7}, "departement": {"nom": "MBOUR", "code": 71}, "commune": {"nom": "SINDIA", "code": 71203}, "communaute_rurale": {"nom": "NGAPAROU", "code": 7120305}, "quartier_village": "ESCALE", "milieu": "URBAIN", "thematique": null, "type_qvh": null}}, {"type": "Feature", "geometry": {"type": "Point", "coordinates": [-17.045706, 14.452535]}, "properties": {"id": "loisirs-1104", "type": "loisirs", "type_label": "Loisirs", "nom": "JAZZ CLUB", "region": {"nom": "THIES", "code": 7}, "departement": {"nom": "MBOUR", "code": 71}, "commune": {"nom": "SINDIA", "code": 71203}, "communaute_rurale": {"nom": "NGAPAROU", "code": 7120305}, "quartier_village": "DIAMAGUEUNE", "milieu": "URBAIN", "thematique": null, "type_qvh": null}}, {"type": "Feature", "geometry": {"type": "Point", "coordinates": [-17.04944, 14.452957]}, "properties": {"id": "loisirs-1105", "type": "loisirs", "type_label": "Loisirs", "nom": "BEST PISCINE SERVICE", "region": {"nom": "THIES", "code": 7}, "departement": {"nom": "MBOUR", "code": 71}, "commune": {"nom": "SINDIA", "code": 71203}, "communaute_rurale": {"nom": "NGAPAROU", "code": 7120305}, "quartier_village": "NGAMROUKH", "milieu": "URBAIN", "thematique": null, "type_qvh": null}}, {"type": "Feature", "geometry": {"type": "Point", "coordinates": [-17.063227, 14.474648]}, "properties": {"id": "loisirs-1106", "type": "loisirs", "type_label": "Loisirs", "nom": "BAR RESTAURANT AMONTIMATE", "region": {"nom": "THIES", "code": 7}, "departement": {"nom": "MBOUR", "code": 71}, "commune": {"nom": "SINDIA", "code": 71203}, "communaute_rurale": {"nom": "NGAPAROU", "code": 7120305}, "quartier_village": "NGANE", "milieu": "URBAIN", "thematique": null, "type_qvh": null}}, {"type": "Feature", "geometry": {"type": "Point", "coordinates": [-16.950917, 14.402482]}, "properties": {"id": "loisirs-1107", "type": "loisirs", "type_label": "Loisirs", "nom": "BAR", "region": {"nom": "THIES", "code": 7}, "departement": {"nom": "MBOUR", "code": 71}, "commune": {"nom": "MBOUR", "code": 71102}, "communaute_rurale": {"nom": "MBOUR", "code": 7110200}, "quartier_village": "ZONE SONATEL ARAFAT", "milieu": "URBAIN", "thematique": null, "type_qvh": null}}, {"type": "Feature", "geometry": {"type": "Point", "coordinates": [-16.951201, 14.402917]}, "properties": {"id": "loisirs-1108", "type": "loisirs", "type_label": "Loisirs", "nom": "BAR \"AU CARREFOUR SAINT BENOIT\"", "region": {"nom": "THIES", "code": 7}, "departement": {"nom": "MBOUR", "code": 71}, "commune": {"nom": "MBOUR", "code": 71102}, "communaute_rurale": {"nom": "MBOUR", "code": 7110200}, "quartier_village": "ZONE SONATEL ARAFAT", "milieu": "URBAIN", "thematique": null, "type_qvh": null}}, {"type": "Feature", "geometry": {"type": "Point", "coordinates": [-16.952353, 14.399288]}, "properties": {"id": "loisirs-1109", "type": "loisirs", "type_label": "Loisirs", "nom": "DEBIT DE BOISSON ALCOOLISEE", "region": {"nom": "THIES", "code": 7}, "departement": {"nom": "MBOUR", "code": 71}, "commune": {"nom": "MBOUR", "code": 71102}, "communaute_rurale": {"nom": "MBOUR", "code": 7110200}, "quartier_village": "ZONE SONATEL", "milieu": "URBAIN", "thematique": null, "type_qvh": null}}, {"type": "Feature", "geometry": {"type": "Point", "coordinates": [-16.95247, 14.402404]}, "properties": {"id": "loisirs-1110", "type": "loisirs", "type_label": "Loisirs", "nom": "SALLE DE JEUX", "region": {"nom": "THIES", "code": 7}, "departement": {"nom": "MBOUR", "code": 71}, "commune": {"nom": "MBOUR", "code": 71102}, "communaute_rurale": {"nom": "MBOUR", "code": 7110200}, "quartier_village": "ZONE SONATEL ARAFAT", "milieu": "URBAIN", "thematique": null, "type_qvh": null}}, {"type": "Feature", "geometry": {"type": "Point", "coordinates": [-16.954525, 14.396245]}, "properties": {"id": "loisirs-1111", "type": "loisirs", "type_label": "Loisirs", "nom": "SALLE DE JEUX", "region": {"nom": "THIES", "code": 7}, "departement": {"nom": "MBOUR", "code": 71}, "commune": {"nom": "MBOUR", "code": 71102}, "communaute_rurale": {"nom": "MBOUR", "code": 7110200}, "quartier_village": "ZONE SONATEL", "milieu": "URBAIN", "thematique": null, "type_qvh": null}}, {"type": "Feature", "geometry": {"type": "Point", "coordinates": [-16.94636, 14.404313]}, "properties": {"id": "loisirs-1112", "type": "loisirs", "type_label": "Loisirs", "nom": "SALLE DE JEUX PLAY STATION", "region": {"nom": "THIES", "code": 7}, "departement": {"nom": "MBOUR", "code": 71}, "commune": {"nom": "MBOUR", "code": 71102}, "communaute_rurale": {"nom": "MBOUR", "code": 7110200}, "quartier_village": "ZONE SONATEL ARAFAT", "milieu": "URBAIN", "thematique": null, "type_qvh": null}}, {"type": "Feature", "geometry": {"type": "Point", "coordinates": [-16.952468, 14.415729]}, "properties": {"id": "loisirs-1113", "type": "loisirs", "type_label": "Loisirs", "nom": "BAR", "region": {"nom": "THIES", "code": 7}, "departement": {"nom": "MBOUR", "code": 71}, "commune": {"nom": "MBOUR", "code": 71102}, "communaute_rurale": {"nom": "MBOUR", "code": 7110200}, "quartier_village": "DAROU SALAM", "milieu": "URBAIN", "thematique": null, "type_qvh": null}}, {"type": "Feature", "geometry": {"type": "Point", "coordinates": [-16.955458, 14.406326]}, "properties": {"id": "loisirs-1114", "type": "loisirs", "type_label": "Loisirs", "nom": "LE JOURDAIN", "region": {"nom": "THIES", "code": 7}, "departement": {"nom": "MBOUR", "code": 71}, "commune": {"nom": "MBOUR", "code": 71102}, "communaute_rurale": {"nom": "MBOUR", "code": 7110200}, "quartier_village": "MBOUR SERERE KAW", "milieu": "URBAIN", "thematique": null, "type_qvh": null}}, {"type": "Feature", "geometry": {"type": "Point", "coordinates": [-16.95806, 14.407786]}, "properties": {"id": "loisirs-1115", "type": "loisirs", "type_label": "Loisirs", "nom": "LOTERIE NATIONALE SENEGALAISE (LONASE)", "region": {"nom": "THIES", "code": 7}, "departement": {"nom": "MBOUR", "code": 71}, "commune": {"nom": "MBOUR", "code": 71102}, "communaute_rurale": {"nom": "MBOUR", "code": 7110200}, "quartier_village": "DAROU SALAM", "milieu": "URBAIN", "thematique": null, "type_qvh": null}}, {"type": "Feature", "geometry": {"type": "Point", "coordinates": [-16.95642, 14.410234]}, "properties": {"id": "loisirs-1116", "type": "loisirs", "type_label": "Loisirs", "nom": "BAR FLAG LA SOURCE BLEUE", "region": {"nom": "THIES", "code": 7}, "departement": {"nom": "MBOUR", "code": 71}, "commune": {"nom": "MBOUR", "code": 71102}, "communaute_rurale": {"nom": "MBOUR", "code": 7110200}, "quartier_village": "DAROU SALAM", "milieu": "URBAIN", "thematique": null, "type_qvh": null}}, {"type": "Feature", "geometry": {"type": "Point", "coordinates": [-16.957001, 14.412382]}, "properties": {"id": "loisirs-1117", "type": "loisirs", "type_label": "Loisirs", "nom": "BAR", "region": {"nom": "THIES", "code": 7}, "departement": {"nom": "MBOUR", "code": 71}, "commune": {"nom": "MBOUR", "code": 71102}, "communaute_rurale": {"nom": "MBOUR", "code": 7110200}, "quartier_village": "DAROU SALAM", "milieu": "URBAIN", "thematique": null, "type_qvh": null}}, {"type": "Feature", "geometry": {"type": "Point", "coordinates": [-16.953661, 14.410779]}, "properties": {"id": "loisirs-1118", "type": "loisirs", "type_label": "Loisirs", "nom": "PARI FOOT", "region": {"nom": "THIES", "code": 7}, "departement": {"nom": "MBOUR", "code": 71}, "commune": {"nom": "MBOUR", "code": 71102}, "communaute_rurale": {"nom": "MBOUR", "code": 7110200}, "quartier_village": "DAROU SALAM", "milieu": "URBAIN", "thematique": null, "type_qvh": null}}, {"type": "Feature", "geometry": {"type": "Point", "coordinates": [-16.954332, 14.412445]}, "properties": {"id": "loisirs-1119", "type": "loisirs", "type_label": "Loisirs", "nom": "PARI FOOT", "region": {"nom": "THIES", "code": 7}, "departement": {"nom": "MBOUR", "code": 71}, "commune": {"nom": "MBOUR", "code": 71102}, "communaute_rurale": {"nom": "MBOUR", "code": 7110200}, "quartier_village": "DAROU SALAM", "milieu": "URBAIN", "thematique": null, "type_qvh": null}}, {"type": "Feature", "geometry": {"type": "Point", "coordinates": [-16.951256, 14.411987]}, "properties": {"id": "loisirs-1120", "type": "loisirs", "type_label": "Loisirs", "nom": "BAR BASSOUNA", "region": {"nom": "THIES", "code": 7}, "departement": {"nom": "MBOUR", "code": 71}, "commune": {"nom": "MBOUR", "code": 71102}, "communaute_rurale": {"nom": "MBOUR", "code": 7110200}, "quartier_village": "GOUYE MOURIDE II", "milieu": "URBAIN", "thematique": null, "type_qvh": null}}, {"type": "Feature", "geometry": {"type": "Point", "coordinates": [-16.947452, 14.409987]}, "properties": {"id": "loisirs-1121", "type": "loisirs", "type_label": "Loisirs", "nom": "SALLE DE JEUX", "region": {"nom": "THIES", "code": 7}, "departement": {"nom": "MBOUR", "code": 71}, "commune": {"nom": "MBOUR", "code": 71102}, "communaute_rurale": {"nom": "MBOUR", "code": 7110200}, "quartier_village": "GOUYE MOURIDE II", "milieu": "URBAIN", "thematique": null, "type_qvh": null}}, {"type": "Feature", "geometry": {"type": "Point", "coordinates": [-16.948719, 14.410229]}, "properties": {"id": "loisirs-1122", "type": "loisirs", "type_label": "Loisirs", "nom": "SALLE  DE JEUX", "region": {"nom": "THIES", "code": 7}, "departement": {"nom": "MBOUR", "code": 71}, "commune": {"nom": "MBOUR", "code": 71102}, "communaute_rurale": {"nom": "MBOUR", "code": 7110200}, "quartier_village": "GOUYE MOURIDE II", "milieu": "URBAIN", "thematique": null, "type_qvh": null}}, {"type": "Feature", "geometry": {"type": "Point", "coordinates": [-16.971596, 14.419831]}, "properties": {"id": "loisirs-1123", "type": "loisirs", "type_label": "Loisirs", "nom": "BAR", "region": {"nom": "THIES", "code": 7}, "departement": {"nom": "MBOUR", "code": 71}, "commune": {"nom": "MBOUR", "code": 71102}, "communaute_rurale": {"nom": "MBOUR", "code": 7110200}, "quartier_village": "11 NOVEMBRE", "milieu": "URBAIN", "thematique": null, "type_qvh": null}}, {"type": "Feature", "geometry": {"type": "Point", "coordinates": [-16.956655, 14.414391]}, "properties": {"id": "loisirs-1124", "type": "loisirs", "type_label": "Loisirs", "nom": "BAR", "region": {"nom": "THIES", "code": 7}, "departement": {"nom": "MBOUR", "code": 71}, "commune": {"nom": "MBOUR", "code": 71102}, "communaute_rurale": {"nom": "MBOUR", "code": 7110200}, "quartier_village": "SANTESSOU", "milieu": "URBAIN", "thematique": null, "type_qvh": null}}, {"type": "Feature", "geometry": {"type": "Point", "coordinates": [-16.959223, 14.418128]}, "properties": {"id": "loisirs-1125", "type": "loisirs", "type_label": "Loisirs", "nom": "BAR", "region": {"nom": "THIES", "code": 7}, "departement": {"nom": "MBOUR", "code": 71}, "commune": {"nom": "MBOUR", "code": 71102}, "communaute_rurale": {"nom": "MBOUR", "code": 7110200}, "quartier_village": "THIOCE EST EXTENSION", "milieu": "URBAIN", "thematique": null, "type_qvh": null}}, {"type": "Feature", "geometry": {"type": "Point", "coordinates": [-16.965898, 14.410859]}, "properties": {"id": "loisirs-1126", "type": "loisirs", "type_label": "Loisirs", "nom": "SAINTE MARIE", "region": {"nom": "THIES", "code": 7}, "departement": {"nom": "MBOUR", "code": 71}, "commune": {"nom": "MBOUR", "code": 71102}, "communaute_rurale": {"nom": "MBOUR", "code": 7110200}, "quartier_village": "ESCALE", "milieu": "URBAIN", "thematique": null, "type_qvh": null}}, {"type": "Feature", "geometry": {"type": "Point", "coordinates": [-16.965696, 14.410804]}, "properties": {"id": "loisirs-1127", "type": "loisirs", "type_label": "Loisirs", "nom": "MAMA NDAGNE", "region": {"nom": "THIES", "code": 7}, "departement": {"nom": "MBOUR", "code": 71}, "commune": {"nom": "MBOUR", "code": 71102}, "communaute_rurale": {"nom": "MBOUR", "code": 7110200}, "quartier_village": "ESCALE", "milieu": "URBAIN", "thematique": null, "type_qvh": null}}, {"type": "Feature", "geometry": {"type": "Point", "coordinates": [-16.967587, 14.409734]}, "properties": {"id": "loisirs-1128", "type": "loisirs", "type_label": "Loisirs", "nom": "BAR", "region": {"nom": "THIES", "code": 7}, "departement": {"nom": "MBOUR", "code": 71}, "commune": {"nom": "MBOUR", "code": 71102}, "communaute_rurale": {"nom": "MBOUR", "code": 7110200}, "quartier_village": "ESCALE", "milieu": "URBAIN", "thematique": null, "type_qvh": null}}, {"type": "Feature", "geometry": {"type": "Point", "coordinates": [-16.957147, 14.397153]}, "properties": {"id": "loisirs-1129", "type": "loisirs", "type_label": "Loisirs", "nom": "LES LOISIRS", "region": {"nom": "THIES", "code": 7}, "departement": {"nom": "MBOUR", "code": 71}, "commune": {"nom": "MBOUR", "code": 71102}, "communaute_rurale": {"nom": "MBOUR", "code": 7110200}, "quartier_village": "MBOUR MAURE", "milieu": "URBAIN", "thematique": null, "type_qvh": null}}, {"type": "Feature", "geometry": {"type": "Point", "coordinates": [-16.963391, 14.403878]}, "properties": {"id": "loisirs-1130", "type": "loisirs", "type_label": "Loisirs", "nom": "AIRE DE JEUX POUR PETANQUE", "region": {"nom": "THIES", "code": 7}, "departement": {"nom": "MBOUR", "code": 71}, "commune": {"nom": "MBOUR", "code": 71102}, "communaute_rurale": {"nom": "MBOUR", "code": 7110200}, "quartier_village": "MBOUR SERERE SOUF", "milieu": "URBAIN", "thematique": null, "type_qvh": null}}, {"type": "Feature", "geometry": {"type": "Point", "coordinates": [-16.941069, 14.422348]}, "properties": {"id": "loisirs-1131", "type": "loisirs", "type_label": "Loisirs", "nom": "SALLE DE JEUX", "region": {"nom": "THIES", "code": 7}, "departement": {"nom": "MBOUR", "code": 71}, "commune": {"nom": "MBOUR", "code": 71102}, "communaute_rurale": {"nom": "MBOUR", "code": 7110200}, "quartier_village": "THIOCE EST ONCAD", "milieu": "URBAIN", "thematique": null, "type_qvh": null}}, {"type": "Feature", "geometry": {"type": "Point", "coordinates": [-16.938321, 14.414226]}, "properties": {"id": "loisirs-1132", "type": "loisirs", "type_label": "Loisirs", "nom": "SALLE DE JEUX", "region": {"nom": "THIES", "code": 7}, "departement": {"nom": "MBOUR", "code": 71}, "commune": {"nom": "MBOUR", "code": 71102}, "communaute_rurale": {"nom": "MBOUR", "code": 7110200}, "quartier_village": "TERROU MBALLING", "milieu": "URBAIN", "thematique": null, "type_qvh": null}}, {"type": "Feature", "geometry": {"type": "Point", "coordinates": [-16.945741, 14.397017]}, "properties": {"id": "loisirs-1133", "type": "loisirs", "type_label": "Loisirs", "nom": "BAR JEAN", "region": {"nom": "THIES", "code": 7}, "departement": {"nom": "MBOUR", "code": 71}, "commune": {"nom": "MBOUR", "code": 71102}, "communaute_rurale": {"nom": "MBOUR", "code": 7110200}, "quartier_village": "SONATEL EXTENSION", "milieu": "URBAIN", "thematique": null, "type_qvh": null}}, {"type": "Feature", "geometry": {"type": "Point", "coordinates": [-16.945974, 14.395856]}, "properties": {"id": "loisirs-1134", "type": "loisirs", "type_label": "Loisirs", "nom": "BAR", "region": {"nom": "THIES", "code": 7}, "departement": {"nom": "MBOUR", "code": 71}, "commune": {"nom": "MBOUR", "code": 71102}, "communaute_rurale": {"nom": "MBOUR", "code": 7110200}, "quartier_village": "SONATEL EXTENSION", "milieu": "URBAIN", "thematique": null, "type_qvh": null}}, {"type": "Feature", "geometry": {"type": "Point", "coordinates": [-16.957441, 14.404131]}, "properties": {"id": "loisirs-1135", "type": "loisirs", "type_label": "Loisirs", "nom": "BAR LE MANGUIER", "region": {"nom": "THIES", "code": 7}, "departement": {"nom": "MBOUR", "code": 71}, "commune": {"nom": "MBOUR", "code": 71102}, "communaute_rurale": {"nom": "MBOUR", "code": 7110200}, "quartier_village": "MBOUR SERERE KAW", "milieu": "URBAIN", "thematique": null, "type_qvh": null}}, {"type": "Feature", "geometry": {"type": "Point", "coordinates": [-16.960635, 14.402263]}, "properties": {"id": "loisirs-1136", "type": "loisirs", "type_label": "Loisirs", "nom": "BAR KEUR MAME GNAGNA BIERE LA GAZELLE", "region": {"nom": "THIES", "code": 7}, "departement": {"nom": "MBOUR", "code": 71}, "commune": {"nom": "MBOUR", "code": 71102}, "communaute_rurale": {"nom": "MBOUR", "code": 7110200}, "quartier_village": "MBOUR TOUCOULEUR", "milieu": "URBAIN", "thematique": null, "type_qvh": null}}, {"type": "Feature", "geometry": {"type": "Point", "coordinates": [-16.960545, 14.401381]}, "properties": {"id": "loisirs-1137", "type": "loisirs", "type_label": "Loisirs", "nom": "PARI SPORTIF", "region": {"nom": "THIES", "code": 7}, "departement": {"nom": "MBOUR", "code": 71}, "commune": {"nom": "MBOUR", "code": 71102}, "communaute_rurale": {"nom": "MBOUR", "code": 7110200}, "quartier_village": "MBOUR MAURE", "milieu": "URBAIN", "thematique": null, "type_qvh": null}}, {"type": "Feature", "geometry": {"type": "Point", "coordinates": [-16.963378, 14.401345]}, "properties": {"id": "loisirs-1138", "type": "loisirs", "type_label": "Loisirs", "nom": "SALLE DE JEUX", "region": {"nom": "THIES", "code": 7}, "departement": {"nom": "MBOUR", "code": 71}, "commune": {"nom": "MBOUR", "code": 71102}, "communaute_rurale": {"nom": "MBOUR", "code": 7110200}, "quartier_village": "MBOUR MAURE", "milieu": "URBAIN", "thematique": null, "type_qvh": null}}, {"type": "Feature", "geometry": {"type": "Point", "coordinates": [-16.95788, 14.398234]}, "properties": {"id": "loisirs-1139", "type": "loisirs", "type_label": "Loisirs", "nom": "SALLE DE JEUX", "region": {"nom": "THIES", "code": 7}, "departement": {"nom": "MBOUR", "code": 71}, "commune": {"nom": "MBOUR", "code": 71102}, "communaute_rurale": {"nom": "MBOUR", "code": 7110200}, "quartier_village": "MBOUR MAURE", "milieu": "URBAIN", "thematique": null, "type_qvh": null}}, {"type": "Feature", "geometry": {"type": "Point", "coordinates": [-16.964291, 14.404694]}, "properties": {"id": "loisirs-1140", "type": "loisirs", "type_label": "Loisirs", "nom": "BAR", "region": {"nom": "THIES", "code": 7}, "departement": {"nom": "MBOUR", "code": 71}, "commune": {"nom": "MBOUR", "code": 71102}, "communaute_rurale": {"nom": "MBOUR", "code": 7110200}, "quartier_village": "MBOUR SERERE SOUF", "milieu": "URBAIN", "thematique": null, "type_qvh": null}}, {"type": "Feature", "geometry": {"type": "Point", "coordinates": [-16.96333, 14.407833]}, "properties": {"id": "loisirs-1141", "type": "loisirs", "type_label": "Loisirs", "nom": "LE VIRAGE", "region": {"nom": "THIES", "code": 7}, "departement": {"nom": "MBOUR", "code": 71}, "commune": {"nom": "MBOUR", "code": 71102}, "communaute_rurale": {"nom": "MBOUR", "code": 7110200}, "quartier_village": "MBOUR TOUCOULEUR", "milieu": "URBAIN", "thematique": null, "type_qvh": null}}, {"type": "Feature", "geometry": {"type": "Point", "coordinates": [-16.969761, 14.426479]}, "properties": {"id": "loisirs-1142", "type": "loisirs", "type_label": "Loisirs", "nom": "LOISIRS", "region": {"nom": "THIES", "code": 7}, "departement": {"nom": "MBOUR", "code": 71}, "commune": {"nom": "MBOUR", "code": 71102}, "communaute_rurale": {"nom": "MBOUR", "code": 7110200}, "quartier_village": "DIAMAGUENE I", "milieu": "URBAIN", "thematique": null, "type_qvh": null}}, {"type": "Feature", "geometry": {"type": "Point", "coordinates": [-16.969424, 14.426816]}, "properties": {"id": "loisirs-1143", "type": "loisirs", "type_label": "Loisirs", "nom": "SALLE DE JEUX", "region": {"nom": "THIES", "code": 7}, "departement": {"nom": "MBOUR", "code": 71}, "commune": {"nom": "MBOUR", "code": 71102}, "communaute_rurale": {"nom": "MBOUR", "code": 7110200}, "quartier_village": "DIAMAGUENE I", "milieu": "URBAIN", "thematique": null, "type_qvh": null}}, {"type": "Feature", "geometry": {"type": "Point", "coordinates": [-16.964803, 14.420574]}, "properties": {"id": "loisirs-1144", "type": "loisirs", "type_label": "Loisirs", "nom": "ALFAYDA", "region": {"nom": "THIES", "code": 7}, "departement": {"nom": "MBOUR", "code": 71}, "commune": {"nom": "MBOUR", "code": 71102}, "communaute_rurale": {"nom": "MBOUR", "code": 7110200}, "quartier_village": "DIAMAGUENE I", "milieu": "URBAIN", "thematique": null, "type_qvh": null}}, {"type": "Feature", "geometry": {"type": "Point", "coordinates": [-16.968554, 14.424026]}, "properties": {"id": "loisirs-1145", "type": "loisirs", "type_label": "Loisirs", "nom": "SALLE DE JEUX", "region": {"nom": "THIES", "code": 7}, "departement": {"nom": "MBOUR", "code": 71}, "commune": {"nom": "MBOUR", "code": 71102}, "communaute_rurale": {"nom": "MBOUR", "code": 7110200}, "quartier_village": "DIAMAGUENE I", "milieu": "URBAIN", "thematique": null, "type_qvh": null}}, {"type": "Feature", "geometry": {"type": "Point", "coordinates": [-16.969057, 14.431881]}, "properties": {"id": "loisirs-1146", "type": "loisirs", "type_label": "Loisirs", "nom": "LOTERIE NATIONALE SENEGALAISE (LONASE)", "region": {"nom": "THIES", "code": 7}, "departement": {"nom": "MBOUR", "code": 71}, "commune": {"nom": "MBOUR", "code": 71102}, "communaute_rurale": {"nom": "MBOUR", "code": 7110200}, "quartier_village": "SANTE YALLA", "milieu": "URBAIN", "thematique": null, "type_qvh": null}}, {"type": "Feature", "geometry": {"type": "Point", "coordinates": [-16.964929, 14.427933]}, "properties": {"id": "loisirs-1147", "type": "loisirs", "type_label": "Loisirs", "nom": "SALLE DE JEUX PMU", "region": {"nom": "THIES", "code": 7}, "departement": {"nom": "MBOUR", "code": 71}, "commune": {"nom": "MBOUR", "code": 71102}, "communaute_rurale": {"nom": "MBOUR", "code": 7110200}, "quartier_village": "SANTE YALLA", "milieu": "URBAIN", "thematique": null, "type_qvh": null}}, {"type": "Feature", "geometry": {"type": "Point", "coordinates": [-16.967964, 14.428505]}, "properties": {"id": "loisirs-1148", "type": "loisirs", "type_label": "Loisirs", "nom": "PLAY STATION", "region": {"nom": "THIES", "code": 7}, "departement": {"nom": "MBOUR", "code": 71}, "commune": {"nom": "MBOUR", "code": 71102}, "communaute_rurale": {"nom": "MBOUR", "code": 7110200}, "quartier_village": "SANTE YALLA", "milieu": "URBAIN", "thematique": null, "type_qvh": null}}, {"type": "Feature", "geometry": {"type": "Point", "coordinates": [-16.969835, 14.430831]}, "properties": {"id": "loisirs-1149", "type": "loisirs", "type_label": "Loisirs", "nom": "Loisirs", "region": {"nom": "THIES", "code": 7}, "departement": {"nom": "MBOUR", "code": 71}, "commune": {"nom": "MBOUR", "code": 71102}, "communaute_rurale": {"nom": "MBOUR", "code": 7110200}, "quartier_village": "SANTE YALLA", "milieu": "URBAIN", "thematique": null, "type_qvh": null}}, {"type": "Feature", "geometry": {"type": "Point", "coordinates": [-16.989075, 14.423293]}, "properties": {"id": "loisirs-1150", "type": "loisirs", "type_label": "Loisirs", "nom": "CHEZ NATALIE", "region": {"nom": "THIES", "code": 7}, "departement": {"nom": "MBOUR", "code": 71}, "commune": {"nom": "MBOUR", "code": 71102}, "communaute_rurale": {"nom": "MBOUR", "code": 7110200}, "quartier_village": "GRAND MBOUR II", "milieu": "URBAIN", "thematique": null, "type_qvh": null}}, {"type": "Feature", "geometry": {"type": "Point", "coordinates": [-16.971157, 14.409145]}, "properties": {"id": "loisirs-1151", "type": "loisirs", "type_label": "Loisirs", "nom": "SALLE DE JEUX", "region": {"nom": "THIES", "code": 7}, "departement": {"nom": "MBOUR", "code": 71}, "commune": {"nom": "MBOUR", "code": 71102}, "communaute_rurale": {"nom": "MBOUR", "code": 7110200}, "quartier_village": "TEFESS", "milieu": "URBAIN", "thematique": null, "type_qvh": null}}, {"type": "Feature", "geometry": {"type": "Point", "coordinates": [-16.972636, 14.41049]}, "properties": {"id": "loisirs-1152", "type": "loisirs", "type_label": "Loisirs", "nom": "SALLE DE JEUX", "region": {"nom": "THIES", "code": 7}, "departement": {"nom": "MBOUR", "code": 71}, "commune": {"nom": "MBOUR", "code": 71102}, "communaute_rurale": {"nom": "MBOUR", "code": 7110200}, "quartier_village": "TEFESS", "milieu": "URBAIN", "thematique": null, "type_qvh": null}}, {"type": "Feature", "geometry": {"type": "Point", "coordinates": [-16.986946, 14.431669]}, "properties": {"id": "loisirs-1153", "type": "loisirs", "type_label": "Loisirs", "nom": "SALLE DE JEUX", "region": {"nom": "THIES", "code": 7}, "departement": {"nom": "MBOUR", "code": 71}, "commune": {"nom": "MBOUR", "code": 71102}, "communaute_rurale": {"nom": "MBOUR", "code": 7110200}, "quartier_village": "GRAND MBOUR II", "milieu": "URBAIN", "thematique": null, "type_qvh": null}}, {"type": "Feature", "geometry": {"type": "Point", "coordinates": [-16.982644, 14.430973]}, "properties": {"id": "loisirs-1154", "type": "loisirs", "type_label": "Loisirs", "nom": "1XBET", "region": {"nom": "THIES", "code": 7}, "departement": {"nom": "MBOUR", "code": 71}, "commune": {"nom": "MBOUR", "code": 71102}, "communaute_rurale": {"nom": "MBOUR", "code": 7110200}, "quartier_village": "GRAND MBOUR I", "milieu": "URBAIN", "thematique": null, "type_qvh": null}}, {"type": "Feature", "geometry": {"type": "Point", "coordinates": [-16.981958, 14.430937]}, "properties": {"id": "loisirs-1155", "type": "loisirs", "type_label": "Loisirs", "nom": "POINT DE VENTE LONASE", "region": {"nom": "THIES", "code": 7}, "departement": {"nom": "MBOUR", "code": 71}, "commune": {"nom": "MBOUR", "code": 71102}, "communaute_rurale": {"nom": "MBOUR", "code": 7110200}, "quartier_village": "GRAND MBOUR I", "milieu": "URBAIN", "thematique": null, "type_qvh": null}}, {"type": "Feature", "geometry": {"type": "Point", "coordinates": [-16.97888, 14.428969]}, "properties": {"id": "loisirs-1156", "type": "loisirs", "type_label": "Loisirs", "nom": "LE PLAISIR EN SOI", "region": {"nom": "THIES", "code": 7}, "departement": {"nom": "MBOUR", "code": 71}, "commune": {"nom": "MBOUR", "code": 71102}, "communaute_rurale": {"nom": "MBOUR", "code": 7110200}, "quartier_village": "GRAND MBOUR I", "milieu": "URBAIN", "thematique": null, "type_qvh": null}}, {"type": "Feature", "geometry": {"type": "Point", "coordinates": [-16.975682, 14.432836]}, "properties": {"id": "loisirs-1157", "type": "loisirs", "type_label": "Loisirs", "nom": "CHILL", "region": {"nom": "THIES", "code": 7}, "departement": {"nom": "MBOUR", "code": 71}, "commune": {"nom": "MBOUR", "code": 71102}, "communaute_rurale": {"nom": "MBOUR", "code": 7110200}, "quartier_village": "MEDINE", "milieu": "URBAIN", "thematique": null, "type_qvh": null}}, {"type": "Feature", "geometry": {"type": "Point", "coordinates": [-16.950005, 14.419468]}, "properties": {"id": "loisirs-1158", "type": "loisirs", "type_label": "Loisirs", "nom": "BAR AMSTEL", "region": {"nom": "THIES", "code": 7}, "departement": {"nom": "MBOUR", "code": 71}, "commune": {"nom": "MBOUR", "code": 71102}, "communaute_rurale": {"nom": "MBOUR", "code": 7110200}, "quartier_village": "THIOCE EST ONCAD", "milieu": "URBAIN", "thematique": null, "type_qvh": null}}, {"type": "Feature", "geometry": {"type": "Point", "coordinates": [-16.958464, 14.412534]}, "properties": {"id": "loisirs-1159", "type": "loisirs", "type_label": "Loisirs", "nom": "SALLE DE DANCE", "region": {"nom": "THIES", "code": 7}, "departement": {"nom": "MBOUR", "code": 71}, "commune": {"nom": "MBOUR", "code": 71102}, "communaute_rurale": {"nom": "MBOUR", "code": 7110200}, "quartier_village": "SANTESSOU", "milieu": "URBAIN", "thematique": null, "type_qvh": null}}, {"type": "Feature", "geometry": {"type": "Point", "coordinates": [-16.969864, 14.41349]}, "properties": {"id": "loisirs-1160", "type": "loisirs", "type_label": "Loisirs", "nom": "PLAY STATION", "region": {"nom": "THIES", "code": 7}, "departement": {"nom": "MBOUR", "code": 71}, "commune": {"nom": "MBOUR", "code": 71102}, "communaute_rurale": {"nom": "MBOUR", "code": 7110200}, "quartier_village": "11 NOVEMBRE", "milieu": "URBAIN", "thematique": null, "type_qvh": null}}, {"type": "Feature", "geometry": {"type": "Point", "coordinates": [-16.953538, 14.407448]}, "properties": {"id": "loisirs-1161", "type": "loisirs", "type_label": "Loisirs", "nom": "ANIMATION DJ", "region": {"nom": "THIES", "code": 7}, "departement": {"nom": "MBOUR", "code": 71}, "commune": {"nom": "MBOUR", "code": 71102}, "communaute_rurale": {"nom": "MBOUR", "code": 7110200}, "quartier_village": "DAROU SALAM", "milieu": "URBAIN", "thematique": null, "type_qvh": null}}, {"type": "Feature", "geometry": {"type": "Point", "coordinates": [-16.948757, 14.413945]}, "properties": {"id": "loisirs-1162", "type": "loisirs", "type_label": "Loisirs", "nom": "SALLE DE JEUX", "region": {"nom": "THIES", "code": 7}, "departement": {"nom": "MBOUR", "code": 71}, "commune": {"nom": "MBOUR", "code": 71102}, "communaute_rurale": {"nom": "MBOUR", "code": 7110200}, "quartier_village": "THIOCE SUD ONCAD", "milieu": "URBAIN", "thematique": null, "type_qvh": null}}, {"type": "Feature", "geometry": {"type": "Point", "coordinates": [-16.964482, 14.415002]}, "properties": {"id": "loisirs-1163", "type": "loisirs", "type_label": "Loisirs", "nom": "SALLE DE JEUX", "region": {"nom": "THIES", "code": 7}, "departement": {"nom": "MBOUR", "code": 71}, "commune": {"nom": "MBOUR", "code": 71102}, "communaute_rurale": {"nom": "MBOUR", "code": 7110200}, "quartier_village": "THIOCE EST", "milieu": "URBAIN", "thematique": null, "type_qvh": null}}, {"type": "Feature", "geometry": {"type": "Point", "coordinates": [-16.964306, 14.415375]}, "properties": {"id": "loisirs-1164", "type": "loisirs", "type_label": "Loisirs", "nom": "SALLE DE JEUX", "region": {"nom": "THIES", "code": 7}, "departement": {"nom": "MBOUR", "code": 71}, "commune": {"nom": "MBOUR", "code": 71102}, "communaute_rurale": {"nom": "MBOUR", "code": 7110200}, "quartier_village": "THIOCE EST", "milieu": "URBAIN", "thematique": null, "type_qvh": null}}, {"type": "Feature", "geometry": {"type": "Point", "coordinates": [-16.944716, 14.429091]}, "properties": {"id": "loisirs-1165", "type": "loisirs", "type_label": "Loisirs", "nom": "BAR RESTAURANT", "region": {"nom": "THIES", "code": 7}, "departement": {"nom": "MBOUR", "code": 71}, "commune": {"nom": "MBOUR", "code": 71102}, "communaute_rurale": {"nom": "MBOUR", "code": 7110200}, "quartier_village": "SANTHIE II", "milieu": "URBAIN", "thematique": null, "type_qvh": null}}, {"type": "Feature", "geometry": {"type": "Point", "coordinates": [-16.952755, 14.40683]}, "properties": {"id": "loisirs-1166", "type": "loisirs", "type_label": "Loisirs", "nom": "SALLE DE JEUX", "region": {"nom": "THIES", "code": 7}, "departement": {"nom": "MBOUR", "code": 71}, "commune": {"nom": "MBOUR", "code": 71102}, "communaute_rurale": {"nom": "MBOUR", "code": 7110200}, "quartier_village": "MBOUR SERERE KAW", "milieu": "URBAIN", "thematique": null, "type_qvh": null}}, {"type": "Feature", "geometry": {"type": "Point", "coordinates": [-16.930217, 14.296076]}, "properties": {"id": "loisirs-1167", "type": "loisirs", "type_label": "Loisirs", "nom": "TOBOGGAN ET PISCINE", "region": {"nom": "THIES", "code": 7}, "departement": {"nom": "MBOUR", "code": 71}, "commune": {"nom": "SINDIA", "code": 71203}, "communaute_rurale": {"nom": "MALICOUNDA", "code": 7120301}, "quartier_village": "H1 KEUR NOUDY BA", "milieu": "RURAL", "thematique": null, "type_qvh": null}}, {"type": "Feature", "geometry": {"type": "Point", "coordinates": [-16.952322, 14.446631]}, "properties": {"id": "loisirs-1168", "type": "loisirs", "type_label": "Loisirs", "nom": "SALLE DE JEUX", "region": {"nom": "THIES", "code": 7}, "departement": {"nom": "MBOUR", "code": 71}, "commune": {"nom": "SINDIA", "code": 71203}, "communaute_rurale": {"nom": "MALICOUNDA", "code": 7120301}, "quartier_village": "MALICOUNDA OUOLOF (KEUR MEISSA)", "milieu": "RURAL", "thematique": null, "type_qvh": null}}, {"type": "Feature", "geometry": {"type": "Point", "coordinates": [-16.940599, 14.366039]}, "properties": {"id": "loisirs-1169", "type": "loisirs", "type_label": "Loisirs", "nom": "BAR LES 2 COCOTIERS", "region": {"nom": "THIES", "code": 7}, "departement": {"nom": "MBOUR", "code": 71}, "commune": {"nom": "SINDIA", "code": 71203}, "communaute_rurale": {"nom": "MALICOUNDA", "code": 7120301}, "quartier_village": "WARANG SERERE", "milieu": "RURAL", "thematique": null, "type_qvh": null}}, {"type": "Feature", "geometry": {"type": "Point", "coordinates": [-16.934241, 14.363706]}, "properties": {"id": "loisirs-1170", "type": "loisirs", "type_label": "Loisirs", "nom": "BAR AMY ET DENIS", "region": {"nom": "THIES", "code": 7}, "departement": {"nom": "MBOUR", "code": 71}, "commune": {"nom": "SINDIA", "code": 71203}, "communaute_rurale": {"nom": "MALICOUNDA", "code": 7120301}, "quartier_village": "WARANG SOCE", "milieu": "RURAL", "thematique": null, "type_qvh": null}}, {"type": "Feature", "geometry": {"type": "Point", "coordinates": [-16.92955, 14.340962]}, "properties": {"id": "loisirs-1171", "type": "loisirs", "type_label": "Loisirs", "nom": "DISCOTHEQUE", "region": {"nom": "THIES", "code": 7}, "departement": {"nom": "MBOUR", "code": 71}, "commune": {"nom": "SINDIA", "code": 71203}, "communaute_rurale": {"nom": "MALICOUNDA", "code": 7120301}, "quartier_village": "NIANING", "milieu": "RURAL", "thematique": null, "type_qvh": null}}, {"type": "Feature", "geometry": {"type": "Point", "coordinates": [-16.928998, 14.342815]}, "properties": {"id": "loisirs-1172", "type": "loisirs", "type_label": "Loisirs", "nom": "BAR", "region": {"nom": "THIES", "code": 7}, "departement": {"nom": "MBOUR", "code": 71}, "commune": {"nom": "SINDIA", "code": 71203}, "communaute_rurale": {"nom": "MALICOUNDA", "code": 7120301}, "quartier_village": "NIANING", "milieu": "RURAL", "thematique": null, "type_qvh": null}}, {"type": "Feature", "geometry": {"type": "Point", "coordinates": [-16.615993, 14.536259]}, "properties": {"id": "loisirs-1173", "type": "loisirs", "type_label": "Loisirs", "nom": "BAR", "region": {"nom": "THIES", "code": 7}, "departement": {"nom": "MBOUR", "code": 71}, "commune": {"nom": "FISSEL", "code": 71201}, "communaute_rurale": {"nom": "FISSEL", "code": 7120101}, "quartier_village": "FISSEL SERERE", "milieu": "RURAL", "thematique": null, "type_qvh": null}}, {"type": "Feature", "geometry": {"type": "Point", "coordinates": [-17.127081, 14.681208]}, "properties": {"id": "loisirs-1174", "type": "loisirs", "type_label": "Loisirs", "nom": "SALLE DE JEUX", "region": {"nom": "THIES", "code": 7}, "departement": {"nom": "MBOUR", "code": 71}, "commune": {"nom": "SINDIA", "code": 71203}, "communaute_rurale": {"nom": "DIASS", "code": 7120302}, "quartier_village": "TOGLOU OUOLOF", "milieu": "RURAL", "thematique": null, "type_qvh": null}}, {"type": "Feature", "geometry": {"type": "Point", "coordinates": [-17.11229, 14.669882]}, "properties": {"id": "loisirs-1175", "type": "loisirs", "type_label": "Loisirs", "nom": "SALLE DES FETES", "region": {"nom": "THIES", "code": 7}, "departement": {"nom": "MBOUR", "code": 71}, "commune": {"nom": "SINDIA", "code": 71203}, "communaute_rurale": {"nom": "DIASS", "code": 7120302}, "quartier_village": "BOUKHOU", "milieu": "RURAL", "thematique": null, "type_qvh": null}}, {"type": "Feature", "geometry": {"type": "Point", "coordinates": [-17.074738, 14.602823]}, "properties": {"id": "loisirs-1176", "type": "loisirs", "type_label": "Loisirs", "nom": "SALLE DE JEUX", "region": {"nom": "THIES", "code": 7}, "departement": {"nom": "MBOUR", "code": 71}, "commune": {"nom": "SINDIA", "code": 71203}, "communaute_rurale": {"nom": "DIASS", "code": 7120302}, "quartier_village": "THICKY", "milieu": "RURAL", "thematique": null, "type_qvh": null}}, {"type": "Feature", "geometry": {"type": "Point", "coordinates": [-16.727391, 14.541933]}, "properties": {"id": "loisirs-1177", "type": "loisirs", "type_label": "Loisirs", "nom": "BAR", "region": {"nom": "THIES", "code": 7}, "departement": {"nom": "MBOUR", "code": 71}, "commune": {"nom": "FISSEL", "code": 71201}, "communaute_rurale": {"nom": "NDIAGANIAO", "code": 7120102}, "quartier_village": "NDIANDIAYE", "milieu": "RURAL", "thematique": null, "type_qvh": null}}, {"type": "Feature", "geometry": {"type": "Point", "coordinates": [-16.728723, 14.535964]}, "properties": {"id": "loisirs-1178", "type": "loisirs", "type_label": "Loisirs", "nom": "BAR", "region": {"nom": "THIES", "code": 7}, "departement": {"nom": "MBOUR", "code": 71}, "commune": {"nom": "FISSEL", "code": 71201}, "communaute_rurale": {"nom": "NDIAGANIAO", "code": 7120102}, "quartier_village": "NDIAGANIAO BOTH ESCALE", "milieu": "RURAL", "thematique": null, "type_qvh": null}}, {"type": "Feature", "geometry": {"type": "Point", "coordinates": [-16.839762, 14.163723]}, "properties": {"id": "loisirs-1179", "type": "loisirs", "type_label": "Loisirs", "nom": "BAR CHEZ MANOU", "region": {"nom": "THIES", "code": 7}, "departement": {"nom": "MBOUR", "code": 71}, "commune": {"nom": "JOAL FADIOUTH", "code": 71101}, "communaute_rurale": {"nom": "JOAL FADIOUTH", "code": 7110100}, "quartier_village": "DIONG", "milieu": "URBAIN", "thematique": null, "type_qvh": null}}, {"type": "Feature", "geometry": {"type": "Point", "coordinates": [-16.850542, 14.176283]}, "properties": {"id": "loisirs-1180", "type": "loisirs", "type_label": "Loisirs", "nom": "MAMA GUEDJI", "region": {"nom": "THIES", "code": 7}, "departement": {"nom": "MBOUR", "code": 71}, "commune": {"nom": "JOAL FADIOUTH", "code": 71101}, "communaute_rurale": {"nom": "JOAL FADIOUTH", "code": 7110100}, "quartier_village": "SANTHIE II (IBOU FAYE)", "milieu": "URBAIN", "thematique": null, "type_qvh": null}}, {"type": "Feature", "geometry": {"type": "Point", "coordinates": [-16.824722, 14.153229]}, "properties": {"id": "loisirs-1181", "type": "loisirs", "type_label": "Loisirs", "nom": "BAR", "region": {"nom": "THIES", "code": 7}, "departement": {"nom": "MBOUR", "code": 71}, "commune": {"nom": "JOAL FADIOUTH", "code": 71101}, "communaute_rurale": {"nom": "JOAL FADIOUTH", "code": 7110100}, "quartier_village": "NDIONGUENE (FADIOUTH)", "milieu": "URBAIN", "thematique": null, "type_qvh": null}}, {"type": "Feature", "geometry": {"type": "Point", "coordinates": [-16.841502, 14.162798]}, "properties": {"id": "loisirs-1182", "type": "loisirs", "type_label": "Loisirs", "nom": "BAR CLANDESTIN", "region": {"nom": "THIES", "code": 7}, "departement": {"nom": "MBOUR", "code": 71}, "commune": {"nom": "JOAL FADIOUTH", "code": 71101}, "communaute_rurale": {"nom": "JOAL FADIOUTH", "code": 7110100}, "quartier_village": "MBOUR DIOUKHAM", "milieu": "URBAIN", "thematique": null, "type_qvh": null}}, {"type": "Feature", "geometry": {"type": "Point", "coordinates": [-16.858683, 14.185453]}, "properties": {"id": "loisirs-1183", "type": "loisirs", "type_label": "Loisirs", "nom": "BAR RESTAURANT", "region": {"nom": "THIES", "code": 7}, "departement": {"nom": "MBOUR", "code": 71}, "commune": {"nom": "JOAL FADIOUTH", "code": 71101}, "communaute_rurale": {"nom": "JOAL FADIOUTH", "code": 7110100}, "quartier_village": "SANTHIE III (GARE ROUTIERE)", "milieu": "URBAIN", "thematique": null, "type_qvh": null}}, {"type": "Feature", "geometry": {"type": "Point", "coordinates": [-16.860411, 14.185666]}, "properties": {"id": "loisirs-1184", "type": "loisirs", "type_label": "Loisirs", "nom": "BAR", "region": {"nom": "THIES", "code": 7}, "departement": {"nom": "MBOUR", "code": 71}, "commune": {"nom": "JOAL FADIOUTH", "code": 71101}, "communaute_rurale": {"nom": "JOAL FADIOUTH", "code": 7110100}, "quartier_village": "NGAZOBIL", "milieu": "URBAIN", "thematique": null, "type_qvh": null}}, {"type": "Feature", "geometry": {"type": "Point", "coordinates": [-16.824808, 14.151612]}, "properties": {"id": "loisirs-1185", "type": "loisirs", "type_label": "Loisirs", "nom": "BAR", "region": {"nom": "THIES", "code": 7}, "departement": {"nom": "MBOUR", "code": 71}, "commune": {"nom": "JOAL FADIOUTH", "code": 71101}, "communaute_rurale": {"nom": "JOAL FADIOUTH", "code": 7110100}, "quartier_village": "FADIOUTH (DIOUME)", "milieu": "URBAIN", "thematique": null, "type_qvh": null}}, {"type": "Feature", "geometry": {"type": "Point", "coordinates": [-16.825008, 14.152182]}, "properties": {"id": "loisirs-1186", "type": "loisirs", "type_label": "Loisirs", "nom": "BAR CHEZ GABBY", "region": {"nom": "THIES", "code": 7}, "departement": {"nom": "MBOUR", "code": 71}, "commune": {"nom": "JOAL FADIOUTH", "code": 71101}, "communaute_rurale": {"nom": "JOAL FADIOUTH", "code": 7110100}, "quartier_village": "FADIOUTH (DIOUME)", "milieu": "URBAIN", "thematique": null, "type_qvh": null}}, {"type": "Feature", "geometry": {"type": "Point", "coordinates": [-16.824651, 14.151921]}, "properties": {"id": "loisirs-1187", "type": "loisirs", "type_label": "Loisirs", "nom": "BAR", "region": {"nom": "THIES", "code": 7}, "departement": {"nom": "MBOUR", "code": 71}, "commune": {"nom": "JOAL FADIOUTH", "code": 71101}, "communaute_rurale": {"nom": "JOAL FADIOUTH", "code": 7110100}, "quartier_village": "FADIOUTH (DIOUME)", "milieu": "URBAIN", "thematique": null, "type_qvh": null}}, {"type": "Feature", "geometry": {"type": "Point", "coordinates": [-16.824331, 14.153904]}, "properties": {"id": "loisirs-1188", "type": "loisirs", "type_label": "Loisirs", "nom": "MUREX BAR RESTAURANT", "region": {"nom": "THIES", "code": 7}, "departement": {"nom": "MBOUR", "code": 71}, "commune": {"nom": "JOAL FADIOUTH", "code": 71101}, "communaute_rurale": {"nom": "JOAL FADIOUTH", "code": 7110100}, "quartier_village": "NDIONGUENE (FADIOUTH)", "milieu": "URBAIN", "thematique": null, "type_qvh": null}}, {"type": "Feature", "geometry": {"type": "Point", "coordinates": [-16.823601, 14.152441]}, "properties": {"id": "loisirs-1189", "type": "loisirs", "type_label": "Loisirs", "nom": "BAR", "region": {"nom": "THIES", "code": 7}, "departement": {"nom": "MBOUR", "code": 71}, "commune": {"nom": "JOAL FADIOUTH", "code": 71101}, "communaute_rurale": {"nom": "JOAL FADIOUTH", "code": 7110100}, "quartier_village": "FADIOUTH (DIOUME)", "milieu": "URBAIN", "thematique": null, "type_qvh": null}}, {"type": "Feature", "geometry": {"type": "Point", "coordinates": [-16.830194, 14.152473]}, "properties": {"id": "loisirs-1190", "type": "loisirs", "type_label": "Loisirs", "nom": "BAR", "region": {"nom": "THIES", "code": 7}, "departement": {"nom": "MBOUR", "code": 71}, "commune": {"nom": "JOAL FADIOUTH", "code": 71101}, "communaute_rurale": {"nom": "JOAL FADIOUTH", "code": 7110100}, "quartier_village": "AFDAYE DIAMAGUENE", "milieu": "URBAIN", "thematique": null, "type_qvh": null}}, {"type": "Feature", "geometry": {"type": "Point", "coordinates": [-16.839363, 14.159452]}, "properties": {"id": "loisirs-1191", "type": "loisirs", "type_label": "Loisirs", "nom": "BAR MBIND MAK", "region": {"nom": "THIES", "code": 7}, "departement": {"nom": "MBOUR", "code": 71}, "commune": {"nom": "JOAL FADIOUTH", "code": 71101}, "communaute_rurale": {"nom": "JOAL FADIOUTH", "code": 7110100}, "quartier_village": "NDOUBAB", "milieu": "URBAIN", "thematique": null, "type_qvh": null}}, {"type": "Feature", "geometry": {"type": "Point", "coordinates": [-16.839499, 14.159814]}, "properties": {"id": "loisirs-1192", "type": "loisirs", "type_label": "Loisirs", "nom": "CHEZ ANTOINE", "region": {"nom": "THIES", "code": 7}, "departement": {"nom": "MBOUR", "code": 71}, "commune": {"nom": "JOAL FADIOUTH", "code": 71101}, "communaute_rurale": {"nom": "JOAL FADIOUTH", "code": 7110100}, "quartier_village": "NDOUBAB", "milieu": "URBAIN", "thematique": null, "type_qvh": null}}, {"type": "Feature", "geometry": {"type": "Point", "coordinates": [-16.841321, 14.161351]}, "properties": {"id": "loisirs-1193", "type": "loisirs", "type_label": "Loisirs", "nom": "BAR", "region": {"nom": "THIES", "code": 7}, "departement": {"nom": "MBOUR", "code": 71}, "commune": {"nom": "JOAL FADIOUTH", "code": 71101}, "communaute_rurale": {"nom": "JOAL FADIOUTH", "code": 7110100}, "quartier_village": "MBOUR DIOUKHAM", "milieu": "URBAIN", "thematique": null, "type_qvh": null}}, {"type": "Feature", "geometry": {"type": "Point", "coordinates": [-16.841924, 14.161916]}, "properties": {"id": "loisirs-1194", "type": "loisirs", "type_label": "Loisirs", "nom": "BAR", "region": {"nom": "THIES", "code": 7}, "departement": {"nom": "MBOUR", "code": 71}, "commune": {"nom": "JOAL FADIOUTH", "code": 71101}, "communaute_rurale": {"nom": "JOAL FADIOUTH", "code": 7110100}, "quartier_village": "MBOUR DIOUKHAM", "milieu": "URBAIN", "thematique": null, "type_qvh": null}}, {"type": "Feature", "geometry": {"type": "Point", "coordinates": [-16.840795, 14.164996]}, "properties": {"id": "loisirs-1195", "type": "loisirs", "type_label": "Loisirs", "nom": "BAR BLEU DE JOAL FADIOUTH", "region": {"nom": "THIES", "code": 7}, "departement": {"nom": "MBOUR", "code": 71}, "commune": {"nom": "JOAL FADIOUTH", "code": 71101}, "communaute_rurale": {"nom": "JOAL FADIOUTH", "code": 7110100}, "quartier_village": "DIONG", "milieu": "URBAIN", "thematique": null, "type_qvh": null}}, {"type": "Feature", "geometry": {"type": "Point", "coordinates": [-16.84001, 14.161305]}, "properties": {"id": "loisirs-1196", "type": "loisirs", "type_label": "Loisirs", "nom": "BAR", "region": {"nom": "THIES", "code": 7}, "departement": {"nom": "MBOUR", "code": 71}, "commune": {"nom": "JOAL FADIOUTH", "code": 71101}, "communaute_rurale": {"nom": "JOAL FADIOUTH", "code": 7110100}, "quartier_village": "MBOUR DIOUKHAM", "milieu": "URBAIN", "thematique": null, "type_qvh": null}}, {"type": "Feature", "geometry": {"type": "Point", "coordinates": [-16.839712, 14.161903]}, "properties": {"id": "loisirs-1197", "type": "loisirs", "type_label": "Loisirs", "nom": "BAR", "region": {"nom": "THIES", "code": 7}, "departement": {"nom": "MBOUR", "code": 71}, "commune": {"nom": "JOAL FADIOUTH", "code": 71101}, "communaute_rurale": {"nom": "JOAL FADIOUTH", "code": 7110100}, "quartier_village": "DIONG", "milieu": "URBAIN", "thematique": null, "type_qvh": null}}, {"type": "Feature", "geometry": {"type": "Point", "coordinates": [-16.842844, 14.162479]}, "properties": {"id": "loisirs-1198", "type": "loisirs", "type_label": "Loisirs", "nom": "BAR PLUS BUREAUTIQUE", "region": {"nom": "THIES", "code": 7}, "departement": {"nom": "MBOUR", "code": 71}, "commune": {"nom": "JOAL FADIOUTH", "code": 71101}, "communaute_rurale": {"nom": "JOAL FADIOUTH", "code": 7110100}, "quartier_village": "MBOUR DIOUKHAM", "milieu": "URBAIN", "thematique": null, "type_qvh": null}}, {"type": "Feature", "geometry": {"type": "Point", "coordinates": [-16.853469, 14.177825]}, "properties": {"id": "loisirs-1199", "type": "loisirs", "type_label": "Loisirs", "nom": "BUVETTE LA VALENTINE", "region": {"nom": "THIES", "code": 7}, "departement": {"nom": "MBOUR", "code": 71}, "commune": {"nom": "JOAL FADIOUTH", "code": 71101}, "communaute_rurale": {"nom": "JOAL FADIOUTH", "code": 7110100}, "quartier_village": "SANTHIE II (IBOU FAYE)", "milieu": "URBAIN", "thematique": null, "type_qvh": null}}, {"type": "Feature", "geometry": {"type": "Point", "coordinates": [-16.876388, 15.023205]}, "properties": {"id": "loisirs-1200", "type": "loisirs", "type_label": "Loisirs", "nom": "BUVETTE", "region": {"nom": "THIES", "code": 7}, "departement": {"nom": "TIVAOUANE", "code": 73}, "commune": {"nom": "MEOUANE", "code": 73201}, "communaute_rurale": {"nom": "TAIBA NDIAYE", "code": 7320102}, "quartier_village": "TAIBA MBAYE", "milieu": "RURAL", "thematique": null, "type_qvh": null}}, {"type": "Feature", "geometry": {"type": "Point", "coordinates": [-16.631376, 15.113277]}, "properties": {"id": "loisirs-1201", "type": "loisirs", "type_label": "Loisirs", "nom": "SALLE DES FETES", "region": {"nom": "THIES", "code": 7}, "departement": {"nom": "TIVAOUANE", "code": 73}, "commune": {"nom": "MEKHE", "code": 73101}, "communaute_rurale": {"nom": "MEKHE", "code": 7310100}, "quartier_village": "MBAMBARA", "milieu": "URBAIN", "thematique": null, "type_qvh": null}}, {"type": "Feature", "geometry": {"type": "Point", "coordinates": [-16.878808, 15.136813]}, "properties": {"id": "loisirs-1202", "type": "loisirs", "type_label": "Loisirs", "nom": "BAR", "region": {"nom": "THIES", "code": 7}, "departement": {"nom": "TIVAOUANE", "code": 73}, "commune": {"nom": "MEOUANE", "code": 73201}, "communaute_rurale": {"nom": "MBORO", "code": 7320104}, "quartier_village": "MBORO VI", "milieu": "URBAIN", "thematique": null, "type_qvh": null}}, {"type": "Feature", "geometry": {"type": "Point", "coordinates": [-16.884764, 15.138675]}, "properties": {"id": "loisirs-1203", "type": "loisirs", "type_label": "Loisirs", "nom": "CINEMA", "region": {"nom": "THIES", "code": 7}, "departement": {"nom": "TIVAOUANE", "code": 73}, "commune": {"nom": "MEOUANE", "code": 73201}, "communaute_rurale": {"nom": "MBORO", "code": 7320104}, "quartier_village": "MBORO V (HLM LASSERE)", "milieu": "URBAIN", "thematique": null, "type_qvh": null}}, {"type": "Feature", "geometry": {"type": "Point", "coordinates": [-16.890808, 15.133522]}, "properties": {"id": "loisirs-1204", "type": "loisirs", "type_label": "Loisirs", "nom": "CINEMA", "region": {"nom": "THIES", "code": 7}, "departement": {"nom": "TIVAOUANE", "code": 73}, "commune": {"nom": "MEOUANE", "code": 73201}, "communaute_rurale": {"nom": "MBORO", "code": 7320104}, "quartier_village": "CITE MBAYE MBAYE", "milieu": "URBAIN", "thematique": null, "type_qvh": null}}, {"type": "Feature", "geometry": {"type": "Point", "coordinates": [-16.878958, 15.129892]}, "properties": {"id": "loisirs-1205", "type": "loisirs", "type_label": "Loisirs", "nom": "BAR", "region": {"nom": "THIES", "code": 7}, "departement": {"nom": "TIVAOUANE", "code": 73}, "commune": {"nom": "MEOUANE", "code": 73201}, "communaute_rurale": {"nom": "MBORO", "code": 7320104}, "quartier_village": "MBORO X", "milieu": "URBAIN", "thematique": null, "type_qvh": null}}, {"type": "Feature", "geometry": {"type": "Point", "coordinates": [-16.888329, 15.129656]}, "properties": {"id": "loisirs-1206", "type": "loisirs", "type_label": "Loisirs", "nom": "PISCINE", "region": {"nom": "THIES", "code": 7}, "departement": {"nom": "TIVAOUANE", "code": 73}, "commune": {"nom": "MEOUANE", "code": 73201}, "communaute_rurale": {"nom": "MBORO", "code": 7320104}, "quartier_village": "CITE MBAYE MBAYE", "milieu": "URBAIN", "thematique": null, "type_qvh": null}}, {"type": "Feature", "geometry": {"type": "Point", "coordinates": [-16.878031, 15.133581]}, "properties": {"id": "loisirs-1207", "type": "loisirs", "type_label": "Loisirs", "nom": "SALLE DE JEUX", "region": {"nom": "THIES", "code": 7}, "departement": {"nom": "TIVAOUANE", "code": 73}, "commune": {"nom": "MEOUANE", "code": 73201}, "communaute_rurale": {"nom": "MBORO", "code": 7320104}, "quartier_village": "MBORO VII", "milieu": "URBAIN", "thematique": null, "type_qvh": null}}, {"type": "Feature", "geometry": {"type": "Point", "coordinates": [-16.256447, 14.645045]}, "properties": {"id": "loisirs-1208", "type": "loisirs", "type_label": "Loisirs", "nom": "BAR", "region": {"nom": "DIOURBEL", "code": 3}, "departement": {"nom": "DIOURBEL", "code": 32}, "commune": {"nom": "DIOURBEL", "code": 32101}, "communaute_rurale": {"nom": "DIOURBEL", "code": 3210100}, "quartier_village": "THIERNO KANDJI", "milieu": "URBAIN", "thematique": null, "type_qvh": null}}, {"type": "Feature", "geometry": {"type": "Point", "coordinates": [-16.242398, 14.655081]}, "properties": {"id": "loisirs-1209", "type": "loisirs", "type_label": "Loisirs", "nom": "BAR", "region": {"nom": "DIOURBEL", "code": 3}, "departement": {"nom": "DIOURBEL", "code": 32}, "commune": {"nom": "DIOURBEL", "code": 32101}, "communaute_rurale": {"nom": "DIOURBEL", "code": 3210100}, "quartier_village": "CHEIKH ANTA MBACKE", "milieu": "URBAIN", "thematique": null, "type_qvh": null}}, {"type": "Feature", "geometry": {"type": "Point", "coordinates": [-16.236038, 14.65623]}, "properties": {"id": "loisirs-1210", "type": "loisirs", "type_label": "Loisirs", "nom": "BAR RESTAURANT SUNU KER", "region": {"nom": "DIOURBEL", "code": 3}, "departement": {"nom": "DIOURBEL", "code": 32}, "commune": {"nom": "DIOURBEL", "code": 32101}, "communaute_rurale": {"nom": "DIOURBEL", "code": 3210100}, "quartier_village": "CHEIKH ANTA MBACKE", "milieu": "URBAIN", "thematique": null, "type_qvh": null}}, {"type": "Feature", "geometry": {"type": "Point", "coordinates": [-16.235206, 14.638394]}, "properties": {"id": "loisirs-1211", "type": "loisirs", "type_label": "Loisirs", "nom": "BABY FOOT", "region": {"nom": "DIOURBEL", "code": 3}, "departement": {"nom": "DIOURBEL", "code": 32}, "commune": {"nom": "DIOURBEL", "code": 32101}, "communaute_rurale": {"nom": "DIOURBEL", "code": 3210100}, "quartier_village": "THIERNO KANDJI", "milieu": "URBAIN", "thematique": null, "type_qvh": null}}, {"type": "Feature", "geometry": {"type": "Point", "coordinates": [-16.234649, 14.657037]}, "properties": {"id": "loisirs-1212", "type": "loisirs", "type_label": "Loisirs", "nom": "BAR CORNICHE", "region": {"nom": "DIOURBEL", "code": 3}, "departement": {"nom": "DIOURBEL", "code": 32}, "commune": {"nom": "DIOURBEL", "code": 32101}, "communaute_rurale": {"nom": "DIOURBEL", "code": 3210100}, "quartier_village": "CHEIKH ANTA MBACKE", "milieu": "URBAIN", "thematique": null, "type_qvh": null}}, {"type": "Feature", "geometry": {"type": "Point", "coordinates": [-16.234608, 14.657042]}, "properties": {"id": "loisirs-1213", "type": "loisirs", "type_label": "Loisirs", "nom": "SALLE DE JEUX", "region": {"nom": "DIOURBEL", "code": 3}, "departement": {"nom": "DIOURBEL", "code": 32}, "commune": {"nom": "DIOURBEL", "code": 32101}, "communaute_rurale": {"nom": "DIOURBEL", "code": 3210100}, "quartier_village": "CHEIKH ANTA MBACKE", "milieu": "URBAIN", "thematique": null, "type_qvh": null}}, {"type": "Feature", "geometry": {"type": "Point", "coordinates": [-16.23386, 14.63573]}, "properties": {"id": "loisirs-1214", "type": "loisirs", "type_label": "Loisirs", "nom": "BAR CHEZ ALAN SENE", "region": {"nom": "DIOURBEL", "code": 3}, "departement": {"nom": "DIOURBEL", "code": 32}, "commune": {"nom": "DIOURBEL", "code": 32101}, "communaute_rurale": {"nom": "DIOURBEL", "code": 3210100}, "quartier_village": "THIERNO KANDJI", "milieu": "URBAIN", "thematique": null, "type_qvh": null}}, {"type": "Feature", "geometry": {"type": "Point", "coordinates": [-16.233709, 14.638732]}, "properties": {"id": "loisirs-1215", "type": "loisirs", "type_label": "Loisirs", "nom": "BUVETTE", "region": {"nom": "DIOURBEL", "code": 3}, "departement": {"nom": "DIOURBEL", "code": 32}, "commune": {"nom": "DIOURBEL", "code": 32101}, "communaute_rurale": {"nom": "DIOURBEL", "code": 3210100}, "quartier_village": "THIERNO KANDJI", "milieu": "URBAIN", "thematique": null, "type_qvh": null}}, {"type": "Feature", "geometry": {"type": "Point", "coordinates": [-16.232845, 14.655995]}, "properties": {"id": "loisirs-1216", "type": "loisirs", "type_label": "Loisirs", "nom": "AIRE DE JEUX", "region": {"nom": "DIOURBEL", "code": 3}, "departement": {"nom": "DIOURBEL", "code": 32}, "commune": {"nom": "DIOURBEL", "code": 32101}, "communaute_rurale": {"nom": "DIOURBEL", "code": 3210100}, "quartier_village": "THIERNO KANDJI", "milieu": "URBAIN", "thematique": null, "type_qvh": null}}, {"type": "Feature", "geometry": {"type": "Point", "coordinates": [-16.231955, 14.657353]}, "properties": {"id": "loisirs-1217", "type": "loisirs", "type_label": "Loisirs", "nom": "PREMIER PARI FOOT", "region": {"nom": "DIOURBEL", "code": 3}, "departement": {"nom": "DIOURBEL", "code": 32}, "commune": {"nom": "DIOURBEL", "code": 32101}, "communaute_rurale": {"nom": "DIOURBEL", "code": 3210100}, "quartier_village": "CHEIKH ANTA MBACKE", "milieu": "URBAIN", "thematique": null, "type_qvh": null}}, {"type": "Feature", "geometry": {"type": "Point", "coordinates": [-16.226223, 14.666705]}, "properties": {"id": "loisirs-1218", "type": "loisirs", "type_label": "Loisirs", "nom": "SALLE DE JEUX SODA", "region": {"nom": "DIOURBEL", "code": 3}, "departement": {"nom": "DIOURBEL", "code": 32}, "commune": {"nom": "DIOURBEL", "code": 32101}, "communaute_rurale": {"nom": "DIOURBEL", "code": 3210100}, "quartier_village": "KEUR CHEIKH IBRA FALL", "milieu": "URBAIN", "thematique": null, "type_qvh": null}}, {"type": "Feature", "geometry": {"type": "Point", "coordinates": [-16.224506, 14.647213]}, "properties": {"id": "loisirs-1219", "type": "loisirs", "type_label": "Loisirs", "nom": "SALLE DE JEUX", "region": {"nom": "DIOURBEL", "code": 3}, "departement": {"nom": "DIOURBEL", "code": 32}, "commune": {"nom": "DIOURBEL", "code": 32101}, "communaute_rurale": {"nom": "DIOURBEL", "code": 3210100}, "quartier_village": "THIERNO KANDJI", "milieu": "URBAIN", "thematique": null, "type_qvh": null}}, {"type": "Feature", "geometry": {"type": "Point", "coordinates": [-16.220841, 14.647399]}, "properties": {"id": "loisirs-1220", "type": "loisirs", "type_label": "Loisirs", "nom": "BUVETTE", "region": {"nom": "DIOURBEL", "code": 3}, "departement": {"nom": "DIOURBEL", "code": 32}, "commune": {"nom": "DIOURBEL", "code": 32101}, "communaute_rurale": {"nom": "DIOURBEL", "code": 3210100}, "quartier_village": "MEDINATOUL (KEUR GOUMACK)", "milieu": "URBAIN", "thematique": null, "type_qvh": null}}, {"type": "Feature", "geometry": {"type": "Point", "coordinates": [-16.220068, 14.647194]}, "properties": {"id": "loisirs-1221", "type": "loisirs", "type_label": "Loisirs", "nom": "BUVETTE", "region": {"nom": "DIOURBEL", "code": 3}, "departement": {"nom": "DIOURBEL", "code": 32}, "commune": {"nom": "DIOURBEL", "code": 32101}, "communaute_rurale": {"nom": "DIOURBEL", "code": 3210100}, "quartier_village": "MEDINATOUL (KEUR GOUMACK)", "milieu": "URBAIN", "thematique": null, "type_qvh": null}}, {"type": "Feature", "geometry": {"type": "Point", "coordinates": [-16.21533, 14.657228]}, "properties": {"id": "loisirs-1222", "type": "loisirs", "type_label": "Loisirs", "nom": "SALLE DE JEUX BABY FOOT", "region": {"nom": "DIOURBEL", "code": 3}, "departement": {"nom": "DIOURBEL", "code": 32}, "commune": {"nom": "DIOURBEL", "code": 32101}, "communaute_rurale": {"nom": "DIOURBEL", "code": 3210100}, "quartier_village": "MEDINATOUL (KEUR GOUMACK)", "milieu": "URBAIN", "thematique": null, "type_qvh": null}}, {"type": "Feature", "geometry": {"type": "Point", "coordinates": [-16.213325, 14.661576]}, "properties": {"id": "loisirs-1223", "type": "loisirs", "type_label": "Loisirs", "nom": "SALLE DE JEUX", "region": {"nom": "DIOURBEL", "code": 3}, "departement": {"nom": "DIOURBEL", "code": 32}, "commune": {"nom": "DIOURBEL", "code": 32101}, "communaute_rurale": {"nom": "DIOURBEL", "code": 3210100}, "quartier_village": "MEDINATOUL (KEUR GOUMACK)", "milieu": "URBAIN", "thematique": null, "type_qvh": null}}]}