{"type": "FeatureCollection", "features": [{"type": "Feature", "geometry": {"type": "Point", "coordinates": [-12.351579, 12.857556]}, "properties": {"id": "lycee-1", "type": "lycee", "type_label": "Lycée public", "nom": "LYCEE MAKO EX CEM", "region": {"nom": "KEDOUGOU", "code": 13}, "departement": {"nom": "KEDOUGOU", "code": 131}, "commune": {"nom": "BANDAFASSI", "code": 131201}, "communaute_rurale": {"nom": "TOMBORONKOTO", "code": 13120102}, "quartier_village": "MAKO", "milieu": "RURAL", "thematique": "EDUCATION", "type_qvh": "VILLAGE"}}, {"type": "Feature", "geometry": {"type": "Point", "coordinates": [-12.199241, 12.565685]}, "properties": {"id": "lycee-2", "type": "lycee", "type_label": "Lycée public", "nom": "LYCEE TECHNIQUE DE KEDOUGOU", "region": {"nom": "KEDOUGOU", "code": 13}, "departement": {"nom": "KEDOUGOU", "code": 131}, "commune": {"nom": "KEDOUGOU", "code": 131101}, "communaute_rurale": {"nom": "KEDOUGOU", "code": 13110100}, "quartier_village": "DINGUESSOU", "milieu": "URBAIN", "thematique": "EDUCATION", "type_qvh": "QUARTIER"}}, {"type": "Feature", "geometry": {"type": "Point", "coordinates": [-12.157721, 12.582576]}, "properties": {"id": "lycee-3", "type": "lycee", "type_label": "Lycée public", "nom": "LYCEE MACIRE BA", "region": {"nom": "KEDOUGOU", "code": 13}, "departement": {"nom": "KEDOUGOU", "code": 131}, "commune": {"nom": "KEDOUGOU", "code": 131101}, "communaute_rurale": {"nom": "KEDOUGOU", "code": 13110100}, "quartier_village": "KEGNETO PEULH", "milieu": "URBAIN", "thematique": "EDUCATION", "type_qvh": "QUARTIER"}}, {"type": "Feature", "geometry": {"type": "Point", "coordinates": [-12.304614, 12.538787]}, "properties": {"id": "lycee-4", "type": "lycee", "type_label": "Lycée public", "nom": "LYCEE  BANDAFASSI EX CEM", "region": {"nom": "KEDOUGOU", "code": 13}, "departement": {"nom": "KEDOUGOU", "code": 131}, "commune": {"nom": "BANDAFASSI", "code": 131201}, "communaute_rurale": {"nom": "BANDAFASSI", "code": 13120101}, "quartier_village": "BANDAFASSI PEULH", "milieu": "RURAL", "thematique": "EDUCATION", "type_qvh": "VILLAGE"}}, {"type": "Feature", "geometry": {"type": "Point", "coordinates": [-12.127887, 12.603348]}, "properties": {"id": "lycee-5", "type": "lycee", "type_label": "Lycée public", "nom": "LYCEE SAMECOUTA (EX CEM)", "region": {"nom": "KEDOUGOU", "code": 13}, "departement": {"nom": "KEDOUGOU", "code": 131}, "commune": {"nom": "BANDAFASSI", "code": 131201}, "communaute_rurale": {"nom": "BANDAFASSI", "code": 13120101}, "quartier_village": "SAMECOUTA", "milieu": "RURAL", "thematique": "EDUCATION", "type_qvh": "VILLAGE"}}, {"type": "Feature", "geometry": {"type": "Point", "coordinates": [-12.32009, 12.383043]}, "properties": {"id": "lycee-6", "type": "lycee", "type_label": "Lycée public", "nom": "LYCEE DINDEFELO (EX CEM)", "region": {"nom": "KEDOUGOU", "code": 13}, "departement": {"nom": "KEDOUGOU", "code": 131}, "commune": {"nom": "BANDAFASSI", "code": 131201}, "communaute_rurale": {"nom": "DINDEFELO", "code": 13120103}, "quartier_village": "DINDEFELLO", "milieu": "RURAL", "thematique": "EDUCATION", "type_qvh": "VILLAGE"}}, {"type": "Feature", "geometry": {"type": "Point", "coordinates": [-11.994389, 12.425285]}, "properties": {"id": "lycee-7", "type": "lycee", "type_label": "Lycée public", "nom": "LYCEE FONGOLIMBI EX CEM", "region": {"nom": "KEDOUGOU", "code": 13}, "departement": {"nom": "KEDOUGOU", "code": 131}, "commune": {"nom": "FONGOLEMBI", "code": 131202}, "communaute_rurale": {"nom": "FONGOLEMBI", "code": 13120202}, "quartier_village": "FONGOLIMBI", "milieu": "RURAL", "thematique": "EDUCATION", "type_qvh": "VILLAGE"}}, {"type": "Feature", "geometry": {"type": "Point", "coordinates": [-12.822013, 12.64085]}, "properties": {"id": "lycee-8", "type": "lycee", "type_label": "Lycée public", "nom": "LYCEE COULOUBA", "region": {"nom": "KEDOUGOU", "code": 13}, "departement": {"nom": "SALEMATA", "code": 132}, "commune": {"nom": "SALEMATA", "code": 132101}, "communaute_rurale": {"nom": "SALEMATA", "code": 13210100}, "quartier_village": "COULOUBA", "milieu": "URBAIN", "thematique": "EDUCATION", "type_qvh": "QUARTIER"}}, {"type": "Feature", "geometry": {"type": "Point", "coordinates": [-12.798196, 12.633142]}, "properties": {"id": "lycee-9", "type": "lycee", "type_label": "Lycée public", "nom": "LYCEE SALEMATA ( EX CEM)", "region": {"nom": "KEDOUGOU", "code": 13}, "departement": {"nom": "SALEMATA", "code": 132}, "commune": {"nom": "SALEMATA", "code": 132101}, "communaute_rurale": {"nom": "SALEMATA", "code": 13210100}, "quartier_village": "LAWAL KEDOUGOU", "milieu": "URBAIN", "thematique": "EDUCATION", "type_qvh": "QUARTIER"}}, {"type": "Feature", "geometry": {"type": "Point", "coordinates": [-11.764682, 12.834999]}, "properties": {"id": "lycee-10", "type": "lycee", "type_label": "Lycée public", "nom": "LYCEE SARAYA", "region": {"nom": "KEDOUGOU", "code": 13}, "departement": {"nom": "SARAYA", "code": 133}, "commune": {"nom": "SARAYA", "code": 133101}, "communaute_rurale": {"nom": "SARAYA", "code": 13310100}, "quartier_village": "FOUNSAMBA", "milieu": "URBAIN", "thematique": "EDUCATION", "type_qvh": "QUARTIER"}}, {"type": "Feature", "geometry": {"type": "Point", "coordinates": [-11.972604, 13.137266]}, "properties": {"id": "lycee-11", "type": "lycee", "type_label": "Lycée public", "nom": "LYCEE DE KHOSSANTO", "region": {"nom": "KEDOUGOU", "code": 13}, "departement": {"nom": "SARAYA", "code": 133}, "commune": {"nom": "SABODALA", "code": 133202}, "communaute_rurale": {"nom": "KHOSSANTO", "code": 13320201}, "quartier_village": "KHOSSANTO", "milieu": "RURAL", "thematique": "EDUCATION", "type_qvh": "VILLAGE"}}, {"type": "Feature", "geometry": {"type": "Point", "coordinates": [-16.294, 14.456475]}, "properties": {"id": "lycee-12", "type": "lycee", "type_label": "Lycée public", "nom": "LYCEE DIAKHAO SINE", "region": {"nom": "FATICK", "code": 9}, "departement": {"nom": "FATICK", "code": 91}, "commune": {"nom": "NDIOP", "code": 91201}, "communaute_rurale": {"nom": "DIAKHAO", "code": 9120105}, "quartier_village": "DIAKHAO SINE", "milieu": "URBAIN", "thematique": "EDUCATION", "type_qvh": "QUARTIER"}}, {"type": "Feature", "geometry": {"type": "Point", "coordinates": [-16.21908, 14.376126]}, "properties": {"id": "lycee-13", "type": "lycee", "type_label": "Lycée public", "nom": "LYCEE  EX CEM DIAOULE", "region": {"nom": "FATICK", "code": 9}, "departement": {"nom": "FATICK", "code": 91}, "commune": {"nom": "NDIOP", "code": 91201}, "communaute_rurale": {"nom": "DIAOULE", "code": 9120101}, "quartier_village": "DIAOULE", "milieu": "RURAL", "thematique": "EDUCATION", "type_qvh": "VILLAGE"}}, {"type": "Feature", "geometry": {"type": "Point", "coordinates": [-16.668276, 14.19049]}, "properties": {"id": "lycee-14", "type": "lycee", "type_label": "Lycée public", "nom": "LYCEE EL HADJI MAMADOU LAMINE FAYE EX DIOFIOR", "region": {"nom": "FATICK", "code": 9}, "departement": {"nom": "FATICK", "code": 91}, "commune": {"nom": "DIOFFIOR", "code": 91102}, "communaute_rurale": {"nom": "DIOFFIOR", "code": 9110200}, "quartier_village": "SINDIANEKA", "milieu": "URBAIN", "thematique": "EDUCATION", "type_qvh": "QUARTIER"}}, {"type": "Feature", "geometry": {"type": "Point", "coordinates": [-16.402382, 14.3503]}, "properties": {"id": "lycee-15", "type": "lycee", "type_label": "Lycée public", "nom": "LYCEE TECHNIQUE ET PROFESSIONNEL DE FATICK", "region": {"nom": "FATICK", "code": 9}, "departement": {"nom": "FATICK", "code": 91}, "commune": {"nom": "FATICK", "code": 91101}, "communaute_rurale": {"nom": "FATICK", "code": 9110100}, "quartier_village": "CROISEMENT TP", "milieu": "URBAIN", "thematique": "EDUCATION", "type_qvh": "QUARTIER"}}, {"type": "Feature", "geometry": {"type": "Point", "coordinates": [-16.663251, 14.128048]}, "properties": {"id": "lycee-16", "type": "lycee", "type_label": "Lycée public", "nom": "LYCEE DIOGOYE BASIL SENGHOR", "region": {"nom": "FATICK", "code": 9}, "departement": {"nom": "FATICK", "code": 91}, "commune": {"nom": "FIMELA", "code": 91202}, "communaute_rurale": {"nom": "FIMELA", "code": 9120201}, "quartier_village": "FIMELA", "milieu": "RURAL", "thematique": "EDUCATION", "type_qvh": "VILLAGE"}}, {"type": "Feature", "geometry": {"type": "Point", "coordinates": [-16.730944, 14.128659]}, "properties": {"id": "lycee-17", "type": "lycee", "type_label": "Lycée public", "nom": "LYCEE EX CEM KEUR SAMBA DIA", "region": {"nom": "FATICK", "code": 9}, "departement": {"nom": "FATICK", "code": 91}, "commune": {"nom": "FIMELA", "code": 91202}, "communaute_rurale": {"nom": "FIMELA", "code": 9120201}, "quartier_village": "SAMBA DIA", "milieu": "RURAL", "thematique": "EDUCATION", "type_qvh": "VILLAGE"}}, {"type": "Feature", "geometry": {"type": "Point", "coordinates": [-16.256417, 14.549427]}, "properties": {"id": "lycee-18", "type": "lycee", "type_label": "Lycée public", "nom": "LYCEE EX CEM NDIOB", "region": {"nom": "FATICK", "code": 9}, "departement": {"nom": "FATICK", "code": 91}, "commune": {"nom": "NDIOP", "code": 91201}, "communaute_rurale": {"nom": "NDIOP", "code": 9120103}, "quartier_village": "NDIOB", "milieu": "RURAL", "thematique": "EDUCATION", "type_qvh": "VILLAGE"}}, {"type": "Feature", "geometry": {"type": "Point", "coordinates": [-16.474385, 14.534671]}, "properties": {"id": "lycee-19", "type": "lycee", "type_label": "Lycée public", "nom": "LYCEE TOUCAR", "region": {"nom": "FATICK", "code": 9}, "departement": {"nom": "FATICK", "code": 91}, "commune": {"nom": "NIAKHAR", "code": 91203}, "communaute_rurale": {"nom": "NGAYOKHEME", "code": 9120301}, "quartier_village": "TOUCAR", "milieu": "RURAL", "thematique": "EDUCATION", "type_qvh": "VILLAGE"}}, {"type": "Feature", "geometry": {"type": "Point", "coordinates": [-16.632899, 14.353852]}, "properties": {"id": "lycee-20", "type": "lycee", "type_label": "Lycée public", "nom": "LYCEE EX CEM NGOHE NDOFFONGOR", "region": {"nom": "FATICK", "code": 9}, "departement": {"nom": "FATICK", "code": 91}, "commune": {"nom": "TATTAGUINE", "code": 91204}, "communaute_rurale": {"nom": "TATTAGUINE", "code": 9120403}, "quartier_village": "NGOHE NDOFONGOR", "milieu": "RURAL", "thematique": "EDUCATION", "type_qvh": "VILLAGE"}}, {"type": "Feature", "geometry": {"type": "Point", "coordinates": [-16.404163, 14.481519]}, "properties": {"id": "lycee-21", "type": "lycee", "type_label": "Lycée public", "nom": "LYCEE NIAKHAR", "region": {"nom": "FATICK", "code": 9}, "departement": {"nom": "FATICK", "code": 91}, "commune": {"nom": "NIAKHAR", "code": 91203}, "communaute_rurale": {"nom": "NIAKHAR", "code": 9120302}, "quartier_village": "NIAKHAR", "milieu": "RURAL", "thematique": "EDUCATION", "type_qvh": "VILLAGE"}}, {"type": "Feature", "geometry": {"type": "Point", "coordinates": [-16.246445, 14.442514]}, "properties": {"id": "lycee-22", "type": "lycee", "type_label": "Lycée public", "nom": "ANNEXE LYCEE THIARE NDIALGUI", "region": {"nom": "FATICK", "code": 9}, "departement": {"nom": "FATICK", "code": 91}, "commune": {"nom": "NDIOP", "code": 91201}, "communaute_rurale": {"nom": "THIARE NDIALGUI", "code": 9120104}, "quartier_village": "THIARE NDIALGUI", "milieu": "RURAL", "thematique": "EDUCATION", "type_qvh": "VILLAGE"}}, {"type": "Feature", "geometry": {"type": "Point", "coordinates": [-16.245626, 14.443146]}, "properties": {"id": "lycee-23", "type": "lycee", "type_label": "Lycée public", "nom": "LYCEE THIARE NDIALGUI", "region": {"nom": "FATICK", "code": 9}, "departement": {"nom": "FATICK", "code": 91}, "commune": {"nom": "NDIOP", "code": 91201}, "communaute_rurale": {"nom": "THIARE NDIALGUI", "code": 9120104}, "quartier_village": "THIARE NDIALGUI", "milieu": "RURAL", "thematique": "EDUCATION", "type_qvh": "VILLAGE"}}, {"type": "Feature", "geometry": {"type": "Point", "coordinates": [-16.231492, 14.484713]}, "properties": {"id": "lycee-24", "type": "lycee", "type_label": "Lycée public", "nom": "LYCEE EX CEM BOOF MBALEME", "region": {"nom": "FATICK", "code": 9}, "departement": {"nom": "FATICK", "code": 91}, "commune": {"nom": "NDIOP", "code": 91201}, "communaute_rurale": {"nom": "THIARE NDIALGUI", "code": 9120104}, "quartier_village": "BOOF MBALEME I", "milieu": "RURAL", "thematique": "EDUCATION", "type_qvh": "VILLAGE"}}, {"type": "Feature", "geometry": {"type": "Point", "coordinates": [-16.469558, 14.126845]}, "properties": {"id": "lycee-25", "type": "lycee", "type_label": "Lycée public", "nom": "CEM DIENE COUMBA NDIAYE", "region": {"nom": "FATICK", "code": 9}, "departement": {"nom": "FOUNDIOUGNE", "code": 92}, "commune": {"nom": "FOUNDIOUGNE", "code": 92101}, "communaute_rurale": {"nom": "FOUNDIOUGNE", "code": 9210100}, "quartier_village": "THIAMENE", "milieu": "URBAIN", "thematique": "EDUCATION", "type_qvh": "QUARTIER"}}, {"type": "Feature", "geometry": {"type": "Point", "coordinates": [-16.463213, 14.12485]}, "properties": {"id": "lycee-26", "type": "lycee", "type_label": "Lycée public", "nom": "LYCEE EL HADJI MAMADOU DIOUF", "region": {"nom": "FATICK", "code": 9}, "departement": {"nom": "FOUNDIOUGNE", "code": 92}, "commune": {"nom": "FOUNDIOUGNE", "code": 92101}, "communaute_rurale": {"nom": "FOUNDIOUGNE", "code": 9210100}, "quartier_village": "MBELGORE", "milieu": "URBAIN", "thematique": "EDUCATION", "type_qvh": "QUARTIER"}}, {"type": "Feature", "geometry": {"type": "Point", "coordinates": [-16.441162, 14.121249]}, "properties": {"id": "lycee-27", "type": "lycee", "type_label": "Lycée public", "nom": "CEM MBAM", "region": {"nom": "FATICK", "code": 9}, "departement": {"nom": "FOUNDIOUGNE", "code": 92}, "commune": {"nom": "DJILOR", "code": 92201}, "communaute_rurale": {"nom": "MBAM", "code": 9220104}, "quartier_village": "MBAM", "milieu": "RURAL", "thematique": "EDUCATION", "type_qvh": "VILLAGE"}}, {"type": "Feature", "geometry": {"type": "Point", "coordinates": [-16.471863, 13.777497]}, "properties": {"id": "lycee-28", "type": "lycee", "type_label": "Lycée public", "nom": "LYCEE TOUBACOUTA", "region": {"nom": "FATICK", "code": 9}, "departement": {"nom": "FOUNDIOUGNE", "code": 92}, "commune": {"nom": "TOUBACOUTA", "code": 92203}, "communaute_rurale": {"nom": "TOUBACOUTA", "code": 9220304}, "quartier_village": "TOUBACOUTA", "milieu": "RURAL", "thematique": "EDUCATION", "type_qvh": "VILLAGE"}}, {"type": "Feature", "geometry": {"type": "Point", "coordinates": [-16.378935, 14.560276]}, "properties": {"id": "lycee-29", "type": "lycee", "type_label": "Lycée public", "nom": "LYCEE EX CEM PATAR SINE", "region": {"nom": "FATICK", "code": 9}, "departement": {"nom": "FATICK", "code": 91}, "commune": {"nom": "NIAKHAR", "code": 91203}, "communaute_rurale": {"nom": "PATAR", "code": 9120303}, "quartier_village": "PATAR", "milieu": "RURAL", "thematique": "EDUCATION", "type_qvh": "VILLAGE"}}, {"type": "Feature", "geometry": {"type": "Point", "coordinates": [-16.379928, 14.559845]}, "properties": {"id": "lycee-30", "type": "lycee", "type_label": "Lycée public", "nom": "LYCEE MIXTE", "region": {"nom": "FATICK", "code": 9}, "departement": {"nom": "FATICK", "code": 91}, "commune": {"nom": "NIAKHAR", "code": 91203}, "communaute_rurale": {"nom": "PATAR", "code": 9120303}, "quartier_village": "PATAR", "milieu": "RURAL", "thematique": "EDUCATION", "type_qvh": "VILLAGE"}}, {"type": "Feature", "geometry": {"type": "Point", "coordinates": [-16.523498, 14.371245]}, "properties": {"id": "lycee-31", "type": "lycee", "type_label": "Lycée public", "nom": "LYCEE MAMADOU DIOGOYE SENE (DIOUROUP)", "region": {"nom": "FATICK", "code": 9}, "departement": {"nom": "FATICK", "code": 91}, "commune": {"nom": "TATTAGUINE", "code": 91204}, "communaute_rurale": {"nom": "DIOUROUP", "code": 9120402}, "quartier_village": "DIOUROUP (NDIODIONE)", "milieu": "RURAL", "thematique": "EDUCATION", "type_qvh": "VILLAGE"}}, {"type": "Feature", "geometry": {"type": "Point", "coordinates": [-16.639909, 14.245474]}, "properties": {"id": "lycee-32", "type": "lycee", "type_label": "Lycée public", "nom": "LYCEE EX CEM  DJILASS", "region": {"nom": "FATICK", "code": 9}, "departement": {"nom": "FATICK", "code": 91}, "commune": {"nom": "FIMELA", "code": 91202}, "communaute_rurale": {"nom": "DJILASSE", "code": 9120204}, "quartier_village": "DJILASSE", "milieu": "RURAL", "thematique": "EDUCATION", "type_qvh": "VILLAGE"}}, {"type": "Feature", "geometry": {"type": "Point", "coordinates": [-16.291946, 14.34439]}, "properties": {"id": "lycee-33", "type": "lycee", "type_label": "Lycée public", "nom": "LYCEE MBELLACADIAO", "region": {"nom": "FATICK", "code": 9}, "departement": {"nom": "FATICK", "code": 91}, "commune": {"nom": "NDIOP", "code": 91201}, "communaute_rurale": {"nom": "MBELLACADIAO", "code": 9120102}, "quartier_village": "MBELACADIAO", "milieu": "RURAL", "thematique": "EDUCATION", "type_qvh": "VILLAGE"}}, {"type": "Feature", "geometry": {"type": "Point", "coordinates": [-16.768963, 14.031326]}, "properties": {"id": "lycee-34", "type": "lycee", "type_label": "Lycée public", "nom": "LYCEE PALMARIN FACAO", "region": {"nom": "FATICK", "code": 9}, "departement": {"nom": "FATICK", "code": 91}, "commune": {"nom": "FIMELA", "code": 91202}, "communaute_rurale": {"nom": "PALMARIN FACAO", "code": 9120203}, "quartier_village": "PALMARIN FACAO", "milieu": "RURAL", "thematique": "EDUCATION", "type_qvh": "VILLAGE"}}, {"type": "Feature", "geometry": {"type": "Point", "coordinates": [-16.47921, 14.437893]}, "properties": {"id": "lycee-35", "type": "lycee", "type_label": "Lycée public", "nom": "LYCEE DIARRERE", "region": {"nom": "FATICK", "code": 9}, "departement": {"nom": "FATICK", "code": 91}, "commune": {"nom": "TATTAGUINE", "code": 91204}, "communaute_rurale": {"nom": "DIARRERE", "code": 9120401}, "quartier_village": "DIARRERE", "milieu": "RURAL", "thematique": "EDUCATION", "type_qvh": "VILLAGE"}}, {"type": "Feature", "geometry": {"type": "Point", "coordinates": [-16.502199, 14.497034]}, "properties": {"id": "lycee-36", "type": "lycee", "type_label": "Lycée public", "nom": "LYCEE DIOHINE", "region": {"nom": "FATICK", "code": 9}, "departement": {"nom": "FATICK", "code": 91}, "commune": {"nom": "TATTAGUINE", "code": 91204}, "communaute_rurale": {"nom": "DIARRERE", "code": 9120401}, "quartier_village": "DIOHINE", "milieu": "RURAL", "thematique": "EDUCATION", "type_qvh": "VILLAGE"}}, {"type": "Feature", "geometry": {"type": "Point", "coordinates": [-16.4541, 14.412083]}, "properties": {"id": "lycee-37", "type": "lycee", "type_label": "Lycée public", "nom": "LYCEE EX CEM BICOLE", "region": {"nom": "FATICK", "code": 9}, "departement": {"nom": "FATICK", "code": 91}, "commune": {"nom": "TATTAGUINE", "code": 91204}, "communaute_rurale": {"nom": "DIARRERE", "code": 9120401}, "quartier_village": "BICOLE", "milieu": "RURAL", "thematique": "EDUCATION", "type_qvh": "VILLAGE"}}, {"type": "Feature", "geometry": {"type": "Point", "coordinates": [-15.763276, 14.540451]}, "properties": {"id": "lycee-38", "type": "lycee", "type_label": "Lycée public", "nom": "LYCEE MBAR", "region": {"nom": "FATICK", "code": 9}, "departement": {"nom": "GOSSAS", "code": 93}, "commune": {"nom": "COLOBANE", "code": 93201}, "communaute_rurale": {"nom": "MBAR", "code": 9320102}, "quartier_village": "MBAR MBENGUENE", "milieu": "RURAL", "thematique": "EDUCATION", "type_qvh": "VILLAGE"}}, {"type": "Feature", "geometry": {"type": "Point", "coordinates": [-16.061931, 14.485758]}, "properties": {"id": "lycee-39", "type": "lycee", "type_label": "Lycée public", "nom": "LYCEE KHAR KANE", "region": {"nom": "FATICK", "code": 9}, "departement": {"nom": "GOSSAS", "code": 93}, "commune": {"nom": "GOSSAS", "code": 93101}, "communaute_rurale": {"nom": "GOSSAS", "code": 9310100}, "quartier_village": "NDIAYENE", "milieu": "URBAIN", "thematique": "EDUCATION", "type_qvh": "QUARTIER"}}, {"type": "Feature", "geometry": {"type": "Point", "coordinates": [-16.074348, 14.505363]}, "properties": {"id": "lycee-40", "type": "lycee", "type_label": "Lycée public", "nom": "LYCEE DE PAKHA", "region": {"nom": "FATICK", "code": 9}, "departement": {"nom": "GOSSAS", "code": 93}, "commune": {"nom": "GOSSAS", "code": 93101}, "communaute_rurale": {"nom": "GOSSAS", "code": 9310100}, "quartier_village": "PAKHA", "milieu": "URBAIN", "thematique": "EDUCATION", "type_qvh": "QUARTIER"}}, {"type": "Feature", "geometry": {"type": "Point", "coordinates": [-15.704999, 14.638254]}, "properties": {"id": "lycee-41", "type": "lycee", "type_label": "Lycée public", "nom": "LYCEE COLOBANE", "region": {"nom": "FATICK", "code": 9}, "departement": {"nom": "GOSSAS", "code": 93}, "commune": {"nom": "COLOBANE", "code": 93201}, "communaute_rurale": {"nom": "COLOBANE", "code": 9320102}, "quartier_village": "COLOBANE", "milieu": "RURAL", "thematique": "EDUCATION", "type_qvh": "VILLAGE"}}, {"type": "Feature", "geometry": {"type": "Point", "coordinates": [-16.611482, 14.316222]}, "properties": {"id": "lycee-42", "type": "lycee", "type_label": "Lycée public", "nom": "LYCEE LOUL SESSENE", "region": {"nom": "FATICK", "code": 9}, "departement": {"nom": "FATICK", "code": 91}, "commune": {"nom": "FIMELA", "code": 91202}, "communaute_rurale": {"nom": "LOUL SESSENE", "code": 9120202}, "quartier_village": "LOUL SESSENE", "milieu": "RURAL", "thematique": "EDUCATION", "type_qvh": "VILLAGE"}}, {"type": "Feature", "geometry": {"type": "Point", "coordinates": [-16.666515, 14.290102]}, "properties": {"id": "lycee-43", "type": "lycee", "type_label": "Lycée public", "nom": "LYCEE EX-CEM BOYARD NDIODIOM", "region": {"nom": "FATICK", "code": 9}, "departement": {"nom": "FATICK", "code": 91}, "commune": {"nom": "FIMELA", "code": 91202}, "communaute_rurale": {"nom": "LOUL SESSENE", "code": 9120202}, "quartier_village": "BOYARD NDIODIOME", "milieu": "RURAL", "thematique": "EDUCATION", "type_qvh": "VILLAGE"}}, {"type": "Feature", "geometry": {"type": "Point", "coordinates": [-16.666703, 14.292454]}, "properties": {"id": "lycee-44", "type": "lycee", "type_label": "Lycée public", "nom": "LYCEE BOYARD TOCK", "region": {"nom": "FATICK", "code": 9}, "departement": {"nom": "FATICK", "code": 91}, "commune": {"nom": "FIMELA", "code": 91202}, "communaute_rurale": {"nom": "LOUL SESSENE", "code": 9120202}, "quartier_village": "BOYARD TOCK", "milieu": "RURAL", "thematique": "EDUCATION", "type_qvh": "VILLAGE"}}, {"type": "Feature", "geometry": {"type": "Point", "coordinates": [-16.610857, 14.316961]}, "properties": {"id": "lycee-45", "type": "lycee", "type_label": "Lycée public", "nom": "LYCEE BLAISE SENE (EX LOUL SESSENE)", "region": {"nom": "FATICK", "code": 9}, "departement": {"nom": "FATICK", "code": 91}, "commune": {"nom": "FIMELA", "code": 91202}, "communaute_rurale": {"nom": "LOUL SESSENE", "code": 9120202}, "quartier_village": "LOUL SESSENE", "milieu": "RURAL", "thematique": "EDUCATION", "type_qvh": "VILLAGE"}}, {"type": "Feature", "geometry": {"type": "Point", "coordinates": [-16.597589, 13.921568]}, "properties": {"id": "lycee-46", "type": "lycee", "type_label": "Lycée public", "nom": "LYCEE EX CEM BASSOUL", "region": {"nom": "FATICK", "code": 9}, "departement": {"nom": "FOUNDIOUGNE", "code": 92}, "commune": {"nom": "NIODIOR", "code": 92202}, "communaute_rurale": {"nom": "BASSOUL", "code": 9220201}, "quartier_village": "BASSOUL", "milieu": "RURAL", "thematique": "EDUCATION", "type_qvh": "VILLAGE"}}, {"type": "Feature", "geometry": {"type": "Point", "coordinates": [-16.719707, 13.850251]}, "properties": {"id": "lycee-47", "type": "lycee", "type_label": "Lycée public", "nom": "LYCEE NIODIOR", "region": {"nom": "FATICK", "code": 9}, "departement": {"nom": "FOUNDIOUGNE", "code": 92}, "commune": {"nom": "NIODIOR", "code": 92202}, "communaute_rurale": {"nom": "DIONEWAR", "code": 9220202}, "quartier_village": "NIODIOR", "milieu": "RURAL", "thematique": "EDUCATION", "type_qvh": "VILLAGE"}}, {"type": "Feature", "geometry": {"type": "Point", "coordinates": [-16.727669, 13.8921]}, "properties": {"id": "lycee-48", "type": "lycee", "type_label": "Lycée public", "nom": "LYCEE DIONEWAR", "region": {"nom": "FATICK", "code": 9}, "departement": {"nom": "FOUNDIOUGNE", "code": 92}, "commune": {"nom": "NIODIOR", "code": 92202}, "communaute_rurale": {"nom": "DIONEWAR", "code": 9220202}, "quartier_village": "DIONEWAR", "milieu": "RURAL", "thematique": "EDUCATION", "type_qvh": "VILLAGE"}}, {"type": "Feature", "geometry": {"type": "Point", "coordinates": [-16.422101, 13.612001]}, "properties": {"id": "lycee-49", "type": "lycee", "type_label": "Lycée public", "nom": "LYCEE KARANG", "region": {"nom": "FATICK", "code": 9}, "departement": {"nom": "FOUNDIOUGNE", "code": 92}, "commune": {"nom": "TOUBACOUTA", "code": 92203}, "communaute_rurale": {"nom": "KARANG POSTE", "code": 9220305}, "quartier_village": "MEDINE", "milieu": "URBAIN", "thematique": "EDUCATION", "type_qvh": "QUARTIER"}}, {"type": "Feature", "geometry": {"type": "Point", "coordinates": [-16.475588, 14.083894]}, "properties": {"id": "lycee-50", "type": "lycee", "type_label": "Lycée public", "nom": "LYCEE SOUM", "region": {"nom": "FATICK", "code": 9}, "departement": {"nom": "FOUNDIOUGNE", "code": 92}, "commune": {"nom": "DJILOR", "code": 92201}, "communaute_rurale": {"nom": "SOUM", "code": 9220107}, "quartier_village": "BAAK III (MEDINA)", "milieu": "URBAIN", "thematique": "EDUCATION", "type_qvh": "QUARTIER"}}, {"type": "Feature", "geometry": {"type": "Point", "coordinates": [-16.36562, 13.869432]}, "properties": {"id": "lycee-51", "type": "lycee", "type_label": "Lycée public", "nom": "LYCEE MAMADOU AMADOU DEME (SOKONE)", "region": {"nom": "FATICK", "code": 9}, "departement": {"nom": "FOUNDIOUGNE", "code": 92}, "commune": {"nom": "SOKONE", "code": 92102}, "communaute_rurale": {"nom": "SOKONE", "code": 9210200}, "quartier_village": "DIAMAGUENE SUD", "milieu": "URBAIN", "thematique": "EDUCATION", "type_qvh": "QUARTIER"}}, {"type": "Feature", "geometry": {"type": "Point", "coordinates": [-16.381538, 13.888023]}, "properties": {"id": "lycee-52", "type": "lycee", "type_label": "Lycée public", "nom": "BLOC SCIENTIFIQUE ET TECHNIQUE DE SOKONE", "region": {"nom": "FATICK", "code": 9}, "departement": {"nom": "FOUNDIOUGNE", "code": 92}, "commune": {"nom": "SOKONE", "code": 92102}, "communaute_rurale": {"nom": "SOKONE", "code": 9210200}, "quartier_village": "MBOULDIAME", "milieu": "URBAIN", "thematique": "EDUCATION", "type_qvh": "QUARTIER"}}, {"type": "Feature", "geometry": {"type": "Point", "coordinates": [-16.606236, 13.983847]}, "properties": {"id": "lycee-53", "type": "lycee", "type_label": "Lycée public", "nom": "LYCEE & CEM DJIRNDA", "region": {"nom": "FATICK", "code": 9}, "departement": {"nom": "FOUNDIOUGNE", "code": 92}, "commune": {"nom": "NIODIOR", "code": 92202}, "communaute_rurale": {"nom": "DJIRNDA", "code": 9220203}, "quartier_village": "DJIRNDA", "milieu": "RURAL", "thematique": "EDUCATION", "type_qvh": "VILLAGE"}}, {"type": "Feature", "geometry": {"type": "Point", "coordinates": [-16.333832, 14.053637]}, "properties": {"id": "lycee-54", "type": "lycee", "type_label": "Lycée public", "nom": "LYCEE DJILOR SALOUM", "region": {"nom": "FATICK", "code": 9}, "departement": {"nom": "FOUNDIOUGNE", "code": 92}, "commune": {"nom": "DJILOR", "code": 92201}, "communaute_rurale": {"nom": "DJILOR", "code": 9220101}, "quartier_village": "DJILOR", "milieu": "RURAL", "thematique": "EDUCATION", "type_qvh": "VILLAGE"}}, {"type": "Feature", "geometry": {"type": "Point", "coordinates": [-16.269065, 13.978649]}, "properties": {"id": "lycee-55", "type": "lycee", "type_label": "Lycée public", "nom": "LYCEE PASSY", "region": {"nom": "FATICK", "code": 9}, "departement": {"nom": "FOUNDIOUGNE", "code": 92}, "commune": {"nom": "DJILOR", "code": 92201}, "communaute_rurale": {"nom": "PASSY", "code": 9220106}, "quartier_village": "SANTHIABA", "milieu": "URBAIN", "thematique": "EDUCATION", "type_qvh": "QUARTIER"}}, {"type": "Feature", "geometry": {"type": "Point", "coordinates": [-15.10092, 12.761793]}, "properties": {"id": "lycee-56", "type": "lycee", "type_label": "Lycée public", "nom": "LYCEE SARE YOBA DIEGA", "region": {"nom": "KOLDA", "code": 10}, "departement": {"nom": "KOLDA", "code": 101}, "commune": {"nom": "DIOULACOLON", "code": 101201}, "communaute_rurale": {"nom": "SARE YOBA DIEGA", "code": 10120106}, "quartier_village": "DAR SALAM", "milieu": "URBAIN", "thematique": "EDUCATION", "type_qvh": "QUARTIER"}}, {"type": "Feature", "geometry": {"type": "Point", "coordinates": [-14.906569, 12.744592]}, "properties": {"id": "lycee-57", "type": "lycee", "type_label": "Lycée public", "nom": "LYCEE MEDINA EL HADJI (EX CEM)", "region": {"nom": "KOLDA", "code": 10}, "departement": {"nom": "KOLDA", "code": 101}, "commune": {"nom": "DIOULACOLON", "code": 101201}, "communaute_rurale": {"nom": "MEDINA EL HADJI", "code": 10120102}, "quartier_village": "MEDINA EL HADJI", "milieu": "RURAL", "thematique": "EDUCATION", "type_qvh": "VILLAGE"}}, {"type": "Feature", "geometry": {"type": "Point", "coordinates": [-14.837793, 12.777142]}, "properties": {"id": "lycee-58", "type": "lycee", "type_label": "Lycée public", "nom": "LYCEE GUIRO YERO BOCAR", "region": {"nom": "KOLDA", "code": 10}, "departement": {"nom": "KOLDA", "code": 101}, "commune": {"nom": "DIOULACOLON", "code": 101201}, "communaute_rurale": {"nom": "GUIRO YERO BOCAR", "code": 10120104}, "quartier_village": "GUIRO YERO BOCAR", "milieu": "RURAL", "thematique": "EDUCATION", "type_qvh": "VILLAGE"}}, {"type": "Feature", "geometry": {"type": "Point", "coordinates": [-13.744149, 12.948338]}, "properties": {"id": "lycee-59", "type": "lycee", "type_label": "Lycée public", "nom": "LYCEE LINKERING", "region": {"nom": "KOLDA", "code": 10}, "departement": {"nom": "VELINGARA", "code": 102}, "commune": {"nom": "BONCONTO", "code": 102201}, "communaute_rurale": {"nom": "LINKERING", "code": 10220102}, "quartier_village": "LINKERING", "milieu": "RURAL", "thematique": "EDUCATION", "type_qvh": "VILLAGE"}}, {"type": "Feature", "geometry": {"type": "Point", "coordinates": [-14.328229, 12.892312]}, "properties": {"id": "lycee-60", "type": "lycee", "type_label": "Lycée public", "nom": "LYCEE MAMPATIM", "region": {"nom": "KOLDA", "code": 10}, "departement": {"nom": "KOLDA", "code": 101}, "commune": {"nom": "MAMPATIM", "code": 101202}, "communaute_rurale": {"nom": "MAMPATIM", "code": 10120203}, "quartier_village": "MAMPATIM", "milieu": "RURAL", "thematique": "EDUCATION", "type_qvh": "VILLAGE"}}, {"type": "Feature", "geometry": {"type": "Point", "coordinates": [-14.468408, 12.879574]}, "properties": {"id": "lycee-61", "type": "lycee", "type_label": "Lycée public", "nom": "LYCEE DABO", "region": {"nom": "KOLDA", "code": 10}, "departement": {"nom": "KOLDA", "code": 101}, "commune": {"nom": "MAMPATIM", "code": 101202}, "communaute_rurale": {"nom": "DABO", "code": 10120206}, "quartier_village": "GOROL", "milieu": "URBAIN", "thematique": "EDUCATION", "type_qvh": "QUARTIER"}}, {"type": "Feature", "geometry": {"type": "Point", "coordinates": [-14.948307, 12.90544]}, "properties": {"id": "lycee-62", "type": "lycee", "type_label": "Lycée public", "nom": "LYCEE SIKILO", "region": {"nom": "KOLDA", "code": 10}, "departement": {"nom": "KOLDA", "code": 101}, "commune": {"nom": "KOLDA", "code": 101101}, "communaute_rurale": {"nom": "KOLDA", "code": 10110100}, "quartier_village": "ZONE LYCEE", "milieu": "URBAIN", "thematique": "EDUCATION", "type_qvh": "QUARTIER"}}, {"type": "Feature", "geometry": {"type": "Point", "coordinates": [-14.940867, 12.873756]}, "properties": {"id": "lycee-63", "type": "lycee", "type_label": "Lycée public", "nom": "LYCEE BOUNA KANE", "region": {"nom": "KOLDA", "code": 10}, "departement": {"nom": "KOLDA", "code": 101}, "commune": {"nom": "KOLDA", "code": 101101}, "communaute_rurale": {"nom": "KOLDA", "code": 10110100}, "quartier_village": "BOUNA KANE", "milieu": "URBAIN", "thematique": "EDUCATION", "type_qvh": "QUARTIER"}}, {"type": "Feature", "geometry": {"type": "Point", "coordinates": [-14.946105, 12.898768]}, "properties": {"id": "lycee-64", "type": "lycee", "type_label": "Lycée public", "nom": "LYCEE ALPHA MOLO BALDE", "region": {"nom": "KOLDA", "code": 10}, "departement": {"nom": "KOLDA", "code": 101}, "commune": {"nom": "KOLDA", "code": 101101}, "communaute_rurale": {"nom": "KOLDA", "code": 10110100}, "quartier_village": "DOUMASSOU", "milieu": "URBAIN", "thematique": "EDUCATION", "type_qvh": "QUARTIER"}}, {"type": "Feature", "geometry": {"type": "Point", "coordinates": [-14.956076, 12.904557]}, "properties": {"id": "lycee-65", "type": "lycee", "type_label": "Lycée public", "nom": "LYCEE ZONE LYCEE", "region": {"nom": "KOLDA", "code": 10}, "departement": {"nom": "KOLDA", "code": 101}, "commune": {"nom": "KOLDA", "code": 101101}, "communaute_rurale": {"nom": "KOLDA", "code": 10110100}, "quartier_village": "ZONE LYCEE", "milieu": "URBAIN", "thematique": "EDUCATION", "type_qvh": "QUARTIER"}}, {"type": "Feature", "geometry": {"type": "Point", "coordinates": [-14.657207, 12.849771]}, "properties": {"id": "lycee-66", "type": "lycee", "type_label": "Lycée public", "nom": "LYCEE BAGADADJI (EX CEM)", "region": {"nom": "KOLDA", "code": 10}, "departement": {"nom": "KOLDA", "code": 101}, "commune": {"nom": "MAMPATIM", "code": 101202}, "communaute_rurale": {"nom": "BAGADADJI", "code": 10120201}, "quartier_village": "BAGADADJI", "milieu": "RURAL", "thematique": "EDUCATION", "type_qvh": "VILLAGE"}}, {"type": "Feature", "geometry": {"type": "Point", "coordinates": [-14.159208, 12.921614]}, "properties": {"id": "lycee-67", "type": "lycee", "type_label": "Lycée public", "nom": "LYCEE DIAOBE", "region": {"nom": "KOLDA", "code": 10}, "departement": {"nom": "VELINGARA", "code": 102}, "commune": {"nom": "SARE COLY SALLE", "code": 102203}, "communaute_rurale": {"nom": "DIAOBE KABENDOU", "code": 10220305}, "quartier_village": "DIAOBE 1 EST", "milieu": "URBAIN", "thematique": "EDUCATION", "type_qvh": "QUARTIER"}}, {"type": "Feature", "geometry": {"type": "Point", "coordinates": [-14.07088, 12.919541]}, "properties": {"id": "lycee-68", "type": "lycee", "type_label": "Lycée public", "nom": "LYCEE KOUNKANE", "region": {"nom": "KOLDA", "code": 10}, "departement": {"nom": "VELINGARA", "code": 102}, "commune": {"nom": "SARE COLY SALLE", "code": 102203}, "communaute_rurale": {"nom": "KOUNKANE", "code": 10220306}, "quartier_village": "KOUNKANE IDY", "milieu": "URBAIN", "thematique": "EDUCATION", "type_qvh": "QUARTIER"}}, {"type": "Feature", "geometry": {"type": "Point", "coordinates": [-13.962941, 12.766649]}, "properties": {"id": "lycee-69", "type": "lycee", "type_label": "Lycée public", "nom": "LYCEE PAKOUR", "region": {"nom": "KOLDA", "code": 10}, "departement": {"nom": "VELINGARA", "code": 102}, "commune": {"nom": "PAKOUR", "code": 102202}, "communaute_rurale": {"nom": "PAKOUR", "code": 10220203}, "quartier_village": "PAKOUR", "milieu": "RURAL", "thematique": "EDUCATION", "type_qvh": "VILLAGE"}}, {"type": "Feature", "geometry": {"type": "Point", "coordinates": [-14.950653, 13.443531]}, "properties": {"id": "lycee-70", "type": "lycee", "type_label": "Lycée public", "nom": "LYCEE PATA", "region": {"nom": "KOLDA", "code": 10}, "departement": {"nom": "MEDINA YORO FOULAH", "code": 103}, "commune": {"nom": "NIAMING", "code": 103203}, "communaute_rurale": {"nom": "PATA", "code": 10320304}, "quartier_village": "ESCALE", "milieu": "URBAIN", "thematique": "EDUCATION", "type_qvh": "QUARTIER"}}, {"type": "Feature", "geometry": {"type": "Point", "coordinates": [-14.71542, 13.302204]}, "properties": {"id": "lycee-71", "type": "lycee", "type_label": "Lycée public", "nom": "LYCEE MEDINA YORO FOULAH", "region": {"nom": "KOLDA", "code": 10}, "departement": {"nom": "MEDINA YORO FOULAH", "code": 103}, "commune": {"nom": "MEDINA YORO FOULAH", "code": 103101}, "communaute_rurale": {"nom": "MEDINA YORO FOULAH", "code": 10310100}, "quartier_village": "MEDINA NDIAYENE", "milieu": "URBAIN", "thematique": "EDUCATION", "type_qvh": "QUARTIER"}}, {"type": "Feature", "geometry": {"type": "Point", "coordinates": [-16.412396, 14.318241]}, "properties": {"id": "lycee-72", "type": "lycee", "type_label": "Lycée public", "nom": "LYCEE EX CEM 3 FATICK COMMUNE", "region": {"nom": "FATICK", "code": 9}, "departement": {"nom": "FATICK", "code": 91}, "commune": {"nom": "FATICK", "code": 91101}, "communaute_rurale": {"nom": "FATICK", "code": 9110100}, "quartier_village": "NDIANDIAYE II", "milieu": "URBAIN", "thematique": "EDUCATION", "type_qvh": "QUARTIER"}}, {"type": "Feature", "geometry": {"type": "Point", "coordinates": [-16.421499, 14.3412]}, "properties": {"id": "lycee-73", "type": "lycee", "type_label": "Lycée public", "nom": "LYCEE COUMBA NDOFFENE DIOUF", "region": {"nom": "FATICK", "code": 9}, "departement": {"nom": "FATICK", "code": 91}, "commune": {"nom": "FATICK", "code": 91101}, "communaute_rurale": {"nom": "FATICK", "code": 9110100}, "quartier_village": "DAROU SALAM", "milieu": "URBAIN", "thematique": "EDUCATION", "type_qvh": "QUARTIER"}}, {"type": "Feature", "geometry": {"type": "Point", "coordinates": [-15.751414, 14.129789]}, "properties": {"id": "lycee-74", "type": "lycee", "type_label": "Lycée public", "nom": "LYCEE BIRKELANE", "region": {"nom": "KAFFRINE", "code": 12}, "departement": {"nom": "BIRKELANE", "code": 122}, "commune": {"nom": "BIRKELANE", "code": 122101}, "communaute_rurale": {"nom": "BIRKELANE", "code": 12210100}, "quartier_village": "GADGA ESCALE", "milieu": "URBAIN", "thematique": "EDUCATION", "type_qvh": "QUARTIER"}}, {"type": "Feature", "geometry": {"type": "Point", "coordinates": [-15.533179, 14.280147]}, "properties": {"id": "lycee-75", "type": "lycee", "type_label": "Lycée public", "nom": "LYCEE BOULEL", "region": {"nom": "KAFFRINE", "code": 12}, "departement": {"nom": "KAFFRINE", "code": 121}, "commune": {"nom": "GNIBY", "code": 121201}, "communaute_rurale": {"nom": "BOULEL", "code": 12120101}, "quartier_village": "BOULEL GOUMACK", "milieu": "RURAL", "thematique": "EDUCATION", "type_qvh": "QUARTIER"}}, {"type": "Feature", "geometry": {"type": "Point", "coordinates": [-15.6682, 13.914696]}, "properties": {"id": "lycee-76", "type": "lycee", "type_label": "Lycée public", "nom": "LYCEE MABO", "region": {"nom": "KAFFRINE", "code": 12}, "departement": {"nom": "BIRKELANE", "code": 122}, "commune": {"nom": "MABO", "code": 122202}, "communaute_rurale": {"nom": "MABO", "code": 12220201}, "quartier_village": "MABO 1", "milieu": "RURAL", "thematique": "EDUCATION", "type_qvh": "VILLAGE"}}, {"type": "Feature", "geometry": {"type": "Point", "coordinates": [-15.667599, 13.915051]}, "properties": {"id": "lycee-77", "type": "lycee", "type_label": "Lycée public", "nom": "ANNEXE LYCEE MABO", "region": {"nom": "KAFFRINE", "code": 12}, "departement": {"nom": "BIRKELANE", "code": 122}, "commune": {"nom": "MABO", "code": 122202}, "communaute_rurale": {"nom": "MABO", "code": 12220201}, "quartier_village": "MABO 1", "milieu": "RURAL", "thematique": "EDUCATION", "type_qvh": "VILLAGE"}}, {"type": "Feature", "geometry": {"type": "Point", "coordinates": [-15.409538, 13.831067]}, "properties": {"id": "lycee-78", "type": "lycee", "type_label": "Lycée public", "nom": "LYCEE NGANDA (LYCEE YORO SY PENDA MBAYE DE NGANDA)", "region": {"nom": "KAFFRINE", "code": 12}, "departement": {"nom": "KAFFRINE", "code": 121}, "commune": {"nom": "KATAKEL", "code": 121202}, "communaute_rurale": {"nom": "NGANDA", "code": 12120205}, "quartier_village": "NGANDA CENTRE", "milieu": "URBAIN", "thematique": "EDUCATION", "type_qvh": "QUARTIER"}}, {"type": "Feature", "geometry": {"type": "Point", "coordinates": [-15.288948, 14.088203]}, "properties": {"id": "lycee-79", "type": "lycee", "type_label": "Lycée public", "nom": "LYCEE ELHADJI IBRAHIMA KA DIT  IBOU LAYE", "region": {"nom": "KAFFRINE", "code": 12}, "departement": {"nom": "MALEM HODDAR", "code": 124}, "commune": {"nom": "MALEM HODDAR", "code": 124101}, "communaute_rurale": {"nom": "MALEM HODDAR", "code": 12410100}, "quartier_village": "ESCALE", "milieu": "URBAIN", "thematique": "EDUCATION", "type_qvh": "QUARTIER"}}, {"type": "Feature", "geometry": {"type": "Point", "coordinates": [-14.792058, 13.986044]}, "properties": {"id": "lycee-80", "type": "lycee", "type_label": "Lycée public", "nom": "LYCEE ELHADJI IBRAHIMA BA", "region": {"nom": "KAFFRINE", "code": 12}, "departement": {"nom": "KOUNGHEUL", "code": 123}, "commune": {"nom": "KOUNGHEUL", "code": 123101}, "communaute_rurale": {"nom": "KOUNGHEUL", "code": 12310100}, "quartier_village": "KOUNGHUEL VILLE 2", "milieu": "URBAIN", "thematique": "EDUCATION", "type_qvh": "QUARTIER"}}, {"type": "Feature", "geometry": {"type": "Point", "coordinates": [-14.8025, 13.982525]}, "properties": {"id": "lycee-81", "type": "lycee", "type_label": "Lycée public", "nom": "LYCEE & CEM EL HADJI MALICK GUEYE", "region": {"nom": "KAFFRINE", "code": 12}, "departement": {"nom": "KOUNGHEUL", "code": 123}, "commune": {"nom": "KOUNGHEUL", "code": 123101}, "communaute_rurale": {"nom": "KOUNGHEUL", "code": 12310100}, "quartier_village": "ESCALE", "milieu": "URBAIN", "thematique": "EDUCATION", "type_qvh": "QUARTIER"}}, {"type": "Feature", "geometry": {"type": "Point", "coordinates": [-15.195923, 14.36245]}, "properties": {"id": "lycee-82", "type": "lycee", "type_label": "Lycée public", "nom": "LYCEE NDIOUM NGAINTH", "region": {"nom": "KAFFRINE", "code": 12}, "departement": {"nom": "MALEM HODDAR", "code": 124}, "commune": {"nom": "DAROU MINAM II", "code": 124201}, "communaute_rurale": {"nom": "NDIOUM NGAINTH", "code": 12420102}, "quartier_village": "NDIOUM NGAINTH 2", "milieu": "RURAL", "thematique": "EDUCATION", "type_qvh": "VILLAGE"}}, {"type": "Feature", "geometry": {"type": "Point", "coordinates": [-15.650075, 14.425753]}, "properties": {"id": "lycee-83", "type": "lycee", "type_label": "Lycée public", "nom": "LYCEE GNIBY", "region": {"nom": "KAFFRINE", "code": 12}, "departement": {"nom": "KAFFRINE", "code": 121}, "commune": {"nom": "GNIBY", "code": 121201}, "communaute_rurale": {"nom": "GNIBY", "code": 12120102}, "quartier_village": "GNIBY", "milieu": "RURAL", "thematique": "EDUCATION", "type_qvh": "VILLAGE"}}, {"type": "Feature", "geometry": {"type": "Point", "coordinates": [-15.552111, 14.108991]}, "properties": {"id": "lycee-84", "type": "lycee", "type_label": "Lycée public", "nom": "LYCEE BABACAR COBAR NDAO", "region": {"nom": "KAFFRINE", "code": 12}, "departement": {"nom": "KAFFRINE", "code": 121}, "commune": {"nom": "KAFFRINE", "code": 121101}, "communaute_rurale": {"nom": "KAFFRINE", "code": 12110100}, "quartier_village": "MBAMBA", "milieu": "URBAIN", "thematique": "EDUCATION", "type_qvh": "QUARTIER"}}, {"type": "Feature", "geometry": {"type": "Point", "coordinates": [-15.550624, 14.087114]}, "properties": {"id": "lycee-85", "type": "lycee", "type_label": "Lycée public", "nom": "LYCEE DIAMAGUENE TP (EX CEM)", "region": {"nom": "KAFFRINE", "code": 12}, "departement": {"nom": "KAFFRINE", "code": 121}, "commune": {"nom": "KAFFRINE", "code": 121101}, "communaute_rurale": {"nom": "KAFFRINE", "code": 12110100}, "quartier_village": "DIAMAGUENE TP", "milieu": "URBAIN", "thematique": "EDUCATION", "type_qvh": "QUARTIER"}}, {"type": "Feature", "geometry": {"type": "Point", "coordinates": [-15.657756, 13.050485]}, "properties": {"id": "lycee-86", "type": "lycee", "type_label": "Lycée public", "nom": "LYCEE FA TASLIMA", "region": {"nom": "SEDHIOU", "code": 14}, "departement": {"nom": "BOUNKILING", "code": 142}, "commune": {"nom": "BONA", "code": 142202}, "communaute_rurale": {"nom": "INOR", "code": 14220203}, "quartier_village": "TASLIMA", "milieu": "RURAL", "thematique": "EDUCATION", "type_qvh": "VILLAGE"}}, {"type": "Feature", "geometry": {"type": "Point", "coordinates": [-15.709924, 12.994758]}, "properties": {"id": "lycee-87", "type": "lycee", "type_label": "Lycée public", "nom": "LYCEE & CEM INOR", "region": {"nom": "SEDHIOU", "code": 14}, "departement": {"nom": "BOUNKILING", "code": 142}, "commune": {"nom": "BONA", "code": 142202}, "communaute_rurale": {"nom": "INOR", "code": 14220203}, "quartier_village": "INOR MANDINGUE", "milieu": "RURAL", "thematique": "EDUCATION", "type_qvh": "VILLAGE"}}, {"type": "Feature", "geometry": {"type": "Point", "coordinates": [-15.690104, 13.04127]}, "properties": {"id": "lycee-88", "type": "lycee", "type_label": "Lycée public", "nom": "LYCEE BOUNKILING", "region": {"nom": "SEDHIOU", "code": 14}, "departement": {"nom": "BOUNKILING", "code": 142}, "commune": {"nom": "BOUNKILING", "code": 142101}, "communaute_rurale": {"nom": "BOUNKILING", "code": 14210100}, "quartier_village": "SOLLYCOUNDA", "milieu": "URBAIN", "thematique": "EDUCATION", "type_qvh": "QUARTIER"}}, {"type": "Feature", "geometry": {"type": "Point", "coordinates": [-15.836844, 12.960893]}, "properties": {"id": "lycee-89", "type": "lycee", "type_label": "Lycée public", "nom": "LYCEE BONA", "region": {"nom": "SEDHIOU", "code": 14}, "departement": {"nom": "BOUNKILING", "code": 142}, "commune": {"nom": "BONA", "code": 142202}, "communaute_rurale": {"nom": "BONA", "code": 14220201}, "quartier_village": "BONA", "milieu": "RURAL", "thematique": "EDUCATION", "type_qvh": "VILLAGE"}}, {"type": "Feature", "geometry": {"type": "Point", "coordinates": [-15.638166, 13.048876]}, "properties": {"id": "lycee-90", "type": "lycee", "type_label": "Lycée public", "nom": "LYCEE MEDINA WANDIFA", "region": {"nom": "SEDHIOU", "code": 14}, "departement": {"nom": "BOUNKILING", "code": 142}, "commune": {"nom": "DIAROUME", "code": 142203}, "communaute_rurale": {"nom": "MADINA WANDIFA", "code": 14220304}, "quartier_village": "CITE MILLIONNAIRE", "milieu": "URBAIN", "thematique": "EDUCATION", "type_qvh": "QUARTIER"}}, {"type": "Feature", "geometry": {"type": "Point", "coordinates": [-15.776463, 12.552457]}, "properties": {"id": "lycee-91", "type": "lycee", "type_label": "Lycée public", "nom": "LYCEE SIMBANDI BALANTE", "region": {"nom": "SEDHIOU", "code": 14}, "departement": {"nom": "GOUDOMP", "code": 143}, "commune": {"nom": "DJIBANAR", "code": 143201}, "communaute_rurale": {"nom": "SIMBANDI BALANTE", "code": 14320104}, "quartier_village": "SIMBANDI BALANTE", "milieu": "RURAL", "thematique": "EDUCATION", "type_qvh": "VILLAGE"}}, {"type": "Feature", "geometry": {"type": "Point", "coordinates": [-15.881483, 12.560416]}, "properties": {"id": "lycee-92", "type": "lycee", "type_label": "Lycée public", "nom": "LYCEE GOUDOMP (CEM GOUDOMP III)", "region": {"nom": "SEDHIOU", "code": 14}, "departement": {"nom": "GOUDOMP", "code": 143}, "commune": {"nom": "GOUDOMP", "code": 143101}, "communaute_rurale": {"nom": "GOUDOMP", "code": 14310100}, "quartier_village": "SANSANCONO", "milieu": "URBAIN", "thematique": "EDUCATION", "type_qvh": "QUARTIER"}}, {"type": "Feature", "geometry": {"type": "Point", "coordinates": [-15.261486, 12.708421]}, "properties": {"id": "lycee-93", "type": "lycee", "type_label": "Lycée public", "nom": "LYCEE NIAGHA", "region": {"nom": "SEDHIOU", "code": 14}, "departement": {"nom": "GOUDOMP", "code": 143}, "commune": {"nom": "SIMBANDI BRASSOU", "code": 143203}, "communaute_rurale": {"nom": "NIAGHA", "code": 14320301}, "quartier_village": "NIAGHA", "milieu": "RURAL", "thematique": "EDUCATION", "type_qvh": "VILLAGE"}}, {"type": "Feature", "geometry": {"type": "Point", "coordinates": [-15.62754, 12.489425]}, "properties": {"id": "lycee-94", "type": "lycee", "type_label": "Lycée public", "nom": "LYCEE SAMINE", "region": {"nom": "SEDHIOU", "code": 14}, "departement": {"nom": "GOUDOMP", "code": 143}, "commune": {"nom": "DJIBANAR", "code": 143201}, "communaute_rurale": {"nom": "SAMINE", "code": 14320107}, "quartier_village": "CITE BALANTE", "milieu": "URBAIN", "thematique": "EDUCATION", "type_qvh": "QUARTIER"}}, {"type": "Feature", "geometry": {"type": "Point", "coordinates": [-15.616622, 12.981298]}, "properties": {"id": "lycee-95", "type": "lycee", "type_label": "Lycée public", "nom": "LYCEE DIAROUME (EX CEM DIAROUME)", "region": {"nom": "SEDHIOU", "code": 14}, "departement": {"nom": "BOUNKILING", "code": 142}, "commune": {"nom": "DIAROUME", "code": 142203}, "communaute_rurale": {"nom": "DIAROUME", "code": 14220301}, "quartier_village": "DIAROUME", "milieu": "RURAL", "thematique": "EDUCATION", "type_qvh": "VILLAGE"}}, {"type": "Feature", "geometry": {"type": "Point", "coordinates": [-15.653445, 12.605036]}, "properties": {"id": "lycee-96", "type": "lycee", "type_label": "Lycée public", "nom": "LYCEE BAMBALY BEROTO", "region": {"nom": "SEDHIOU", "code": 14}, "departement": {"nom": "SEDHIOU", "code": 141}, "commune": {"nom": "DJIREDJI", "code": 141203}, "communaute_rurale": {"nom": "BAMBALI", "code": 14120301}, "quartier_village": "BAMBALI", "milieu": "RURAL", "thematique": "EDUCATION", "type_qvh": "VILLAGE"}}, {"type": "Feature", "geometry": {"type": "Point", "coordinates": [-15.561435, 12.706948]}, "properties": {"id": "lycee-97", "type": "lycee", "type_label": "Lycée public", "nom": "LYCEE IBOU DIALLO", "region": {"nom": "SEDHIOU", "code": 14}, "departement": {"nom": "SEDHIOU", "code": 141}, "commune": {"nom": "SEDHIOU", "code": 141101}, "communaute_rurale": {"nom": "SEDHIOU", "code": 14110100}, "quartier_village": "SANTASSOU I", "milieu": "URBAIN", "thematique": "EDUCATION", "type_qvh": "QUARTIER"}}, {"type": "Feature", "geometry": {"type": "Point", "coordinates": [-15.559765, 12.693613]}, "properties": {"id": "lycee-98", "type": "lycee", "type_label": "Lycée public", "nom": "LYCEE BALLA MOUSSA DAFFE (Ex LYCEE 2 SEDHIOU)", "region": {"nom": "SEDHIOU", "code": 14}, "departement": {"nom": "SEDHIOU", "code": 141}, "commune": {"nom": "SEDHIOU", "code": 141101}, "communaute_rurale": {"nom": "SEDHIOU", "code": 14110100}, "quartier_village": "MONTAGNE ROUGE", "milieu": "URBAIN", "thematique": "EDUCATION", "type_qvh": "QUARTIER"}}, {"type": "Feature", "geometry": {"type": "Point", "coordinates": [-15.560548, 12.689557]}, "properties": {"id": "lycee-99", "type": "lycee", "type_label": "Lycée public", "nom": "NOUVEAU LYCEE TECHNIQUE", "region": {"nom": "SEDHIOU", "code": 14}, "departement": {"nom": "SEDHIOU", "code": 141}, "commune": {"nom": "SEDHIOU", "code": 141101}, "communaute_rurale": {"nom": "SEDHIOU", "code": 14110100}, "quartier_village": "GOUDIABYA", "milieu": "URBAIN", "thematique": "EDUCATION", "type_qvh": "QUARTIER"}}, {"type": "Feature", "geometry": {"type": "Point", "coordinates": [-15.98439, 12.72483]}, "properties": {"id": "lycee-100", "type": "lycee", "type_label": "Lycée public", "nom": "LYCEE BEMET", "region": {"nom": "SEDHIOU", "code": 14}, "departement": {"nom": "SEDHIOU", "code": 141}, "commune": {"nom": "DJIBABOUYA", "code": 141202}, "communaute_rurale": {"nom": "BEMET BIDJINI", "code": 14120201}, "quartier_village": "BEMET WOULY", "milieu": "RURAL", "thematique": "EDUCATION", "type_qvh": "VILLAGE"}}, {"type": "Feature", "geometry": {"type": "Point", "coordinates": [-15.240927, 12.843329]}, "properties": {"id": "lycee-101", "type": "lycee", "type_label": "Lycée public", "nom": "LYCEE DIANNAH MALARY", "region": {"nom": "SEDHIOU", "code": 14}, "departement": {"nom": "SEDHIOU", "code": 141}, "commune": {"nom": "DIENDE", "code": 141201}, "communaute_rurale": {"nom": "DIANNAH MALARY", "code": 14120107}, "quartier_village": "DOUMASSOU", "milieu": "URBAIN", "thematique": "EDUCATION", "type_qvh": "QUARTIER"}}, {"type": "Feature", "geometry": {"type": "Point", "coordinates": [-15.973353, 12.82991]}, "properties": {"id": "lycee-102", "type": "lycee", "type_label": "Lycée public", "nom": "LYCEE MARSASSOUM", "region": {"nom": "SEDHIOU", "code": 14}, "departement": {"nom": "SEDHIOU", "code": 141}, "commune": {"nom": "MARSASSOUM", "code": 141102}, "communaute_rurale": {"nom": "MARSASSOUM", "code": 14110200}, "quartier_village": "BELALY", "milieu": "URBAIN", "thematique": "EDUCATION", "type_qvh": "QUARTIER"}}, {"type": "Feature", "geometry": {"type": "Point", "coordinates": [-15.768789, 12.623298]}, "properties": {"id": "lycee-103", "type": "lycee", "type_label": "Lycée public", "nom": "LYCEE DJIREDJI", "region": {"nom": "SEDHIOU", "code": 14}, "departement": {"nom": "SEDHIOU", "code": 141}, "commune": {"nom": "DJIREDJI", "code": 141203}, "communaute_rurale": {"nom": "DJIREDJI", "code": 14120302}, "quartier_village": "DJIREDJI (DJIREDJI SOUCOUTO)", "milieu": "RURAL", "thematique": "EDUCATION", "type_qvh": "VILLAGE"}}, {"type": "Feature", "geometry": {"type": "Point", "coordinates": [-15.68008, 12.560669]}, "properties": {"id": "lycee-104", "type": "lycee", "type_label": "Lycée public", "nom": "LYCEE DIATTACOUNDA", "region": {"nom": "SEDHIOU", "code": 14}, "departement": {"nom": "GOUDOMP", "code": 143}, "commune": {"nom": "DJIBANAR", "code": 143201}, "communaute_rurale": {"nom": "DIATTACOUNDA", "code": 14320100}, "quartier_village": "KOUGNE", "milieu": "URBAIN", "thematique": "EDUCATION", "type_qvh": "QUARTIER"}}, {"type": "Feature", "geometry": {"type": "Point", "coordinates": [-15.513318, 12.623812]}, "properties": {"id": "lycee-105", "type": "lycee", "type_label": "Lycée public", "nom": "LYCEE SIMBANDI BRASSOU", "region": {"nom": "SEDHIOU", "code": 14}, "departement": {"nom": "GOUDOMP", "code": 143}, "commune": {"nom": "SIMBANDI BRASSOU", "code": 143203}, "communaute_rurale": {"nom": "SIMBANDI BRASSOU", "code": 14320302}, "quartier_village": "SIMBANDI BRASSOU BALANTE", "milieu": "RURAL", "thematique": "EDUCATION", "type_qvh": "VILLAGE"}}, {"type": "Feature", "geometry": {"type": "Point", "coordinates": [-15.466013, 12.773553]}, "properties": {"id": "lycee-106", "type": "lycee", "type_label": "Lycée public", "nom": "LYCEE KARANTABA", "region": {"nom": "SEDHIOU", "code": 14}, "departement": {"nom": "GOUDOMP", "code": 143}, "commune": {"nom": "KARANTABA", "code": 143202}, "communaute_rurale": {"nom": "KARANTABA", "code": 14320201}, "quartier_village": "KARANTABA", "milieu": "RURAL", "thematique": "EDUCATION", "type_qvh": "VILLAGE"}}, {"type": "Feature", "geometry": {"type": "Point", "coordinates": [-15.594635, 12.827118]}, "properties": {"id": "lycee-107", "type": "lycee", "type_label": "Lycée public", "nom": "LYCEE BLOC VILLAGE", "region": {"nom": "SEDHIOU", "code": 14}, "departement": {"nom": "SEDHIOU", "code": 141}, "commune": {"nom": "DIENDE", "code": 141201}, "communaute_rurale": {"nom": "DIENDE", "code": 14120101}, "quartier_village": "H1 CHANTIER ECOLE BLOC", "milieu": "RURAL", "thematique": "EDUCATION", "type_qvh": "HAMEAU"}}, {"type": "Feature", "geometry": {"type": "Point", "coordinates": [-15.636375, 13.309533]}, "properties": {"id": "lycee-108", "type": "lycee", "type_label": "Lycée public", "nom": "LYCEE NDIAMACOUTA", "region": {"nom": "SEDHIOU", "code": 14}, "departement": {"nom": "BOUNKILING", "code": 142}, "commune": {"nom": "BOGHAL", "code": 142201}, "communaute_rurale": {"nom": "NDIAMACOUTA", "code": 14220105}, "quartier_village": "NDIAMACOUTA", "milieu": "URBAIN", "thematique": "EDUCATION", "type_qvh": "QUARTIER"}}, {"type": "Feature", "geometry": {"type": "Point", "coordinates": [-15.948917, 12.967166]}, "properties": {"id": "lycee-109", "type": "lycee", "type_label": "Lycée public", "nom": "LYCEE DIACOUNDA", "region": {"nom": "SEDHIOU", "code": 14}, "departement": {"nom": "BOUNKILING", "code": 142}, "commune": {"nom": "BONA", "code": 142202}, "communaute_rurale": {"nom": "DIACOUNDA", "code": 14220202}, "quartier_village": "DIACOUNDA", "milieu": "RURAL", "thematique": "EDUCATION", "type_qvh": "VILLAGE"}}, {"type": "Feature", "geometry": {"type": "Point", "coordinates": [-15.809183, 12.540197]}, "properties": {"id": "lycee-110", "type": "lycee", "type_label": "Lycée public", "nom": "LYCEE DJIBANAR (EX CEM DJIBANAR)", "region": {"nom": "SEDHIOU", "code": 14}, "departement": {"nom": "GOUDOMP", "code": 143}, "commune": {"nom": "DJIBANAR", "code": 143201}, "communaute_rurale": {"nom": "DJIBANAR", "code": 14320101}, "quartier_village": "DJIBANAR", "milieu": "RURAL", "thematique": "EDUCATION", "type_qvh": "VILLAGE"}}, {"type": "Feature", "geometry": {"type": "Point", "coordinates": [-16.495676, 12.858278]}, "properties": {"id": "lycee-111", "type": "lycee", "type_label": "Lycée public", "nom": "LYCEE KARTIACK", "region": {"nom": "ZIGUINCHOR", "code": 2}, "departement": {"nom": "BIGNONA", "code": 21}, "commune": {"nom": "TENDOUCK", "code": 21202}, "communaute_rurale": {"nom": "KARTIACK", "code": 2120203}, "quartier_village": "KARTIACK", "milieu": "RURAL", "thematique": "EDUCATION", "type_qvh": "VILLAGE"}}, {"type": "Feature", "geometry": {"type": "Point", "coordinates": [-16.354492, 12.78042]}, "properties": {"id": "lycee-112", "type": "lycee", "type_label": "Lycée public", "nom": "LYCEE BALINGORE", "region": {"nom": "ZIGUINCHOR", "code": 2}, "departement": {"nom": "BIGNONA", "code": 21}, "commune": {"nom": "TENDOUCK", "code": 21202}, "communaute_rurale": {"nom": "BALINGORE", "code": 2120201}, "quartier_village": "BALINGHORE", "milieu": "RURAL", "thematique": "EDUCATION", "type_qvh": "VILLAGE"}}, {"type": "Feature", "geometry": {"type": "Point", "coordinates": [-16.578431, 12.558371]}, "properties": {"id": "lycee-113", "type": "lycee", "type_label": "Lycée public", "nom": "BLOC ADMINISTRATIF DU LYCEE", "region": {"nom": "ZIGUINCHOR", "code": 2}, "departement": {"nom": "OUSSOUYE", "code": 22}, "commune": {"nom": "LOUDIA OUOLOF", "code": 22202}, "communaute_rurale": {"nom": "MLOMP", "code": 2220201}, "quartier_village": "MLOMP KADJIFOLONG", "milieu": "RURAL", "thematique": "EDUCATION", "type_qvh": "VILLAGE"}}, {"type": "Feature", "geometry": {"type": "Point", "coordinates": [-16.577502, 12.558249]}, "properties": {"id": "lycee-114", "type": "lycee", "type_label": "Lycée public", "nom": "LYCEE MLOMP", "region": {"nom": "ZIGUINCHOR", "code": 2}, "departement": {"nom": "OUSSOUYE", "code": 22}, "commune": {"nom": "LOUDIA OUOLOF", "code": 22202}, "communaute_rurale": {"nom": "MLOMP", "code": 2220201}, "quartier_village": "MLOMP KADJIFOLONG", "milieu": "RURAL", "thematique": "EDUCATION", "type_qvh": "VILLAGE"}}, {"type": "Feature", "geometry": {"type": "Point", "coordinates": [-16.175445, 12.566183]}, "properties": {"id": "lycee-115", "type": "lycee", "type_label": "Lycée public", "nom": "LYCEE NIAGUIS", "region": {"nom": "ZIGUINCHOR", "code": 2}, "departement": {"nom": "ZIGUINCHOR", "code": 23}, "commune": {"nom": "NIAGUIS", "code": 23201}, "communaute_rurale": {"nom": "NIAGUIS", "code": 2320103}, "quartier_village": "NIAGUIS", "milieu": "RURAL", "thematique": "EDUCATION", "type_qvh": "VILLAGE"}}, {"type": "Feature", "geometry": {"type": "Point", "coordinates": [-16.45565, 12.729349]}, "properties": {"id": "lycee-116", "type": "lycee", "type_label": "Lycée public", "nom": "LYCEE TENDOUCK", "region": {"nom": "ZIGUINCHOR", "code": 2}, "departement": {"nom": "BIGNONA", "code": 21}, "commune": {"nom": "TENDOUCK", "code": 21202}, "communaute_rurale": {"nom": "MANGAGOULACK", "code": 2120204}, "quartier_village": "TENDOUCK", "milieu": "RURAL", "thematique": "EDUCATION", "type_qvh": "VILLAGE"}}, {"type": "Feature", "geometry": {"type": "Point", "coordinates": [-16.453191, 12.728834]}, "properties": {"id": "lycee-117", "type": "lycee", "type_label": "Lycée public", "nom": "LYCEE TENDOUCK", "region": {"nom": "ZIGUINCHOR", "code": 2}, "departement": {"nom": "BIGNONA", "code": 21}, "commune": {"nom": "TENDOUCK", "code": 21202}, "communaute_rurale": {"nom": "MANGAGOULACK", "code": 2120204}, "quartier_village": "TENDOUCK", "milieu": "RURAL", "thematique": "EDUCATION", "type_qvh": "VILLAGE"}}, {"type": "Feature", "geometry": {"type": "Point", "coordinates": [-16.452511, 12.72947]}, "properties": {"id": "lycee-118", "type": "lycee", "type_label": "Lycée public", "nom": "LYCEE TENDOUCK", "region": {"nom": "ZIGUINCHOR", "code": 2}, "departement": {"nom": "BIGNONA", "code": 21}, "commune": {"nom": "TENDOUCK", "code": 21202}, "communaute_rurale": {"nom": "MANGAGOULACK", "code": 2120204}, "quartier_village": "TENDOUCK", "milieu": "RURAL", "thematique": "EDUCATION", "type_qvh": "VILLAGE"}}, {"type": "Feature", "geometry": {"type": "Point", "coordinates": [-16.345031, 12.89479]}, "properties": {"id": "lycee-119", "type": "lycee", "type_label": "Lycée public", "nom": "LYCEE BAILA", "region": {"nom": "ZIGUINCHOR", "code": 2}, "departement": {"nom": "BIGNONA", "code": 21}, "commune": {"nom": "SINDIAN", "code": 21201}, "communaute_rurale": {"nom": "SUELLE", "code": 2120104}, "quartier_village": "BAILA", "milieu": "RURAL", "thematique": "EDUCATION", "type_qvh": "VILLAGE"}}, {"type": "Feature", "geometry": {"type": "Point", "coordinates": [-16.304767, 12.739112]}, "properties": {"id": "lycee-120", "type": "lycee", "type_label": "Lycée public", "nom": "LYCEE NIAMONE", "region": {"nom": "ZIGUINCHOR", "code": 2}, "departement": {"nom": "BIGNONA", "code": 21}, "commune": {"nom": "TENGHORY", "code": 21203}, "communaute_rurale": {"nom": "NIAMONE", "code": 2120302}, "quartier_village": "H1 KANDIOUMBE", "milieu": "RURAL", "thematique": "EDUCATION", "type_qvh": "HAMEAU"}}, {"type": "Feature", "geometry": {"type": "Point", "coordinates": [-16.236678, 12.762333]}, "properties": {"id": "lycee-121", "type": "lycee", "type_label": "Lycée public", "nom": "BLOC ADMINISTRATIF DU LYCEE", "region": {"nom": "ZIGUINCHOR", "code": 2}, "departement": {"nom": "BIGNONA", "code": 21}, "commune": {"nom": "TENGHORY", "code": 21203}, "communaute_rurale": {"nom": "NIAMONE", "code": 2120302}, "quartier_village": "KOLOMBA", "milieu": "RURAL", "thematique": "EDUCATION", "type_qvh": "VILLAGE"}}, {"type": "Feature", "geometry": {"type": "Point", "coordinates": [-16.038139, 12.791444]}, "properties": {"id": "lycee-122", "type": "lycee", "type_label": "Lycée public", "nom": "LYCEE CEM SOUDA", "region": {"nom": "ZIGUINCHOR", "code": 2}, "departement": {"nom": "BIGNONA", "code": 21}, "commune": {"nom": "TENGHORY", "code": 21203}, "communaute_rurale": {"nom": "OUONCK", "code": 2120303}, "quartier_village": "H1 EWONAYE", "milieu": "RURAL", "thematique": "EDUCATION", "type_qvh": "HAMEAU"}}, {"type": "Feature", "geometry": {"type": "Point", "coordinates": [-16.595503, 13.055375]}, "properties": {"id": "lycee-123", "type": "lycee", "type_label": "Lycée public", "nom": "LYCEE DIOULOULOU", "region": {"nom": "ZIGUINCHOR", "code": 2}, "departement": {"nom": "BIGNONA", "code": 21}, "commune": {"nom": "KATABA I", "code": 21204}, "communaute_rurale": {"nom": "DIOULOULOU", "code": 2120404}, "quartier_village": "TRANQUILLE", "milieu": "URBAIN", "thematique": "EDUCATION", "type_qvh": "QUARTIER"}}, {"type": "Feature", "geometry": {"type": "Point", "coordinates": [-16.175467, 12.666251]}, "properties": {"id": "lycee-124", "type": "lycee", "type_label": "Lycée public", "nom": "LYCEE CEM COUBALAN", "region": {"nom": "ZIGUINCHOR", "code": 2}, "departement": {"nom": "BIGNONA", "code": 21}, "commune": {"nom": "TENGHORY", "code": 21203}, "communaute_rurale": {"nom": "COUBALAN", "code": 2120301}, "quartier_village": "COUBALAN", "milieu": "RURAL", "thematique": "EDUCATION", "type_qvh": "VILLAGE"}}, {"type": "Feature", "geometry": {"type": "Point", "coordinates": [-16.715277, 12.358235]}, "properties": {"id": "lycee-125", "type": "lycee", "type_label": "Lycée public", "nom": "LYCEE CABROUSSE", "region": {"nom": "ZIGUINCHOR", "code": 2}, "departement": {"nom": "OUSSOUYE", "code": 22}, "commune": {"nom": "KABROUSSE", "code": 22201}, "communaute_rurale": {"nom": "DJEMBERING", "code": 2220101}, "quartier_village": "CABROUSSE MOSSOR", "milieu": "RURAL", "thematique": "EDUCATION", "type_qvh": "VILLAGE"}}, {"type": "Feature", "geometry": {"type": "Point", "coordinates": [-16.757425, 12.417436]}, "properties": {"id": "lycee-126", "type": "lycee", "type_label": "Lycée public", "nom": "LYCEE DE BOUCOTTE DIEMBERING", "region": {"nom": "ZIGUINCHOR", "code": 2}, "departement": {"nom": "OUSSOUYE", "code": 22}, "commune": {"nom": "KABROUSSE", "code": 22201}, "communaute_rurale": {"nom": "DJEMBERING", "code": 2220101}, "quartier_village": "BOUCOTTE OUOLOF", "milieu": "RURAL", "thematique": "EDUCATION", "type_qvh": "VILLAGE"}}, {"type": "Feature", "geometry": {"type": "Point", "coordinates": [-16.369019, 12.476659]}, "properties": {"id": "lycee-127", "type": "lycee", "type_label": "Lycée public", "nom": "LYCEE NYASSIA", "region": {"nom": "ZIGUINCHOR", "code": 2}, "departement": {"nom": "ZIGUINCHOR", "code": 23}, "commune": {"nom": "NYASSIA", "code": 23202}, "communaute_rurale": {"nom": "NYASSIA", "code": 2320202}, "quartier_village": "NYASSIA", "milieu": "RURAL", "thematique": "EDUCATION", "type_qvh": "VILLAGE"}}, {"type": "Feature", "geometry": {"type": "Point", "coordinates": [-16.550946, 12.493686]}, "properties": {"id": "lycee-128", "type": "lycee", "type_label": "Lycée public", "nom": "LYCEE ALINE SITOE DIATTA", "region": {"nom": "ZIGUINCHOR", "code": 2}, "departement": {"nom": "OUSSOUYE", "code": 22}, "commune": {"nom": "OUSSOUYE", "code": 22101}, "communaute_rurale": {"nom": "OUSSOUYE", "code": 2210100}, "quartier_village": "BUWENTENE", "milieu": "URBAIN", "thematique": "EDUCATION", "type_qvh": "QUARTIER"}}, {"type": "Feature", "geometry": {"type": "Point", "coordinates": [-16.231651, 12.806821]}, "properties": {"id": "lycee-129", "type": "lycee", "type_label": "Lycée public", "nom": "CFA PUBLIQUE", "region": {"nom": "ZIGUINCHOR", "code": 2}, "departement": {"nom": "BIGNONA", "code": 21}, "commune": {"nom": "BIGNONA", "code": 21101}, "communaute_rurale": {"nom": "BIGNONA", "code": 2110100}, "quartier_village": "MEDINA PLATEAU", "milieu": "URBAIN", "thematique": "EDUCATION", "type_qvh": "QUARTIER"}}, {"type": "Feature", "geometry": {"type": "Point", "coordinates": [-16.019187, 12.624985]}, "properties": {"id": "lycee-130", "type": "lycee", "type_label": "Lycée public", "nom": "LYCEE ADEANE", "region": {"nom": "ZIGUINCHOR", "code": 2}, "departement": {"nom": "ZIGUINCHOR", "code": 23}, "commune": {"nom": "NIAGUIS", "code": 23201}, "communaute_rurale": {"nom": "ADEANE", "code": 2320101}, "quartier_village": "ADEANE", "milieu": "RURAL", "thematique": "EDUCATION", "type_qvh": "VILLAGE"}}, {"type": "Feature", "geometry": {"type": "Point", "coordinates": [-16.01571, 12.623445]}, "properties": {"id": "lycee-131", "type": "lycee", "type_label": "Lycée public", "nom": "LYCEE ALIOU BARRO NDIAYE", "region": {"nom": "ZIGUINCHOR", "code": 2}, "departement": {"nom": "ZIGUINCHOR", "code": 23}, "commune": {"nom": "NIAGUIS", "code": 23201}, "communaute_rurale": {"nom": "ADEANE", "code": 2320101}, "quartier_village": "ADEANE", "milieu": "RURAL", "thematique": "EDUCATION", "type_qvh": "VILLAGE"}}, {"type": "Feature", "geometry": {"type": "Point", "coordinates": [-16.275598, 12.562108]}, "properties": {"id": "lycee-132", "type": "lycee", "type_label": "Lycée public", "nom": "LYCEE DJIGNABO", "region": {"nom": "ZIGUINCHOR", "code": 2}, "departement": {"nom": "ZIGUINCHOR", "code": 23}, "commune": {"nom": "ZIGUINCHOR", "code": 23101}, "communaute_rurale": {"nom": "ZIGUINCHOR", "code": 2310100}, "quartier_village": "NEMA I", "milieu": "URBAIN", "thematique": "EDUCATION", "type_qvh": "QUARTIER"}}, {"type": "Feature", "geometry": {"type": "Point", "coordinates": [-16.277638, 12.541406]}, "properties": {"id": "lycee-133", "type": "lycee", "type_label": "Lycée public", "nom": "ANNEXE LYCEE KENIAN", "region": {"nom": "ZIGUINCHOR", "code": 2}, "departement": {"nom": "ZIGUINCHOR", "code": 23}, "commune": {"nom": "ZIGUINCHOR", "code": 23101}, "communaute_rurale": {"nom": "ZIGUINCHOR", "code": 2310100}, "quartier_village": "DIABIR", "milieu": "URBAIN", "thematique": "EDUCATION", "type_qvh": "QUARTIER"}}, {"type": "Feature", "geometry": {"type": "Point", "coordinates": [-16.282617, 12.574955]}, "properties": {"id": "lycee-134", "type": "lycee", "type_label": "Lycée public", "nom": "LYCEE PEYRISSAC", "region": {"nom": "ZIGUINCHOR", "code": 2}, "departement": {"nom": "ZIGUINCHOR", "code": 23}, "commune": {"nom": "ZIGUINCHOR", "code": 23101}, "communaute_rurale": {"nom": "ZIGUINCHOR", "code": 2310100}, "quartier_village": "BOUCOTTE OUEST", "milieu": "URBAIN", "thematique": "EDUCATION", "type_qvh": "QUARTIER"}}, {"type": "Feature", "geometry": {"type": "Point", "coordinates": [-16.245574, 12.561859]}, "properties": {"id": "lycee-135", "type": "lycee", "type_label": "Lycée public", "nom": "LYCEE EL HADJI OMAR LAMINE BADJI", "region": {"nom": "ZIGUINCHOR", "code": 2}, "departement": {"nom": "ZIGUINCHOR", "code": 23}, "commune": {"nom": "ZIGUINCHOR", "code": 23101}, "communaute_rurale": {"nom": "ZIGUINCHOR", "code": 2310100}, "quartier_village": "DJIBOCK", "milieu": "URBAIN", "thematique": "EDUCATION", "type_qvh": "QUARTIER"}}, {"type": "Feature", "geometry": {"type": "Point", "coordinates": [-16.26805, 12.570283]}, "properties": {"id": "lycee-136", "type": "lycee", "type_label": "Lycée public", "nom": "LYCEE KENIA", "region": {"nom": "ZIGUINCHOR", "code": 2}, "departement": {"nom": "ZIGUINCHOR", "code": 23}, "commune": {"nom": "ZIGUINCHOR", "code": 23101}, "communaute_rurale": {"nom": "ZIGUINCHOR", "code": 2310100}, "quartier_village": "TILENE", "milieu": "URBAIN", "thematique": "EDUCATION", "type_qvh": "QUARTIER"}}, {"type": "Feature", "geometry": {"type": "Point", "coordinates": [-16.246373, 12.562634]}, "properties": {"id": "lycee-137", "type": "lycee", "type_label": "Lycée public", "nom": "ANNEXE LYCEE EL HADJI OMAR LAMINE BADJI DJIBOCK", "region": {"nom": "ZIGUINCHOR", "code": 2}, "departement": {"nom": "ZIGUINCHOR", "code": 23}, "commune": {"nom": "ZIGUINCHOR", "code": 23101}, "communaute_rurale": {"nom": "ZIGUINCHOR", "code": 2310100}, "quartier_village": "DJIBOCK", "milieu": "URBAIN", "thematique": "EDUCATION", "type_qvh": "QUARTIER"}}, {"type": "Feature", "geometry": {"type": "Point", "coordinates": [-16.717978, 12.95653]}, "properties": {"id": "lycee-138", "type": "lycee", "type_label": "Lycée public", "nom": "LYCEE DIANAH", "region": {"nom": "ZIGUINCHOR", "code": 2}, "departement": {"nom": "BIGNONA", "code": 21}, "commune": {"nom": "KATABA I", "code": 21204}, "communaute_rurale": {"nom": "KAFOUNTINE", "code": 2120402}, "quartier_village": "DIANAH", "milieu": "RURAL", "thematique": "EDUCATION", "type_qvh": "VILLAGE"}}, {"type": "Feature", "geometry": {"type": "Point", "coordinates": [-16.665266, 13.100773]}, "properties": {"id": "lycee-139", "type": "lycee", "type_label": "Lycée public", "nom": "Lycée ex CEM KOUDIOUBE", "region": {"nom": "ZIGUINCHOR", "code": 2}, "departement": {"nom": "BIGNONA", "code": 21}, "commune": {"nom": "KATABA I", "code": 21204}, "communaute_rurale": {"nom": "KATABA I", "code": 2120403}, "quartier_village": "KOUDIOUBE", "milieu": "RURAL", "thematique": "EDUCATION", "type_qvh": "VILLAGE"}}, {"type": "Feature", "geometry": {"type": "Point", "coordinates": [-16.45539, 12.9443]}, "properties": {"id": "lycee-140", "type": "lycee", "type_label": "Lycée public", "nom": "LYCEE DJINAKY", "region": {"nom": "ZIGUINCHOR", "code": 2}, "departement": {"nom": "BIGNONA", "code": 21}, "commune": {"nom": "KATABA I", "code": 21204}, "communaute_rurale": {"nom": "DJINAKY", "code": 2120401}, "quartier_village": "KAKARE", "milieu": "RURAL", "thematique": "EDUCATION", "type_qvh": "VILLAGE"}}, {"type": "Feature", "geometry": {"type": "Point", "coordinates": [-16.546059, 12.960519]}, "properties": {"id": "lycee-141", "type": "lycee", "type_label": "Lycée public", "nom": "LYCEE EN CONSTRUCTION", "region": {"nom": "ZIGUINCHOR", "code": 2}, "departement": {"nom": "BIGNONA", "code": 21}, "commune": {"nom": "KATABA I", "code": 21204}, "communaute_rurale": {"nom": "DJINAKY", "code": 2120401}, "quartier_village": "KABILINE I", "milieu": "RURAL", "thematique": "EDUCATION", "type_qvh": "VILLAGE"}}, {"type": "Feature", "geometry": {"type": "Point", "coordinates": [-16.260547, 13.056739]}, "properties": {"id": "lycee-142", "type": "lycee", "type_label": "Lycée public", "nom": "LYCEE DJIBIDIONE", "region": {"nom": "ZIGUINCHOR", "code": 2}, "departement": {"nom": "BIGNONA", "code": 21}, "commune": {"nom": "SINDIAN", "code": 21201}, "communaute_rurale": {"nom": "DJIBIDIONE", "code": 2120101}, "quartier_village": "DJIBIDIONE", "milieu": "RURAL", "thematique": "EDUCATION", "type_qvh": "VILLAGE"}}, {"type": "Feature", "geometry": {"type": "Point", "coordinates": [-16.217281, 12.787936]}, "properties": {"id": "lycee-143", "type": "lycee", "type_label": "Lycée public", "nom": "LYCEE TECHNIQUE AGRICOLE EMILE BADIANE DE BIGNONA", "region": {"nom": "ZIGUINCHOR", "code": 2}, "departement": {"nom": "BIGNONA", "code": 21}, "commune": {"nom": "TENGHORY", "code": 21203}, "communaute_rurale": {"nom": "TENGHORY", "code": 2120304}, "quartier_village": "TENGHORY COMPLIQUE", "milieu": "RURAL", "thematique": "EDUCATION", "type_qvh": "VILLAGE"}}, {"type": "Feature", "geometry": {"type": "Point", "coordinates": [-16.224853, 12.797257]}, "properties": {"id": "lycee-144", "type": "lycee", "type_label": "Lycée public", "nom": "LYCEE TENGHORY ARRONDISSEMENT\r\n & COLLEGE", "region": {"nom": "ZIGUINCHOR", "code": 2}, "departement": {"nom": "BIGNONA", "code": 21}, "commune": {"nom": "TENGHORY", "code": 21203}, "communaute_rurale": {"nom": "TENGHORY", "code": 2120304}, "quartier_village": "TENGHORY COMPLIQUE", "milieu": "RURAL", "thematique": "EDUCATION", "type_qvh": "VILLAGE"}}, {"type": "Feature", "geometry": {"type": "Point", "coordinates": [-16.366583, 12.825392]}, "properties": {"id": "lycee-145", "type": "lycee", "type_label": "Lycée public", "nom": "LYCEE DAOUDA LANKAMARA SANE", "region": {"nom": "ZIGUINCHOR", "code": 2}, "departement": {"nom": "BIGNONA", "code": 21}, "commune": {"nom": "TENDOUCK", "code": 21202}, "communaute_rurale": {"nom": "DIEGOUNE", "code": 2120202}, "quartier_village": "DIEGOUNE", "milieu": "RURAL", "thematique": "EDUCATION", "type_qvh": "VILLAGE"}}, {"type": "Feature", "geometry": {"type": "Point", "coordinates": [-16.508392, 12.773062]}, "properties": {"id": "lycee-146", "type": "lycee", "type_label": "Lycée public", "nom": "LYCEE THIONK ESSYL", "region": {"nom": "ZIGUINCHOR", "code": 2}, "departement": {"nom": "BIGNONA", "code": 21}, "commune": {"nom": "THIONCK ESSYL", "code": 21102}, "communaute_rurale": {"nom": "THIONCK ESSYL", "code": 2110200}, "quartier_village": "NIAGANANE", "milieu": "URBAIN", "thematique": "EDUCATION", "type_qvh": "QUARTIER"}}, {"type": "Feature", "geometry": {"type": "Point", "coordinates": [-16.507163, 12.772729]}, "properties": {"id": "lycee-147", "type": "lycee", "type_label": "Lycée public", "nom": "LYCEE ESTEL", "region": {"nom": "ZIGUINCHOR", "code": 2}, "departement": {"nom": "BIGNONA", "code": 21}, "commune": {"nom": "THIONCK ESSYL", "code": 21102}, "communaute_rurale": {"nom": "THIONCK ESSYL", "code": 2110200}, "quartier_village": "NIAGANANE", "milieu": "URBAIN", "thematique": "EDUCATION", "type_qvh": "QUARTIER"}}, {"type": "Feature", "geometry": {"type": "Point", "coordinates": [-15.983081, 12.962928]}, "properties": {"id": "lycee-148", "type": "lycee", "type_label": "Lycée public", "nom": "LYCEE  OULAMPANE", "region": {"nom": "ZIGUINCHOR", "code": 2}, "departement": {"nom": "BIGNONA", "code": 21}, "commune": {"nom": "SINDIAN", "code": 21201}, "communaute_rurale": {"nom": "OULAMPANE", "code": 2120102}, "quartier_village": "OULAMPANE", "milieu": "RURAL", "thematique": "EDUCATION", "type_qvh": "VILLAGE"}}, {"type": "Feature", "geometry": {"type": "Point", "coordinates": [-16.177824, 12.978816]}, "properties": {"id": "lycee-149", "type": "lycee", "type_label": "Lycée public", "nom": "LYCEE SINDIAN", "region": {"nom": "ZIGUINCHOR", "code": 2}, "departement": {"nom": "BIGNONA", "code": 21}, "commune": {"nom": "SINDIAN", "code": 21201}, "communaute_rurale": {"nom": "SINDIAN", "code": 2120103}, "quartier_village": "SINDIAN", "milieu": "RURAL", "thematique": "EDUCATION", "type_qvh": "VILLAGE"}}, {"type": "Feature", "geometry": {"type": "Point", "coordinates": [-13.16652, 14.024463]}, "properties": {"id": "lycee-150", "type": "lycee", "type_label": "Lycée public", "nom": "LYCEE BALA", "region": {"nom": "TAMBACOUNDA", "code": 5}, "departement": {"nom": "GOUDIRY", "code": 53}, "commune": {"nom": "BALA", "code": 53201}, "communaute_rurale": {"nom": "BALA", "code": 5320101}, "quartier_village": "BALA", "milieu": "RURAL", "thematique": "EDUCATION", "type_qvh": "VILLAGE"}}, {"type": "Feature", "geometry": {"type": "Point", "coordinates": [-12.222542, 14.466213]}, "properties": {"id": "lycee-151", "type": "lycee", "type_label": "Lycée public", "nom": "LYCEE KIDIRA", "region": {"nom": "TAMBACOUNDA", "code": 5}, "departement": {"nom": "BAKEL", "code": 51}, "commune": {"nom": "BELE", "code": 51202}, "communaute_rurale": {"nom": "KIDIRA", "code": 5120203}, "quartier_village": "ABATTOIRS", "milieu": "URBAIN", "thematique": "EDUCATION", "type_qvh": "QUARTIER"}}, {"type": "Feature", "geometry": {"type": "Point", "coordinates": [-14.567696, 13.976012]}, "properties": {"id": "lycee-152", "type": "lycee", "type_label": "Lycée public", "nom": "LYCEE BOUNA SEMOU NIANG", "region": {"nom": "TAMBACOUNDA", "code": 5}, "departement": {"nom": "KOUMPENTOUM", "code": 54}, "commune": {"nom": "KOUMPENTOUM", "code": 54101}, "communaute_rurale": {"nom": "KOUMPENTOUM", "code": 5410100}, "quartier_village": "ESCALE III", "milieu": "URBAIN", "thematique": "EDUCATION", "type_qvh": "QUARTIER"}}, {"type": "Feature", "geometry": {"type": "Point", "coordinates": [-14.574464, 13.98217]}, "properties": {"id": "lycee-153", "type": "lycee", "type_label": "Lycée public", "nom": "LYCEE KOUMPENTOUM EN CONSTRUCTION", "region": {"nom": "TAMBACOUNDA", "code": 5}, "departement": {"nom": "KOUMPENTOUM", "code": 54}, "commune": {"nom": "KOUMPENTOUM", "code": 54101}, "communaute_rurale": {"nom": "KOUMPENTOUM", "code": 5410100}, "quartier_village": "WASSADOU", "milieu": "URBAIN", "thematique": "EDUCATION", "type_qvh": "QUARTIER"}}, {"type": "Feature", "geometry": {"type": "Point", "coordinates": [-12.556039, 15.01704]}, "properties": {"id": "lycee-154", "type": "lycee", "type_label": "Lycée public", "nom": "LYCEE DIAWARA", "region": {"nom": "TAMBACOUNDA", "code": 5}, "departement": {"nom": "BAKEL", "code": 51}, "commune": {"nom": "MOUDERY", "code": 51203}, "communaute_rurale": {"nom": "DIAWARA", "code": 5120304}, "quartier_village": "KOITALA II", "milieu": "URBAIN", "thematique": "EDUCATION", "type_qvh": "QUARTIER"}}, {"type": "Feature", "geometry": {"type": "Point", "coordinates": [-12.723529, 14.184371]}, "properties": {"id": "lycee-155", "type": "lycee", "type_label": "Lycée public", "nom": "LYCEE GOUDIRY", "region": {"nom": "TAMBACOUNDA", "code": 5}, "departement": {"nom": "GOUDIRY", "code": 53}, "commune": {"nom": "GOUDIRY", "code": 53101}, "communaute_rurale": {"nom": "GOUDIRY", "code": 5310100}, "quartier_village": "ROUTE DE TAMBA", "milieu": "URBAIN", "thematique": "EDUCATION", "type_qvh": "QUARTIER"}}, {"type": "Feature", "geometry": {"type": "Point", "coordinates": [-12.459591, 14.918303]}, "properties": {"id": "lycee-156", "type": "lycee", "type_label": "Lycée public", "nom": "LYCEE WAOUNDE NDIAYE", "region": {"nom": "TAMBACOUNDA", "code": 5}, "departement": {"nom": "BAKEL", "code": 51}, "commune": {"nom": "BAKEL", "code": 51101}, "communaute_rurale": {"nom": "BAKEL", "code": 5110100}, "quartier_village": "HLM", "milieu": "URBAIN", "thematique": "EDUCATION", "type_qvh": "QUARTIER"}}, {"type": "Feature", "geometry": {"type": "Point", "coordinates": [-12.341885, 14.822117]}, "properties": {"id": "lycee-157", "type": "lycee", "type_label": "Lycée public", "nom": "LYCEE BOULAYE FANTHIO BARRY DE GOLMY", "region": {"nom": "TAMBACOUNDA", "code": 5}, "departement": {"nom": "BAKEL", "code": 51}, "commune": {"nom": "MOUDERY", "code": 51203}, "communaute_rurale": {"nom": "BALLOU", "code": 5120301}, "quartier_village": "GOLMY", "milieu": "RURAL", "thematique": "EDUCATION", "type_qvh": "VILLAGE"}}, {"type": "Feature", "geometry": {"type": "Point", "coordinates": [-12.242711, 14.731961]}, "properties": {"id": "lycee-158", "type": "lycee", "type_label": "Lycée public", "nom": "LYCEE BALLOU", "region": {"nom": "TAMBACOUNDA", "code": 5}, "departement": {"nom": "BAKEL", "code": 51}, "commune": {"nom": "MOUDERY", "code": 51203}, "communaute_rurale": {"nom": "BALLOU", "code": 5120301}, "quartier_village": "BALLOU", "milieu": "RURAL", "thematique": "EDUCATION", "type_qvh": "VILLAGE"}}, {"type": "Feature", "geometry": {"type": "Point", "coordinates": [-13.454488, 13.897147]}, "properties": {"id": "lycee-159", "type": "lycee", "type_label": "Lycée public", "nom": "LYCEE KOTHIARY", "region": {"nom": "TAMBACOUNDA", "code": 5}, "departement": {"nom": "GOUDIRY", "code": 53}, "commune": {"nom": "KOULOR", "code": 53204}, "communaute_rurale": {"nom": "KOTHIARY", "code": 5320403}, "quartier_village": "GUINAW RAIL", "milieu": "URBAIN", "thematique": "EDUCATION", "type_qvh": "QUARTIER"}}, {"type": "Feature", "geometry": {"type": "Point", "coordinates": [-14.077984, 13.860155]}, "properties": {"id": "lycee-160", "type": "lycee", "type_label": "Lycée public", "nom": "LYCEE KOUSSANAR", "region": {"nom": "TAMBACOUNDA", "code": 5}, "departement": {"nom": "TAMBACOUNDA", "code": 52}, "commune": {"nom": "KOUSSANAR", "code": 52201}, "communaute_rurale": {"nom": "KOUSSANAR", "code": 5220101}, "quartier_village": "KOUSSANAR ESCALE", "milieu": "RURAL", "thematique": "EDUCATION", "type_qvh": "VILLAGE"}}, {"type": "Feature", "geometry": {"type": "Point", "coordinates": [-14.291985, 13.66741]}, "properties": {"id": "lycee-161", "type": "lycee", "type_label": "Lycée public", "nom": "LYCEE MAKA", "region": {"nom": "TAMBACOUNDA", "code": 5}, "departement": {"nom": "TAMBACOUNDA", "code": 52}, "commune": {"nom": "MAKACOULIBANTANG", "code": 52202}, "communaute_rurale": {"nom": "MAKACOLIBANTANG", "code": 5220201}, "quartier_village": "MAKA ESCALE (MAKACOULIBANTATANG)", "milieu": "RURAL", "thematique": "EDUCATION", "type_qvh": "VILLAGE"}}, {"type": "Feature", "geometry": {"type": "Point", "coordinates": [-13.508796, 13.527827]}, "properties": {"id": "lycee-162", "type": "lycee", "type_label": "Lycée public", "nom": "LYCEE MISSIRAH", "region": {"nom": "TAMBACOUNDA", "code": 5}, "departement": {"nom": "TAMBACOUNDA", "code": 52}, "commune": {"nom": "MISSIRAH", "code": 52203}, "communaute_rurale": {"nom": "MISSIRAH", "code": 5220302}, "quartier_village": "MISSIRAH", "milieu": "RURAL", "thematique": "EDUCATION", "type_qvh": "VILLAGE"}}, {"type": "Feature", "geometry": {"type": "Point", "coordinates": [-13.672738, 13.78616]}, "properties": {"id": "lycee-163", "type": "lycee", "type_label": "Lycée public", "nom": "LYCEE MAME CHEIKH MBAYE", "region": {"nom": "TAMBACOUNDA", "code": 5}, "departement": {"nom": "TAMBACOUNDA", "code": 52}, "commune": {"nom": "TAMBACOUNDA", "code": 52101}, "communaute_rurale": {"nom": "TAMBACOUNDA", "code": 5210100}, "quartier_village": "LIBERTE OUEST", "milieu": "URBAIN", "thematique": "EDUCATION", "type_qvh": "QUARTIER"}}, {"type": "Feature", "geometry": {"type": "Point", "coordinates": [-13.655231, 13.755985]}, "properties": {"id": "lycee-164", "type": "lycee", "type_label": "Lycée public", "nom": "LYCEE TAMBA COMMUNE (CEM TAMBA COMMUNE 2)", "region": {"nom": "TAMBACOUNDA", "code": 5}, "departement": {"nom": "TAMBACOUNDA", "code": 52}, "commune": {"nom": "TAMBACOUNDA", "code": 52101}, "communaute_rurale": {"nom": "TAMBACOUNDA", "code": 5210100}, "quartier_village": "ABATTOIRS COMPLEMENT", "milieu": "URBAIN", "thematique": "EDUCATION", "type_qvh": "QUARTIER"}}, {"type": "Feature", "geometry": {"type": "Point", "coordinates": [-16.690576, 14.768341]}, "properties": {"id": "lycee-165", "type": "lycee", "type_label": "Lycée public", "nom": "LYCEE COUMBA DIACK GUEYE", "region": {"nom": "THIES", "code": 7}, "departement": {"nom": "THIES", "code": 72}, "commune": {"nom": "KHOMBOLE", "code": 72101}, "communaute_rurale": {"nom": "KHOMBOLE", "code": 7210100}, "quartier_village": "GUINAW RAIL", "milieu": "URBAIN", "thematique": "EDUCATION", "type_qvh": "QUARTIER"}}, {"type": "Feature", "geometry": {"type": "Point", "coordinates": [-16.666642, 14.825735]}, "properties": {"id": "lycee-166", "type": "lycee", "type_label": "Lycée public", "nom": "LYCEE TOUBA TOUL", "region": {"nom": "THIES", "code": 7}, "departement": {"nom": "THIES", "code": 72}, "commune": {"nom": "THIENABA", "code": 72202}, "communaute_rurale": {"nom": "TOUBA TOUL", "code": 7220204}, "quartier_village": "KEUR LAMANE", "milieu": "RURAL", "thematique": "EDUCATION", "type_qvh": "VILLAGE"}}, {"type": "Feature", "geometry": {"type": "Point", "coordinates": [-16.939177, 14.784334]}, "properties": {"id": "lycee-167", "type": "lycee", "type_label": "Lycée public", "nom": "LYCEE MALICK SY", "region": {"nom": "THIES", "code": 7}, "departement": {"nom": "THIES", "code": 72}, "commune": {"nom": "VILLE DE THIES", "code": 72301}, "communaute_rurale": {"nom": "THIES OUEST", "code": 7230122}, "quartier_village": "CITE MALICK SY", "milieu": "URBAIN", "thematique": "EDUCATION", "type_qvh": "QUARTIER"}}, {"type": "Feature", "geometry": {"type": "Point", "coordinates": [-16.92716, 14.796795]}, "properties": {"id": "lycee-168", "type": "lycee", "type_label": "Lycée public", "nom": "LYCEE JULES SAGNA", "region": {"nom": "THIES", "code": 7}, "departement": {"nom": "THIES", "code": 72}, "commune": {"nom": "VILLE DE THIES", "code": 72301}, "communaute_rurale": {"nom": "THIES OUEST", "code": 7230122}, "quartier_village": "ESCALE SUD", "milieu": "URBAIN", "thematique": "EDUCATION", "type_qvh": "QUARTIER"}}, {"type": "Feature", "geometry": {"type": "Point", "coordinates": [-16.903063, 14.807322]}, "properties": {"id": "lycee-169", "type": "lycee", "type_label": "Lycée public", "nom": "LYCEE MEDINA FALL", "region": {"nom": "THIES", "code": 7}, "departement": {"nom": "THIES", "code": 72}, "commune": {"nom": "VILLE DE THIES", "code": 72301}, "communaute_rurale": {"nom": "THIES NORD", "code": 7230111}, "quartier_village": "MEDINA FALL EXTENSION", "milieu": "URBAIN", "thematique": "EDUCATION", "type_qvh": "QUARTIER"}}, {"type": "Feature", "geometry": {"type": "Point", "coordinates": [-16.942091, 14.765603]}, "properties": {"id": "lycee-170", "type": "lycee", "type_label": "Lycée public", "nom": "LYCEE FAHU", "region": {"nom": "THIES", "code": 7}, "departement": {"nom": "THIES", "code": 72}, "commune": {"nom": "VILLE DE THIES", "code": 72301}, "communaute_rurale": {"nom": "THIES EST", "code": 7230121}, "quartier_village": "FAHU I", "milieu": "URBAIN", "thematique": "EDUCATION", "type_qvh": "QUARTIER"}}, {"type": "Feature", "geometry": {"type": "Point", "coordinates": [-16.904267, 14.777034]}, "properties": {"id": "lycee-171", "type": "lycee", "type_label": "Lycée public", "nom": "LYCEE AHMADOU NDACK SECK", "region": {"nom": "THIES", "code": 7}, "departement": {"nom": "THIES", "code": 72}, "commune": {"nom": "VILLE DE THIES", "code": 72301}, "communaute_rurale": {"nom": "THIES EST", "code": 7230121}, "quartier_village": "SAMPATHE", "milieu": "URBAIN", "thematique": "EDUCATION", "type_qvh": "QUARTIER"}}, {"type": "Feature", "geometry": {"type": "Point", "coordinates": [-16.801723, 14.762768]}, "properties": {"id": "lycee-172", "type": "lycee", "type_label": "Lycée public", "nom": "LYCEE THIENABA", "region": {"nom": "THIES", "code": 7}, "departement": {"nom": "THIES", "code": 72}, "commune": {"nom": "THIENABA", "code": 72202}, "communaute_rurale": {"nom": "THIENABA", "code": 7220203}, "quartier_village": "THIENABA II (THIENABA GARE)", "milieu": "RURAL", "thematique": "EDUCATION", "type_qvh": "VILLAGE"}}, {"type": "Feature", "geometry": {"type": "Point", "coordinates": [-16.867412, 14.612906]}, "properties": {"id": "lycee-173", "type": "lycee", "type_label": "Lycée public", "nom": "LYCEE TASSETTE (EX CEM)", "region": {"nom": "THIES", "code": 7}, "departement": {"nom": "THIES", "code": 72}, "commune": {"nom": "NOTTO", "code": 72201}, "communaute_rurale": {"nom": "TASSETE", "code": 7220102}, "quartier_village": "TASSETTE OUOLOF", "milieu": "RURAL", "thematique": "EDUCATION", "type_qvh": "VILLAGE"}}, {"type": "Feature", "geometry": {"type": "Point", "coordinates": [-17.066155, 14.763606]}, "properties": {"id": "lycee-174", "type": "lycee", "type_label": "Lycée public", "nom": "LYCEE POUT", "region": {"nom": "THIES", "code": 7}, "departement": {"nom": "THIES", "code": 72}, "commune": {"nom": "POUT", "code": 72102}, "communaute_rurale": {"nom": "POUT", "code": 7210200}, "quartier_village": "ALWAR", "milieu": "URBAIN", "thematique": "EDUCATION", "type_qvh": "QUARTIER"}}, {"type": "Feature", "geometry": {"type": "Point", "coordinates": [-16.737203, 14.718226]}, "properties": {"id": "lycee-175", "type": "lycee", "type_label": "Lycée public", "nom": "LYCEE ELHADJI OUSMANE GNING DE NGOUNDIANE", "region": {"nom": "THIES", "code": 7}, "departement": {"nom": "THIES", "code": 72}, "commune": {"nom": "THIENABA", "code": 72202}, "communaute_rurale": {"nom": "NGOUDIANE", "code": 7220202}, "quartier_village": "NGOUNDIANE SAMEL ( KEUR SAMBA NIAKH)", "milieu": "RURAL", "thematique": "EDUCATION", "type_qvh": "VILLAGE"}}, {"type": "Feature", "geometry": {"type": "Point", "coordinates": [-16.743659, 14.718595]}, "properties": {"id": "lycee-176", "type": "lycee", "type_label": "Lycée public", "nom": "LYCEE NGOUNDIANE", "region": {"nom": "THIES", "code": 7}, "departement": {"nom": "THIES", "code": 72}, "commune": {"nom": "THIENABA", "code": 72202}, "communaute_rurale": {"nom": "NGOUDIANE", "code": 7220202}, "quartier_village": "NGOUDIANE THIANGHAYE", "milieu": "RURAL", "thematique": "EDUCATION", "type_qvh": "VILLAGE"}}, {"type": "Feature", "geometry": {"type": "Point", "coordinates": [-16.658742, 14.709784]}, "properties": {"id": "lycee-177", "type": "lycee", "type_label": "Lycée public", "nom": "LYCEE NDIEYENE SIRAKH", "region": {"nom": "THIES", "code": 7}, "departement": {"nom": "THIES", "code": 72}, "commune": {"nom": "THIENABA", "code": 72202}, "communaute_rurale": {"nom": "NDIEYENE SIRAKH", "code": 7220201}, "quartier_village": "NDIEYENE SIRAKH", "milieu": "RURAL", "thematique": "EDUCATION", "type_qvh": "VILLAGE"}}, {"type": "Feature", "geometry": {"type": "Point", "coordinates": [-17.112444, 14.782046]}, "properties": {"id": "lycee-178", "type": "lycee", "type_label": "Lycée public", "nom": "LYCEE KEUR MOUSSA", "region": {"nom": "THIES", "code": 7}, "departement": {"nom": "THIES", "code": 72}, "commune": {"nom": "KEUR MOUSSA", "code": 72203}, "communaute_rurale": {"nom": "KEUR MOUSSA", "code": 7220303}, "quartier_village": "KEUR MOUSSEU (KEUR MOUSSA)", "milieu": "RURAL", "thematique": "EDUCATION", "type_qvh": "VILLAGE"}}, {"type": "Feature", "geometry": {"type": "Point", "coordinates": [-17.126315, 14.903972]}, "properties": {"id": "lycee-179", "type": "lycee", "type_label": "Lycée public", "nom": "LYCEE KAYAR", "region": {"nom": "THIES", "code": 7}, "departement": {"nom": "THIES", "code": 72}, "commune": {"nom": "KEUR MOUSSA", "code": 72203}, "communaute_rurale": {"nom": "KAYAR", "code": 7220304}, "quartier_village": "TANTY YOFF", "milieu": "URBAIN", "thematique": "EDUCATION", "type_qvh": "QUARTIER"}}, {"type": "Feature", "geometry": {"type": "Point", "coordinates": [-16.862969, 14.805589]}, "properties": {"id": "lycee-180", "type": "lycee", "type_label": "Lycée public", "nom": "LYCEE FANDENE", "region": {"nom": "THIES", "code": 7}, "departement": {"nom": "THIES", "code": 72}, "commune": {"nom": "KEUR MOUSSA", "code": 72203}, "communaute_rurale": {"nom": "FANDENE", "code": 7220302}, "quartier_village": "H3 THIAW THIAW", "milieu": "RURAL", "thematique": "EDUCATION", "type_qvh": "HAMEAU"}}, {"type": "Feature", "geometry": {"type": "Point", "coordinates": [-17.137218, 14.837928]}, "properties": {"id": "lycee-181", "type": "lycee", "type_label": "Lycée public", "nom": "LYCEE BAYAKH", "region": {"nom": "THIES", "code": 7}, "departement": {"nom": "THIES", "code": 72}, "commune": {"nom": "KEUR MOUSSA", "code": 72203}, "communaute_rurale": {"nom": "DIENDER GUEDJI", "code": 7220301}, "quartier_village": "BAYAKH I", "milieu": "RURAL", "thematique": "EDUCATION", "type_qvh": "QUARTIER"}}, {"type": "Feature", "geometry": {"type": "Point", "coordinates": [-16.876847, 14.700208]}, "properties": {"id": "lycee-182", "type": "lycee", "type_label": "Lycée public", "nom": "LYCEE NOTTO DIOBASS", "region": {"nom": "THIES", "code": 7}, "departement": {"nom": "THIES", "code": 72}, "commune": {"nom": "NOTTO", "code": 72201}, "communaute_rurale": {"nom": "NOTTO", "code": 7220101}, "quartier_village": "NOTTO", "milieu": "RURAL", "thematique": "EDUCATION", "type_qvh": "VILLAGE"}}, {"type": "Feature", "geometry": {"type": "Point", "coordinates": [-16.941314, 14.695653]}, "properties": {"id": "lycee-183", "type": "lycee", "type_label": "Lycée public", "nom": "LYCEE SANGUE", "region": {"nom": "THIES", "code": 7}, "departement": {"nom": "THIES", "code": 72}, "commune": {"nom": "NOTTO", "code": 72201}, "communaute_rurale": {"nom": "NOTTO", "code": 7220101}, "quartier_village": "SANGUE", "milieu": "RURAL", "thematique": "EDUCATION", "type_qvh": "VILLAGE"}}, {"type": "Feature", "geometry": {"type": "Point", "coordinates": [-16.873525, 15.103893]}, "properties": {"id": "lycee-184", "type": "lycee", "type_label": "Lycée public", "nom": "LYCEE DAROU KHOUDOSS", "region": {"nom": "THIES", "code": 7}, "departement": {"nom": "TIVAOUNE", "code": 73}, "commune": {"nom": "MEOUANE", "code": 73201}, "communaute_rurale": {"nom": "DAROU KHOUDOSS", "code": 7320103}, "quartier_village": "MEDINA FALL", "milieu": "RURAL", "thematique": "EDUCATION", "type_qvh": "VILLAGE"}}, {"type": "Feature", "geometry": {"type": "Point", "coordinates": [-16.828346, 14.933427]}, "properties": {"id": "lycee-185", "type": "lycee", "type_label": "Lycée public", "nom": "LYCEE ABABACAR SY", "region": {"nom": "THIES", "code": 7}, "departement": {"nom": "TIVAOUANE", "code": 73}, "commune": {"nom": "TIVAOUANE", "code": 73102}, "communaute_rurale": {"nom": "TIVAOUANE", "code": 7310200}, "quartier_village": "KEUR MATAR NDACK", "milieu": "URBAIN", "thematique": "EDUCATION", "type_qvh": "QUARTIER"}}, {"type": "Feature", "geometry": {"type": "Point", "coordinates": [-16.807618, 14.968706]}, "properties": {"id": "lycee-186", "type": "lycee", "type_label": "Lycée public", "nom": "LYCEE SELCO", "region": {"nom": "THIES", "code": 7}, "departement": {"nom": "TIVAOUANE", "code": 73}, "commune": {"nom": "TIVAOUANE", "code": 73102}, "communaute_rurale": {"nom": "TIVAOUANE", "code": 7310200}, "quartier_village": "SELCO", "milieu": "URBAIN", "thematique": "EDUCATION", "type_qvh": "QUARTIER"}}, {"type": "Feature", "geometry": {"type": "Point", "coordinates": [-16.24619, 15.042134]}, "properties": {"id": "lycee-187", "type": "lycee", "type_label": "Lycée public", "nom": "LYCEE THILMAKHA", "region": {"nom": "THIES", "code": 7}, "departement": {"nom": "TIVAOUANE", "code": 73}, "commune": {"nom": "NIAKHENE", "code": 73203}, "communaute_rurale": {"nom": "THILMAKHA", "code": 7320304}, "quartier_village": "NDIAKHO", "milieu": "RURAL", "thematique": "EDUCATION", "type_qvh": "VILLAGE"}}, {"type": "Feature", "geometry": {"type": "Point", "coordinates": [-16.87439, 15.039279]}, "properties": {"id": "lycee-188", "type": "lycee", "type_label": "Lycée public", "nom": "LYCEE TAIBA NDIAYE", "region": {"nom": "THIES", "code": 7}, "departement": {"nom": "TIVAOUANE", "code": 73}, "commune": {"nom": "MEOUANE", "code": 73201}, "communaute_rurale": {"nom": "TAIBA NDIAYE", "code": 7320102}, "quartier_village": "TAIBA NDIAYE", "milieu": "RURAL", "thematique": "EDUCATION", "type_qvh": "VILLAGE"}}, {"type": "Feature", "geometry": {"type": "Point", "coordinates": [-16.728496, 15.011232]}, "properties": {"id": "lycee-189", "type": "lycee", "type_label": "Lycée public", "nom": "LYCEE SERIGNE AMADOU CISSE", "region": {"nom": "THIES", "code": 7}, "departement": {"nom": "TIVAOUANE", "code": 73}, "commune": {"nom": "PAMBAL", "code": 73204}, "communaute_rurale": {"nom": "PIRE GOUREYE", "code": 7320404}, "quartier_village": "PIRE GOUREYE", "milieu": "RURAL", "thematique": "EDUCATION", "type_qvh": "VILLAGE"}}, {"type": "Feature", "geometry": {"type": "Point", "coordinates": [-16.422822, 15.110948]}, "properties": {"id": "lycee-190", "type": "lycee", "type_label": "Lycée public", "nom": "LYCEE PEKESSE", "region": {"nom": "THIES", "code": 7}, "departement": {"nom": "TIVAOUANE", "code": 73}, "commune": {"nom": "MERINA DAKHAR", "code": 73202}, "communaute_rurale": {"nom": "PEKESSE", "code": 7320203}, "quartier_village": "PEKESSE", "milieu": "RURAL", "thematique": "EDUCATION", "type_qvh": "VILLAGE"}}, {"type": "Feature", "geometry": {"type": "Point", "coordinates": [-16.897425, 14.970083]}, "properties": {"id": "lycee-191", "type": "lycee", "type_label": "Lycée public", "nom": "LYCEE AMAR TINE PAMBAL", "region": {"nom": "THIES", "code": 7}, "departement": {"nom": "TIVAOUANE", "code": 73}, "commune": {"nom": "PAMBAL", "code": 73204}, "communaute_rurale": {"nom": "PAMBAL", "code": 7320405}, "quartier_village": "PAMBAL AMAR", "milieu": "RURAL", "thematique": "EDUCATION", "type_qvh": "VILLAGE"}}, {"type": "Feature", "geometry": {"type": "Point", "coordinates": [-16.989717, 14.920358]}, "properties": {"id": "lycee-192", "type": "lycee", "type_label": "Lycée public", "nom": "LYCEE BRAVE HIPPOLYTE", "region": {"nom": "THIES", "code": 7}, "departement": {"nom": "TIVAOUANE", "code": 73}, "commune": {"nom": "PAMBAL", "code": 73204}, "communaute_rurale": {"nom": "MONT ROLLAND", "code": 7320402}, "quartier_village": "TIVIGNE DIASSA", "milieu": "RURAL", "thematique": "EDUCATION", "type_qvh": "VILLAGE"}}, {"type": "Feature", "geometry": {"type": "Point", "coordinates": [-16.553119, 15.103821]}, "properties": {"id": "lycee-193", "type": "lycee", "type_label": "Lycée public", "nom": "LYCEE MERINA DAKHAR", "region": {"nom": "THIES", "code": 7}, "departement": {"nom": "TIVAOUANE", "code": 73}, "commune": {"nom": "MERINA DAKHAR", "code": 73202}, "communaute_rurale": {"nom": "MERINA DAKHAR", "code": 7320202}, "quartier_village": "MERINA DAKHAR", "milieu": "RURAL", "thematique": "EDUCATION", "type_qvh": "VILLAGE"}}, {"type": "Feature", "geometry": {"type": "Point", "coordinates": [-16.578304, 15.185349]}, "properties": {"id": "lycee-194", "type": "lycee", "type_label": "Lycée public", "nom": "LYCEE KELLE", "region": {"nom": "THIES", "code": 7}, "departement": {"nom": "TIVAOUANE", "code": 73}, "commune": {"nom": "MERINA DAKHAR", "code": 73202}, "communaute_rurale": {"nom": "MERINA DAKHAR", "code": 7320202}, "quartier_village": "KELLE", "milieu": "RURAL", "thematique": "EDUCATION", "type_qvh": "VILLAGE"}}, {"type": "Feature", "geometry": {"type": "Point", "coordinates": [-16.623221, 15.111209]}, "properties": {"id": "lycee-195", "type": "lycee", "type_label": "Lycée public", "nom": "LYCEE CHEIKH MOURATH NDAW MEKHE", "region": {"nom": "THIES", "code": 7}, "departement": {"nom": "TIVAOUANE", "code": 73}, "commune": {"nom": "MEKHE", "code": 73101}, "communaute_rurale": {"nom": "MEKHE", "code": 7310100}, "quartier_village": "MBAMBARA", "milieu": "URBAIN", "thematique": "EDUCATION", "type_qvh": "QUARTIER"}}, {"type": "Feature", "geometry": {"type": "Point", "coordinates": [-16.629816, 15.123968]}, "properties": {"id": "lycee-196", "type": "lycee", "type_label": "Lycée public", "nom": "LYCEE MEKHE", "region": {"nom": "THIES", "code": 7}, "departement": {"nom": "TIVAOUANE", "code": 73}, "commune": {"nom": "MEKHE", "code": 73101}, "communaute_rurale": {"nom": "MEKHE", "code": 7310100}, "quartier_village": "HLM", "milieu": "URBAIN", "thematique": "EDUCATION", "type_qvh": "QUARTIER"}}, {"type": "Feature", "geometry": {"type": "Point", "coordinates": [-16.875934, 15.130732]}, "properties": {"id": "lycee-197", "type": "lycee", "type_label": "Lycée public", "nom": "LYCEE TAIBA ICS", "region": {"nom": "THIES", "code": 7}, "departement": {"nom": "TIVAOUANE", "code": 73}, "commune": {"nom": "MEOUANE", "code": 73201}, "communaute_rurale": {"nom": "MBORO", "code": 7320104}, "quartier_village": "MBORO X", "milieu": "URBAIN", "thematique": "EDUCATION", "type_qvh": "QUARTIER"}}, {"type": "Feature", "geometry": {"type": "Point", "coordinates": [-16.872819, 14.884393]}, "properties": {"id": "lycee-198", "type": "lycee", "type_label": "Lycée public", "nom": "LYCEE LAM LAM GARE", "region": {"nom": "THIES", "code": 7}, "departement": {"nom": "TIVAOUANE", "code": 73}, "commune": {"nom": "PAMBAL", "code": 73204}, "communaute_rurale": {"nom": "CHERIF LO", "code": 7320401}, "quartier_village": "H1 LAM LAM CROISEMENT", "milieu": "RURAL", "thematique": "EDUCATION", "type_qvh": "HAMEAU"}}, {"type": "Feature", "geometry": {"type": "Point", "coordinates": [-16.693502, 14.429721]}, "properties": {"id": "lycee-199", "type": "lycee", "type_label": "Lycée public", "nom": "LYCEE THIADIAYE", "region": {"nom": "THIES", "code": 7}, "departement": {"nom": "MBOUR", "code": 71}, "commune": {"nom": "SESSENE", "code": 71202}, "communaute_rurale": {"nom": "THIADIAYE", "code": 7120204}, "quartier_village": "ESCALE NORD", "milieu": "URBAIN", "thematique": "EDUCATION", "type_qvh": "QUARTIER"}}, {"type": "Feature", "geometry": {"type": "Point", "coordinates": [-17.093581, 14.52742]}, "properties": {"id": "lycee-200", "type": "lycee", "type_label": "Lycée public", "nom": "LYCEE GUEREO", "region": {"nom": "THIES", "code": 7}, "departement": {"nom": "MBOUR", "code": 71}, "commune": {"nom": "SINDIA", "code": 71203}, "communaute_rurale": {"nom": "SINDIA", "code": 7120303}, "quartier_village": "GUEREO", "milieu": "RURAL", "thematique": "EDUCATION", "type_qvh": "VILLAGE"}}, {"type": "Feature", "geometry": {"type": "Point", "coordinates": [-17.033516, 14.581957]}, "properties": {"id": "lycee-201", "type": "lycee", "type_label": "Lycée public", "nom": "LYCEE SINDIA", "region": {"nom": "THIES", "code": 7}, "departement": {"nom": "MBOUR", "code": 71}, "commune": {"nom": "SINDIA", "code": 71203}, "communaute_rurale": {"nom": "SINDIA", "code": 7120303}, "quartier_village": "SINDIA", "milieu": "RURAL", "thematique": "EDUCATION", "type_qvh": "VILLAGE"}}, {"type": "Feature", "geometry": {"type": "Point", "coordinates": [-16.693516, 14.429285]}, "properties": {"id": "lycee-202", "type": "lycee", "type_label": "Lycée public", "nom": "LYCEE SAOKOM", "region": {"nom": "THIES", "code": 7}, "departement": {"nom": "MBOUR", "code": 71}, "commune": {"nom": "SESSENE", "code": 71202}, "communaute_rurale": {"nom": "SESSENE", "code": 7120203}, "quartier_village": "H3 SINDIANE (SAOKOM II)", "milieu": "RURAL", "thematique": "EDUCATION", "type_qvh": "HAMEAU"}}, {"type": "Feature", "geometry": {"type": "Point", "coordinates": [-16.799763, 14.437572]}, "properties": {"id": "lycee-203", "type": "lycee", "type_label": "Lycée public", "nom": "LYCEE SANDIARA", "region": {"nom": "THIES", "code": 7}, "departement": {"nom": "MBOUR", "code": 71}, "commune": {"nom": "SESSENE", "code": 71202}, "communaute_rurale": {"nom": "SANDIARA", "code": 7120202}, "quartier_village": "SANDIARA SERERE", "milieu": "RURAL", "thematique": "EDUCATION", "type_qvh": "VILLAGE"}}, {"type": "Feature", "geometry": {"type": "Point", "coordinates": [-16.867006, 14.436355]}, "properties": {"id": "lycee-204", "type": "lycee", "type_label": "Lycée public", "nom": "LYCEE LOULY BENTEGNE", "region": {"nom": "THIES", "code": 7}, "departement": {"nom": "MBOUR", "code": 71}, "commune": {"nom": "SESSENE", "code": 71202}, "communaute_rurale": {"nom": "SANDIARA", "code": 7120202}, "quartier_village": "LOULY BENTEGNE", "milieu": "RURAL", "thematique": "EDUCATION", "type_qvh": "VILLAGE"}}, {"type": "Feature", "geometry": {"type": "Point", "coordinates": [-16.802227, 14.438221]}, "properties": {"id": "lycee-205", "type": "lycee", "type_label": "Lycée public", "nom": "LYCEE TECHNIQUE DE SANDIARA", "region": {"nom": "THIES", "code": 7}, "departement": {"nom": "MBOUR", "code": 71}, "commune": {"nom": "SESSENE", "code": 71202}, "communaute_rurale": {"nom": "SANDIARA", "code": 7120202}, "quartier_village": "SANDIARA SERERE", "milieu": "RURAL", "thematique": "EDUCATION", "type_qvh": "VILLAGE"}}, {"type": "Feature", "geometry": {"type": "Point", "coordinates": [-16.996509, 14.453215]}, "properties": {"id": "lycee-206", "type": "lycee", "type_label": "Lycée public", "nom": "LYCEE SALY", "region": {"nom": "THIES", "code": 7}, "departement": {"nom": "MBOUR", "code": 71}, "commune": {"nom": "SINDIA", "code": 71203}, "communaute_rurale": {"nom": "SALY PORTUDAL", "code": 7120307}, "quartier_village": "SALY VELINGARA", "milieu": "URBAIN", "thematique": "EDUCATION", "type_qvh": "QUARTIER"}}, {"type": "Feature", "geometry": {"type": "Point", "coordinates": [-17.109263, 14.559374]}, "properties": {"id": "lycee-207", "type": "lycee", "type_label": "Lycée public", "nom": "LYCEE POPENGUINE", "region": {"nom": "THIES", "code": 7}, "departement": {"nom": "MBOUR", "code": 71}, "commune": {"nom": "SINDIA", "code": 71203}, "communaute_rurale": {"nom": "POPENGUINE", "code": 7120306}, "quartier_village": "TONGOR", "milieu": "URBAIN", "thematique": "EDUCATION", "type_qvh": "QUARTIER"}}, {"type": "Feature", "geometry": {"type": "Point", "coordinates": [-16.746599, 14.280868]}, "properties": {"id": "lycee-208", "type": "lycee", "type_label": "Lycée public", "nom": "LYCEE NGUENIENE", "region": {"nom": "THIES", "code": 7}, "departement": {"nom": "MBOUR", "code": 71}, "commune": {"nom": "SESSENE", "code": 71202}, "communaute_rurale": {"nom": "NGUENIENE", "code": 7120201}, "quartier_village": "H1 KEUR DIOMAYE", "milieu": "RURAL", "thematique": "EDUCATION", "type_qvh": "HAMEAU"}}, {"type": "Feature", "geometry": {"type": "Point", "coordinates": [-16.99279, 14.51289]}, "properties": {"id": "lycee-209", "type": "lycee", "type_label": "Lycée public", "nom": "LYCEE NGUEKHOKH", "region": {"nom": "THIES", "code": 7}, "departement": {"nom": "MBOUR", "code": 71}, "commune": {"nom": "SINDIA", "code": 71203}, "communaute_rurale": {"nom": "NGUEKHOKH", "code": 7120304}, "quartier_village": "PIKINE", "milieu": "URBAIN", "thematique": "EDUCATION", "type_qvh": "QUARTIER"}}, {"type": "Feature", "geometry": {"type": "Point", "coordinates": [-17.06216, 14.475615]}, "properties": {"id": "lycee-210", "type": "lycee", "type_label": "Lycée public", "nom": "LYCEE MAMADOU LENA DIOP", "region": {"nom": "THIES", "code": 7}, "departement": {"nom": "MBOUR", "code": 71}, "commune": {"nom": "SINDIA", "code": 71203}, "communaute_rurale": {"nom": "NGAPAROU", "code": 7120305}, "quartier_village": "NGANE", "milieu": "URBAIN", "thematique": "EDUCATION", "type_qvh": "QUARTIER"}}, {"type": "Feature", "geometry": {"type": "Point", "coordinates": [-16.937551, 14.421992]}, "properties": {"id": "lycee-211", "type": "lycee", "type_label": "Lycée public", "nom": "NOUVEAU LYCEE DE MBOUR", "region": {"nom": "THIES", "code": 7}, "departement": {"nom": "MBOUR", "code": 71}, "commune": {"nom": "MBOUR", "code": 71102}, "communaute_rurale": {"nom": "MBOUR", "code": 7110200}, "quartier_village": "THIOCE EST ONCAD", "milieu": "URBAIN", "thematique": "EDUCATION", "type_qvh": "QUARTIER"}}, {"type": "Feature", "geometry": {"type": "Point", "coordinates": [-16.975688, 14.413754]}, "properties": {"id": "lycee-212", "type": "lycee", "type_label": "Lycée public", "nom": "LYCEE DEMBA DIOP", "region": {"nom": "THIES", "code": 7}, "departement": {"nom": "MBOUR", "code": 71}, "commune": {"nom": "MBOUR", "code": 71102}, "communaute_rurale": {"nom": "MBOUR", "code": 7110200}, "quartier_village": "GOLF", "milieu": "URBAIN", "thematique": "EDUCATION", "type_qvh": "QUARTIER"}}, {"type": "Feature", "geometry": {"type": "Point", "coordinates": [-16.948103, 14.443914]}, "properties": {"id": "lycee-213", "type": "lycee", "type_label": "Lycée public", "nom": "CEM OUOLOF", "region": {"nom": "THIES", "code": 7}, "departement": {"nom": "MBOUR", "code": 71}, "commune": {"nom": "SINDIA", "code": 71203}, "communaute_rurale": {"nom": "MALICOUNDA", "code": 7120301}, "quartier_village": "MALICOUNDA OUOLOF (KEUR MEISSA)", "milieu": "RURAL", "thematique": "EDUCATION", "type_qvh": "VILLAGE"}}, {"type": "Feature", "geometry": {"type": "Point", "coordinates": [-16.975882, 14.446541]}, "properties": {"id": "lycee-214", "type": "lycee", "type_label": "Lycée public", "nom": "LYCEE SALY MALICOUNDA", "region": {"nom": "THIES", "code": 7}, "departement": {"nom": "MBOUR", "code": 71}, "commune": {"nom": "SINDIA", "code": 71203}, "communaute_rurale": {"nom": "MALICOUNDA", "code": 7120301}, "quartier_village": "MALICOUNDA EXTENSION", "milieu": "RURAL", "thematique": "EDUCATION", "type_qvh": "VILLAGE"}}, {"type": "Feature", "geometry": {"type": "Point", "coordinates": [-16.926986, 14.355924]}, "properties": {"id": "lycee-215", "type": "lycee", "type_label": "Lycée public", "nom": "LYCEE MALICOUNDA 2", "region": {"nom": "THIES", "code": 7}, "departement": {"nom": "MBOUR", "code": 71}, "commune": {"nom": "SINDIA", "code": 71203}, "communaute_rurale": {"nom": "MALICOUNDA", "code": 7120301}, "quartier_village": "NIANING", "milieu": "RURAL", "thematique": "EDUCATION", "type_qvh": "VILLAGE"}}, {"type": "Feature", "geometry": {"type": "Point", "coordinates": [-16.611427, 14.54073]}, "properties": {"id": "lycee-216", "type": "lycee", "type_label": "Lycée public", "nom": "LYCEE FISSEL MBADANE", "region": {"nom": "THIES", "code": 7}, "departement": {"nom": "MBOUR", "code": 71}, "commune": {"nom": "FISSEL", "code": 71201}, "communaute_rurale": {"nom": "FISSEL", "code": 7120101}, "quartier_village": "FISSEL ESCALE (FISSEL MBADANE)", "milieu": "RURAL", "thematique": "EDUCATION", "type_qvh": "VILLAGE"}}, {"type": "Feature", "geometry": {"type": "Point", "coordinates": [-16.732036, 14.533934]}, "properties": {"id": "lycee-217", "type": "lycee", "type_label": "Lycée public", "nom": "LYCEE NDIOUMA COR FAYE", "region": {"nom": "THIES", "code": 7}, "departement": {"nom": "MBOUR", "code": 71}, "commune": {"nom": "FISSEL", "code": 71201}, "communaute_rurale": {"nom": "NDIAGANIAO", "code": 7120102}, "quartier_village": "NDIAGANIAO BOTH ESCALE", "milieu": "RURAL", "thematique": "EDUCATION", "type_qvh": "VILLAGE"}}, {"type": "Feature", "geometry": {"type": "Point", "coordinates": [-16.792449, 14.52516]}, "properties": {"id": "lycee-218", "type": "lycee", "type_label": "Lycée public", "nom": "LYCEE NDIARAO", "region": {"nom": "THIES", "code": 7}, "departement": {"nom": "MBOUR", "code": 71}, "commune": {"nom": "FISSEL", "code": 71201}, "communaute_rurale": {"nom": "NDIAGANIAO", "code": 7120102}, "quartier_village": "NDIARAO", "milieu": "RURAL", "thematique": "EDUCATION", "type_qvh": "VILLAGE"}}, {"type": "Feature", "geometry": {"type": "Point", "coordinates": [-16.857277, 14.198933]}, "properties": {"id": "lycee-219", "type": "lycee", "type_label": "Lycée public", "nom": "LYCEE LEOPOLD SEDAR SENGHOR", "region": {"nom": "THIES", "code": 7}, "departement": {"nom": "MBOUR", "code": 71}, "commune": {"nom": "JOAL FADIOUTH", "code": 71101}, "communaute_rurale": {"nom": "JOAL FADIOUTH", "code": 7110100}, "quartier_village": "CARITAS", "milieu": "URBAIN", "thematique": "EDUCATION", "type_qvh": "QUARTIER"}}, {"type": "Feature", "geometry": {"type": "Point", "coordinates": [-16.444082, 14.701116]}, "properties": {"id": "lycee-220", "type": "lycee", "type_label": "Lycée public", "nom": "LYCEE BAMBEY", "region": {"nom": "DIOURBEL", "code": 3}, "departement": {"nom": "BAMBEY", "code": 31}, "commune": {"nom": "BAMBEY", "code": 31101}, "communaute_rurale": {"nom": "BAMBEY", "code": 3110100}, "quartier_village": "LEONA NORD", "milieu": "URBAIN", "thematique": "EDUCATION", "type_qvh": "QUARTIER"}}, {"type": "Feature", "geometry": {"type": "Point", "coordinates": [-16.231526, 14.661683]}, "properties": {"id": "lycee-221", "type": "lycee", "type_label": "Lycée public", "nom": "LYCEE MOUHAMADOU MOUSTAPHA MBACKE", "region": {"nom": "DIOURBEL", "code": 3}, "departement": {"nom": "DIOURBEL", "code": 32}, "commune": {"nom": "DIOURBEL", "code": 32101}, "communaute_rurale": {"nom": "DIOURBEL", "code": 3210100}, "quartier_village": "KEUR CHEIKH IBRA FALL", "milieu": "URBAIN", "thematique": "EDUCATION", "type_qvh": "QUARTIER"}}, {"type": "Feature", "geometry": {"type": "Point", "coordinates": [-16.250281, 14.652079]}, "properties": {"id": "lycee-222", "type": "lycee", "type_label": "Lycée public", "nom": "LYCEE SCIENTIFIQUE D EXCELLENCE DE DIOURBEL", "region": {"nom": "DIOURBEL", "code": 3}, "departement": {"nom": "DIOURBEL", "code": 32}, "commune": {"nom": "DIOURBEL", "code": 32101}, "communaute_rurale": {"nom": "DIOURBEL", "code": 3210100}, "quartier_village": "CHEIKH ANTA MBACKE", "milieu": "URBAIN", "thematique": "EDUCATION", "type_qvh": "QUARTIER"}}, {"type": "Feature", "geometry": {"type": "Point", "coordinates": [-16.227877, 14.638438]}, "properties": {"id": "lycee-223", "type": "lycee", "type_label": "Lycée public", "nom": "LYCEE ENSEIGNEMENT GENERAL", "region": {"nom": "DIOURBEL", "code": 3}, "departement": {"nom": "DIOURBEL", "code": 32}, "commune": {"nom": "DIOURBEL", "code": 32101}, "communaute_rurale": {"nom": "DIOURBEL", "code": 3210100}, "quartier_village": "THIERNO KANDJI", "milieu": "URBAIN", "thematique": "EDUCATION", "type_qvh": "QUARTIER"}}, {"type": "Feature", "geometry": {"type": "Point", "coordinates": [-16.530412, 14.798928]}, "properties": {"id": "lycee-224", "type": "lycee", "type_label": "Lycée public", "nom": "LYCEE Ex-CEM LAMBAYE", "region": {"nom": "DIOURBEL", "code": 3}, "departement": {"nom": "BAMBEY", "code": 31}, "commune": {"nom": "LAMBAYE", "code": 31202}, "communaute_rurale": {"nom": "LAMBAYE", "code": 3120202}, "quartier_village": "LAMBAYE ESCALE", "milieu": "RURAL", "thematique": "EDUCATION", "type_qvh": "VILLAGE"}}, {"type": "Feature", "geometry": {"type": "Point", "coordinates": [-15.923363, 14.796456]}, "properties": {"id": "lycee-225", "type": "lycee", "type_label": "Lycée public", "nom": "LYCEE DE MBACKE", "region": {"nom": "DIOURBEL", "code": 3}, "departement": {"nom": "MBACKE", "code": 33}, "commune": {"nom": "MBACKE", "code": 33101}, "communaute_rurale": {"nom": "MBACKE", "code": 3310100}, "quartier_village": "MBACKE KHEWAR", "milieu": "URBAIN", "thematique": "EDUCATION", "type_qvh": "QUARTIER"}}, {"type": "Feature", "geometry": {"type": "Point", "coordinates": [-15.921504, 14.797399]}, "properties": {"id": "lycee-226", "type": "lycee", "type_label": "Lycée public", "nom": "CEM ANNEXE LYCEE MBACKE", "region": {"nom": "DIOURBEL", "code": 3}, "departement": {"nom": "MBACKE", "code": 33}, "commune": {"nom": "MBACKE", "code": 33101}, "communaute_rurale": {"nom": "MBACKE", "code": 3310100}, "quartier_village": "MBACKE KHEWAR", "milieu": "URBAIN", "thematique": "EDUCATION", "type_qvh": "QUARTIER"}}, {"type": "Feature", "geometry": {"type": "Point", "coordinates": [-15.909014, 14.796085]}, "properties": {"id": "lycee-227", "type": "lycee", "type_label": "Lycée public", "nom": "LYCEE MBACKE", "region": {"nom": "DIOURBEL", "code": 3}, "departement": {"nom": "MBACKE", "code": 33}, "commune": {"nom": "MBACKE", "code": 33101}, "communaute_rurale": {"nom": "MBACKE", "code": 3310100}, "quartier_village": "MBACKE KHEWAR", "milieu": "URBAIN", "thematique": "EDUCATION", "type_qvh": "QUARTIER"}}, {"type": "Feature", "geometry": {"type": "Point", "coordinates": [-15.909518, 14.783531]}, "properties": {"id": "lycee-228", "type": "lycee", "type_label": "Lycée public", "nom": "LYCEE EX CEM MBACKE 2", "region": {"nom": "DIOURBEL", "code": 3}, "departement": {"nom": "MBACKE", "code": 33}, "commune": {"nom": "MBACKE", "code": 33101}, "communaute_rurale": {"nom": "MBACKE", "code": 3310100}, "quartier_village": "MBACKE KHEWAR", "milieu": "URBAIN", "thematique": "EDUCATION", "type_qvh": "QUARTIER"}}, {"type": "Feature", "geometry": {"type": "Point", "coordinates": [-16.533467, 14.702803]}, "properties": {"id": "lycee-229", "type": "lycee", "type_label": "Lycée public", "nom": "LYCEE EX CEM GATE", "region": {"nom": "DIOURBEL", "code": 3}, "departement": {"nom": "BAMBEY", "code": 31}, "commune": {"nom": "NGOYE", "code": 31203}, "communaute_rurale": {"nom": "NDANGALMA", "code": 3120301}, "quartier_village": "GATTE DIOCOUL II", "milieu": "RURAL", "thematique": "EDUCATION", "type_qvh": "VILLAGE"}}, {"type": "Feature", "geometry": {"type": "Point", "coordinates": [-16.563456, 14.7192]}, "properties": {"id": "lycee-230", "type": "lycee", "type_label": "Lycée public", "nom": "LYCEE DANGALMA", "region": {"nom": "DIOURBEL", "code": 3}, "departement": {"nom": "BAMBEY", "code": 31}, "commune": {"nom": "NGOYE", "code": 31203}, "communaute_rurale": {"nom": "NDANGALMA", "code": 3120301}, "quartier_village": "NDIAYENE", "milieu": "RURAL", "thematique": "EDUCATION", "type_qvh": "VILLAGE"}}, {"type": "Feature", "geometry": {"type": "Point", "coordinates": [-16.530589, 14.70662]}, "properties": {"id": "lycee-231", "type": "lycee", "type_label": "Lycée public", "nom": "LYCEE DE GATT", "region": {"nom": "DIOURBEL", "code": 3}, "departement": {"nom": "BAMBEY", "code": 31}, "commune": {"nom": "NGOYE", "code": 31203}, "communaute_rurale": {"nom": "NDANGALMA", "code": 3120301}, "quartier_village": "GATTE DIOCOUL II", "milieu": "RURAL", "thematique": "EDUCATION", "type_qvh": "VILLAGE"}}, {"type": "Feature", "geometry": {"type": "Point", "coordinates": [-16.589304, 14.650301]}, "properties": {"id": "lycee-232", "type": "lycee", "type_label": "Lycée public", "nom": "LYCEE NDONDOL", "region": {"nom": "DIOURBEL", "code": 3}, "departement": {"nom": "BAMBEY", "code": 31}, "commune": {"nom": "NGOYE", "code": 31203}, "communaute_rurale": {"nom": "NDONDOL", "code": 3120302}, "quartier_village": "NDONDOL SESSENE", "milieu": "RURAL", "thematique": "EDUCATION", "type_qvh": "VILLAGE"}}, {"type": "Feature", "geometry": {"type": "Point", "coordinates": [-16.495285, 14.718505]}, "properties": {"id": "lycee-233", "type": "lycee", "type_label": "Lycée public", "nom": "LYCEE BAMBEY SERERE", "region": {"nom": "DIOURBEL", "code": 3}, "departement": {"nom": "BAMBEY", "code": 31}, "commune": {"nom": "LAMBAYE", "code": 31202}, "communaute_rurale": {"nom": "NGOGOM", "code": 3120203}, "quartier_village": "BAMBEY SERERE II", "milieu": "RURAL", "thematique": "EDUCATION", "type_qvh": "VILLAGE"}}, {"type": "Feature", "geometry": {"type": "Point", "coordinates": [-16.432583, 14.632707]}, "properties": {"id": "lycee-234", "type": "lycee", "type_label": "Lycée public", "nom": "LYCEE DE NGOYE", "region": {"nom": "DIOURBEL", "code": 3}, "departement": {"nom": "BAMBEY", "code": 31}, "commune": {"nom": "NGOYE", "code": 31203}, "communaute_rurale": {"nom": "NGOYE", "code": 3120303}, "quartier_village": "PEYE NGOYE I", "milieu": "RURAL", "thematique": "EDUCATION", "type_qvh": "VILLAGE"}}, {"type": "Feature", "geometry": {"type": "Point", "coordinates": [-16.466093, 14.618765]}, "properties": {"id": "lycee-235", "type": "lycee", "type_label": "Lycée public", "nom": "LYCEE DE NGASCOPE", "region": {"nom": "DIOURBEL", "code": 3}, "departement": {"nom": "BAMBEY", "code": 31}, "commune": {"nom": "NGOYE", "code": 31203}, "communaute_rurale": {"nom": "NGOYE", "code": 3120303}, "quartier_village": "NGASCOP", "milieu": "RURAL", "thematique": "EDUCATION", "type_qvh": "VILLAGE"}}, {"type": "Feature", "geometry": {"type": "Point", "coordinates": [-16.194331, 14.67365]}, "properties": {"id": "lycee-236", "type": "lycee", "type_label": "Lycée public", "nom": "LYCEE MARIAMA BA", "region": {"nom": "DIOURBEL", "code": 3}, "departement": {"nom": "DIOURBEL", "code": 32}, "commune": {"nom": "NDOULO", "code": 32202}, "communaute_rurale": {"nom": "PATAR", "code": 3220203}, "quartier_village": "GAPPO", "milieu": "RURAL", "thematique": "EDUCATION", "type_qvh": "VILLAGE"}}, {"type": "Feature", "geometry": {"type": "Point", "coordinates": [-16.60756, 14.784255]}, "properties": {"id": "lycee-237", "type": "lycee", "type_label": "Lycée public", "nom": "LYCEE Ex. CEM REFANE", "region": {"nom": "DIOURBEL", "code": 3}, "departement": {"nom": "BAMBEY", "code": 31}, "commune": {"nom": "LAMBAYE", "code": 31202}, "communaute_rurale": {"nom": "REFANE", "code": 3120204}, "quartier_village": "REFANE PEYE SINDIANE", "milieu": "RURAL", "thematique": "EDUCATION", "type_qvh": "VILLAGE"}}, {"type": "Feature", "geometry": {"type": "Point", "coordinates": [-16.608272, 14.784318]}, "properties": {"id": "lycee-238", "type": "lycee", "type_label": "Lycée public", "nom": "ANNEXE LYCEE DE REFANE", "region": {"nom": "DIOURBEL", "code": 3}, "departement": {"nom": "BAMBEY", "code": 31}, "commune": {"nom": "LAMBAYE", "code": 31202}, "communaute_rurale": {"nom": "REFANE", "code": 3120204}, "quartier_village": "REFANE PEYE SINDIANE", "milieu": "RURAL", "thematique": "EDUCATION", "type_qvh": "VILLAGE"}}, {"type": "Feature", "geometry": {"type": "Point", "coordinates": [-15.661262, 14.785591]}, "properties": {"id": "lycee-239", "type": "lycee", "type_label": "Lycée public", "nom": "LYCEE SERIGNE MOUHAMADOU MOUSTAPHA MBACKE (EX CEM)", "region": {"nom": "DIOURBEL", "code": 3}, "departement": {"nom": "MBACKE", "code": 33}, "commune": {"nom": "TAIF", "code": 33203}, "communaute_rurale": {"nom": "TAIF", "code": 3320302}, "quartier_village": "TAIF", "milieu": "RURAL", "thematique": "EDUCATION", "type_qvh": "VILLAGE"}}, {"type": "Feature", "geometry": {"type": "Point", "coordinates": [-15.881041, 14.844681]}, "properties": {"id": "lycee-240", "type": "lycee", "type_label": "Lycée public", "nom": "LYCEE SERIGNE MOUSTAPHA FALLILOU", "region": {"nom": "DIOURBEL", "code": 3}, "departement": {"nom": "MBACKE", "code": 33}, "commune": {"nom": "NDAME", "code": 33202}, "communaute_rurale": {"nom": "TOUBA MOSQUEE", "code": 3320205}, "quartier_village": "TOUBA MOSQUEE", "milieu": "RURAL", "thematique": "EDUCATION", "type_qvh": "VILLAGE"}}, {"type": "Feature", "geometry": {"type": "Point", "coordinates": [-15.792224, 14.860522]}, "properties": {"id": "lycee-241", "type": "lycee", "type_label": "Lycée public", "nom": "LYCEE ex CEM KERE MBAYE", "region": {"nom": "DIOURBEL", "code": 3}, "departement": {"nom": "MBACKE", "code": 33}, "commune": {"nom": "NDAME", "code": 33202}, "communaute_rurale": {"nom": "TOUBA MOSQUEE", "code": 3320205}, "quartier_village": "KERE MBAYE", "milieu": "RURAL", "thematique": "EDUCATION", "type_qvh": "VILLAGE"}}, {"type": "Feature", "geometry": {"type": "Point", "coordinates": [-15.997391, 13.762652]}, "properties": {"id": "lycee-242", "type": "lycee", "type_label": "Lycée public", "nom": "LYCEE MIXTE SENY SAMB DE MISSIRAH WALO", "region": {"nom": "KAOLACK", "code": 6}, "departement": {"nom": "NIORO", "code": 62}, "commune": {"nom": "PAOSKOTO", "code": 62202}, "communaute_rurale": {"nom": "GAINTHE KAYE", "code": 6220201}, "quartier_village": "MISSIRAH ALMBAT", "milieu": "RURAL", "thematique": "EDUCATION", "type_qvh": "VILLAGE"}}, {"type": "Feature", "geometry": {"type": "Point", "coordinates": [-16.273041, 14.24934]}, "properties": {"id": "lycee-243", "type": "lycee", "type_label": "Lycée public", "nom": "LYCEE SAMBA DIONE", "region": {"nom": "KAOLACK", "code": 6}, "departement": {"nom": "KAOLACK", "code": 61}, "commune": {"nom": "NGOTHIE", "code": 61203}, "communaute_rurale": {"nom": "GANDIAYE", "code": 6120304}, "quartier_village": "DIAMAGUENE II", "milieu": "URBAIN", "thematique": "EDUCATION", "type_qvh": "QUARTIER"}}, {"type": "Feature", "geometry": {"type": "Point", "coordinates": [-16.056914, 13.841933]}, "properties": {"id": "lycee-244", "type": "lycee", "type_label": "Lycée public", "nom": "LYCEE FA KEUR MADIABEL", "region": {"nom": "KAOLACK", "code": 6}, "departement": {"nom": "NIORO", "code": 62}, "commune": {"nom": "WACK NGOUNA", "code": 62203}, "communaute_rurale": {"nom": "KEUR MADIABEL", "code": 6220305}, "quartier_village": "LANSAR", "milieu": "URBAIN", "thematique": "EDUCATION", "type_qvh": "QUARTIER"}}, {"type": "Feature", "geometry": {"type": "Point", "coordinates": [-16.056742, 13.841298]}, "properties": {"id": "lycee-245", "type": "lycee", "type_label": "Lycée public", "nom": "LYCEE KEUR MADIABEL", "region": {"nom": "KAOLACK", "code": 6}, "departement": {"nom": "NIORO", "code": 62}, "commune": {"nom": "WACK NGOUNA", "code": 62203}, "communaute_rurale": {"nom": "KEUR MADIABEL", "code": 6220305}, "quartier_village": "LANSAR", "milieu": "URBAIN", "thematique": "EDUCATION", "type_qvh": "QUARTIER"}}, {"type": "Feature", "geometry": {"type": "Point", "coordinates": [-16.014997, 14.016599]}, "properties": {"id": "lycee-246", "type": "lycee", "type_label": "Lycée public", "nom": "LYCEE MIXTE DE KOUMBAL", "region": {"nom": "KAOLACK", "code": 6}, "departement": {"nom": "KAOLACK", "code": 61}, "commune": {"nom": "KOUMBAL", "code": 61202}, "communaute_rurale": {"nom": "LATMINGUE", "code": 6120201}, "quartier_village": "KOUMBAL", "milieu": "RURAL", "thematique": "EDUCATION", "type_qvh": "VILLAGE"}}, {"type": "Feature", "geometry": {"type": "Point", "coordinates": [-15.937376, 14.07064]}, "properties": {"id": "lycee-247", "type": "lycee", "type_label": "Lycée public", "nom": "LYCEE MIXTE DE LATMINGUE", "region": {"nom": "KAOLACK", "code": 6}, "departement": {"nom": "KAOLACK", "code": 61}, "commune": {"nom": "KOUMBAL", "code": 61202}, "communaute_rurale": {"nom": "LATMINGUE", "code": 6120201}, "quartier_village": "LATMINGUE", "milieu": "RURAL", "thematique": "EDUCATION", "type_qvh": "VILLAGE"}}, {"type": "Feature", "geometry": {"type": "Point", "coordinates": [-16.020663, 14.205205]}, "properties": {"id": "lycee-248", "type": "lycee", "type_label": "Lycée public", "nom": "LYCEE MIXTE MBADAKHOUNE", "region": {"nom": "KAOLACK", "code": 6}, "departement": {"nom": "GUINGUINEO", "code": 63}, "commune": {"nom": "MBADAKHOUNE", "code": 63201}, "communaute_rurale": {"nom": "MBADAKHOUNE", "code": 6320101}, "quartier_village": "MBADAKHOUNE", "milieu": "RURAL", "thematique": "EDUCATION", "type_qvh": "VILLAGE"}}, {"type": "Feature", "geometry": {"type": "Point", "coordinates": [-16.166479, 14.076775]}, "properties": {"id": "lycee-249", "type": "lycee", "type_label": "Lycée public", "nom": "LYCEE MIXTE DE NDIAFFATE", "region": {"nom": "KAOLACK", "code": 6}, "departement": {"nom": "KAOLACK", "code": 61}, "commune": {"nom": "NDIEDIENG", "code": 61201}, "communaute_rurale": {"nom": "NDIAFFATE", "code": 6120102}, "quartier_village": "NDIAFFATE ESCALE", "milieu": "RURAL", "thematique": "EDUCATION", "type_qvh": "VILLAGE"}}, {"type": "Feature", "geometry": {"type": "Point", "coordinates": [-16.06667, 14.084283]}, "properties": {"id": "lycee-250", "type": "lycee", "type_label": "Lycée public", "nom": "LYCEE & COLLEGE & EE", "region": {"nom": "KAOLACK", "code": 6}, "departement": {"nom": "KAOLACK", "code": 61}, "commune": {"nom": "NDIEDIENG", "code": 61201}, "communaute_rurale": {"nom": "NDIAFFATE", "code": 6120102}, "quartier_village": "KOUTAL OUOLOF (KOUTAL ABDOU)", "milieu": "RURAL", "thematique": "EDUCATION", "type_qvh": "VILLAGE"}}, {"type": "Feature", "geometry": {"type": "Point", "coordinates": [-16.067492, 14.084232]}, "properties": {"id": "lycee-251", "type": "lycee", "type_label": "Lycée public", "nom": "LYCEE MIXTE DE KOUTAL", "region": {"nom": "KAOLACK", "code": 6}, "departement": {"nom": "KAOLACK", "code": 61}, "commune": {"nom": "NDIEDIENG", "code": 61201}, "communaute_rurale": {"nom": "NDIAFFATE", "code": 6120102}, "quartier_village": "KOUTAL OUOLOF (KOUTAL ABDOU)", "milieu": "RURAL", "thematique": "EDUCATION", "type_qvh": "VILLAGE"}}, {"type": "Feature", "geometry": {"type": "Point", "coordinates": [-16.156163, 13.951364]}, "properties": {"id": "lycee-252", "type": "lycee", "type_label": "Lycée public", "nom": "LYCEE NDIEDIENG", "region": {"nom": "KAOLACK", "code": 6}, "departement": {"nom": "KAOLACK", "code": 61}, "commune": {"nom": "NDIEDIENG", "code": 61201}, "communaute_rurale": {"nom": "NDIEDIENG", "code": 6120103}, "quartier_village": "NDIEDIENG", "milieu": "RURAL", "thematique": "EDUCATION", "type_qvh": "VILLAGE"}}, {"type": "Feature", "geometry": {"type": "Point", "coordinates": [-16.12267, 13.945329]}, "properties": {"id": "lycee-253", "type": "lycee", "type_label": "Lycée public", "nom": "CEM NDIOBENE TALLENE", "region": {"nom": "KAOLACK", "code": 6}, "departement": {"nom": "KAOLACK", "code": 61}, "commune": {"nom": "NDIEDIENG", "code": 61201}, "communaute_rurale": {"nom": "NDIEDIENG", "code": 6120103}, "quartier_village": "NDIOBENE TALLENE", "milieu": "RURAL", "thematique": "EDUCATION", "type_qvh": "VILLAGE"}}, {"type": "Feature", "geometry": {"type": "Point", "coordinates": [-15.93268, 13.917665]}, "properties": {"id": "lycee-254", "type": "lycee", "type_label": "Lycée public", "nom": "LYCEE NDOFFANE", "region": {"nom": "KAOLACK", "code": 6}, "departement": {"nom": "KAOLACK", "code": 61}, "commune": {"nom": "KOUMBAL", "code": 61202}, "communaute_rurale": {"nom": "NDOFFANE", "code": 6120204}, "quartier_village": "DAROU SALAM NORD", "milieu": "URBAIN", "thematique": "EDUCATION", "type_qvh": "QUARTIER"}}, {"type": "Feature", "geometry": {"type": "Point", "coordinates": [-15.891662, 14.132084]}, "properties": {"id": "lycee-255", "type": "lycee", "type_label": "Lycée public", "nom": "LYCEE MIXTE NGATHIE NAOUDE", "region": {"nom": "KAOLACK", "code": 6}, "departement": {"nom": "GUINGUINEO", "code": 63}, "commune": {"nom": "MBADAKHOUNE", "code": 63201}, "communaute_rurale": {"nom": "NGATHIE NAOUDE", "code": 6320103}, "quartier_village": "NGATHIE NAOUDE", "milieu": "RURAL", "thematique": "EDUCATION", "type_qvh": "VILLAGE"}}, {"type": "Feature", "geometry": {"type": "Point", "coordinates": [-15.766415, 13.745767]}, "properties": {"id": "lycee-256", "type": "lycee", "type_label": "Lycée public", "nom": "LYCEE MABA DIAKHOU BA", "region": {"nom": "KAOLACK", "code": 6}, "departement": {"nom": "NIORO", "code": 62}, "commune": {"nom": "NIORO", "code": 62101}, "communaute_rurale": {"nom": "NIORO", "code": 6210100}, "quartier_village": "FASS HLM", "milieu": "URBAIN", "thematique": "EDUCATION", "type_qvh": "QUARTIER"}}, {"type": "Feature", "geometry": {"type": "Point", "coordinates": [-15.796778, 13.788979]}, "properties": {"id": "lycee-257", "type": "lycee", "type_label": "Lycée public", "nom": "LYCEE PAOSKOTO", "region": {"nom": "KAOLACK", "code": 6}, "departement": {"nom": "NIORO", "code": 62}, "commune": {"nom": "PAOSKOTO", "code": 62202}, "communaute_rurale": {"nom": "PAOSKOTO", "code": 6220202}, "quartier_village": "PAOSKOTO", "milieu": "RURAL", "thematique": "EDUCATION", "type_qvh": "VILLAGE"}}, {"type": "Feature", "geometry": {"type": "Point", "coordinates": [-15.817697, 13.704941]}, "properties": {"id": "lycee-258", "type": "lycee", "type_label": "Lycée public", "nom": "LYCEE SERIGNE MOUSTAPHA BASSIROU MBACKE", "region": {"nom": "KAOLACK", "code": 6}, "departement": {"nom": "NIORO", "code": 62}, "commune": {"nom": "PAOSKOTO", "code": 62202}, "communaute_rurale": {"nom": "POROKHANE", "code": 6220203}, "quartier_village": "POROKHANE WOLOF", "milieu": "RURAL", "thematique": "EDUCATION", "type_qvh": "VILLAGE"}}, {"type": "Feature", "geometry": {"type": "Point", "coordinates": [-15.905049, 13.767062]}, "properties": {"id": "lycee-259", "type": "lycee", "type_label": "Lycée public", "nom": "LYCEE TAIBA NIASSENE", "region": {"nom": "KAOLACK", "code": 6}, "departement": {"nom": "NIORO", "code": 62}, "commune": {"nom": "PAOSKOTO", "code": 62202}, "communaute_rurale": {"nom": "TAIBA NIASSENE", "code": 6220204}, "quartier_village": "TAIBA NIASSENE", "milieu": "RURAL", "thematique": "EDUCATION", "type_qvh": "VILLAGE"}}, {"type": "Feature", "geometry": {"type": "Point", "coordinates": [-16.304795, 14.225052]}, "properties": {"id": "lycee-260", "type": "lycee", "type_label": "Lycée public", "nom": "LYCEE MIXTE THIOMBY", "region": {"nom": "KAOLACK", "code": 6}, "departement": {"nom": "KAOLACK", "code": 61}, "commune": {"nom": "NGOTHIE", "code": 61203}, "communaute_rurale": {"nom": "THIOMBY", "code": 6120303}, "quartier_village": "THIOMBY SERRERE", "milieu": "RURAL", "thematique": "EDUCATION", "type_qvh": "VILLAGE"}}, {"type": "Feature", "geometry": {"type": "Point", "coordinates": [-16.071893, 14.159437]}, "properties": {"id": "lycee-261", "type": "lycee", "type_label": "Lycée public", "nom": "LYCEE VALDIODIO NDIAYE", "region": {"nom": "KAOLACK", "code": 6}, "departement": {"nom": "KAOLACK", "code": 61}, "commune": {"nom": "KAOLACK", "code": 61101}, "communaute_rurale": {"nom": "KAOLACK", "code": 6110100}, "quartier_village": "SAM", "milieu": "URBAIN", "thematique": "EDUCATION", "type_qvh": "QUARTIER"}}, {"type": "Feature", "geometry": {"type": "Point", "coordinates": [-16.069324, 14.178643]}, "properties": {"id": "lycee-262", "type": "lycee", "type_label": "Lycée public", "nom": "LYCEE MIXTE NGANE SAER", "region": {"nom": "KAOLACK", "code": 6}, "departement": {"nom": "KAOLACK", "code": 61}, "commune": {"nom": "KAOLACK", "code": 61101}, "communaute_rurale": {"nom": "KAOLACK", "code": 6110100}, "quartier_village": "NGANE SAER", "milieu": "URBAIN", "thematique": "EDUCATION", "type_qvh": "QUARTIER"}}, {"type": "Feature", "geometry": {"type": "Point", "coordinates": [-16.079422, 14.156892]}, "properties": {"id": "lycee-263", "type": "lycee", "type_label": "Lycée public", "nom": "LYCEE TECHNIQUE ET COMMERCIAL EL HADJI ABDOULAYE NIASSE", "region": {"nom": "KAOLACK", "code": 6}, "departement": {"nom": "KAOLACK", "code": 61}, "commune": {"nom": "KAOLACK", "code": 61101}, "communaute_rurale": {"nom": "KAOLACK", "code": 6110100}, "quartier_village": "NDORONG I", "milieu": "URBAIN", "thematique": "EDUCATION", "type_qvh": "QUARTIER"}}, {"type": "Feature", "geometry": {"type": "Point", "coordinates": [-16.085164, 14.142721]}, "properties": {"id": "lycee-264", "type": "lycee", "type_label": "Lycée public", "nom": "LYCEE IBRAHIMA DIOUF", "region": {"nom": "KAOLACK", "code": 6}, "departement": {"nom": "KAOLACK", "code": 61}, "commune": {"nom": "KAOLACK", "code": 61101}, "communaute_rurale": {"nom": "KAOLACK", "code": 6110100}, "quartier_village": "KOUNDAM", "milieu": "URBAIN", "thematique": "EDUCATION", "type_qvh": "QUARTIER"}}, {"type": "Feature", "geometry": {"type": "Point", "coordinates": [-16.073498, 14.137022]}, "properties": {"id": "lycee-265", "type": "lycee", "type_label": "Lycée public", "nom": "LYCEE EL HADJI ABDOUL HAMID KANE", "region": {"nom": "KAOLACK", "code": 6}, "departement": {"nom": "KAOLACK", "code": 61}, "commune": {"nom": "KAOLACK", "code": 61101}, "communaute_rurale": {"nom": "KAOLACK", "code": 6110100}, "quartier_village": "LEONA ESCALE", "milieu": "URBAIN", "thematique": "EDUCATION", "type_qvh": "QUARTIER"}}, {"type": "Feature", "geometry": {"type": "Point", "coordinates": [-16.126503, 14.164077]}, "properties": {"id": "lycee-266", "type": "lycee", "type_label": "Lycée public", "nom": "LYCEE FA KAOLACK", "region": {"nom": "KAOLACK", "code": 6}, "departement": {"nom": "KAOLACK", "code": 61}, "commune": {"nom": "KAOLACK", "code": 61101}, "communaute_rurale": {"nom": "KAOLACK", "code": 6110100}, "quartier_village": "SING SING", "milieu": "URBAIN", "thematique": "EDUCATION", "type_qvh": "QUARTIER"}}, {"type": "Feature", "geometry": {"type": "Point", "coordinates": [-16.113689, 14.16057]}, "properties": {"id": "lycee-267", "type": "lycee", "type_label": "Lycée public", "nom": "NOUVEAU LYCEE KAOLACK", "region": {"nom": "KAOLACK", "code": 6}, "departement": {"nom": "KAOLACK", "code": 61}, "commune": {"nom": "KAOLACK", "code": 61101}, "communaute_rurale": {"nom": "KAOLACK", "code": 6110100}, "quartier_village": "SING SING", "milieu": "URBAIN", "thematique": "EDUCATION", "type_qvh": "QUARTIER"}}, {"type": "Feature", "geometry": {"type": "Point", "coordinates": [-16.15473, 14.192478]}, "properties": {"id": "lycee-268", "type": "lycee", "type_label": "Lycée public", "nom": "LYCEE MIXTE DE SIBASSOR", "region": {"nom": "KAOLACK", "code": 6}, "departement": {"nom": "KAOLACK", "code": 61}, "commune": {"nom": "NGOTHIE", "code": 61203}, "communaute_rurale": {"nom": "SIBASSOR", "code": 6120305}, "quartier_village": "SECCO", "milieu": "RURAL", "thematique": "EDUCATION", "type_qvh": "QUARTIER"}}, {"type": "Feature", "geometry": {"type": "Point", "coordinates": [-16.065422, 13.754293]}, "properties": {"id": "lycee-269", "type": "lycee", "type_label": "Lycée public", "nom": "LYCEE WACK NGOUNA", "region": {"nom": "KAOLACK", "code": 6}, "departement": {"nom": "NIORO", "code": 62}, "commune": {"nom": "WACK NGOUNA", "code": 62203}, "communaute_rurale": {"nom": "WACK NGOUNA", "code": 6220303}, "quartier_village": "WACK NGOUNA", "milieu": "RURAL", "thematique": "EDUCATION", "type_qvh": "VILLAGE"}}, {"type": "Feature", "geometry": {"type": "Point", "coordinates": [-16.065434, 13.753487]}, "properties": {"id": "lycee-270", "type": "lycee", "type_label": "Lycée public", "nom": "LYCEE WAKH NGOUNA", "region": {"nom": "KAOLACK", "code": 6}, "departement": {"nom": "NIORO", "code": 62}, "commune": {"nom": "WACK NGOUNA", "code": 62203}, "communaute_rurale": {"nom": "WACK NGOUNA", "code": 6220303}, "quartier_village": "WACK NGOUNA", "milieu": "RURAL", "thematique": "EDUCATION", "type_qvh": "VILLAGE"}}, {"type": "Feature", "geometry": {"type": "Point", "coordinates": [-16.066658, 13.753938]}, "properties": {"id": "lycee-271", "type": "lycee", "type_label": "Lycée public", "nom": "MUR DU LYCEE", "region": {"nom": "KAOLACK", "code": 6}, "departement": {"nom": "NIORO", "code": 62}, "commune": {"nom": "WACK NGOUNA", "code": 62203}, "communaute_rurale": {"nom": "WACK NGOUNA", "code": 6220303}, "quartier_village": "WACK NGOUNA", "milieu": "RURAL", "thematique": "EDUCATION", "type_qvh": "VILLAGE"}}, {"type": "Feature", "geometry": {"type": "Point", "coordinates": [-15.953384, 14.277052]}, "properties": {"id": "lycee-272", "type": "lycee", "type_label": "Lycée public", "nom": "LYCEE SERIGNE KHASSIM MBACKE", "region": {"nom": "KAOLACK", "code": 6}, "departement": {"nom": "GUINGUINEO", "code": 63}, "commune": {"nom": "GUINGUINEO", "code": 63101}, "communaute_rurale": {"nom": "GUINGUINEO", "code": 6310100}, "quartier_village": "KEUR MACODE BAR", "milieu": "URBAIN", "thematique": "EDUCATION", "type_qvh": "QUARTIER"}}, {"type": "Feature", "geometry": {"type": "Point", "coordinates": [-16.037076, 14.349306]}, "properties": {"id": "lycee-273", "type": "lycee", "type_label": "Lycée public", "nom": "LYCEE MIXTE FASS", "region": {"nom": "KAOLACK", "code": 6}, "departement": {"nom": "GUINGUINEO", "code": 63}, "commune": {"nom": "MBADAKHOUNE", "code": 63201}, "communaute_rurale": {"nom": "FASS", "code": 6320105}, "quartier_village": "DIAMAGUENE", "milieu": "URBAIN", "thematique": "EDUCATION", "type_qvh": "QUARTIER"}}, {"type": "Feature", "geometry": {"type": "Point", "coordinates": [-16.036657, 13.614011]}, "properties": {"id": "lycee-274", "type": "lycee", "type_label": "Lycée public", "nom": "LYCEE NDIAYENE POSTE", "region": {"nom": "KAOLACK", "code": 6}, "departement": {"nom": "NIORO", "code": 62}, "commune": {"nom": "WACK NGOUNA", "code": 62203}, "communaute_rurale": {"nom": "KEUR MABA DIAKHOU", "code": 6220301}, "quartier_village": "NDIAYENE POSTE", "milieu": "RURAL", "thematique": "EDUCATION", "type_qvh": "VILLAGE"}}, {"type": "Feature", "geometry": {"type": "Point", "coordinates": [-15.586967, 13.601654]}, "properties": {"id": "lycee-275", "type": "lycee", "type_label": "Lycée public", "nom": "LYCEE SAMBOU OUMANI TOURE (LYCEE MEDINA SABAKH)", "region": {"nom": "KAOLACK", "code": 6}, "departement": {"nom": "NIORO", "code": 62}, "commune": {"nom": "MEDINA SABAKH", "code": 62201}, "communaute_rurale": {"nom": "MEDINA SABAKH", "code": 6220102}, "quartier_village": "MEDINA SABAKH", "milieu": "RURAL", "thematique": "EDUCATION", "type_qvh": "VILLAGE"}}, {"type": "Feature", "geometry": {"type": "Point", "coordinates": [-16.031788, 14.156813]}, "properties": {"id": "lycee-276", "type": "lycee", "type_label": "Lycée public", "nom": "LYCEE MIXTE DE KAHONE", "region": {"nom": "KAOLACK", "code": 6}, "departement": {"nom": "KAOLACK", "code": 61}, "commune": {"nom": "KAHONE", "code": 61102}, "communaute_rurale": {"nom": "KAHONE", "code": 6110200}, "quartier_village": "THIANTE", "milieu": "URBAIN", "thematique": "EDUCATION", "type_qvh": "QUARTIER"}}, {"type": "Feature", "geometry": {"type": "Point", "coordinates": [-17.184477, 14.800631]}, "properties": {"id": "lycee-277", "type": "lycee", "type_label": "Lycée public", "nom": "LYCEE BAMBYLOR", "region": {"nom": "DAKAR", "code": 1}, "departement": {"nom": "RUFISQUE", "code": 13}, "commune": {"nom": "SANGALKAM", "code": 13202}, "communaute_rurale": {"nom": "BAMBILOR", "code": 1320201}, "quartier_village": "BAMBILOR", "milieu": "RURAL", "thematique": "EDUCATION", "type_qvh": "QUARTIER"}}, {"type": "Feature", "geometry": {"type": "Point", "coordinates": [-17.458992, 14.685495]}, "properties": {"id": "lycee-278", "type": "lycee", "type_label": "Lycée public", "nom": "LYCEE MIXTE MAURICE DELAFOSSE", "region": {"nom": "DAKAR", "code": 1}, "departement": {"nom": "DAKAR", "code": 11}, "commune": {"nom": "VILLE DE DAKAR", "code": 11301}, "communaute_rurale": {"nom": "GUEULE TAPEE FASS COLOBANE", "code": 1130114}, "quartier_village": "GUEULE TAPEE III (NDOYENE)", "milieu": "URBAIN", "thematique": "EDUCATION", "type_qvh": "QUARTIER"}}, {"type": "Feature", "geometry": {"type": "Point", "coordinates": [-17.449174, 14.69654]}, "properties": {"id": "lycee-279", "type": "lycee", "type_label": "Lycée public", "nom": "LYCEE JOHN FITZGERALD KENNEDY", "region": {"nom": "DAKAR", "code": 1}, "departement": {"nom": "DAKAR", "code": 11}, "commune": {"nom": "VILLE DE DAKAR", "code": 11301}, "communaute_rurale": {"nom": "GUEULE TAPEE FASS COLOBANE", "code": 1130114}, "quartier_village": "COLOBANE TSF", "milieu": "URBAIN", "thematique": "EDUCATION", "type_qvh": "QUARTIER"}}, {"type": "Feature", "geometry": {"type": "Point", "coordinates": [-17.471129, 14.703064]}, "properties": {"id": "lycee-280", "type": "lycee", "type_label": "Lycée public", "nom": "LYCEE GALANDOU DIOUF", "region": {"nom": "DAKAR", "code": 1}, "departement": {"nom": "DAKAR", "code": 11}, "commune": {"nom": "VILLE DE DAKAR", "code": 11301}, "communaute_rurale": {"nom": "MERMOZ SACRE COEUR", "code": 1130134}, "quartier_village": "MERMOZ 1ere PORTE", "milieu": "URBAIN", "thematique": "EDUCATION", "type_qvh": "QUARTIER"}}, {"type": "Feature", "geometry": {"type": "Point", "coordinates": [-17.493779, 14.729209]}, "properties": {"id": "lycee-281", "type": "lycee", "type_label": "Lycée public", "nom": "LYCEE AMATH DANSOKHO Ex OUAKAM", "region": {"nom": "DAKAR", "code": 1}, "departement": {"nom": "DAKAR", "code": 11}, "commune": {"nom": "VILLE DE DAKAR", "code": 11301}, "communaute_rurale": {"nom": "OUAKAM", "code": 1130131}, "quartier_village": "CITE ASCENA", "milieu": "URBAIN", "thematique": "EDUCATION", "type_qvh": "QUARTIER"}}, {"type": "Feature", "geometry": {"type": "Point", "coordinates": [-17.438186, 14.755324]}, "properties": {"id": "lycee-282", "type": "lycee", "type_label": "Lycée public", "nom": "LYCEE PARCELLES ASSAINIES UNITE 13", "region": {"nom": "DAKAR", "code": 1}, "departement": {"nom": "DAKAR", "code": 11}, "commune": {"nom": "VILLE DE DAKAR", "code": 11301}, "communaute_rurale": {"nom": "PARCELLES ASSAINIES", "code": 1130143}, "quartier_village": "UNITE XIII", "milieu": "URBAIN", "thematique": "EDUCATION", "type_qvh": "QUARTIER"}}, {"type": "Feature", "geometry": {"type": "Point", "coordinates": [-17.45534, 14.746126]}, "properties": {"id": "lycee-283", "type": "lycee", "type_label": "Lycée public", "nom": "LYCEE SERGENT MALAMINE CAMARA", "region": {"nom": "DAKAR", "code": 1}, "departement": {"nom": "DAKAR", "code": 11}, "commune": {"nom": "VILLE DE DAKAR", "code": 11301}, "communaute_rurale": {"nom": "PATTE D OIE", "code": 1130142}, "quartier_village": "CITE MIXTA", "milieu": "URBAIN", "thematique": "EDUCATION", "type_qvh": "QUARTIER"}}, {"type": "Feature", "geometry": {"type": "Point", "coordinates": [-17.469049, 14.728306]}, "properties": {"id": "lycee-284", "type": "lycee", "type_label": "Lycée public", "nom": "LYCEE SERIGNE ABASS SALL", "region": {"nom": "DAKAR", "code": 1}, "departement": {"nom": "DAKAR", "code": 11}, "commune": {"nom": "VILLE DE DAKAR", "code": 11301}, "communaute_rurale": {"nom": "SICAP LIBERTE", "code": 1130125}, "quartier_village": "LIBERTE VI EXTENSION", "milieu": "URBAIN", "thematique": "EDUCATION", "type_qvh": "QUARTIER"}}, {"type": "Feature", "geometry": {"type": "Point", "coordinates": [-17.484035, 14.75961]}, "properties": {"id": "lycee-285", "type": "lycee", "type_label": "Lycée public", "nom": "LYCEE OUSMANE SEMBENE Ex YOFF VILLAGE", "region": {"nom": "DAKAR", "code": 1}, "departement": {"nom": "DAKAR", "code": 11}, "commune": {"nom": "VILLE DE DAKAR", "code": 11301}, "communaute_rurale": {"nom": "YOFF", "code": 1130133}, "quartier_village": "TOUNDEUP REYA", "milieu": "URBAIN", "thematique": "EDUCATION", "type_qvh": "QUARTIER"}}, {"type": "Feature", "geometry": {"type": "Point", "coordinates": [-17.440468, 14.66184]}, "properties": {"id": "lycee-286", "type": "lycee", "type_label": "Lycée public", "nom": "LYCEE LAMINE GUEYE", "region": {"nom": "DAKAR", "code": 1}, "departement": {"nom": "DAKAR", "code": 11}, "commune": {"nom": "VILLE DE DAKAR", "code": 11301}, "communaute_rurale": {"nom": "DAKAR PLATEAU", "code": 1130112}, "quartier_village": "HOCK SANS FILS", "milieu": "URBAIN", "thematique": "EDUCATION", "type_qvh": "QUARTIER"}}, {"type": "Feature", "geometry": {"type": "Point", "coordinates": [-17.468617, 14.740301]}, "properties": {"id": "lycee-287", "type": "lycee", "type_label": "Lycée public", "nom": "BUREAU ANNEXE PEDAGOGIQUES", "region": {"nom": "DAKAR", "code": 1}, "departement": {"nom": "DAKAR", "code": 11}, "commune": {"nom": "VILLE DE DAKAR", "code": 11301}, "communaute_rurale": {"nom": "GRAND YOFF", "code": 1130141}, "quartier_village": "CITE SIPRES I", "milieu": "URBAIN", "thematique": "EDUCATION", "type_qvh": "QUARTIER"}}, {"type": "Feature", "geometry": {"type": "Point", "coordinates": [-17.444605, 14.735236]}, "properties": {"id": "lycee-288", "type": "lycee", "type_label": "Lycée public", "nom": "LYCEE TALIBOU DABO", "region": {"nom": "DAKAR", "code": 1}, "departement": {"nom": "DAKAR", "code": 11}, "commune": {"nom": "VILLE DE DAKAR", "code": 11301}, "communaute_rurale": {"nom": "GRAND YOFF", "code": 1130141}, "quartier_village": "ZONE DE CAPTAGE", "milieu": "URBAIN", "thematique": "EDUCATION", "type_qvh": "QUARTIER"}}, {"type": "Feature", "geometry": {"type": "Point", "coordinates": [-17.452986, 14.696765]}, "properties": {"id": "lycee-289", "type": "lycee", "type_label": "Lycée public", "nom": "BLAISE DIAGNE", "region": {"nom": "DAKAR", "code": 1}, "departement": {"nom": "DAKAR", "code": 11}, "commune": {"nom": "VILLE DE DAKAR", "code": 11301}, "communaute_rurale": {"nom": "FANN POINT E AMITIE", "code": 1130115}, "quartier_village": "ZONE B  BATIMENT", "milieu": "URBAIN", "thematique": "EDUCATION", "type_qvh": "QUARTIER"}}, {"type": "Feature", "geometry": {"type": "Point", "coordinates": [-17.459695, 14.699569]}, "properties": {"id": "lycee-290", "type": "lycee", "type_label": "Lycée public", "nom": "LYCEE CHEIKH MOUHAMADOU FADILOU MBACKE", "region": {"nom": "DAKAR", "code": 1}, "departement": {"nom": "DAKAR", "code": 11}, "commune": {"nom": "VILLE DE DAKAR", "code": 11301}, "communaute_rurale": {"nom": "FANN POINT E AMITIE", "code": 1130115}, "quartier_village": "POINT E", "milieu": "URBAIN", "thematique": "EDUCATION", "type_qvh": "QUARTIER"}}, {"type": "Feature", "geometry": {"type": "Point", "coordinates": [-17.466625, 14.69765]}, "properties": {"id": "lycee-291", "type": "lycee", "type_label": "Lycée public", "nom": "LYCEE THIERNO SAIDOU NOUROU TALL", "region": {"nom": "DAKAR", "code": 1}, "departement": {"nom": "DAKAR", "code": 11}, "commune": {"nom": "VILLE DE DAKAR", "code": 11301}, "communaute_rurale": {"nom": "FANN POINT E AMITIE", "code": 1130115}, "quartier_village": "POINT E", "milieu": "URBAIN", "thematique": "EDUCATION", "type_qvh": "QUARTIER"}}, {"type": "Feature", "geometry": {"type": "Point", "coordinates": [-17.460415, 14.698855]}, "properties": {"id": "lycee-292", "type": "lycee", "type_label": "Lycée public", "nom": "LYCEE CHEIKH AWA BALLA MBACKE", "region": {"nom": "DAKAR", "code": 1}, "departement": {"nom": "DAKAR", "code": 11}, "commune": {"nom": "VILLE DE DAKAR", "code": 11301}, "communaute_rurale": {"nom": "FANN POINT E AMITIE", "code": 1130115}, "quartier_village": "POINT E", "milieu": "URBAIN", "thematique": "EDUCATION", "type_qvh": "QUARTIER"}}, {"type": "Feature", "geometry": {"type": "Point", "coordinates": [-17.458259, 14.694348]}, "properties": {"id": "lycee-293", "type": "lycee", "type_label": "Lycée public", "nom": "LYCEE BIRAGO DIOP", "region": {"nom": "DAKAR", "code": 1}, "departement": {"nom": "DAKAR", "code": 11}, "commune": {"nom": "VILLE DE DAKAR", "code": 11301}, "communaute_rurale": {"nom": "FANN POINT E AMITIE", "code": 1130115}, "quartier_village": "POINT E", "milieu": "URBAIN", "thematique": "EDUCATION", "type_qvh": "QUARTIER"}}, {"type": "Feature", "geometry": {"type": "Point", "coordinates": [-17.42404, 14.761956]}, "properties": {"id": "lycee-294", "type": "lycee", "type_label": "Lycée public", "nom": "LYCEE SEYDINA ISSA ROHOU LAHI EX LYCEE DES PARCELLES ASSAINIES", "region": {"nom": "DAKAR", "code": 1}, "departement": {"nom": "GUEDIAWAYE", "code": 14}, "commune": {"nom": "VILLE DE GUEDIAWAYE", "code": 14301}, "communaute_rurale": {"nom": "GOLF SUD", "code": 1430111}, "quartier_village": "GUENTABA II", "milieu": "URBAIN", "thematique": "EDUCATION", "type_qvh": "QUARTIER"}}, {"type": "Feature", "geometry": {"type": "Point", "coordinates": [-17.380206, 14.776635]}, "properties": {"id": "lycee-295", "type": "lycee", "type_label": "Lycée public", "nom": "LYCEE SEYDINA LIMAMOU LAYE", "region": {"nom": "DAKAR", "code": 1}, "departement": {"nom": "GUEDIAWAYE", "code": 14}, "commune": {"nom": "VILLE DE GUEDIAWAYE", "code": 14301}, "communaute_rurale": {"nom": "NDIAREME LIMAMOULAYE", "code": 1430122}, "quartier_village": "ANGLE MOUSS I", "milieu": "URBAIN", "thematique": "EDUCATION", "type_qvh": "QUARTIER"}}, {"type": "Feature", "geometry": {"type": "Point", "coordinates": [-17.40108, 14.778987]}, "properties": {"id": "lycee-296", "type": "lycee", "type_label": "Lycée public", "nom": "LYCEE BANQUE ISLAMIQUE", "region": {"nom": "DAKAR", "code": 1}, "departement": {"nom": "GUEDIAWAYE", "code": 14}, "commune": {"nom": "VILLE DE GUEDIAWAYE", "code": 14301}, "communaute_rurale": {"nom": "SAM NOTAIRE", "code": 1430112}, "quartier_village": "CITE ADAMA DIOP", "milieu": "URBAIN", "thematique": "EDUCATION", "type_qvh": "QUARTIER"}}, {"type": "Feature", "geometry": {"type": "Point", "coordinates": [-17.397036, 14.768172]}, "properties": {"id": "lycee-297", "type": "lycee", "type_label": "Lycée public", "nom": "LYCEE PIKINE", "region": {"nom": "DAKAR", "code": 1}, "departement": {"nom": "GUEDIAWAYE", "code": 14}, "commune": {"nom": "VILLE DE GUEDIAWAYE", "code": 14301}, "communaute_rurale": {"nom": "SAM NOTAIRE", "code": 1430112}, "quartier_village": "H L M  PARIS", "milieu": "URBAIN", "thematique": "EDUCATION", "type_qvh": "QUARTIER"}}, {"type": "Feature", "geometry": {"type": "Point", "coordinates": [-17.377157, 14.781585]}, "properties": {"id": "lycee-298", "type": "lycee", "type_label": "Lycée public", "nom": "LYCEE MAME ABDOU AZIZ SY DABAKH (LYCEE PIKINE EST)", "region": {"nom": "DAKAR", "code": 1}, "departement": {"nom": "GUEDIAWAYE", "code": 14}, "commune": {"nom": "VILLE DE GUEDIAWAYE", "code": 14301}, "communaute_rurale": {"nom": "WAKHINANE NIMZATT", "code": 1430123}, "quartier_village": "KIP KM I", "milieu": "URBAIN", "thematique": "EDUCATION", "type_qvh": "QUARTIER"}}, {"type": "Feature", "geometry": {"type": "Point", "coordinates": [-17.285475, 14.755574]}, "properties": {"id": "lycee-299", "type": "lycee", "type_label": "Lycée public", "nom": "LYCEE PLAN JAXAAY", "region": {"nom": "DAKAR", "code": 1}, "departement": {"nom": "KEUR MASSAR", "code": 15}, "commune": {"nom": "JAXAAY", "code": 15203}, "communaute_rurale": {"nom": "JAXAAY PARCELLES", "code": 1520301}, "quartier_village": "PARCELLES ASSAINIES UNITE 11 B", "milieu": "URBAIN", "thematique": "EDUCATION", "type_qvh": "QUARTIER"}}, {"type": "Feature", "geometry": {"type": "Point", "coordinates": [-17.317198, 14.791224]}, "properties": {"id": "lycee-300", "type": "lycee", "type_label": "Lycée public", "nom": "LYCEE ZONE DE RECASEMENT", "region": {"nom": "DAKAR", "code": 1}, "departement": {"nom": "KEUR MASSAR", "code": 15}, "commune": {"nom": "MALIKA", "code": 15202}, "communaute_rurale": {"nom": "KEUR MASSAR NORD", "code": 1520201}, "quartier_village": "ZONE RECASEMENT II(SAM SAM II)", "milieu": "URBAIN", "thematique": "EDUCATION", "type_qvh": "QUARTIER"}}, {"type": "Feature", "geometry": {"type": "Point", "coordinates": [-17.321025, 14.785589]}, "properties": {"id": "lycee-301", "type": "lycee", "type_label": "Lycée public", "nom": "LYCEE COMPLEXE FRANCO ARABE KEUR MASSAR", "region": {"nom": "DAKAR", "code": 1}, "departement": {"nom": "KEUR MASSAR", "code": 15}, "commune": {"nom": "MALIKA", "code": 15202}, "communaute_rurale": {"nom": "KEUR MASSAR NORD", "code": 1520201}, "quartier_village": "PARCELLES ASSAINIES UNITE X", "milieu": "URBAIN", "thematique": "EDUCATION", "type_qvh": "QUARTIER"}}, {"type": "Feature", "geometry": {"type": "Point", "coordinates": [-17.310488, 14.771843]}, "properties": {"id": "lycee-302", "type": "lycee", "type_label": "Lycée public", "nom": "LYCEE KEUR MASSAR", "region": {"nom": "DAKAR", "code": 1}, "departement": {"nom": "KEUR MASSAR", "code": 15}, "commune": {"nom": "JAXAAY", "code": 15203}, "communaute_rurale": {"nom": "KEUR MASSAR SUD", "code": 1520302}, "quartier_village": "AINOUMADY II (CITE SENELEC)", "milieu": "URBAIN", "thematique": "EDUCATION", "type_qvh": "QUARTIER"}}, {"type": "Feature", "geometry": {"type": "Point", "coordinates": [-17.337691, 14.802802]}, "properties": {"id": "lycee-303", "type": "lycee", "type_label": "Lycée public", "nom": "LYCEE MALIKA PLAGE", "region": {"nom": "DAKAR", "code": 1}, "departement": {"nom": "KEUR MASSAR", "code": 15}, "commune": {"nom": "MALIKA", "code": 15202}, "communaute_rurale": {"nom": "MALIKA", "code": 1520202}, "quartier_village": "MALIKA SUR MER", "milieu": "URBAIN", "thematique": "EDUCATION", "type_qvh": "QUARTIER"}}, {"type": "Feature", "geometry": {"type": "Point", "coordinates": [-17.32245, 14.734189]}, "properties": {"id": "lycee-304", "type": "lycee", "type_label": "Lycée public", "nom": "LYCEE MBAO", "region": {"nom": "DAKAR", "code": 1}, "departement": {"nom": "PIKINE", "code": 12}, "commune": {"nom": "VILLE DE PIKINE", "code": 12301}, "communaute_rurale": {"nom": "MBAO", "code": 1230135}, "quartier_village": "GRAND MBAO EXTENSION EST( GRAND MBAO)", "milieu": "URBAIN", "thematique": "EDUCATION", "type_qvh": "QUARTIER"}}, {"type": "Feature", "geometry": {"type": "Point", "coordinates": [-17.362385, 14.783395]}, "properties": {"id": "lycee-305", "type": "lycee", "type_label": "Lycée public", "nom": "LYCEE EL HADJI IBRAHIMA DIOP", "region": {"nom": "DAKAR", "code": 1}, "departement": {"nom": "KEUR MASSAR", "code": 15}, "commune": {"nom": "YEUMBEUL NORD", "code": 15201}, "communaute_rurale": {"nom": "YEUMBEUL NORD", "code": 1520101}, "quartier_village": "ASECNA D", "milieu": "URBAIN", "thematique": "EDUCATION", "type_qvh": "QUARTIER"}}, {"type": "Feature", "geometry": {"type": "Point", "coordinates": [-17.33896, 14.787729]}, "properties": {"id": "lycee-306", "type": "lycee", "type_label": "Lycée public", "nom": "LYCEE YEUMBEUL MALIKA", "region": {"nom": "DAKAR", "code": 1}, "departement": {"nom": "KEUR MASSAR", "code": 15}, "commune": {"nom": "YEUMBEUL NORD", "code": 15201}, "communaute_rurale": {"nom": "YEUMBEUL NORD", "code": 1520101}, "quartier_village": "YEUMBEUL MALIKA SUD", "milieu": "URBAIN", "thematique": "EDUCATION", "type_qvh": "QUARTIER"}}, {"type": "Feature", "geometry": {"type": "Point", "coordinates": [-17.225383, 14.69302]}, "properties": {"id": "lycee-307", "type": "lycee", "type_label": "Lycée public", "nom": "LYCEE BARGNY", "region": {"nom": "DAKAR", "code": 1}, "departement": {"nom": "RUFISQUE", "code": 13}, "commune": {"nom": "BARGNY", "code": 13101}, "communaute_rurale": {"nom": "BARGNY", "code": 1310100}, "quartier_village": "DIAMALAYE", "milieu": "URBAIN", "thematique": "EDUCATION", "type_qvh": "QUARTIER"}}, {"type": "Feature", "geometry": {"type": "Point", "coordinates": [-17.178568, 14.713762]}, "properties": {"id": "lycee-308", "type": "lycee", "type_label": "Lycée public", "nom": "LYCEE  OUSMANE SOW EX DIAMNIADIO", "region": {"nom": "DAKAR", "code": 1}, "departement": {"nom": "RUFISQUE", "code": 13}, "commune": {"nom": "DIAMNIADIO", "code": 13201}, "communaute_rurale": {"nom": "DIAMNIADIO", "code": 1320101}, "quartier_village": "DIAMNIADIO SUD I", "milieu": "URBAIN", "thematique": "EDUCATION", "type_qvh": "QUARTIER"}}, {"type": "Feature", "geometry": {"type": "Point", "coordinates": [-17.258943, 14.762373]}, "properties": {"id": "lycee-309", "type": "lycee", "type_label": "Lycée public", "nom": "LYCEE KOUNOUNE", "region": {"nom": "DAKAR", "code": 1}, "departement": {"nom": "RUFISQUE", "code": 13}, "commune": {"nom": "SANGALKAM", "code": 13202}, "communaute_rurale": {"nom": "SANGALKAM", "code": 1320202}, "quartier_village": "CITE MBABA GUISSE", "milieu": "URBAIN", "thematique": "EDUCATION", "type_qvh": "QUARTIER"}}, {"type": "Feature", "geometry": {"type": "Point", "coordinates": [-17.225243, 14.783853]}, "properties": {"id": "lycee-310", "type": "lycee", "type_label": "Lycée public", "nom": "LYCEE SANGALCAM", "region": {"nom": "DAKAR", "code": 1}, "departement": {"nom": "RUFISQUE", "code": 13}, "commune": {"nom": "SANGALKAM", "code": 13202}, "communaute_rurale": {"nom": "SANGALKAM", "code": 1320202}, "quartier_village": "ESCALE", "milieu": "URBAIN", "thematique": "EDUCATION", "type_qvh": "QUARTIER"}}, {"type": "Feature", "geometry": {"type": "Point", "coordinates": [-17.235389, 14.778328]}, "properties": {"id": "lycee-311", "type": "lycee", "type_label": "Lycée public", "nom": "LYCEE MODERNE DE SANGALKAM", "region": {"nom": "DAKAR", "code": 1}, "departement": {"nom": "RUFISQUE", "code": 13}, "commune": {"nom": "SANGALKAM", "code": 13202}, "communaute_rurale": {"nom": "SANGALKAM", "code": 1320202}, "quartier_village": "DAROU SALAM I", "milieu": "URBAIN", "thematique": "EDUCATION", "type_qvh": "QUARTIER"}}, {"type": "Feature", "geometry": {"type": "Point", "coordinates": [-17.137026, 14.737994]}, "properties": {"id": "lycee-312", "type": "lycee", "type_label": "Lycée public", "nom": "LYCEE SEBIKOTANE", "region": {"nom": "DAKAR", "code": 1}, "departement": {"nom": "RUFISQUE", "code": 13}, "commune": {"nom": "DIAMNIADIO", "code": 13201}, "communaute_rurale": {"nom": "SEBIKOTANE", "code": 1320102}, "quartier_village": "SEBI TANGOR", "milieu": "URBAIN", "thematique": "EDUCATION", "type_qvh": "QUARTIER"}}, {"type": "Feature", "geometry": {"type": "Point", "coordinates": [-17.198505, 14.675483]}, "properties": {"id": "lycee-313", "type": "lycee", "type_label": "Lycée public", "nom": "LYCEE SENDOU", "region": {"nom": "DAKAR", "code": 1}, "departement": {"nom": "RUFISQUE", "code": 13}, "commune": {"nom": "SENDOU", "code": 13106}, "communaute_rurale": {"nom": "SENDOU", "code": 1310600}, "quartier_village": "SENDOU PEULGHA (PANTHIOUR)", "milieu": "URBAIN", "thematique": "EDUCATION", "type_qvh": "QUARTIER"}}, {"type": "Feature", "geometry": {"type": "Point", "coordinates": [-17.16106, 14.62861]}, "properties": {"id": "lycee-314", "type": "lycee", "type_label": "Lycée public", "nom": "LYCEE YENE", "region": {"nom": "DAKAR", "code": 1}, "departement": {"nom": "RUFISQUE", "code": 13}, "commune": {"nom": "DIAMNIADIO", "code": 13201}, "communaute_rurale": {"nom": "YENE", "code": 1320101}, "quartier_village": "NIANGHAL", "milieu": "RURAL", "thematique": "EDUCATION", "type_qvh": "VILLAGE"}}, {"type": "Feature", "geometry": {"type": "Point", "coordinates": [-17.267366, 14.716619]}, "properties": {"id": "lycee-315", "type": "lycee", "type_label": "Lycée public", "nom": "LYCEE MODERNE RUFISQUE", "region": {"nom": "DAKAR", "code": 1}, "departement": {"nom": "RUFISQUE", "code": 13}, "commune": {"nom": "VILLE DE RUFISQUE", "code": 13301}, "communaute_rurale": {"nom": "RUFISQUE EST", "code": 1330112}, "quartier_village": "CHAMPS DE COURSE", "milieu": "URBAIN", "thematique": "EDUCATION", "type_qvh": "QUARTIER"}}, {"type": "Feature", "geometry": {"type": "Point", "coordinates": [-17.258352, 14.72266]}, "properties": {"id": "lycee-316", "type": "lycee", "type_label": "Lycée public", "nom": "LYCEE CAMP MARCHAND", "region": {"nom": "DAKAR", "code": 1}, "departement": {"nom": "RUFISQUE", "code": 13}, "commune": {"nom": "VILLE DE RUFISQUE", "code": 13301}, "communaute_rurale": {"nom": "RUFISQUE EST", "code": 1330112}, "quartier_village": "ARAFAT III", "milieu": "URBAIN", "thematique": "EDUCATION", "type_qvh": "QUARTIER"}}, {"type": "Feature", "geometry": {"type": "Point", "coordinates": [-17.272221, 14.713574]}, "properties": {"id": "lycee-317", "type": "lycee", "type_label": "Lycée public", "nom": "LYCEE ABDOULAYE SADJI", "region": {"nom": "DAKAR", "code": 1}, "departement": {"nom": "RUFISQUE", "code": 13}, "commune": {"nom": "VILLE DE RUFISQUE", "code": 13301}, "communaute_rurale": {"nom": "RUFISQUE EST", "code": 1330112}, "quartier_village": "KEURY KAW", "milieu": "URBAIN", "thematique": "EDUCATION", "type_qvh": "QUARTIER"}}, {"type": "Feature", "geometry": {"type": "Point", "coordinates": [-17.394792, 14.756656]}, "properties": {"id": "lycee-318", "type": "lycee", "type_label": "Lycée public", "nom": "LYCEE MAME YELLI BADIANE", "region": {"nom": "DAKAR", "code": 1}, "departement": {"nom": "PIKINE", "code": 12}, "commune": {"nom": "VILLE DE PIKINE", "code": 12301}, "communaute_rurale": {"nom": "PIKINE NORD", "code": 1230123}, "quartier_village": "MEDINA PIKINE", "milieu": "URBAIN", "thematique": "EDUCATION", "type_qvh": "QUARTIER"}}, {"type": "Feature", "geometry": {"type": "Point", "coordinates": [-17.271835, 14.799894]}, "properties": {"id": "lycee-319", "type": "lycee", "type_label": "Lycée public", "nom": "LYCEE TIVAOUNE PEULH", "region": {"nom": "DAKAR", "code": 1}, "departement": {"nom": "RUFISQUE", "code": 13}, "commune": {"nom": "SANGALKAM", "code": 13202}, "communaute_rurale": {"nom": "TIVAOUANE PEULH NIAGHA", "code": 1320203}, "quartier_village": "MISSIRAH", "milieu": "RURAL", "thematique": "EDUCATION", "type_qvh": "VILLAGE"}}, {"type": "Feature", "geometry": {"type": "Point", "coordinates": [-17.256527, 14.833201]}, "properties": {"id": "lycee-320", "type": "lycee", "type_label": "Lycée public", "nom": "LYCEE NIAGA", "region": {"nom": "DAKAR", "code": 1}, "departement": {"nom": "RUFISQUE", "code": 13}, "commune": {"nom": "SANGALKAM", "code": 13202}, "communaute_rurale": {"nom": "TIVAOUANE PEULH NIAGHA", "code": 1320203}, "quartier_village": "DAROU SALAM BEIGNE BI", "milieu": "RURAL", "thematique": "EDUCATION", "type_qvh": "VILLAGE"}}, {"type": "Feature", "geometry": {"type": "Point", "coordinates": [-16.351827, 15.478199]}, "properties": {"id": "lycee-321", "type": "lycee", "type_label": "Lycée public", "nom": "LYCEE GUEOUL", "region": {"nom": "LOUGA", "code": 8}, "departement": {"nom": "KEBEMER", "code": 81}, "commune": {"nom": "NDANDE", "code": 81202}, "communaute_rurale": {"nom": "GUEOUL", "code": 8120206}, "quartier_village": "DVF", "milieu": "URBAIN", "thematique": "EDUCATION", "type_qvh": "QUARTIER"}}, {"type": "Feature", "geometry": {"type": "Point", "coordinates": [-16.443829, 15.384715]}, "properties": {"id": "lycee-322", "type": "lycee", "type_label": "Lycée public", "nom": "LYCEE KEBEMER", "region": {"nom": "LOUGA", "code": 8}, "departement": {"nom": "KEBEMER", "code": 81}, "commune": {"nom": "KEBEMER", "code": 81101}, "communaute_rurale": {"nom": "KEBEMER", "code": 8110100}, "quartier_village": "GALLA DAROU SALAM", "milieu": "URBAIN", "thematique": "EDUCATION", "type_qvh": "QUARTIER"}}, {"type": "Feature", "geometry": {"type": "Point", "coordinates": [-15.13188, 15.399217]}, "properties": {"id": "lycee-323", "type": "lycee", "type_label": "Lycée public", "nom": "LYCEE ALBOURY NDIAYE", "region": {"nom": "LOUGA", "code": 8}, "departement": {"nom": "LINGUERE", "code": 82}, "commune": {"nom": "LINGUERE", "code": 82101}, "communaute_rurale": {"nom": "LINGUERE", "code": 8210100}, "quartier_village": "LINGUERE COUMBA 1", "milieu": "URBAIN", "thematique": "EDUCATION", "type_qvh": "QUARTIER"}}, {"type": "Feature", "geometry": {"type": "Point", "coordinates": [-15.115072, 15.399449]}, "properties": {"id": "lycee-324", "type": "lycee", "type_label": "Lycée public", "nom": "LYCEE EX CEM ALBOURY NDIAYE", "region": {"nom": "LOUGA", "code": 8}, "departement": {"nom": "LINGUERE", "code": 82}, "commune": {"nom": "LINGUERE", "code": 82101}, "communaute_rurale": {"nom": "LINGUERE", "code": 8210100}, "quartier_village": "LINGUERE COUMBA 1", "milieu": "URBAIN", "thematique": "EDUCATION", "type_qvh": "QUARTIER"}}, {"type": "Feature", "geometry": {"type": "Point", "coordinates": [-16.209939, 15.629298]}, "properties": {"id": "lycee-325", "type": "lycee", "type_label": "Lycée public", "nom": "LYCEE LOUGA", "region": {"nom": "LOUGA", "code": 8}, "departement": {"nom": "LOUGA", "code": 83}, "commune": {"nom": "LOUGA", "code": 83101}, "communaute_rurale": {"nom": "LOUGA", "code": 8310100}, "quartier_village": "MONTAGNE NORD", "milieu": "URBAIN", "thematique": "EDUCATION", "type_qvh": "QUARTIER"}}, {"type": "Feature", "geometry": {"type": "Point", "coordinates": [-16.22914, 15.618531]}, "properties": {"id": "lycee-326", "type": "lycee", "type_label": "Lycée public", "nom": "LYCEE & CEM", "region": {"nom": "LOUGA", "code": 8}, "departement": {"nom": "LOUGA", "code": 83}, "commune": {"nom": "LOUGA", "code": 83101}, "communaute_rurale": {"nom": "LOUGA", "code": 8310100}, "quartier_village": "SANTHIABA SUD", "milieu": "URBAIN", "thematique": "EDUCATION", "type_qvh": "QUARTIER"}}, {"type": "Feature", "geometry": {"type": "Point", "coordinates": [-16.240671, 15.617234]}, "properties": {"id": "lycee-327", "type": "lycee", "type_label": "Lycée public", "nom": "LYCEE MALICK SALL", "region": {"nom": "LOUGA", "code": 8}, "departement": {"nom": "LOUGA", "code": 83}, "commune": {"nom": "LOUGA", "code": 83101}, "communaute_rurale": {"nom": "LOUGA", "code": 8310100}, "quartier_village": "SANTHIABA CENTRE", "milieu": "URBAIN", "thematique": "EDUCATION", "type_qvh": "QUARTIER"}}, {"type": "Feature", "geometry": {"type": "Point", "coordinates": [-16.221459, 15.633586]}, "properties": {"id": "lycee-328", "type": "lycee", "type_label": "Lycée public", "nom": "LYCEE FA LOUGA", "region": {"nom": "LOUGA", "code": 8}, "departement": {"nom": "LOUGA", "code": 83}, "commune": {"nom": "LOUGA", "code": 83101}, "communaute_rurale": {"nom": "LOUGA", "code": 8310100}, "quartier_village": "ARTILLERIE", "milieu": "URBAIN", "thematique": "EDUCATION", "type_qvh": "QUARTIER"}}, {"type": "Feature", "geometry": {"type": "Point", "coordinates": [-16.21952, 15.599806]}, "properties": {"id": "lycee-329", "type": "lycee", "type_label": "Lycée public", "nom": "LYCEE NGUIDILE", "region": {"nom": "LOUGA", "code": 8}, "departement": {"nom": "LOUGA", "code": 83}, "commune": {"nom": "MBEDIENE", "code": 83203}, "communaute_rurale": {"nom": "NGUIDILE", "code": 8320303}, "quartier_village": "NGUIDILE", "milieu": "RURAL", "thematique": "EDUCATION", "type_qvh": "VILLAGE"}}, {"type": "Feature", "geometry": {"type": "Point", "coordinates": [-15.990903, 15.504564]}, "properties": {"id": "lycee-330", "type": "lycee", "type_label": "Lycée public", "nom": "LYCEE KOKI", "region": {"nom": "LOUGA", "code": 8}, "departement": {"nom": "LOUGA", "code": 83}, "commune": {"nom": "COKI", "code": 83201}, "communaute_rurale": {"nom": "COKI", "code": 8320101}, "quartier_village": "COKI", "milieu": "RURAL", "thematique": "EDUCATION", "type_qvh": "VILLAGE"}}, {"type": "Feature", "geometry": {"type": "Point", "coordinates": [-15.960421, 15.918318]}, "properties": {"id": "lycee-331", "type": "lycee", "type_label": "Lycée public", "nom": "LYCEE KEUR MOMAR SARR", "region": {"nom": "LOUGA", "code": 8}, "departement": {"nom": "LOUGA", "code": 83}, "commune": {"nom": "KEUR MOMAR SARR", "code": 83202}, "communaute_rurale": {"nom": "KEUR MOMAR SARR", "code": 8320202}, "quartier_village": "NDIOBENE KEUR AYA", "milieu": "RURAL", "thematique": "EDUCATION", "type_qvh": "VILLAGE"}}, {"type": "Feature", "geometry": {"type": "Point", "coordinates": [-15.96075, 15.917488]}, "properties": {"id": "lycee-332", "type": "lycee", "type_label": "Lycée public", "nom": "LYCEE KEUR MOMAR SARR", "region": {"nom": "LOUGA", "code": 8}, "departement": {"nom": "LOUGA", "code": 83}, "commune": {"nom": "KEUR MOMAR SARR", "code": 83202}, "communaute_rurale": {"nom": "KEUR MOMAR SARR", "code": 8320202}, "quartier_village": "NDIOBENE KEUR AYA", "milieu": "RURAL", "thematique": "EDUCATION", "type_qvh": "VILLAGE"}}, {"type": "Feature", "geometry": {"type": "Point", "coordinates": [-16.467155, 15.718544]}, "properties": {"id": "lycee-333", "type": "lycee", "type_label": "Lycée public", "nom": "LYCEE LEONA", "region": {"nom": "LOUGA", "code": 8}, "departement": {"nom": "LOUGA", "code": 83}, "commune": {"nom": "SAKAL", "code": 83204}, "communaute_rurale": {"nom": "LEONA", "code": 8320401}, "quartier_village": "LEONA", "milieu": "RURAL", "thematique": "EDUCATION", "type_qvh": "VILLAGE"}}, {"type": "Feature", "geometry": {"type": "Point", "coordinates": [-16.071799, 15.425058]}, "properties": {"id": "lycee-334", "type": "lycee", "type_label": "Lycée public", "nom": "LYCEE NDIAGNE", "region": {"nom": "LOUGA", "code": 8}, "departement": {"nom": "LOUGA", "code": 83}, "commune": {"nom": "COKI", "code": 83201}, "communaute_rurale": {"nom": "NDIAGNE", "code": 8320105}, "quartier_village": "DAROU KHOUDOSS", "milieu": "URBAIN", "thematique": "EDUCATION", "type_qvh": "QUARTIER"}}, {"type": "Feature", "geometry": {"type": "Point", "coordinates": [-16.225585, 15.835547]}, "properties": {"id": "lycee-335", "type": "lycee", "type_label": "Lycée public", "nom": "LYCEE SAKAL", "region": {"nom": "LOUGA", "code": 8}, "departement": {"nom": "LOUGA", "code": 83}, "commune": {"nom": "SAKAL", "code": 83204}, "communaute_rurale": {"nom": "SAKAL", "code": 8320403}, "quartier_village": "SAKAL", "milieu": "RURAL", "thematique": "EDUCATION", "type_qvh": "VILLAGE"}}, {"type": "Feature", "geometry": {"type": "Point", "coordinates": [-15.862908, 15.47311]}, "properties": {"id": "lycee-336", "type": "lycee", "type_label": "Lycée public", "nom": "LYCEE EX CEM THIAMENE", "region": {"nom": "LOUGA", "code": 8}, "departement": {"nom": "LOUGA", "code": 83}, "commune": {"nom": "COKI", "code": 83201}, "communaute_rurale": {"nom": "THIAMENE", "code": 8320103}, "quartier_village": "THIAMENE MAIMOUNA", "milieu": "RURAL", "thematique": "EDUCATION", "type_qvh": "VILLAGE"}}, {"type": "Feature", "geometry": {"type": "Point", "coordinates": [-14.868647, 15.288541]}, "properties": {"id": "lycee-337", "type": "lycee", "type_label": "Lycée public", "nom": "LYCEE BARKEDJI", "region": {"nom": "LOUGA", "code": 8}, "departement": {"nom": "LINGUERE", "code": 82}, "commune": {"nom": "BARKEDJI", "code": 82201}, "communaute_rurale": {"nom": "BARKEDJI", "code": 8220101}, "quartier_village": "BOKI BOFFI II", "milieu": "RURAL", "thematique": "EDUCATION", "type_qvh": "QUARTIER"}}, {"type": "Feature", "geometry": {"type": "Point", "coordinates": [-15.466273, 15.343328]}, "properties": {"id": "lycee-338", "type": "lycee", "type_label": "Lycée public", "nom": "LYCEE DOCTEUR DAOUDA SOW", "region": {"nom": "LOUGA", "code": 8}, "departement": {"nom": "LINGUERE", "code": 82}, "commune": {"nom": "DAHRA", "code": 82102}, "communaute_rurale": {"nom": "DAHRA", "code": 8210200}, "quartier_village": "NGOM DAHRA", "milieu": "URBAIN", "thematique": "EDUCATION", "type_qvh": "QUARTIER"}}, {"type": "Feature", "geometry": {"type": "Point", "coordinates": [-15.492778, 15.353359]}, "properties": {"id": "lycee-339", "type": "lycee", "type_label": "Lycée public", "nom": "LYCEE DAHRA 1", "region": {"nom": "LOUGA", "code": 8}, "departement": {"nom": "LINGUERE", "code": 82}, "commune": {"nom": "DAHRA", "code": 82102}, "communaute_rurale": {"nom": "DAHRA", "code": 8210200}, "quartier_village": "MONTAGNE", "milieu": "URBAIN", "thematique": "EDUCATION", "type_qvh": "QUARTIER"}}, {"type": "Feature", "geometry": {"type": "Point", "coordinates": [-15.466418, 15.360914]}, "properties": {"id": "lycee-340", "type": "lycee", "type_label": "Lycée public", "nom": "LYCEE FA DAHRA", "region": {"nom": "LOUGA", "code": 8}, "departement": {"nom": "LINGUERE", "code": 82}, "commune": {"nom": "DAHRA", "code": 82102}, "communaute_rurale": {"nom": "DAHRA", "code": 8210200}, "quartier_village": "ANGLE ISLAM", "milieu": "URBAIN", "thematique": "EDUCATION", "type_qvh": "QUARTIER"}}, {"type": "Feature", "geometry": {"type": "Point", "coordinates": [-15.466526, 15.360061]}, "properties": {"id": "lycee-341", "type": "lycee", "type_label": "Lycée public", "nom": "CEM ANGLE ISLAM", "region": {"nom": "LOUGA", "code": 8}, "departement": {"nom": "LINGUERE", "code": 82}, "commune": {"nom": "DAHRA", "code": 82102}, "communaute_rurale": {"nom": "DAHRA", "code": 8210200}, "quartier_village": "ANGLE ISLAM", "milieu": "URBAIN", "thematique": "EDUCATION", "type_qvh": "QUARTIER"}}, {"type": "Feature", "geometry": {"type": "Point", "coordinates": [-15.352468, 15.654935]}, "properties": {"id": "lycee-342", "type": "lycee", "type_label": "Lycée public", "nom": "LYCEE MBEULEUKHE", "region": {"nom": "LOUGA", "code": 8}, "departement": {"nom": "LINGUERE", "code": 82}, "commune": {"nom": "YANG YANG", "code": 82203}, "communaute_rurale": {"nom": "MBEULEUKHE", "code": 8220305}, "quartier_village": "POKHO", "milieu": "URBAIN", "thematique": "EDUCATION", "type_qvh": "QUARTIER"}}, {"type": "Feature", "geometry": {"type": "Point", "coordinates": [-15.553409, 15.216539]}, "properties": {"id": "lycee-343", "type": "lycee", "type_label": "Lycée public", "nom": "LYCEE SAGATTA DJOLOF", "region": {"nom": "LOUGA", "code": 8}, "departement": {"nom": "LINGUERE", "code": 82}, "commune": {"nom": "SAGATTA DJOLOF", "code": 82204}, "communaute_rurale": {"nom": "SAGATTA DJOLOF", "code": 8220403}, "quartier_village": "SAGATTA DJOLOF", "milieu": "RURAL", "thematique": "EDUCATION", "type_qvh": "VILLAGE"}}, {"type": "Feature", "geometry": {"type": "Point", "coordinates": [-15.296385, 14.824711]}, "properties": {"id": "lycee-344", "type": "lycee", "type_label": "Lycée public", "nom": "LYCEE GASSANE", "region": {"nom": "LOUGA", "code": 8}, "departement": {"nom": "LINGUERE", "code": 82}, "commune": {"nom": "BARKEDJI", "code": 82201}, "communaute_rurale": {"nom": "GASSANE", "code": 8220102}, "quartier_village": "GASSANE NDAWENE", "milieu": "RURAL", "thematique": "EDUCATION", "type_qvh": "VILLAGE"}}, {"type": "Feature", "geometry": {"type": "Point", "coordinates": [-16.048559, 15.061061]}, "properties": {"id": "lycee-345", "type": "lycee", "type_label": "Lycée public", "nom": "LYCEE MAME THIERNO BIRAHIME MBACKE (LYCEE DAROU MOUSTY)\r\n)", "region": {"nom": "LOUGA", "code": 8}, "departement": {"nom": "KEBEMER", "code": 81}, "commune": {"nom": "DAROU MOUSTY", "code": 81201}, "communaute_rurale": {"nom": "DAROU MOUSTY", "code": 8120102}, "quartier_village": "DAROU MOUSTY", "milieu": "RURAL", "thematique": "EDUCATION", "type_qvh": "VILLAGE"}}, {"type": "Feature", "geometry": {"type": "Point", "coordinates": [-16.511358, 15.377667]}, "properties": {"id": "lycee-346", "type": "lycee", "type_label": "Lycée public", "nom": "LYCEE DIOKOUL", "region": {"nom": "LOUGA", "code": 8}, "departement": {"nom": "KEBEMER", "code": 81}, "commune": {"nom": "NDANDE", "code": 81202}, "communaute_rurale": {"nom": "DIOKOUL DIAWRIGNE", "code": 8120202}, "quartier_village": "DIOKOUL DIAWRIGNE", "milieu": "RURAL", "thematique": "EDUCATION", "type_qvh": "VILLAGE"}}, {"type": "Feature", "geometry": {"type": "Point", "coordinates": [-16.530798, 15.275763]}, "properties": {"id": "lycee-347", "type": "lycee", "type_label": "Lycée public", "nom": "LYCEE NDANDE", "region": {"nom": "LOUGA", "code": 8}, "departement": {"nom": "KEBEMER", "code": 81}, "commune": {"nom": "NDANDE", "code": 81202}, "communaute_rurale": {"nom": "NDANDE", "code": 8120204}, "quartier_village": "NDANDE", "milieu": "RURAL", "thematique": "EDUCATION", "type_qvh": "VILLAGE"}}, {"type": "Feature", "geometry": {"type": "Point", "coordinates": [-16.180205, 15.283888]}, "properties": {"id": "lycee-348", "type": "lycee", "type_label": "Lycée public", "nom": "LYCEE SAGATTA GUETH", "region": {"nom": "LOUGA", "code": 8}, "departement": {"nom": "KEBEMER", "code": 81}, "commune": {"nom": "SAGATTA GUETH", "code": 81203}, "communaute_rurale": {"nom": "SAGATTA GUETH", "code": 8120303}, "quartier_village": "DEKHEULE OUOLOF", "milieu": "RURAL", "thematique": "EDUCATION", "type_qvh": "VILLAGE"}}, {"type": "Feature", "geometry": {"type": "Point", "coordinates": [-13.261871, 15.666057]}, "properties": {"id": "lycee-349", "type": "lycee", "type_label": "Lycée public", "nom": "LYCEE FADEL KANE DE MATAM", "region": {"nom": "MATAM", "code": 11}, "departement": {"nom": "MATAM", "code": 111}, "commune": {"nom": "MATAM", "code": 111101}, "communaute_rurale": {"nom": "MATAM", "code": 11110100}, "quartier_village": "GANDE", "milieu": "URBAIN", "thematique": "EDUCATION", "type_qvh": "QUARTIER"}}, {"type": "Feature", "geometry": {"type": "Point", "coordinates": [-13.205202, 15.496477]}, "properties": {"id": "lycee-350", "type": "lycee", "type_label": "Lycée public", "nom": "LYCEE SINTHIANE ( EX CEM)", "region": {"nom": "MATAM", "code": 11}, "departement": {"nom": "KANEL", "code": 112}, "commune": {"nom": "WOURO SIDY", "code": 112202}, "communaute_rurale": {"nom": "OURO SIDY", "code": 11220202}, "quartier_village": "SINTHIANE", "milieu": "RURAL", "thematique": "EDUCATION", "type_qvh": "VILLAGE"}}, {"type": "Feature", "geometry": {"type": "Point", "coordinates": [-13.668487, 16.000363]}, "properties": {"id": "lycee-351", "type": "lycee", "type_label": "Lycée public", "nom": "LYCEE LES AGNAM", "region": {"nom": "MATAM", "code": 11}, "departement": {"nom": "MATAM", "code": 111}, "commune": {"nom": "AGNAM CIVOL", "code": 111201}, "communaute_rurale": {"nom": "AGNAM CIVOL", "code": 11120101}, "quartier_village": "AGNAM THIODAYE", "milieu": "RURAL", "thematique": "EDUCATION", "type_qvh": "VILLAGE"}}, {"type": "Feature", "geometry": {"type": "Point", "coordinates": [-13.62024, 16.10726]}, "properties": {"id": "lycee-352", "type": "lycee", "type_label": "Lycée public", "nom": "LYCEE NDIAFFANE SOROKOUM (EX CEM)", "region": {"nom": "MATAM", "code": 11}, "departement": {"nom": "MATAM", "code": 111}, "commune": {"nom": "AGNAM CIVOL", "code": 111201}, "communaute_rurale": {"nom": "AGNAM CIVOL", "code": 11120101}, "quartier_village": "NDIAFFANE SOROKOUM", "milieu": "RURAL", "thematique": "EDUCATION", "type_qvh": "VILLAGE"}}, {"type": "Feature", "geometry": {"type": "Point", "coordinates": [-13.967327, 15.300746]}, "properties": {"id": "lycee-353", "type": "lycee", "type_label": "Lycée public", "nom": "LYCEE RANEROU", "region": {"nom": "MATAM", "code": 11}, "departement": {"nom": "RANEROU FERLO", "code": 113}, "commune": {"nom": "RANEROU FERLO", "code": 113101}, "communaute_rurale": {"nom": "RANEROU FERLO", "code": 11310100}, "quartier_village": "NELBY", "milieu": "URBAIN", "thematique": "EDUCATION", "type_qvh": "QUARTIER"}}, {"type": "Feature", "geometry": {"type": "Point", "coordinates": [-13.509398, 16.07623]}, "properties": {"id": "lycee-354", "type": "lycee", "type_label": "Lycée public", "nom": "LYCEE SINTHIOU DIAMDIOR (EX CEM)", "region": {"nom": "MATAM", "code": 11}, "departement": {"nom": "MATAM", "code": 111}, "commune": {"nom": "AGNAM CIVOL", "code": 111201}, "communaute_rurale": {"nom": "DABIA", "code": 11120103}, "quartier_village": "SINTHIOU DIAMDIOR", "milieu": "RURAL", "thematique": "EDUCATION", "type_qvh": "VILLAGE"}}, {"type": "Feature", "geometry": {"type": "Point", "coordinates": [-13.309341, 15.595195]}, "properties": {"id": "lycee-355", "type": "lycee", "type_label": "Lycée public", "nom": "LYCEE EL HADJI YERO BASSE DE OUROSSOGUI", "region": {"nom": "MATAM", "code": 11}, "departement": {"nom": "MATAM", "code": 111}, "commune": {"nom": "OUROSSOGUI", "code": 111102}, "communaute_rurale": {"nom": "OUROSSOGUI", "code": 11110200}, "quartier_village": "MANGO III", "milieu": "URBAIN", "thematique": "EDUCATION", "type_qvh": "QUARTIER"}}, {"type": "Feature", "geometry": {"type": "Point", "coordinates": [-13.580512, 15.955966]}, "properties": {"id": "lycee-356", "type": "lycee", "type_label": "Lycée public", "nom": "LYCEE THILOGNE", "region": {"nom": "MATAM", "code": 11}, "departement": {"nom": "MATAM", "code": 111}, "commune": {"nom": "AGNAM CIVOL", "code": 111201}, "communaute_rurale": {"nom": "THILOGNE", "code": 11120105}, "quartier_village": "BARINABE", "milieu": "RURAL", "thematique": "EDUCATION", "type_qvh": "QUARTIER"}}, {"type": "Feature", "geometry": {"type": "Point", "coordinates": [-13.445908, 15.825605]}, "properties": {"id": "lycee-357", "type": "lycee", "type_label": "Lycée public", "nom": "LYCEE DOUMGA OURO ALPHA", "region": {"nom": "MATAM", "code": 11}, "departement": {"nom": "MATAM", "code": 111}, "commune": {"nom": "OGO", "code": 111202}, "communaute_rurale": {"nom": "BOKIDIAWE", "code": 11120201}, "quartier_village": "DOUMGA OURO ALPHA", "milieu": "RURAL", "thematique": "EDUCATION", "type_qvh": "VILLAGE"}}, {"type": "Feature", "geometry": {"type": "Point", "coordinates": [-13.48183, 16.075213]}, "properties": {"id": "lycee-358", "type": "lycee", "type_label": "Lycée public", "nom": "LYCEE DE GAOL", "region": {"nom": "MATAM", "code": 11}, "departement": {"nom": "MATAM", "code": 111}, "commune": {"nom": "OGO", "code": 111202}, "communaute_rurale": {"nom": "BOKIDIAWE", "code": 11120201}, "quartier_village": "GAOL", "milieu": "RURAL", "thematique": "EDUCATION", "type_qvh": "VILLAGE"}}, {"type": "Feature", "geometry": {"type": "Point", "coordinates": [-13.484464, 15.878576]}, "properties": {"id": "lycee-359", "type": "lycee", "type_label": "Lycée public", "nom": "LYCEE BOKIDIAWE", "region": {"nom": "MATAM", "code": 11}, "departement": {"nom": "MATAM", "code": 111}, "commune": {"nom": "OGO", "code": 111202}, "communaute_rurale": {"nom": "BOKIDIAWE", "code": 11120201}, "quartier_village": "BOKIDIAWE SONINKE (SARAKOLE)", "milieu": "RURAL", "thematique": "EDUCATION", "type_qvh": "VILLAGE"}}, {"type": "Feature", "geometry": {"type": "Point", "coordinates": [-13.39494, 16.018512]}, "properties": {"id": "lycee-360", "type": "lycee", "type_label": "Lycée public", "nom": "LYCEE DONDOU", "region": {"nom": "MATAM", "code": 11}, "departement": {"nom": "MATAM", "code": 111}, "commune": {"nom": "OGO", "code": 111202}, "communaute_rurale": {"nom": "BOKIDIAWE", "code": 11120201}, "quartier_village": "DONDOU", "milieu": "RURAL", "thematique": "EDUCATION", "type_qvh": "VILLAGE"}}, {"type": "Feature", "geometry": {"type": "Point", "coordinates": [-13.291936, 15.549435]}, "properties": {"id": "lycee-361", "type": "lycee", "type_label": "Lycée public", "nom": "LYCEE OGO", "region": {"nom": "MATAM", "code": 11}, "departement": {"nom": "MATAM", "code": 111}, "commune": {"nom": "OGO", "code": 111202}, "communaute_rurale": {"nom": "OGO", "code": 11120203}, "quartier_village": "OGO", "milieu": "RURAL", "thematique": "EDUCATION", "type_qvh": "VILLAGE"}}, {"type": "Feature", "geometry": {"type": "Point", "coordinates": [-13.25859, 15.505096]}, "properties": {"id": "lycee-362", "type": "lycee", "type_label": "Lycée public", "nom": "LYCEE DANTHIADY", "region": {"nom": "MATAM", "code": 11}, "departement": {"nom": "MATAM", "code": 111}, "commune": {"nom": "OGO", "code": 111202}, "communaute_rurale": {"nom": "OGO", "code": 11120203}, "quartier_village": "SINTHIOU GARBA GANKY", "milieu": "RURAL", "thematique": "EDUCATION", "type_qvh": "VILLAGE"}}, {"type": "Feature", "geometry": {"type": "Point", "coordinates": [-13.411653, 15.519937]}, "properties": {"id": "lycee-363", "type": "lycee", "type_label": "Lycée public", "nom": "LYCEE DANTHIADY", "region": {"nom": "MATAM", "code": 11}, "departement": {"nom": "MATAM", "code": 111}, "commune": {"nom": "OGO", "code": 111202}, "communaute_rurale": {"nom": "OGO", "code": 11120203}, "quartier_village": "DANTHIADY", "milieu": "RURAL", "thematique": "EDUCATION", "type_qvh": "VILLAGE"}}, {"type": "Feature", "geometry": {"type": "Point", "coordinates": [-13.021908, 15.340574]}, "properties": {"id": "lycee-364", "type": "lycee", "type_label": "Lycée public", "nom": "LYCEE HAMADY OUNARE", "region": {"nom": "MATAM", "code": 11}, "departement": {"nom": "KANEL", "code": 112}, "commune": {"nom": "WOURO SIDY", "code": 112202}, "communaute_rurale": {"nom": "HAMADY HOUNARE", "code": 11220203}, "quartier_village": "FASS", "milieu": "URBAIN", "thematique": "EDUCATION", "type_qvh": "QUARTIER"}}, {"type": "Feature", "geometry": {"type": "Point", "coordinates": [-12.8715, 15.273736]}, "properties": {"id": "lycee-365", "type": "lycee", "type_label": "Lycée public", "nom": "LYCEE WAOUNDE", "region": {"nom": "MATAM", "code": 11}, "departement": {"nom": "KANEL", "code": 112}, "commune": {"nom": "ORKADIERE", "code": 112201}, "communaute_rurale": {"nom": "WAOUNDE", "code": 11220106}, "quartier_village": "WAOUNDE I", "milieu": "URBAIN", "thematique": "EDUCATION", "type_qvh": "QUARTIER"}}, {"type": "Feature", "geometry": {"type": "Point", "coordinates": [-13.178389, 15.476363]}, "properties": {"id": "lycee-366", "type": "lycee", "type_label": "Lycée public", "nom": "LYCEE KANEL", "region": {"nom": "MATAM", "code": 11}, "departement": {"nom": "KANEL", "code": 112}, "commune": {"nom": "KANEL", "code": 112101}, "communaute_rurale": {"nom": "KANEL", "code": 11210100}, "quartier_village": "KANEL II", "milieu": "URBAIN", "thematique": "EDUCATION", "type_qvh": "QUARTIER"}}, {"type": "Feature", "geometry": {"type": "Point", "coordinates": [-12.7111, 15.096214]}, "properties": {"id": "lycee-367", "type": "lycee", "type_label": "Lycée public", "nom": "LYCEE DEMBANCANE", "region": {"nom": "MATAM", "code": 11}, "departement": {"nom": "KANEL", "code": 112}, "commune": {"nom": "ORKADIERE", "code": 112201}, "communaute_rurale": {"nom": "DEMBANCANE", "code": 11220104}, "quartier_village": "SONADIS", "milieu": "URBAIN", "thematique": "EDUCATION", "type_qvh": "QUARTIER"}}, {"type": "Feature", "geometry": {"type": "Point", "coordinates": [-13.104869, 15.550669]}, "properties": {"id": "lycee-368", "type": "lycee", "type_label": "Lycée public", "nom": "LYCEE ODOBERE", "region": {"nom": "MATAM", "code": 11}, "departement": {"nom": "KANEL", "code": 112}, "commune": {"nom": "ORKADIERE", "code": 112201}, "communaute_rurale": {"nom": "ODOBERE", "code": 11220105}, "quartier_village": "CITE POSTE", "milieu": "RURAL", "thematique": "EDUCATION", "type_qvh": "QUARTIER"}}, {"type": "Feature", "geometry": {"type": "Point", "coordinates": [-13.145297, 15.376506]}, "properties": {"id": "lycee-369", "type": "lycee", "type_label": "Lycée public", "nom": "LYCEE SINTHIOU BAMAMBE", "region": {"nom": "MATAM", "code": 11}, "departement": {"nom": "KANEL", "code": 112}, "commune": {"nom": "WOURO SIDY", "code": 112202}, "communaute_rurale": {"nom": "NDENDORY", "code": 11220201}, "quartier_village": "MANDIOUMBA", "milieu": "RURAL", "thematique": "EDUCATION", "type_qvh": "VILLAGE"}}, {"type": "Feature", "geometry": {"type": "Point", "coordinates": [-12.934115, 15.205652]}, "properties": {"id": "lycee-370", "type": "lycee", "type_label": "Lycée public", "nom": "LYCEE SEMME (EX CEM)", "region": {"nom": "MATAM", "code": 11}, "departement": {"nom": "KANEL", "code": 112}, "commune": {"nom": "ORKADIERE", "code": 112201}, "communaute_rurale": {"nom": "SEMME", "code": 11220107}, "quartier_village": "MADIYANA", "milieu": "URBAIN", "thematique": "EDUCATION", "type_qvh": "QUARTIER"}}, {"type": "Feature", "geometry": {"type": "Point", "coordinates": [-12.954449, 15.273742]}, "properties": {"id": "lycee-371", "type": "lycee", "type_label": "Lycée public", "nom": "LYCEE EN CONSTRUCTION", "region": {"nom": "MATAM", "code": 11}, "departement": {"nom": "KANEL", "code": 112}, "commune": {"nom": "ORKADIERE", "code": 112201}, "communaute_rurale": {"nom": "ORKADIERE", "code": 11220102}, "quartier_village": "ORKADIERE", "milieu": "RURAL", "thematique": "EDUCATION", "type_qvh": "VILLAGE"}}, {"type": "Feature", "geometry": {"type": "Point", "coordinates": [-12.966649, 15.293847]}, "properties": {"id": "lycee-372", "type": "lycee", "type_label": "Lycée public", "nom": "LYCEE ORKADIERE", "region": {"nom": "MATAM", "code": 11}, "departement": {"nom": "KANEL", "code": 112}, "commune": {"nom": "ORKADIERE", "code": 112201}, "communaute_rurale": {"nom": "ORKADIERE", "code": 11220102}, "quartier_village": "ORKADIERE", "milieu": "RURAL", "thematique": "EDUCATION", "type_qvh": "VILLAGE"}}, {"type": "Feature", "geometry": {"type": "Point", "coordinates": [-12.961544, 15.392487]}, "properties": {"id": "lycee-373", "type": "lycee", "type_label": "Lycée public", "nom": "LYCEE GANGUEL SOULE (EX CEM)", "region": {"nom": "MATAM", "code": 11}, "departement": {"nom": "KANEL", "code": 112}, "commune": {"nom": "ORKADIERE", "code": 112201}, "communaute_rurale": {"nom": "ORKADIERE", "code": 11220102}, "quartier_village": "GANGUEL SOULE", "milieu": "RURAL", "thematique": "EDUCATION", "type_qvh": "VILLAGE"}}, {"type": "Feature", "geometry": {"type": "Point", "coordinates": [-13.358259, 15.929959]}, "properties": {"id": "lycee-374", "type": "lycee", "type_label": "Lycée public", "nom": "LYCEE HASSAN SADIO DIALLO (ex LYCEE NGUIDJILONE)", "region": {"nom": "MATAM", "code": 11}, "departement": {"nom": "MATAM", "code": 111}, "commune": {"nom": "AGNAM CIVOL", "code": 111201}, "communaute_rurale": {"nom": "NGUIDJILOGNE", "code": 11120104}, "quartier_village": "NGUIDJILOGNE LODJOU", "milieu": "URBAIN", "thematique": "EDUCATION", "type_qvh": "QUARTIER"}}, {"type": "Feature", "geometry": {"type": "Point", "coordinates": [-14.68779, 14.998855]}, "properties": {"id": "lycee-375", "type": "lycee", "type_label": "Lycée public", "nom": "LYCEE VELINGARA", "region": {"nom": "MATAM", "code": 11}, "departement": {"nom": "RANEROU FERLO", "code": 113}, "commune": {"nom": "VELINGARA", "code": 113201}, "communaute_rurale": {"nom": "VELINGARA", "code": 11320102}, "quartier_village": "VELINGARA FASS", "milieu": "RURAL", "thematique": "EDUCATION", "type_qvh": "VILLAGE"}}, {"type": "Feature", "geometry": {"type": "Point", "coordinates": [-13.415982, 15.812531]}, "properties": {"id": "lycee-376", "type": "lycee", "type_label": "Lycée public", "nom": "LYCEE NDOULOUMADJI", "region": {"nom": "MATAM", "code": 11}, "departement": {"nom": "MATAM", "code": 111}, "commune": {"nom": "OGO", "code": 111202}, "communaute_rurale": {"nom": "NABADJI CIVOL", "code": 11120202}, "quartier_village": "NDOULOUMADJI DEMBE", "milieu": "RURAL", "thematique": "EDUCATION", "type_qvh": "VILLAGE"}}, {"type": "Feature", "geometry": {"type": "Point", "coordinates": [-13.419046, 15.806423]}, "properties": {"id": "lycee-377", "type": "lycee", "type_label": "Lycée public", "nom": "LYCEE FRANCO ARABE NDOULOUMADJI", "region": {"nom": "MATAM", "code": 11}, "departement": {"nom": "MATAM", "code": 111}, "commune": {"nom": "OGO", "code": 111202}, "communaute_rurale": {"nom": "NABADJI CIVOL", "code": 11120202}, "quartier_village": "NDOULOUMADJI DEMBE", "milieu": "RURAL", "thematique": "EDUCATION", "type_qvh": "VILLAGE"}}, {"type": "Feature", "geometry": {"type": "Point", "coordinates": [-13.353054, 15.650577]}, "properties": {"id": "lycee-378", "type": "lycee", "type_label": "Lycée public", "nom": "LYCEE BOINADJI EX CEM", "region": {"nom": "MATAM", "code": 11}, "departement": {"nom": "MATAM", "code": 111}, "commune": {"nom": "OGO", "code": 111202}, "communaute_rurale": {"nom": "NABADJI CIVOL", "code": 11120202}, "quartier_village": "BOYNADJI ROUMDE", "milieu": "RURAL", "thematique": "EDUCATION", "type_qvh": "VILLAGE"}}, {"type": "Feature", "geometry": {"type": "Point", "coordinates": [-13.448262, 15.779546]}, "properties": {"id": "lycee-379", "type": "lycee", "type_label": "Lycée public", "nom": "LYCEE SEDO SEBE", "region": {"nom": "MATAM", "code": 11}, "departement": {"nom": "MATAM", "code": 111}, "commune": {"nom": "OGO", "code": 111202}, "communaute_rurale": {"nom": "NABADJI CIVOL", "code": 11120202}, "quartier_village": "SEDO SEBE", "milieu": "RURAL", "thematique": "EDUCATION", "type_qvh": "VILLAGE"}}, {"type": "Feature", "geometry": {"type": "Point", "coordinates": [-13.422503, 15.800866]}, "properties": {"id": "lycee-380", "type": "lycee", "type_label": "Lycée public", "nom": "LYCEE TECHNIQUE", "region": {"nom": "MATAM", "code": 11}, "departement": {"nom": "MATAM", "code": 111}, "commune": {"nom": "OGO", "code": 111202}, "communaute_rurale": {"nom": "NABADJI CIVOL", "code": 11120202}, "quartier_village": "NDOULOUMADJI DEMBE", "milieu": "RURAL", "thematique": "EDUCATION", "type_qvh": "VILLAGE"}}, {"type": "Feature", "geometry": {"type": "Point", "coordinates": [-13.397155, 15.733707]}, "properties": {"id": "lycee-381", "type": "lycee", "type_label": "Lycée public", "nom": "LYCEE NABADJI CIVOL", "region": {"nom": "MATAM", "code": 11}, "departement": {"nom": "MATAM", "code": 111}, "commune": {"nom": "OGO", "code": 111202}, "communaute_rurale": {"nom": "NABADJI CIVOL", "code": 11120202}, "quartier_village": "NABADJI CIVOL", "milieu": "RURAL", "thematique": "EDUCATION", "type_qvh": "VILLAGE"}}, {"type": "Feature", "geometry": {"type": "Point", "coordinates": [-13.413015, 15.695835]}, "properties": {"id": "lycee-382", "type": "lycee", "type_label": "Lycée public", "nom": "LYCEE TAÏBA", "region": {"nom": "MATAM", "code": 11}, "departement": {"nom": "MATAM", "code": 111}, "commune": {"nom": "OGO", "code": 111202}, "communaute_rurale": {"nom": "NABADJI CIVOL", "code": 11120202}, "quartier_village": "TAIBA NGUEYENNE", "milieu": "RURAL", "thematique": "EDUCATION", "type_qvh": "VILLAGE"}}, {"type": "Feature", "geometry": {"type": "Point", "coordinates": [-12.698437, 15.046301]}, "properties": {"id": "lycee-383", "type": "lycee", "type_label": "Lycée public", "nom": "LYCEE THIAGNAFF (EX CEM )", "region": {"nom": "MATAM", "code": 11}, "departement": {"nom": "KANEL", "code": 112}, "commune": {"nom": "ORKADIERE", "code": 112201}, "communaute_rurale": {"nom": "BOKILADJI", "code": 11220101}, "quartier_village": "THIAGNAF", "milieu": "RURAL", "thematique": "EDUCATION", "type_qvh": "VILLAGE"}}, {"type": "Feature", "geometry": {"type": "Point", "coordinates": [-16.505346, 16.019268]}, "properties": {"id": "lycee-384", "type": "lycee", "type_label": "Lycée public", "nom": "LYCEE AMETH FALL", "region": {"nom": "SAINT-LOUIS", "code": 4}, "departement": {"nom": "SAINT-LOUIS", "code": 43}, "commune": {"nom": "SAINT-LOUIS", "code": 43101}, "communaute_rurale": {"nom": "SAINT-LOUIS", "code": 4310100}, "quartier_village": "SUD", "milieu": "URBAIN", "thematique": "EDUCATION", "type_qvh": "QUARTIER"}}, {"type": "Feature", "geometry": {"type": "Point", "coordinates": [-16.490176, 16.032245]}, "properties": {"id": "lycee-385", "type": "lycee", "type_label": "Lycée public", "nom": "BLOC 16", "region": {"nom": "SAINT-LOUIS", "code": 4}, "departement": {"nom": "SAINT-LOUIS", "code": 43}, "commune": {"nom": "SAINT-LOUIS", "code": 43101}, "communaute_rurale": {"nom": "SAINT-LOUIS", "code": 4310100}, "quartier_village": "SOR NORD (TENDJIGUENE)", "milieu": "URBAIN", "thematique": "EDUCATION", "type_qvh": "QUARTIER"}}, {"type": "Feature", "geometry": {"type": "Point", "coordinates": [-16.489997, 16.019008]}, "properties": {"id": "lycee-386", "type": "lycee", "type_label": "Lycée public", "nom": "LYCEE TECHNIQUE ANDRE PEYTAVIN", "region": {"nom": "SAINT-LOUIS", "code": 4}, "departement": {"nom": "SAINT-LOUIS", "code": 43}, "commune": {"nom": "SAINT-LOUIS", "code": 43101}, "communaute_rurale": {"nom": "SAINT-LOUIS", "code": 4310100}, "quartier_village": "NDIOLOFENE SUD", "milieu": "URBAIN", "thematique": "EDUCATION", "type_qvh": "QUARTIER"}}, {"type": "Feature", "geometry": {"type": "Point", "coordinates": [-16.486843, 16.005225]}, "properties": {"id": "lycee-387", "type": "lycee", "type_label": "Lycée public", "nom": "LYCEE GRAND MERE", "region": {"nom": "SAINT-LOUIS", "code": 4}, "departement": {"nom": "SAINT-LOUIS", "code": 43}, "commune": {"nom": "SAINT-LOUIS", "code": 43101}, "communaute_rurale": {"nom": "SAINT-LOUIS", "code": 4310100}, "quartier_village": "GUINAW RAIL", "milieu": "URBAIN", "thematique": "EDUCATION", "type_qvh": "QUARTIER"}}, {"type": "Feature", "geometry": {"type": "Point", "coordinates": [-16.505872, 16.026662]}, "properties": {"id": "lycee-388", "type": "lycee", "type_label": "Lycée public", "nom": "LYCEE CHEIKH OUMAR FOUTIYOU TALL", "region": {"nom": "SAINT-LOUIS", "code": 4}, "departement": {"nom": "SAINT-LOUIS", "code": 43}, "commune": {"nom": "SAINT-LOUIS", "code": 43101}, "communaute_rurale": {"nom": "SAINT-LOUIS", "code": 4310100}, "quartier_village": "NORD CENTRE", "milieu": "URBAIN", "thematique": "EDUCATION", "type_qvh": "QUARTIER"}}, {"type": "Feature", "geometry": {"type": "Point", "coordinates": [-16.450344, 16.054966]}, "properties": {"id": "lycee-389", "type": "lycee", "type_label": "Lycée public", "nom": "LYCEE BANGO", "region": {"nom": "SAINT-LOUIS", "code": 4}, "departement": {"nom": "SAINT-LOUIS", "code": 43}, "commune": {"nom": "SAINT-LOUIS", "code": 43101}, "communaute_rurale": {"nom": "SAINT-LOUIS", "code": 4310100}, "quartier_village": "BANGO SUD", "milieu": "URBAIN", "thematique": "EDUCATION", "type_qvh": "QUARTIER"}}, {"type": "Feature", "geometry": {"type": "Point", "coordinates": [-16.498542, 16.01865]}, "properties": {"id": "lycee-390", "type": "lycee", "type_label": "Lycée public", "nom": "LYCEE CHARLES DEGAULLE", "region": {"nom": "SAINT-LOUIS", "code": 4}, "departement": {"nom": "SAINT-LOUIS", "code": 43}, "commune": {"nom": "SAINT-LOUIS", "code": 43101}, "communaute_rurale": {"nom": "SAINT-LOUIS", "code": 4310100}, "quartier_village": "HLM", "milieu": "URBAIN", "thematique": "EDUCATION", "type_qvh": "QUARTIER"}}, {"type": "Feature", "geometry": {"type": "Point", "coordinates": [-16.497649, 16.019859]}, "properties": {"id": "lycee-391", "type": "lycee", "type_label": "Lycée public", "nom": "BLOC SCIENTIFIQUE ET TECHNOLOGIQUE", "region": {"nom": "SAINT-LOUIS", "code": 4}, "departement": {"nom": "SAINT-LOUIS", "code": 43}, "commune": {"nom": "SAINT-LOUIS", "code": 43101}, "communaute_rurale": {"nom": "SAINT-LOUIS", "code": 4310100}, "quartier_village": "HLM", "milieu": "URBAIN", "thematique": "EDUCATION", "type_qvh": "QUARTIER"}}, {"type": "Feature", "geometry": {"type": "Point", "coordinates": [-16.39628, 15.919096]}, "properties": {"id": "lycee-392", "type": "lycee", "type_label": "Lycée public", "nom": "LYCEE RAO", "region": {"nom": "SAINT-LOUIS", "code": 4}, "departement": {"nom": "SAINT-LOUIS", "code": 43}, "commune": {"nom": "RAO", "code": 43201}, "communaute_rurale": {"nom": "GANDON", "code": 4320101}, "quartier_village": "RAO", "milieu": "RURAL", "thematique": "EDUCATION", "type_qvh": "VILLAGE"}}, {"type": "Feature", "geometry": {"type": "Point", "coordinates": [-16.444858, 15.966941]}, "properties": {"id": "lycee-393", "type": "lycee", "type_label": "Lycée public", "nom": "LYCEE GANDON", "region": {"nom": "SAINT-LOUIS", "code": 4}, "departement": {"nom": "SAINT-LOUIS", "code": 43}, "commune": {"nom": "RAO", "code": 43201}, "communaute_rurale": {"nom": "GANDON", "code": 4320101}, "quartier_village": "KEUR MARTIN", "milieu": "RURAL", "thematique": "EDUCATION", "type_qvh": "VILLAGE"}}, {"type": "Feature", "geometry": {"type": "Point", "coordinates": [-16.44749, 16.025386]}, "properties": {"id": "lycee-394", "type": "lycee", "type_label": "Lycée public", "nom": "LYCEE NGALLELE", "region": {"nom": "SAINT-LOUIS", "code": 4}, "departement": {"nom": "SAINT-LOUIS", "code": 43}, "commune": {"nom": "RAO", "code": 43201}, "communaute_rurale": {"nom": "GANDON", "code": 4320101}, "quartier_village": "LEYBAR BOYE", "milieu": "RURAL", "thematique": "EDUCATION", "type_qvh": "VILLAGE"}}, {"type": "Feature", "geometry": {"type": "Point", "coordinates": [-16.50448, 15.889004]}, "properties": {"id": "lycee-395", "type": "lycee", "type_label": "Lycée public", "nom": "LYCEE TASSINERE", "region": {"nom": "SAINT-LOUIS", "code": 4}, "departement": {"nom": "SAINT-LOUIS", "code": 43}, "commune": {"nom": "RAO", "code": 43201}, "communaute_rurale": {"nom": "NDIEBENE GANDIOLE", "code": 4320103}, "quartier_village": "NDIEBENE GANDIOL", "milieu": "RURAL", "thematique": "EDUCATION", "type_qvh": "VILLAGE"}}, {"type": "Feature", "geometry": {"type": "Point", "coordinates": [-16.279918, 15.92051]}, "properties": {"id": "lycee-396", "type": "lycee", "type_label": "Lycée public", "nom": "LYCEE RAWANE NGOM MPAL", "region": {"nom": "SAINT-LOUIS", "code": 4}, "departement": {"nom": "SAINT-LOUIS", "code": 43}, "commune": {"nom": "RAO", "code": 43201}, "communaute_rurale": {"nom": "MPAL", "code": 4320103}, "quartier_village": "GUINAW RAIL", "milieu": "URBAIN", "thematique": "EDUCATION", "type_qvh": "QUARTIER"}}, {"type": "Feature", "geometry": {"type": "Point", "coordinates": [-15.505644, 16.505545]}, "properties": {"id": "lycee-397", "type": "lycee", "type_label": "Lycée public", "nom": "LYCEE MAîTRE ABDOULAYE WADE", "region": {"nom": "SAINT-LOUIS", "code": 4}, "departement": {"nom": "DAGANA", "code": 41}, "commune": {"nom": "DAGANA", "code": 41101}, "communaute_rurale": {"nom": "DAGANA", "code": 4110100}, "quartier_village": "SECTEUR VII", "milieu": "URBAIN", "thematique": "EDUCATION", "type_qvh": "QUARTIER"}}, {"type": "Feature", "geometry": {"type": "Point", "coordinates": [-15.67322, 16.459763]}, "properties": {"id": "lycee-398", "type": "lycee", "type_label": "Lycée public", "nom": "LYCEE THIABAKH", "region": {"nom": "SAINT-LOUIS", "code": 4}, "departement": {"nom": "DAGANA", "code": 41}, "commune": {"nom": "RICHARD-TOLL", "code": 41102}, "communaute_rurale": {"nom": "RICHARD-TOLL", "code": 4110200}, "quartier_village": "THIABAKH", "milieu": "URBAIN", "thematique": "EDUCATION", "type_qvh": "QUARTIER"}}, {"type": "Feature", "geometry": {"type": "Point", "coordinates": [-15.698746, 16.467162]}, "properties": {"id": "lycee-399", "type": "lycee", "type_label": "Lycée public", "nom": "LYCEE RICHARD TOLL", "region": {"nom": "SAINT-LOUIS", "code": 4}, "departement": {"nom": "DAGANA", "code": 41}, "commune": {"nom": "RICHARD-TOLL", "code": 41102}, "communaute_rurale": {"nom": "RICHARD-TOLL", "code": 4110200}, "quartier_village": "ESCCALE", "milieu": "URBAIN", "thematique": "EDUCATION", "type_qvh": "QUARTIER"}}, {"type": "Feature", "geometry": {"type": "Point", "coordinates": [-15.822831, 16.494815]}, "properties": {"id": "lycee-400", "type": "lycee", "type_label": "Lycée public", "nom": "LYCEE ROSSO SENEGAL", "region": {"nom": "SAINT-LOUIS", "code": 4}, "departement": {"nom": "DAGANA", "code": 41}, "commune": {"nom": "NDIAYE", "code": 41202}, "communaute_rurale": {"nom": "ROSSO", "code": 4120205}, "quartier_village": "ROSSO PEULH", "milieu": "URBAIN", "thematique": "EDUCATION", "type_qvh": "QUARTIER"}}, {"type": "Feature", "geometry": {"type": "Point", "coordinates": [-14.953551, 16.640486]}, "properties": {"id": "lycee-401", "type": "lycee", "type_label": "Lycée public", "nom": "LYCEE ELHADJ BABA NDIONGUE", "region": {"nom": "SAINT-LOUIS", "code": 4}, "departement": {"nom": "PODOR", "code": 42}, "commune": {"nom": "PODOR", "code": 42101}, "communaute_rurale": {"nom": "PODOR", "code": 4210100}, "quartier_village": "SINTHIANE", "milieu": "URBAIN", "thematique": "EDUCATION", "type_qvh": "QUARTIER"}}, {"type": "Feature", "geometry": {"type": "Point", "coordinates": [-14.111322, 16.25269]}, "properties": {"id": "lycee-402", "type": "lycee", "type_label": "Lycée public", "nom": "LYCEE GOLLERE", "region": {"nom": "SAINT-LOUIS", "code": 4}, "departement": {"nom": "PODOR", "code": 42}, "commune": {"nom": "CAS CAS", "code": 42201}, "communaute_rurale": {"nom": "GOLLERE", "code": 4220105}, "quartier_village": "BARANGOL", "milieu": "URBAIN", "thematique": "EDUCATION", "type_qvh": "QUARTIER"}}, {"type": "Feature", "geometry": {"type": "Point", "coordinates": [-14.027288, 16.191741]}, "properties": {"id": "lycee-403", "type": "lycee", "type_label": "Lycée public", "nom": "LYCEE MBOUMBA", "region": {"nom": "SAINT-LOUIS", "code": 4}, "departement": {"nom": "PODOR", "code": 42}, "commune": {"nom": "CAS CAS", "code": 42201}, "communaute_rurale": {"nom": "MBOUMBA", "code": 4220106}, "quartier_village": "SINTHIANE", "milieu": "URBAIN", "thematique": "EDUCATION", "type_qvh": "QUARTIER"}}, {"type": "Feature", "geometry": {"type": "Point", "coordinates": [-14.66805, 16.512513]}, "properties": {"id": "lycee-404", "type": "lycee", "type_label": "Lycée public", "nom": "LYCEE  NDIOUM", "region": {"nom": "SAINT-LOUIS", "code": 4}, "departement": {"nom": "PODOR", "code": 42}, "commune": {"nom": "NDIOUM", "code": 42102}, "communaute_rurale": {"nom": "NDIOUM", "code": 4210200}, "quartier_village": "DIEDHIOUBA", "milieu": "URBAIN", "thematique": "EDUCATION", "type_qvh": "QUARTIER"}}, {"type": "Feature", "geometry": {"type": "Point", "coordinates": [-14.19976, 16.498232]}, "properties": {"id": "lycee-405", "type": "lycee", "type_label": "Lycée public", "nom": "LYCEE WALALDE", "region": {"nom": "SAINT-LOUIS", "code": 4}, "departement": {"nom": "PODOR", "code": 42}, "commune": {"nom": "CAS CAS", "code": 42201}, "communaute_rurale": {"nom": "WALALDE", "code": 4220107}, "quartier_village": "SALOUBE", "milieu": "URBAIN", "thematique": "EDUCATION", "type_qvh": "QUARTIER"}}, {"type": "Feature", "geometry": {"type": "Point", "coordinates": [-14.755758, 16.54983]}, "properties": {"id": "lycee-406", "type": "lycee", "type_label": "Lycée public", "nom": "LYCEE GUEDE CHANTIER", "region": {"nom": "SAINT-LOUIS", "code": 4}, "departement": {"nom": "PODOR", "code": 42}, "commune": {"nom": "GAMADJI SARRE", "code": 42204}, "communaute_rurale": {"nom": "GUEDE CHANTIER", "code": 4220406}, "quartier_village": "BRIGALE", "milieu": "URBAIN", "thematique": "EDUCATION", "type_qvh": "QUARTIER"}}, {"type": "Feature", "geometry": {"type": "Point", "coordinates": [-15.9885, 16.475016]}, "properties": {"id": "lycee-407", "type": "lycee", "type_label": "Lycée public", "nom": "LYCEE RONKH EX CEM", "region": {"nom": "SAINT-LOUIS", "code": 4}, "departement": {"nom": "DAGANA", "code": 41}, "commune": {"nom": "NDIAYE", "code": 41202}, "communaute_rurale": {"nom": "RONKH", "code": 4120203}, "quartier_village": "RONKH", "milieu": "RURAL", "thematique": "EDUCATION", "type_qvh": "VILLAGE"}}, {"type": "Feature", "geometry": {"type": "Point", "coordinates": [-15.44803, 16.570603]}, "properties": {"id": "lycee-408", "type": "lycee", "type_label": "Lycée public", "nom": "LYCEE GAE", "region": {"nom": "SAINT-LOUIS", "code": 4}, "departement": {"nom": "DAGANA", "code": 41}, "commune": {"nom": "MBANE", "code": 41201}, "communaute_rurale": {"nom": "GAE", "code": 4120103}, "quartier_village": "TIVAOUANE", "milieu": "RURAL", "thematique": "EDUCATION", "type_qvh": "QUARTIER"}}, {"type": "Feature", "geometry": {"type": "Point", "coordinates": [-15.448338, 16.570263]}, "properties": {"id": "lycee-409", "type": "lycee", "type_label": "Lycée public", "nom": "LYCEE GAE", "region": {"nom": "SAINT-LOUIS", "code": 4}, "departement": {"nom": "DAGANA", "code": 41}, "commune": {"nom": "MBANE", "code": 41201}, "communaute_rurale": {"nom": "GAE", "code": 4120103}, "quartier_village": "TIVAOUANE", "milieu": "RURAL", "thematique": "EDUCATION", "type_qvh": "QUARTIER"}}, {"type": "Feature", "geometry": {"type": "Point", "coordinates": [-14.558987, 16.575823]}, "properties": {"id": "lycee-410", "type": "lycee", "type_label": "Lycée public", "nom": "LYCEE THIELAO", "region": {"nom": "SAINT-LOUIS", "code": 4}, "departement": {"nom": "PODOR", "code": 42}, "commune": {"nom": "GAMADJI SARRE", "code": 42204}, "communaute_rurale": {"nom": "GAMADJI SARE", "code": 4220402}, "quartier_village": "THIELAO", "milieu": "RURAL", "thematique": "EDUCATION", "type_qvh": "VILLAGE"}}, {"type": "Feature", "geometry": {"type": "Point", "coordinates": [-14.40406, 16.623719]}, "properties": {"id": "lycee-411", "type": "lycee", "type_label": "Lycée public", "nom": "LYCEE DARA ALAYBE", "region": {"nom": "SAINT-LOUIS", "code": 4}, "departement": {"nom": "PODOR", "code": 42}, "commune": {"nom": "GAMADJI SARRE", "code": 42204}, "communaute_rurale": {"nom": "DODEL", "code": 4220401}, "quartier_village": "DARA ALAYBE", "milieu": "RURAL", "thematique": "EDUCATION", "type_qvh": "VILLAGE"}}, {"type": "Feature", "geometry": {"type": "Point", "coordinates": [-14.505972, 16.503681]}, "properties": {"id": "lycee-412", "type": "lycee", "type_label": "Lycée public", "nom": "LYCEE TOULDE GALLE", "region": {"nom": "SAINT-LOUIS", "code": 4}, "departement": {"nom": "PODOR", "code": 42}, "commune": {"nom": "GAMADJI SARRE", "code": 42204}, "communaute_rurale": {"nom": "DODEL", "code": 4220401}, "quartier_village": "TOULDE GALLE", "milieu": "RURAL", "thematique": "EDUCATION", "type_qvh": "VILLAGE"}}, {"type": "Feature", "geometry": {"type": "Point", "coordinates": [-14.348115, 16.577117]}, "properties": {"id": "lycee-413", "type": "lycee", "type_label": "Lycée public", "nom": "LYCEE SINTHIOU DANGDE", "region": {"nom": "SAINT-LOUIS", "code": 4}, "departement": {"nom": "PODOR", "code": 42}, "commune": {"nom": "GAMADJI SARRE", "code": 42204}, "communaute_rurale": {"nom": "DODEL", "code": 4220401}, "quartier_village": "SINTHIOU DANGDE", "milieu": "RURAL", "thematique": "EDUCATION", "type_qvh": "VILLAGE"}}, {"type": "Feature", "geometry": {"type": "Point", "coordinates": [-14.428533, 16.482812]}, "properties": {"id": "lycee-414", "type": "lycee", "type_label": "Lycée public", "nom": "LYCEE DODEL", "region": {"nom": "SAINT-LOUIS", "code": 4}, "departement": {"nom": "PODOR", "code": 42}, "commune": {"nom": "GAMADJI SARRE", "code": 42204}, "communaute_rurale": {"nom": "DODEL", "code": 4220401}, "quartier_village": "DODEL", "milieu": "RURAL", "thematique": "EDUCATION", "type_qvh": "VILLAGE"}}, {"type": "Feature", "geometry": {"type": "Point", "coordinates": [-14.276182, 16.572707]}, "properties": {"id": "lycee-415", "type": "lycee", "type_label": "Lycée public", "nom": "LYCEE DEMETTE", "region": {"nom": "SAINT-LOUIS", "code": 4}, "departement": {"nom": "PODOR", "code": 42}, "commune": {"nom": "GAMADJI SARRE", "code": 42204}, "communaute_rurale": {"nom": "DEMETTE", "code": 4220405}, "quartier_village": "BABABE", "milieu": "URBAIN", "thematique": "EDUCATION", "type_qvh": "QUARTIER"}}, {"type": "Feature", "geometry": {"type": "Point", "coordinates": [-14.328753, 16.397138]}, "properties": {"id": "lycee-416", "type": "lycee", "type_label": "Lycée public", "nom": "LYCEE AERE LAO", "region": {"nom": "SAINT-LOUIS", "code": 4}, "departement": {"nom": "PODOR", "code": 42}, "commune": {"nom": "CAS CAS", "code": 42201}, "communaute_rurale": {"nom": "AERE LAO", "code": 4220104}, "quartier_village": "BAROBE", "milieu": "URBAIN", "thematique": "EDUCATION", "type_qvh": "QUARTIER"}}, {"type": "Feature", "geometry": {"type": "Point", "coordinates": [-13.992911, 16.067933]}, "properties": {"id": "lycee-417", "type": "lycee", "type_label": "Lycée public", "nom": "LYCEE BOKE DIALLOUBE", "region": {"nom": "SAINT-LOUIS", "code": 4}, "departement": {"nom": "PODOR", "code": 42}, "commune": {"nom": "SALDE", "code": 42202}, "communaute_rurale": {"nom": "BOKE DIALLOUBE", "code": 4220201}, "quartier_village": "BOKE DIALLOUBE", "milieu": "RURAL", "thematique": "EDUCATION", "type_qvh": "VILLAGE"}}, {"type": "Feature", "geometry": {"type": "Point", "coordinates": [-13.887784, 16.17549]}, "properties": {"id": "lycee-418", "type": "lycee", "type_label": "Lycée public", "nom": "LYCEE  SALDE", "region": {"nom": "SAINT-LOUIS", "code": 4}, "departement": {"nom": "PODOR", "code": 42}, "commune": {"nom": "SALDE", "code": 42202}, "communaute_rurale": {"nom": "BOKE DIALLOUBE", "code": 4220201}, "quartier_village": "BAROBE", "milieu": "RURAL", "thematique": "EDUCATION", "type_qvh": "VILLAGE"}}, {"type": "Feature", "geometry": {"type": "Point", "coordinates": [-13.942371, 16.105338]}, "properties": {"id": "lycee-419", "type": "lycee", "type_label": "Lycée public", "nom": "LYCEE PETE", "region": {"nom": "SAINT-LOUIS", "code": 4}, "departement": {"nom": "PODOR", "code": 42}, "commune": {"nom": "SALDE", "code": 42202}, "communaute_rurale": {"nom": "PETE", "code": 4220204}, "quartier_village": "THIAMBE", "milieu": "URBAIN", "thematique": "EDUCATION", "type_qvh": "QUARTIER"}}, {"type": "Feature", "geometry": {"type": "Point", "coordinates": [-13.859683, 16.078903]}, "properties": {"id": "lycee-420", "type": "lycee", "type_label": "Lycée public", "nom": "LYCEE GALOYA", "region": {"nom": "SAINT-LOUIS", "code": 4}, "departement": {"nom": "PODOR", "code": 42}, "commune": {"nom": "SALDE", "code": 42202}, "communaute_rurale": {"nom": "GALOYA TOUCOULEUR", "code": 4220203}, "quartier_village": "EGUEL", "milieu": "URBAIN", "thematique": "EDUCATION", "type_qvh": "QUARTIER"}}, {"type": "Feature", "geometry": {"type": "Point", "coordinates": [-13.811035, 16.054838]}, "properties": {"id": "lycee-421", "type": "lycee", "type_label": "Lycée public", "nom": "CEM MBOLO BIRANE", "region": {"nom": "SAINT-LOUIS", "code": 4}, "departement": {"nom": "PODOR", "code": 42}, "commune": {"nom": "SALDE", "code": 42202}, "communaute_rurale": {"nom": "MBOLO BIRANE", "code": 4220202}, "quartier_village": "MBOLO BIRANE", "milieu": "RURAL", "thematique": "EDUCATION", "type_qvh": "VILLAGE"}}, {"type": "Feature", "geometry": {"type": "Point", "coordinates": [-13.867718, 16.076568]}, "properties": {"id": "lycee-422", "type": "lycee", "type_label": "Lycée public", "nom": "CEM GALOYA PEULH", "region": {"nom": "SAINT-LOUIS", "code": 4}, "departement": {"nom": "PODOR", "code": 42}, "commune": {"nom": "SALDE", "code": 42202}, "communaute_rurale": {"nom": "MBOLO BIRANE", "code": 4220202}, "quartier_village": "GALOYA PEULH", "milieu": "RURAL", "thematique": "EDUCATION", "type_qvh": "VILLAGE"}}, {"type": "Feature", "geometry": {"type": "Point", "coordinates": [-14.056279, 16.209439]}, "properties": {"id": "lycee-423", "type": "lycee", "type_label": "Lycée public", "nom": "LYCEE MERI", "region": {"nom": "SAINT-LOUIS", "code": 4}, "departement": {"nom": "PODOR", "code": 42}, "commune": {"nom": "CAS CAS", "code": 42201}, "communaute_rurale": {"nom": "MERI", "code": 4220103}, "quartier_village": "MERI", "milieu": "RURAL", "thematique": "EDUCATION", "type_qvh": "VILLAGE"}}, {"type": "Feature", "geometry": {"type": "Point", "coordinates": [-13.996737, 16.270815]}, "properties": {"id": "lycee-424", "type": "lycee", "type_label": "Lycée public", "nom": "LYCEE THIOUBALEL (ex CEM THIOUBALEL)", "region": {"nom": "SAINT-LOUIS", "code": 4}, "departement": {"nom": "PODOR", "code": 42}, "commune": {"nom": "CAS CAS", "code": 42201}, "communaute_rurale": {"nom": "MERI", "code": 4220103}, "quartier_village": "THIOUBALEL", "milieu": "RURAL", "thematique": "EDUCATION", "type_qvh": "VILLAGE"}}, {"type": "Feature", "geometry": {"type": "Point", "coordinates": [-13.9908, 16.32599]}, "properties": {"id": "lycee-425", "type": "lycee", "type_label": "Lycée public", "nom": "LYCEE DIOUDE DIABE", "region": {"nom": "SAINT-LOUIS", "code": 4}, "departement": {"nom": "PODOR", "code": 42}, "commune": {"nom": "CAS CAS", "code": 42201}, "communaute_rurale": {"nom": "MERI", "code": 4220103}, "quartier_village": "DIOUDE DIABE", "milieu": "RURAL", "thematique": "EDUCATION", "type_qvh": "VILLAGE"}}, {"type": "Feature", "geometry": {"type": "Point", "coordinates": [-15.130803, 16.512074]}, "properties": {"id": "lycee-426", "type": "lycee", "type_label": "Lycée public", "nom": "LYCEE DIMATH", "region": {"nom": "SAINT-LOUIS", "code": 4}, "departement": {"nom": "PODOR", "code": 42}, "commune": {"nom": "THILE BOUBACAR", "code": 42203}, "communaute_rurale": {"nom": "FANAYE", "code": 4220301}, "quartier_village": "DIMAR DIERY", "milieu": "RURAL", "thematique": "EDUCATION", "type_qvh": "VILLAGE"}}, {"type": "Feature", "geometry": {"type": "Point", "coordinates": [-15.231301, 16.522326]}, "properties": {"id": "lycee-427", "type": "lycee", "type_label": "Lycée public", "nom": "LYCEE FANAYE", "region": {"nom": "SAINT-LOUIS", "code": 4}, "departement": {"nom": "PODOR", "code": 42}, "commune": {"nom": "THILE BOUBACAR", "code": 42203}, "communaute_rurale": {"nom": "FANAYE", "code": 4220301}, "quartier_village": "FANAYE DIERY", "milieu": "RURAL", "thematique": "EDUCATION", "type_qvh": "VILLAGE"}}, {"type": "Feature", "geometry": {"type": "Point", "coordinates": [-14.993659, 16.581136]}, "properties": {"id": "lycee-428", "type": "lycee", "type_label": "Lycée public", "nom": "LYCEE NIANDANE", "region": {"nom": "SAINT-LOUIS", "code": 4}, "departement": {"nom": "PODOR", "code": 42}, "commune": {"nom": "THILE BOUBACAR", "code": 42203}, "communaute_rurale": {"nom": "NIANDANE", "code": 4220303}, "quartier_village": "AYNOUMADY", "milieu": "URBAIN", "thematique": "EDUCATION", "type_qvh": "QUARTIER"}}, {"type": "Feature", "geometry": {"type": "Point", "coordinates": [-14.8595, 16.526123]}, "properties": {"id": "lycee-429", "type": "lycee", "type_label": "Lycée public", "nom": "LYCEE DONAYE TAREDJI", "region": {"nom": "SAINT-LOUIS", "code": 4}, "departement": {"nom": "PODOR", "code": 42}, "commune": {"nom": "GAMADJI SARRE", "code": 42204}, "communaute_rurale": {"nom": "GUEDE VILLAGE", "code": 4220403}, "quartier_village": "DONAYE TAREDJI", "milieu": "RURAL", "thematique": "EDUCATION", "type_qvh": "VILLAGE"}}, {"type": "Feature", "geometry": {"type": "Point", "coordinates": [-14.143386, 16.284106]}, "properties": {"id": "lycee-430", "type": "lycee", "type_label": "Lycée public", "nom": "LYCEE MADINA NDIATHBE", "region": {"nom": "SAINT-LOUIS", "code": 4}, "departement": {"nom": "PODOR", "code": 42}, "commune": {"nom": "CAS CAS", "code": 42201}, "communaute_rurale": {"nom": "MEDINA NDIATHBE", "code": 4220101}, "quartier_village": "MADINA NDIATHBE", "milieu": "RURAL", "thematique": "EDUCATION", "type_qvh": "VILLAGE"}}, {"type": "Feature", "geometry": {"type": "Point", "coordinates": [-14.053109, 16.374132]}, "properties": {"id": "lycee-431", "type": "lycee", "type_label": "Lycée public", "nom": "LYCEE MBAYE BA EX CASCAS", "region": {"nom": "SAINT-LOUIS", "code": 4}, "departement": {"nom": "PODOR", "code": 42}, "commune": {"nom": "CAS CAS", "code": 42201}, "communaute_rurale": {"nom": "MEDINA NDIATHBE", "code": 4220101}, "quartier_village": "CAS-CAS", "milieu": "RURAL", "thematique": "EDUCATION", "type_qvh": "VILLAGE"}}, {"type": "Feature", "geometry": {"type": "Point", "coordinates": [-17.089322, 14.641561]}, "properties": {"id": "lycee-432", "type": "lycee", "type_label": "Lycée public", "nom": "LYCEE DIASS", "region": {"nom": "THIES", "code": null}, "departement": {"nom": "MBOUR", "code": null}, "commune": {"nom": "SINDIA", "code": 71203}, "communaute_rurale": {"nom": "DIASS", "code": 7120302}, "quartier_village": "DIASS", "milieu": null, "thematique": "EDUCATION", "type_qvh": null}}, {"type": "Feature", "geometry": {"type": "Point", "coordinates": [-17.118931, 14.670868]}, "properties": {"id": "lycee-433", "type": "lycee", "type_label": "Lycée public", "nom": "LYCEE BOUKHOU", "region": {"nom": "THIES", "code": null}, "departement": {"nom": "MBOUR", "code": null}, "commune": {"nom": "SINDIA", "code": 71203}, "communaute_rurale": {"nom": "DIASS", "code": 7120302}, "quartier_village": "BOUKHOU", "milieu": null, "thematique": "EDUCATION", "type_qvh": null}}, {"type": "Feature", "geometry": {"type": "Point", "coordinates": [-17.124697, 14.690684]}, "properties": {"id": "lycee-434", "type": "lycee", "type_label": "Lycée public", "nom": "LYCEE TOGLOU", "region": {"nom": "THIES", "code": null}, "departement": {"nom": "MBOUR", "code": null}, "commune": {"nom": "SINDIA", "code": 71203}, "communaute_rurale": {"nom": "DIASS", "code": 7120302}, "quartier_village": "KANDAM", "milieu": null, "thematique": "EDUCATION", "type_qvh": null}}, {"type": "Feature", "geometry": {"type": "Point", "coordinates": [-17.124202, 14.690922]}, "properties": {"id": "lycee-435", "type": "lycee", "type_label": "Lycée public", "nom": "LYCEE TOGLOU", "region": {"nom": "THIES", "code": null}, "departement": {"nom": "MBOUR", "code": null}, "commune": {"nom": "SINDIA", "code": 71203}, "communaute_rurale": {"nom": "DIASS", "code": 7120302}, "quartier_village": "TOGLOU OUOLOF", "milieu": null, "thematique": "EDUCATION", "type_qvh": null}}, {"type": "Feature", "geometry": {"type": "Point", "coordinates": [-13.721445, 16.02985]}, "properties": {"id": "lycee-436", "type": "lycee", "type_label": "Lycée public", "nom": "LYCEE OREFONDE", "region": {"nom": "MATAM", "code": null}, "departement": {"nom": "MATAM", "code": null}, "commune": {"nom": "AGNAM CIVOL", "code": 111201}, "communaute_rurale": {"nom": "OREFONDE", "code": 11120102}, "quartier_village": "OREFONDE", "milieu": "RURAL", "thematique": "EDUCATION", "type_qvh": "VILLAGE"}}, {"type": "Feature", "geometry": {"type": "Point", "coordinates": [-16.237271, 14.683386]}, "properties": {"id": "lycee-437", "type": "lycee", "type_label": "Lycée public", "nom": "LYCEE EN CONSTRUCTION", "region": {"nom": "DIOURBEL", "code": null}, "departement": {"nom": "DIOURBEL", "code": null}, "commune": {"nom": "NDOULO", "code": 32202}, "communaute_rurale": {"nom": "TOURE MBONDE", "code": 3220205}, "quartier_village": "NGOKOLE", "milieu": null, "thematique": "EDUCATION", "type_qvh": null}}, {"type": "Feature", "geometry": {"type": "Point", "coordinates": [-16.413623, 16.207301]}, "properties": {"id": "lycee-438", "type": "lycee", "type_label": "Lycée public", "nom": "LYCEE MAKA DIAMA", "region": {"nom": "SAINT-LOUIS", "code": 4}, "departement": {"nom": "DAGANA", "code": 41}, "commune": {"nom": "NDIAYE", "code": 41202}, "communaute_rurale": {"nom": "DIAMA", "code": 4120201}, "quartier_village": "DIAMA YALAR", "milieu": "RURAL", "thematique": "EDUCATION", "type_qvh": "VILLAGE"}}, {"type": "Feature", "geometry": {"type": "Point", "coordinates": [-16.141843, 16.27068]}, "properties": {"id": "lycee-439", "type": "lycee", "type_label": "Lycée public", "nom": "LYCEE ROSS BETHIO", "region": {"nom": "SAINT-LOUIS", "code": 4}, "departement": {"nom": "DAGANA", "code": 41}, "commune": {"nom": "NDIAYE", "code": 41202}, "communaute_rurale": {"nom": "ROSS BETHIO", "code": 4120204}, "quartier_village": "ODABE NDITTI", "milieu": "URBAIN", "thematique": "EDUCATION", "type_qvh": "QUARTIER"}}, {"type": "Feature", "geometry": {"type": "Point", "coordinates": [-14.353524, 16.444925]}, "properties": {"id": "lycee-440", "type": "lycee", "type_label": "Lycée public", "nom": "LYCEE BODE (ex CEM BODE)", "region": {"nom": "SAINT-LOUIS", "code": 4}, "departement": {"nom": "PODOR", "code": 42}, "commune": {"nom": "GAMADJI SARRE", "code": 42204}, "communaute_rurale": {"nom": "BODE LAO", "code": 4220404}, "quartier_village": "DAROU SALAM", "milieu": "URBAIN", "thematique": "EDUCATION", "type_qvh": "QUARTIER"}}, {"type": "Feature", "geometry": {"type": "Point", "coordinates": [-16.455602, 16.063426]}, "properties": {"id": "lycee-441", "type": "lycee", "type_label": "Lycée public", "nom": "LYCEE PRYTANEE MILITAIRE", "region": {"nom": "SAINT-LOUIS", "code": 4}, "departement": {"nom": "SAINT-LOUIS", "code": 43}, "commune": {"nom": "SAINT-LOUIS", "code": 43101}, "communaute_rurale": {"nom": "SAINT-LOUIS", "code": 4310100}, "quartier_village": "BANGO NORD", "milieu": "URBAIN", "thematique": "EDUCATION", "type_qvh": "QUARTIER"}}, {"type": "Feature", "geometry": {"type": "Point", "coordinates": [-14.293683, 13.935818]}, "properties": {"id": "lycee-442", "type": "lycee", "type_label": "Lycée public", "nom": "LYCEE MALEME NIANI", "region": {"nom": "TAMBACOUNDA", "code": null}, "departement": {"nom": "KOUMPENTOUM", "code": null}, "commune": {"nom": "KOUTHIABA OUOLOF", "code": 54202}, "communaute_rurale": {"nom": "MALEME NIANI", "code": 5420205}, "quartier_village": "CENTRAL", "milieu": null, "thematique": "EDUCATION", "type_qvh": null}}, {"type": "Feature", "geometry": {"type": "Point", "coordinates": [-17.000363, 14.997732]}, "properties": {"id": "lycee-443", "type": "lycee", "type_label": "Lycée public", "nom": "LYCEE NOTTO GOUYE DIAMA", "region": {"nom": "THIES", "code": 7}, "departement": {"nom": "TIVAOUANE", "code": 73}, "commune": {"nom": "PAMBAL", "code": 73204}, "communaute_rurale": {"nom": "NOTTO GOUYE DIAMA", "code": 7320403}, "quartier_village": "NOTTO GOUYE DIAMA", "milieu": "RURAL", "thematique": "EDUCATION", "type_qvh": "VILLAGE"}}, {"type": "Feature", "geometry": {"type": "Point", "coordinates": [-17.379076, 14.756063]}, "properties": {"id": "lycee-444", "type": "lycee", "type_label": "Lycée public", "nom": "LYCEE THIAROYE", "region": {"nom": "DAKAR", "code": 1}, "departement": {"nom": "PIKINE", "code": 12}, "commune": {"nom": "VILLE DE PIKINE", "code": 12301}, "communaute_rurale": {"nom": "THIAROYE GARE", "code": 1230134}, "quartier_village": "LAYENE", "milieu": "URBAIN", "thematique": "EDUCATION", "type_qvh": "QUARTIER"}}]}