{"type": "FeatureCollection", "features": [{"type": "Feature", "geometry": {"type": "Point", "coordinates": [-17.172706, 14.819125]}, "properties": {"id": "parking-1", "type": "parking", "type_label": "Parking", "nom": "PARKING GARAGE CAMION", "region": {"nom": "DAKAR", "code": 1}, "departement": {"nom": "RUFISQUE", "code": 13}, "commune": {"nom": "SANGALKAM", "code": 13202}, "communaute_rurale": {"nom": "BAMBILOR", "code": 1320201}, "quartier_village": "GOROM II", "milieu": "RURAL", "thematique": null, "type_qvh": null}}, {"type": "Feature", "geometry": {"type": "Point", "coordinates": [-17.351575, 14.748979]}, "properties": {"id": "parking-2", "type": "parking", "type_label": "Parking", "nom": "PARQUING", "region": {"nom": "DAKAR", "code": 1}, "departement": {"nom": "PIKINE", "code": 12}, "commune": {"nom": "VILLE DE PIKINE", "code": 12301}, "communaute_rurale": {"nom": "DIAMAGUENE SICAP MBAO", "code": 1230133}, "quartier_village": "SICAP EXTENSION", "milieu": "URBAIN", "thematique": null, "type_qvh": null}}, {"type": "Feature", "geometry": {"type": "Point", "coordinates": [-17.457427, 14.689685]}, "properties": {"id": "parking-3", "type": "parking", "type_label": "Parking", "nom": "PARKING", "region": {"nom": "DAKAR", "code": 1}, "departement": {"nom": "DAKAR", "code": 11}, "commune": {"nom": "DAKAR", "code": 11301}, "communaute_rurale": {"nom": "GUEULE TAPEE FASS COLOBANE", "code": 1130114}, "quartier_village": "FASS DELORME", "milieu": "URBAIN", "thematique": null, "type_qvh": null}}, {"type": "Feature", "geometry": {"type": "Point", "coordinates": [-17.444258, 14.681101]}, "properties": {"id": "parking-4", "type": "parking", "type_label": "Parking", "nom": "PARKING AUTOMOBILE", "region": {"nom": "DAKAR", "code": 1}, "departement": {"nom": "DAKAR", "code": 11}, "commune": {"nom": "DAKAR", "code": 11301}, "communaute_rurale": {"nom": "MEDINA", "code": 1130113}, "quartier_village": "RASS MISSION", "milieu": "URBAIN", "thematique": null, "type_qvh": null}}, {"type": "Feature", "geometry": {"type": "Point", "coordinates": [-17.475782, 14.711922]}, "properties": {"id": "parking-5", "type": "parking", "type_label": "Parking", "nom": "PARKING AUTOMOBILE", "region": {"nom": "DAKAR", "code": 1}, "departement": {"nom": "DAKAR", "code": 11}, "commune": {"nom": "DAKAR", "code": 11301}, "communaute_rurale": {"nom": "MERMOZ SACRE COEUR", "code": 1130134}, "quartier_village": "MERMOZ PYROTECHNIQUE", "milieu": "URBAIN", "thematique": null, "type_qvh": null}}, {"type": "Feature", "geometry": {"type": "Point", "coordinates": [-17.473013, 14.707518]}, "properties": {"id": "parking-6", "type": "parking", "type_label": "Parking", "nom": "PARKING", "region": {"nom": "DAKAR", "code": 1}, "departement": {"nom": "DAKAR", "code": 11}, "commune": {"nom": "DAKAR", "code": 11301}, "communaute_rurale": {"nom": "MERMOZ SACRE COEUR", "code": 1130134}, "quartier_village": "MERMOZ 2EME PORTE", "milieu": "URBAIN", "thematique": null, "type_qvh": null}}, {"type": "Feature", "geometry": {"type": "Point", "coordinates": [-17.471116, 14.702274]}, "properties": {"id": "parking-7", "type": "parking", "type_label": "Parking", "nom": "PARKING", "region": {"nom": "DAKAR", "code": 1}, "departement": {"nom": "DAKAR", "code": 11}, "commune": {"nom": "DAKAR", "code": 11301}, "communaute_rurale": {"nom": "MERMOZ SACRE COEUR", "code": 1130134}, "quartier_village": "MERMOZ 1ere PORTE", "milieu": "URBAIN", "thematique": null, "type_qvh": null}}, {"type": "Feature", "geometry": {"type": "Point", "coordinates": [-17.472349, 14.703049]}, "properties": {"id": "parking-8", "type": "parking", "type_label": "Parking", "nom": "Parking PRIVE", "region": {"nom": "DAKAR", "code": 1}, "departement": {"nom": "DAKAR", "code": 11}, "commune": {"nom": "DAKAR", "code": 11301}, "communaute_rurale": {"nom": "MERMOZ SACRE COEUR", "code": 1130134}, "quartier_village": "MERMOZ 2EME PORTE", "milieu": "URBAIN", "thematique": null, "type_qvh": null}}, {"type": "Feature", "geometry": {"type": "Point", "coordinates": [-17.469301, 14.713862]}, "properties": {"id": "parking-9", "type": "parking", "type_label": "Parking", "nom": "PARKING AUTOMOBILE", "region": {"nom": "DAKAR", "code": 1}, "departement": {"nom": "DAKAR", "code": 11}, "commune": {"nom": "DAKAR", "code": 11301}, "communaute_rurale": {"nom": "MERMOZ SACRE COEUR", "code": 1130134}, "quartier_village": "TERANGA", "milieu": "URBAIN", "thematique": null, "type_qvh": null}}, {"type": "Feature", "geometry": {"type": "Point", "coordinates": [-17.464276, 14.711753]}, "properties": {"id": "parking-10", "type": "parking", "type_label": "Parking", "nom": "PARKING", "region": {"nom": "DAKAR", "code": 1}, "departement": {"nom": "DAKAR", "code": 11}, "commune": {"nom": "DAKAR", "code": 11301}, "communaute_rurale": {"nom": "MERMOZ SACRE COEUR", "code": 1130134}, "quartier_village": "CITE IBA NDIAYE DIADI", "milieu": "URBAIN", "thematique": null, "type_qvh": null}}, {"type": "Feature", "geometry": {"type": "Point", "coordinates": [-17.472539, 14.70827]}, "properties": {"id": "parking-11", "type": "parking", "type_label": "Parking", "nom": "PARKING", "region": {"nom": "DAKAR", "code": 1}, "departement": {"nom": "DAKAR", "code": 11}, "commune": {"nom": "DAKAR", "code": 11301}, "communaute_rurale": {"nom": "MERMOZ SACRE COEUR", "code": 1130134}, "quartier_village": "MERMOZ 2EME PORTE", "milieu": "URBAIN", "thematique": null, "type_qvh": null}}, {"type": "Feature", "geometry": {"type": "Point", "coordinates": [-17.472478, 14.70782]}, "properties": {"id": "parking-12", "type": "parking", "type_label": "Parking", "nom": "PARKING", "region": {"nom": "DAKAR", "code": 1}, "departement": {"nom": "DAKAR", "code": 11}, "commune": {"nom": "DAKAR", "code": 11301}, "communaute_rurale": {"nom": "MERMOZ SACRE COEUR", "code": 1130134}, "quartier_village": "MERMOZ 2EME PORTE", "milieu": "URBAIN", "thematique": null, "type_qvh": null}}, {"type": "Feature", "geometry": {"type": "Point", "coordinates": [-17.476235, 14.702878]}, "properties": {"id": "parking-13", "type": "parking", "type_label": "Parking", "nom": "Parking", "region": {"nom": "DAKAR", "code": 1}, "departement": {"nom": "DAKAR", "code": 11}, "commune": {"nom": "DAKAR", "code": 11301}, "communaute_rurale": {"nom": "MERMOZ SACRE COEUR", "code": 1130134}, "quartier_village": "FENETRE MERMOZ", "milieu": "URBAIN", "thematique": null, "type_qvh": null}}, {"type": "Feature", "geometry": {"type": "Point", "coordinates": [-17.476615, 14.711799]}, "properties": {"id": "parking-14", "type": "parking", "type_label": "Parking", "nom": "PARKING", "region": {"nom": "DAKAR", "code": 1}, "departement": {"nom": "DAKAR", "code": 11}, "commune": {"nom": "DAKAR", "code": 11301}, "communaute_rurale": {"nom": "MERMOZ SACRE COEUR", "code": 1130134}, "quartier_village": "MERMOZ PYROTECHNIQUE", "milieu": "URBAIN", "thematique": null, "type_qvh": null}}, {"type": "Feature", "geometry": {"type": "Point", "coordinates": [-17.468528, 14.710487]}, "properties": {"id": "parking-15", "type": "parking", "type_label": "Parking", "nom": "PARKING AUTOMOBILE NETTOYAGE DE VOITURE", "region": {"nom": "DAKAR", "code": 1}, "departement": {"nom": "DAKAR", "code": 11}, "commune": {"nom": "DAKAR", "code": 11301}, "communaute_rurale": {"nom": "MERMOZ SACRE COEUR", "code": 1130134}, "quartier_village": "SACRE CÅ?UR III PYROTECHNIQUE", "milieu": "URBAIN", "thematique": null, "type_qvh": null}}, {"type": "Feature", "geometry": {"type": "Point", "coordinates": [-17.464664, 14.708032]}, "properties": {"id": "parking-16", "type": "parking", "type_label": "Parking", "nom": "PARKING", "region": {"nom": "DAKAR", "code": 1}, "departement": {"nom": "DAKAR", "code": 11}, "commune": {"nom": "DAKAR", "code": 11301}, "communaute_rurale": {"nom": "MERMOZ SACRE COEUR", "code": 1130134}, "quartier_village": "BAOBAB", "milieu": "URBAIN", "thematique": null, "type_qvh": null}}, {"type": "Feature", "geometry": {"type": "Point", "coordinates": [-17.467336, 14.721719]}, "properties": {"id": "parking-17", "type": "parking", "type_label": "Parking", "nom": "PARKING AUTOMOBILES", "region": {"nom": "DAKAR", "code": 1}, "departement": {"nom": "DAKAR", "code": 11}, "commune": {"nom": "DAKAR", "code": 11301}, "communaute_rurale": {"nom": "MERMOZ SACRE COEUR", "code": 1130134}, "quartier_village": "SACRE CÅ?UR III", "milieu": "URBAIN", "thematique": null, "type_qvh": null}}, {"type": "Feature", "geometry": {"type": "Point", "coordinates": [-17.469223, 14.720296]}, "properties": {"id": "parking-18", "type": "parking", "type_label": "Parking", "nom": "PARKING", "region": {"nom": "DAKAR", "code": 1}, "departement": {"nom": "DAKAR", "code": 11}, "commune": {"nom": "DAKAR", "code": 11301}, "communaute_rurale": {"nom": "MERMOZ SACRE COEUR", "code": 1130134}, "quartier_village": "SACRE CÅ?UR III", "milieu": "URBAIN", "thematique": null, "type_qvh": null}}, {"type": "Feature", "geometry": {"type": "Point", "coordinates": [-17.471314, 14.716317]}, "properties": {"id": "parking-19", "type": "parking", "type_label": "Parking", "nom": "PARKING ( KEBE AUTOMOBILE)", "region": {"nom": "DAKAR", "code": 1}, "departement": {"nom": "DAKAR", "code": 11}, "commune": {"nom": "DAKAR", "code": 11301}, "communaute_rurale": {"nom": "MERMOZ SACRE COEUR", "code": 1130134}, "quartier_village": "SACRE CÅ?UR III", "milieu": "URBAIN", "thematique": null, "type_qvh": null}}, {"type": "Feature", "geometry": {"type": "Point", "coordinates": [-17.471183, 14.715795]}, "properties": {"id": "parking-20", "type": "parking", "type_label": "Parking", "nom": "PARKING ASSYA CREATIONS", "region": {"nom": "DAKAR", "code": 1}, "departement": {"nom": "DAKAR", "code": 11}, "commune": {"nom": "DAKAR", "code": 11301}, "communaute_rurale": {"nom": "MERMOZ SACRE COEUR", "code": 1130134}, "quartier_village": "SACRE CÅ?UR III", "milieu": "URBAIN", "thematique": null, "type_qvh": null}}, {"type": "Feature", "geometry": {"type": "Point", "coordinates": [-17.471011, 14.717263]}, "properties": {"id": "parking-21", "type": "parking", "type_label": "Parking", "nom": "PARKING/VENTE/LOCATION/ACHAT DE VEHICULE", "region": {"nom": "DAKAR", "code": 1}, "departement": {"nom": "DAKAR", "code": 11}, "commune": {"nom": "DAKAR", "code": 11301}, "communaute_rurale": {"nom": "MERMOZ SACRE COEUR", "code": 1130134}, "quartier_village": "SACRE CÅ?UR III", "milieu": "URBAIN", "thematique": null, "type_qvh": null}}, {"type": "Feature", "geometry": {"type": "Point", "coordinates": [-17.471022, 14.71712]}, "properties": {"id": "parking-22", "type": "parking", "type_label": "Parking", "nom": "PARKING", "region": {"nom": "DAKAR", "code": 1}, "departement": {"nom": "DAKAR", "code": 11}, "commune": {"nom": "DAKAR", "code": 11301}, "communaute_rurale": {"nom": "MERMOZ SACRE COEUR", "code": 1130134}, "quartier_village": "SACRE CÅ?UR III", "milieu": "URBAIN", "thematique": null, "type_qvh": null}}, {"type": "Feature", "geometry": {"type": "Point", "coordinates": [-17.470973, 14.717553]}, "properties": {"id": "parking-23", "type": "parking", "type_label": "Parking", "nom": "PARKING", "region": {"nom": "DAKAR", "code": 1}, "departement": {"nom": "DAKAR", "code": 11}, "commune": {"nom": "DAKAR", "code": 11301}, "communaute_rurale": {"nom": "MERMOZ SACRE COEUR", "code": 1130134}, "quartier_village": "SACRE CÅ?UR III", "milieu": "URBAIN", "thematique": null, "type_qvh": null}}, {"type": "Feature", "geometry": {"type": "Point", "coordinates": [-17.470853, 14.719388]}, "properties": {"id": "parking-24", "type": "parking", "type_label": "Parking", "nom": "PARKING/VENTE/LOCATION/ET MUTATION DE VOITURE", "region": {"nom": "DAKAR", "code": 1}, "departement": {"nom": "DAKAR", "code": 11}, "commune": {"nom": "DAKAR", "code": 11301}, "communaute_rurale": {"nom": "MERMOZ SACRE COEUR", "code": 1130134}, "quartier_village": "SACRE CÅ?UR III", "milieu": "URBAIN", "thematique": null, "type_qvh": null}}, {"type": "Feature", "geometry": {"type": "Point", "coordinates": [-17.470868, 14.719214]}, "properties": {"id": "parking-25", "type": "parking", "type_label": "Parking", "nom": "PARKING", "region": {"nom": "DAKAR", "code": 1}, "departement": {"nom": "DAKAR", "code": 11}, "commune": {"nom": "DAKAR", "code": 11301}, "communaute_rurale": {"nom": "MERMOZ SACRE COEUR", "code": 1130134}, "quartier_village": "SACRE CÅ?UR III", "milieu": "URBAIN", "thematique": null, "type_qvh": null}}, {"type": "Feature", "geometry": {"type": "Point", "coordinates": [-17.470903, 14.718667]}, "properties": {"id": "parking-26", "type": "parking", "type_label": "Parking", "nom": "PARKING", "region": {"nom": "DAKAR", "code": 1}, "departement": {"nom": "DAKAR", "code": 11}, "commune": {"nom": "DAKAR", "code": 11301}, "communaute_rurale": {"nom": "MERMOZ SACRE COEUR", "code": 1130134}, "quartier_village": "SACRE CÅ?UR III", "milieu": "URBAIN", "thematique": null, "type_qvh": null}}, {"type": "Feature", "geometry": {"type": "Point", "coordinates": [-17.470843, 14.719589]}, "properties": {"id": "parking-27", "type": "parking", "type_label": "Parking", "nom": "PARKING/LOCATION- VENTE DE VOITURE", "region": {"nom": "DAKAR", "code": 1}, "departement": {"nom": "DAKAR", "code": 11}, "commune": {"nom": "DAKAR", "code": 11301}, "communaute_rurale": {"nom": "MERMOZ SACRE COEUR", "code": 1130134}, "quartier_village": "SACRE CÅ?UR III", "milieu": "URBAIN", "thematique": null, "type_qvh": null}}, {"type": "Feature", "geometry": {"type": "Point", "coordinates": [-17.470885, 14.71895]}, "properties": {"id": "parking-28", "type": "parking", "type_label": "Parking", "nom": "PARKING", "region": {"nom": "DAKAR", "code": 1}, "departement": {"nom": "DAKAR", "code": 11}, "commune": {"nom": "DAKAR", "code": 11301}, "communaute_rurale": {"nom": "MERMOZ SACRE COEUR", "code": 1130134}, "quartier_village": "SACRE CÅ?UR III", "milieu": "URBAIN", "thematique": null, "type_qvh": null}}, {"type": "Feature", "geometry": {"type": "Point", "coordinates": [-17.470752, 14.72052]}, "properties": {"id": "parking-29", "type": "parking", "type_label": "Parking", "nom": "PARKING AUTOMOBILE", "region": {"nom": "DAKAR", "code": 1}, "departement": {"nom": "DAKAR", "code": 11}, "commune": {"nom": "DAKAR", "code": 11301}, "communaute_rurale": {"nom": "MERMOZ SACRE COEUR", "code": 1130134}, "quartier_village": "SACRE CÅ?UR III", "milieu": "URBAIN", "thematique": null, "type_qvh": null}}, {"type": "Feature", "geometry": {"type": "Point", "coordinates": [-17.47074, 14.720681]}, "properties": {"id": "parking-30", "type": "parking", "type_label": "Parking", "nom": "PARKING AUTOMOBILE", "region": {"nom": "DAKAR", "code": 1}, "departement": {"nom": "DAKAR", "code": 11}, "commune": {"nom": "DAKAR", "code": 11301}, "communaute_rurale": {"nom": "MERMOZ SACRE COEUR", "code": 1130134}, "quartier_village": "SACRE CÅ?UR III", "milieu": "URBAIN", "thematique": null, "type_qvh": null}}, {"type": "Feature", "geometry": {"type": "Point", "coordinates": [-17.470797, 14.719998]}, "properties": {"id": "parking-31", "type": "parking", "type_label": "Parking", "nom": "PARKING", "region": {"nom": "DAKAR", "code": 1}, "departement": {"nom": "DAKAR", "code": 11}, "commune": {"nom": "DAKAR", "code": 11301}, "communaute_rurale": {"nom": "MERMOZ SACRE COEUR", "code": 1130134}, "quartier_village": "SACRE CÅ?UR III", "milieu": "URBAIN", "thematique": null, "type_qvh": null}}, {"type": "Feature", "geometry": {"type": "Point", "coordinates": [-17.470769, 14.720343]}, "properties": {"id": "parking-32", "type": "parking", "type_label": "Parking", "nom": "PARKING  AUTOMOBILE", "region": {"nom": "DAKAR", "code": 1}, "departement": {"nom": "DAKAR", "code": 11}, "commune": {"nom": "DAKAR", "code": 11301}, "communaute_rurale": {"nom": "MERMOZ SACRE COEUR", "code": 1130134}, "quartier_village": "SACRE CÅ?UR III", "milieu": "URBAIN", "thematique": null, "type_qvh": null}}, {"type": "Feature", "geometry": {"type": "Point", "coordinates": [-17.470725, 14.720876]}, "properties": {"id": "parking-33", "type": "parking", "type_label": "Parking", "nom": "PARKING AUTOMOBILE", "region": {"nom": "DAKAR", "code": 1}, "departement": {"nom": "DAKAR", "code": 11}, "commune": {"nom": "DAKAR", "code": 11301}, "communaute_rurale": {"nom": "MERMOZ SACRE COEUR", "code": 1130134}, "quartier_village": "SACRE CÅ?UR III", "milieu": "URBAIN", "thematique": null, "type_qvh": null}}, {"type": "Feature", "geometry": {"type": "Point", "coordinates": [-17.470649, 14.721785]}, "properties": {"id": "parking-34", "type": "parking", "type_label": "Parking", "nom": "PARKING AUTOMOBILE", "region": {"nom": "DAKAR", "code": 1}, "departement": {"nom": "DAKAR", "code": 11}, "commune": {"nom": "DAKAR", "code": 11301}, "communaute_rurale": {"nom": "MERMOZ SACRE COEUR", "code": 1130134}, "quartier_village": "SACRE CÅ?UR III", "milieu": "URBAIN", "thematique": null, "type_qvh": null}}, {"type": "Feature", "geometry": {"type": "Point", "coordinates": [-17.470709, 14.72106]}, "properties": {"id": "parking-35", "type": "parking", "type_label": "Parking", "nom": "PARKING AUTOMOBILE", "region": {"nom": "DAKAR", "code": 1}, "departement": {"nom": "DAKAR", "code": 11}, "commune": {"nom": "DAKAR", "code": 11301}, "communaute_rurale": {"nom": "MERMOZ SACRE COEUR", "code": 1130134}, "quartier_village": "SACRE CÅ?UR III", "milieu": "URBAIN", "thematique": null, "type_qvh": null}}, {"type": "Feature", "geometry": {"type": "Point", "coordinates": [-17.470682, 14.721384]}, "properties": {"id": "parking-36", "type": "parking", "type_label": "Parking", "nom": "PARKING AUTOMOBILE", "region": {"nom": "DAKAR", "code": 1}, "departement": {"nom": "DAKAR", "code": 11}, "commune": {"nom": "DAKAR", "code": 11301}, "communaute_rurale": {"nom": "MERMOZ SACRE COEUR", "code": 1130134}, "quartier_village": "SACRE CÅ?UR III", "milieu": "URBAIN", "thematique": null, "type_qvh": null}}, {"type": "Feature", "geometry": {"type": "Point", "coordinates": [-17.467638, 14.720753]}, "properties": {"id": "parking-37", "type": "parking", "type_label": "Parking", "nom": "PARC AUTOMOBILE EDF", "region": {"nom": "DAKAR", "code": 1}, "departement": {"nom": "DAKAR", "code": 11}, "commune": {"nom": "DAKAR", "code": 11301}, "communaute_rurale": {"nom": "MERMOZ SACRE COEUR", "code": 1130134}, "quartier_village": "SACRE CÅ?UR III", "milieu": "URBAIN", "thematique": null, "type_qvh": null}}, {"type": "Feature", "geometry": {"type": "Point", "coordinates": [-17.470926, 14.718217]}, "properties": {"id": "parking-38", "type": "parking", "type_label": "Parking", "nom": "PARKING", "region": {"nom": "DAKAR", "code": 1}, "departement": {"nom": "DAKAR", "code": 11}, "commune": {"nom": "DAKAR", "code": 11301}, "communaute_rurale": {"nom": "MERMOZ SACRE COEUR", "code": 1130134}, "quartier_village": "SACRE CÅ?UR III", "milieu": "URBAIN", "thematique": null, "type_qvh": null}}, {"type": "Feature", "geometry": {"type": "Point", "coordinates": [-17.509867, 14.739441]}, "properties": {"id": "parking-39", "type": "parking", "type_label": "Parking", "nom": "PARKING AUTO", "region": {"nom": "DAKAR", "code": 1}, "departement": {"nom": "DAKAR", "code": 11}, "commune": {"nom": "DAKAR", "code": 11301}, "communaute_rurale": {"nom": "NGOR", "code": 1130132}, "quartier_village": "ALMADIES EST", "milieu": "URBAIN", "thematique": null, "type_qvh": null}}, {"type": "Feature", "geometry": {"type": "Point", "coordinates": [-17.511843, 14.74445]}, "properties": {"id": "parking-40", "type": "parking", "type_label": "Parking", "nom": "Parking", "region": {"nom": "DAKAR", "code": 1}, "departement": {"nom": "DAKAR", "code": 11}, "commune": {"nom": "DAKAR", "code": 11301}, "communaute_rurale": {"nom": "NGOR", "code": 1130132}, "quartier_village": "ZONE EXTENSION EST", "milieu": "URBAIN", "thematique": null, "type_qvh": null}}, {"type": "Feature", "geometry": {"type": "Point", "coordinates": [-17.523679, 14.743598]}, "properties": {"id": "parking-41", "type": "parking", "type_label": "Parking", "nom": "PARKING", "region": {"nom": "DAKAR", "code": 1}, "departement": {"nom": "DAKAR", "code": 11}, "commune": {"nom": "DAKAR", "code": 11301}, "communaute_rurale": {"nom": "NGOR", "code": 1130132}, "quartier_village": "ALMADIES OUEST", "milieu": "URBAIN", "thematique": null, "type_qvh": null}}, {"type": "Feature", "geometry": {"type": "Point", "coordinates": [-17.507454, 14.750981]}, "properties": {"id": "parking-42", "type": "parking", "type_label": "Parking", "nom": "PARKING", "region": {"nom": "DAKAR", "code": 1}, "departement": {"nom": "DAKAR", "code": 11}, "commune": {"nom": "DAKAR", "code": 11301}, "communaute_rurale": {"nom": "NGOR", "code": 1130132}, "quartier_village": "NGOR VIRAGE", "milieu": "URBAIN", "thematique": null, "type_qvh": null}}, {"type": "Feature", "geometry": {"type": "Point", "coordinates": [-17.507686, 14.73184]}, "properties": {"id": "parking-43", "type": "parking", "type_label": "Parking", "nom": "PARKING", "region": {"nom": "DAKAR", "code": 1}, "departement": {"nom": "DAKAR", "code": 11}, "commune": {"nom": "DAKAR", "code": 11301}, "communaute_rurale": {"nom": "NGOR", "code": 1130132}, "quartier_village": "ALMADIES EST", "milieu": "URBAIN", "thematique": null, "type_qvh": null}}, {"type": "Feature", "geometry": {"type": "Point", "coordinates": [-17.498827, 14.754912]}, "properties": {"id": "parking-44", "type": "parking", "type_label": "Parking", "nom": "PARKING AUTO", "region": {"nom": "DAKAR", "code": 1}, "departement": {"nom": "DAKAR", "code": 11}, "commune": {"nom": "DAKAR", "code": 11301}, "communaute_rurale": {"nom": "NGOR", "code": 1130132}, "quartier_village": "NGOR VIRAGE", "milieu": "URBAIN", "thematique": null, "type_qvh": null}}, {"type": "Feature", "geometry": {"type": "Point", "coordinates": [-17.512561, 14.735471]}, "properties": {"id": "parking-45", "type": "parking", "type_label": "Parking", "nom": "PARKING ET ATELIER", "region": {"nom": "DAKAR", "code": 1}, "departement": {"nom": "DAKAR", "code": 11}, "commune": {"nom": "DAKAR", "code": 11301}, "communaute_rurale": {"nom": "NGOR", "code": 1130132}, "quartier_village": "ALMADIES OUEST", "milieu": "URBAIN", "thematique": null, "type_qvh": null}}, {"type": "Feature", "geometry": {"type": "Point", "coordinates": [-17.502489, 14.751327]}, "properties": {"id": "parking-46", "type": "parking", "type_label": "Parking", "nom": "PARKING", "region": {"nom": "DAKAR", "code": 1}, "departement": {"nom": "DAKAR", "code": 11}, "commune": {"nom": "DAKAR", "code": 11301}, "communaute_rurale": {"nom": "NGOR", "code": 1130132}, "quartier_village": "NGOR VIRAGE", "milieu": "URBAIN", "thematique": null, "type_qvh": null}}, {"type": "Feature", "geometry": {"type": "Point", "coordinates": [-17.508458, 14.734715]}, "properties": {"id": "parking-47", "type": "parking", "type_label": "Parking", "nom": "PARKING AUTO ET BIO", "region": {"nom": "DAKAR", "code": 1}, "departement": {"nom": "DAKAR", "code": 11}, "commune": {"nom": "DAKAR", "code": 11301}, "communaute_rurale": {"nom": "NGOR", "code": 1130132}, "quartier_village": "ALMADIES EST", "milieu": "URBAIN", "thematique": null, "type_qvh": null}}, {"type": "Feature", "geometry": {"type": "Point", "coordinates": [-17.512866, 14.736035]}, "properties": {"id": "parking-48", "type": "parking", "type_label": "Parking", "nom": "PARKING LAVAGE DE VOITURE", "region": {"nom": "DAKAR", "code": 1}, "departement": {"nom": "DAKAR", "code": 11}, "commune": {"nom": "DAKAR", "code": 11301}, "communaute_rurale": {"nom": "NGOR", "code": 1130132}, "quartier_village": "ALMADIES OUEST", "milieu": "URBAIN", "thematique": null, "type_qvh": null}}, {"type": "Feature", "geometry": {"type": "Point", "coordinates": [-17.515953, 14.738826]}, "properties": {"id": "parking-49", "type": "parking", "type_label": "Parking", "nom": "PARKING AUTO", "region": {"nom": "DAKAR", "code": 1}, "departement": {"nom": "DAKAR", "code": 11}, "commune": {"nom": "DAKAR", "code": 11301}, "communaute_rurale": {"nom": "NGOR", "code": 1130132}, "quartier_village": "ALMADIES OUEST", "milieu": "URBAIN", "thematique": null, "type_qvh": null}}, {"type": "Feature", "geometry": {"type": "Point", "coordinates": [-17.517836, 14.739934]}, "properties": {"id": "parking-50", "type": "parking", "type_label": "Parking", "nom": "PARKING LAVAGE DE VOITURE", "region": {"nom": "DAKAR", "code": 1}, "departement": {"nom": "DAKAR", "code": 11}, "commune": {"nom": "DAKAR", "code": 11301}, "communaute_rurale": {"nom": "NGOR", "code": 1130132}, "quartier_village": "ALMADIES OUEST", "milieu": "URBAIN", "thematique": null, "type_qvh": null}}, {"type": "Feature", "geometry": {"type": "Point", "coordinates": [-17.509883, 14.74963]}, "properties": {"id": "parking-51", "type": "parking", "type_label": "Parking", "nom": "PARKING", "region": {"nom": "DAKAR", "code": 1}, "departement": {"nom": "DAKAR", "code": 11}, "commune": {"nom": "DAKAR", "code": 11301}, "communaute_rurale": {"nom": "NGOR", "code": 1130132}, "quartier_village": "PETIT NGOR/(RESIDENCE NORD)", "milieu": "URBAIN", "thematique": null, "type_qvh": null}}, {"type": "Feature", "geometry": {"type": "Point", "coordinates": [-17.510703, 14.749741]}, "properties": {"id": "parking-52", "type": "parking", "type_label": "Parking", "nom": "PARKING", "region": {"nom": "DAKAR", "code": 1}, "departement": {"nom": "DAKAR", "code": 11}, "commune": {"nom": "DAKAR", "code": 11301}, "communaute_rurale": {"nom": "NGOR", "code": 1130132}, "quartier_village": "PETIT NGOR/(RESIDENCE NORD)", "milieu": "URBAIN", "thematique": null, "type_qvh": null}}, {"type": "Feature", "geometry": {"type": "Point", "coordinates": [-17.514344, 14.748742]}, "properties": {"id": "parking-53", "type": "parking", "type_label": "Parking", "nom": "PARKING AUTO", "region": {"nom": "DAKAR", "code": 1}, "departement": {"nom": "DAKAR", "code": 11}, "commune": {"nom": "DAKAR", "code": 11301}, "communaute_rurale": {"nom": "NGOR", "code": 1130132}, "quartier_village": "GRAND NGOR", "milieu": "URBAIN", "thematique": null, "type_qvh": null}}, {"type": "Feature", "geometry": {"type": "Point", "coordinates": [-17.483369, 14.727859]}, "properties": {"id": "parking-54", "type": "parking", "type_label": "Parking", "nom": "Parking", "region": {"nom": "DAKAR", "code": 1}, "departement": {"nom": "DAKAR", "code": 11}, "commune": {"nom": "DAKAR", "code": 11301}, "communaute_rurale": {"nom": "OUAKAM", "code": 1130131}, "quartier_village": "CITE COMICO", "milieu": "URBAIN", "thematique": null, "type_qvh": null}}, {"type": "Feature", "geometry": {"type": "Point", "coordinates": [-17.493863, 14.723112]}, "properties": {"id": "parking-55", "type": "parking", "type_label": "Parking", "nom": "PARKING DE VENTE DE VOITURES", "region": {"nom": "DAKAR", "code": 1}, "departement": {"nom": "DAKAR", "code": 11}, "commune": {"nom": "DAKAR", "code": 11301}, "communaute_rurale": {"nom": "OUAKAM", "code": 1130131}, "quartier_village": "MBOUL", "milieu": "URBAIN", "thematique": null, "type_qvh": null}}, {"type": "Feature", "geometry": {"type": "Point", "coordinates": [-17.47162, 14.724613]}, "properties": {"id": "parking-56", "type": "parking", "type_label": "Parking", "nom": "Parking auto", "region": {"nom": "DAKAR", "code": 1}, "departement": {"nom": "DAKAR", "code": 11}, "commune": {"nom": "DAKAR", "code": 11301}, "communaute_rurale": {"nom": "OUAKAM", "code": 1130131}, "quartier_village": "SACRE CÅ?UR III VDN", "milieu": "URBAIN", "thematique": null, "type_qvh": null}}, {"type": "Feature", "geometry": {"type": "Point", "coordinates": [-17.471661, 14.718684]}, "properties": {"id": "parking-57", "type": "parking", "type_label": "Parking", "nom": "Parking auto", "region": {"nom": "DAKAR", "code": 1}, "departement": {"nom": "DAKAR", "code": 11}, "commune": {"nom": "DAKAR", "code": 11301}, "communaute_rurale": {"nom": "OUAKAM", "code": 1130131}, "quartier_village": "SACRE CÅ?UR III VDN", "milieu": "URBAIN", "thematique": null, "type_qvh": null}}, {"type": "Feature", "geometry": {"type": "Point", "coordinates": [-17.471608, 14.719193]}, "properties": {"id": "parking-58", "type": "parking", "type_label": "Parking", "nom": "Parking auto", "region": {"nom": "DAKAR", "code": 1}, "departement": {"nom": "DAKAR", "code": 11}, "commune": {"nom": "DAKAR", "code": 11301}, "communaute_rurale": {"nom": "OUAKAM", "code": 1130131}, "quartier_village": "SACRE CÅ?UR III VDN", "milieu": "URBAIN", "thematique": null, "type_qvh": null}}, {"type": "Feature", "geometry": {"type": "Point", "coordinates": [-17.471508, 14.720442]}, "properties": {"id": "parking-59", "type": "parking", "type_label": "Parking", "nom": "Parking auto", "region": {"nom": "DAKAR", "code": 1}, "departement": {"nom": "DAKAR", "code": 11}, "commune": {"nom": "DAKAR", "code": 11301}, "communaute_rurale": {"nom": "OUAKAM", "code": 1130131}, "quartier_village": "SACRE CÅ?UR III VDN", "milieu": "URBAIN", "thematique": null, "type_qvh": null}}, {"type": "Feature", "geometry": {"type": "Point", "coordinates": [-17.471404, 14.721545]}, "properties": {"id": "parking-60", "type": "parking", "type_label": "Parking", "nom": "PARKING AUTOMOBILE VENTE ET LOCATION", "region": {"nom": "DAKAR", "code": 1}, "departement": {"nom": "DAKAR", "code": 11}, "commune": {"nom": "DAKAR", "code": 11301}, "communaute_rurale": {"nom": "OUAKAM", "code": 1130131}, "quartier_village": "SACRE CÅ?UR III VDN", "milieu": "URBAIN", "thematique": null, "type_qvh": null}}, {"type": "Feature", "geometry": {"type": "Point", "coordinates": [-17.471355, 14.722566]}, "properties": {"id": "parking-61", "type": "parking", "type_label": "Parking", "nom": "PARKING AUTO (VENTE ET LOCATION)", "region": {"nom": "DAKAR", "code": 1}, "departement": {"nom": "DAKAR", "code": 11}, "commune": {"nom": "DAKAR", "code": 11301}, "communaute_rurale": {"nom": "OUAKAM", "code": 1130131}, "quartier_village": "SACRE CÅ?UR III VDN", "milieu": "URBAIN", "thematique": null, "type_qvh": null}}, {"type": "Feature", "geometry": {"type": "Point", "coordinates": [-17.476923, 14.716583]}, "properties": {"id": "parking-62", "type": "parking", "type_label": "Parking", "nom": "PARKING AUTOMOBILE", "region": {"nom": "DAKAR", "code": 1}, "departement": {"nom": "DAKAR", "code": 11}, "commune": {"nom": "DAKAR", "code": 11301}, "communaute_rurale": {"nom": "OUAKAM", "code": 1130131}, "quartier_village": "BATRAIN", "milieu": "URBAIN", "thematique": null, "type_qvh": null}}, {"type": "Feature", "geometry": {"type": "Point", "coordinates": [-17.499107, 14.728696]}, "properties": {"id": "parking-63", "type": "parking", "type_label": "Parking", "nom": "Parking", "region": {"nom": "DAKAR", "code": 1}, "departement": {"nom": "DAKAR", "code": 11}, "commune": {"nom": "DAKAR", "code": 11301}, "communaute_rurale": {"nom": "OUAKAM", "code": 1130131}, "quartier_village": "MAMELLES AVIATION", "milieu": "URBAIN", "thematique": null, "type_qvh": null}}, {"type": "Feature", "geometry": {"type": "Point", "coordinates": [-17.503318, 14.727981]}, "properties": {"id": "parking-64", "type": "parking", "type_label": "Parking", "nom": "PARKING ARTP", "region": {"nom": "DAKAR", "code": 1}, "departement": {"nom": "DAKAR", "code": 11}, "commune": {"nom": "DAKAR", "code": 11301}, "communaute_rurale": {"nom": "OUAKAM", "code": 1130131}, "quartier_village": "TOUBA ALMADIES", "milieu": "URBAIN", "thematique": null, "type_qvh": null}}, {"type": "Feature", "geometry": {"type": "Point", "coordinates": [-17.44942, 14.759834]}, "properties": {"id": "parking-65", "type": "parking", "type_label": "Parking", "nom": "Parking", "region": {"nom": "DAKAR", "code": 1}, "departement": {"nom": "DAKAR", "code": 11}, "commune": {"nom": "DAKAR", "code": 11301}, "communaute_rurale": {"nom": "PARCELLES ASSAINIES", "code": 1130143}, "quartier_village": "HLM GRAND MEDINE (UNITE XXIII)", "milieu": "URBAIN", "thematique": null, "type_qvh": null}}, {"type": "Feature", "geometry": {"type": "Point", "coordinates": [-17.449334, 14.759872]}, "properties": {"id": "parking-66", "type": "parking", "type_label": "Parking", "nom": "DEVANTURE", "region": {"nom": "DAKAR", "code": 1}, "departement": {"nom": "DAKAR", "code": 11}, "commune": {"nom": "DAKAR", "code": 11301}, "communaute_rurale": {"nom": "PARCELLES ASSAINIES", "code": 1130143}, "quartier_village": "HLM GRAND MEDINE (UNITE XXIII)", "milieu": "URBAIN", "thematique": null, "type_qvh": null}}, {"type": "Feature", "geometry": {"type": "Point", "coordinates": [-17.451369, 14.750552]}, "properties": {"id": "parking-67", "type": "parking", "type_label": "Parking", "nom": "PARKING", "region": {"nom": "DAKAR", "code": 1}, "departement": {"nom": "DAKAR", "code": 11}, "commune": {"nom": "DAKAR", "code": 11301}, "communaute_rurale": {"nom": "PATTE Dâ??OIE", "code": 1130142}, "quartier_village": "CITE LEOPOLD SEDAR SENGHOR", "milieu": "URBAIN", "thematique": null, "type_qvh": null}}, {"type": "Feature", "geometry": {"type": "Point", "coordinates": [-17.45031, 14.749157]}, "properties": {"id": "parking-68", "type": "parking", "type_label": "Parking", "nom": "PARKING STADE", "region": {"nom": "DAKAR", "code": 1}, "departement": {"nom": "DAKAR", "code": 11}, "commune": {"nom": "DAKAR", "code": 11301}, "communaute_rurale": {"nom": "PATTE Dâ??OIE", "code": 1130142}, "quartier_village": "CITE LEOPOLD SEDAR SENGHOR", "milieu": "URBAIN", "thematique": null, "type_qvh": null}}, {"type": "Feature", "geometry": {"type": "Point", "coordinates": [-17.434939, 14.752518]}, "properties": {"id": "parking-69", "type": "parking", "type_label": "Parking", "nom": "PARKING SANTE YALLA AUTOMOBILE", "region": {"nom": "DAKAR", "code": 1}, "departement": {"nom": "DAKAR", "code": 11}, "commune": {"nom": "DAKAR", "code": 11301}, "communaute_rurale": {"nom": "PATTE Dâ??OIE", "code": 1130142}, "quartier_village": "CITE SOPRIM EXTENSION", "milieu": "URBAIN", "thematique": null, "type_qvh": null}}, {"type": "Feature", "geometry": {"type": "Point", "coordinates": [-17.431735, 14.754556]}, "properties": {"id": "parking-70", "type": "parking", "type_label": "Parking", "nom": "PARKING ET ASSURANCE", "region": {"nom": "DAKAR", "code": 1}, "departement": {"nom": "DAKAR", "code": 11}, "commune": {"nom": "DAKAR", "code": 11301}, "communaute_rurale": {"nom": "PATTE Dâ??OIE", "code": 1130142}, "quartier_village": "CITE SOPRIM EXTENSION", "milieu": "URBAIN", "thematique": null, "type_qvh": null}}, {"type": "Feature", "geometry": {"type": "Point", "coordinates": [-17.438689, 14.749661]}, "properties": {"id": "parking-71", "type": "parking", "type_label": "Parking", "nom": "Parking", "region": {"nom": "DAKAR", "code": 1}, "departement": {"nom": "DAKAR", "code": 11}, "commune": {"nom": "DAKAR", "code": 11301}, "communaute_rurale": {"nom": "PATTE Dâ??OIE", "code": 1130142}, "quartier_village": "CITE SOPRIM", "milieu": "URBAIN", "thematique": null, "type_qvh": null}}, {"type": "Feature", "geometry": {"type": "Point", "coordinates": [-17.436524, 14.749928]}, "properties": {"id": "parking-72", "type": "parking", "type_label": "Parking", "nom": "PARKING SCOLAIRE", "region": {"nom": "DAKAR", "code": 1}, "departement": {"nom": "DAKAR", "code": 11}, "commune": {"nom": "DAKAR", "code": 11301}, "communaute_rurale": {"nom": "PATTE Dâ??OIE", "code": 1130142}, "quartier_village": "CITE SOPRIM", "milieu": "URBAIN", "thematique": null, "type_qvh": null}}, {"type": "Feature", "geometry": {"type": "Point", "coordinates": [-17.459495, 14.749108]}, "properties": {"id": "parking-73", "type": "parking", "type_label": "Parking", "nom": "Parking", "region": {"nom": "DAKAR", "code": 1}, "departement": {"nom": "DAKAR", "code": 11}, "commune": {"nom": "DAKAR", "code": 11301}, "communaute_rurale": {"nom": "PATTE Dâ??OIE", "code": 1130142}, "quartier_village": "CITE ARTP", "milieu": "URBAIN", "thematique": null, "type_qvh": null}}, {"type": "Feature", "geometry": {"type": "Point", "coordinates": [-17.449301, 14.748304]}, "properties": {"id": "parking-74", "type": "parking", "type_label": "Parking", "nom": "PARKING", "region": {"nom": "DAKAR", "code": 1}, "departement": {"nom": "DAKAR", "code": 11}, "commune": {"nom": "DAKAR", "code": 11301}, "communaute_rurale": {"nom": "PATTE Dâ??OIE", "code": 1130142}, "quartier_village": "CITE LEOPOLD SEDAR SENGHOR", "milieu": "URBAIN", "thematique": null, "type_qvh": null}}, {"type": "Feature", "geometry": {"type": "Point", "coordinates": [-17.454154, 14.746507]}, "properties": {"id": "parking-75", "type": "parking", "type_label": "Parking", "nom": "Parking", "region": {"nom": "DAKAR", "code": 1}, "departement": {"nom": "DAKAR", "code": 11}, "commune": {"nom": "DAKAR", "code": 11301}, "communaute_rurale": {"nom": "PATTE Dâ??OIE", "code": 1130142}, "quartier_village": "CITE MIXTA", "milieu": "URBAIN", "thematique": null, "type_qvh": null}}, {"type": "Feature", "geometry": {"type": "Point", "coordinates": [-17.455672, 14.748935]}, "properties": {"id": "parking-76", "type": "parking", "type_label": "Parking", "nom": "PARKING", "region": {"nom": "DAKAR", "code": 1}, "departement": {"nom": "DAKAR", "code": 11}, "commune": {"nom": "DAKAR", "code": 11301}, "communaute_rurale": {"nom": "PATTE Dâ??OIE", "code": 1130142}, "quartier_village": "CITE MIXTA", "milieu": "URBAIN", "thematique": null, "type_qvh": null}}, {"type": "Feature", "geometry": {"type": "Point", "coordinates": [-17.458597, 14.748895]}, "properties": {"id": "parking-77", "type": "parking", "type_label": "Parking", "nom": "PARKING CAMIONS", "region": {"nom": "DAKAR", "code": 1}, "departement": {"nom": "DAKAR", "code": 11}, "commune": {"nom": "DAKAR", "code": 11301}, "communaute_rurale": {"nom": "PATTE Dâ??OIE", "code": 1130142}, "quartier_village": "CITE ARTP", "milieu": "URBAIN", "thematique": null, "type_qvh": null}}, {"type": "Feature", "geometry": {"type": "Point", "coordinates": [-17.439685, 14.742621]}, "properties": {"id": "parking-78", "type": "parking", "type_label": "Parking", "nom": "Parking", "region": {"nom": "DAKAR", "code": 1}, "departement": {"nom": "DAKAR", "code": 11}, "commune": {"nom": "DAKAR", "code": 11301}, "communaute_rurale": {"nom": "PATTE Dâ??OIE", "code": 1130142}, "quartier_village": "CITE EL AMAL", "milieu": "URBAIN", "thematique": null, "type_qvh": null}}, {"type": "Feature", "geometry": {"type": "Point", "coordinates": [-17.439246, 14.746267]}, "properties": {"id": "parking-79", "type": "parking", "type_label": "Parking", "nom": "PARKING", "region": {"nom": "DAKAR", "code": 1}, "departement": {"nom": "DAKAR", "code": 11}, "commune": {"nom": "DAKAR", "code": 11301}, "communaute_rurale": {"nom": "PATTE Dâ??OIE", "code": 1130142}, "quartier_village": "CITE IMPOTS ET DOMAINES", "milieu": "URBAIN", "thematique": null, "type_qvh": null}}, {"type": "Feature", "geometry": {"type": "Point", "coordinates": [-17.47193, 14.730473]}, "properties": {"id": "parking-80", "type": "parking", "type_label": "Parking", "nom": "PARKING", "region": {"nom": "DAKAR", "code": 1}, "departement": {"nom": "DAKAR", "code": 11}, "commune": {"nom": "DAKAR", "code": 11301}, "communaute_rurale": {"nom": "SICAP LIBERTE", "code": 1130125}, "quartier_village": "LIBERTE VI EXTENSION", "milieu": "URBAIN", "thematique": null, "type_qvh": null}}, {"type": "Feature", "geometry": {"type": "Point", "coordinates": [-17.463063, 14.722731]}, "properties": {"id": "parking-81", "type": "parking", "type_label": "Parking", "nom": "PARKING PUBLIC DU QUARTIER LIB VI", "region": {"nom": "DAKAR", "code": 1}, "departement": {"nom": "DAKAR", "code": 11}, "commune": {"nom": "DAKAR", "code": 11301}, "communaute_rurale": {"nom": "SICAP LIBERTE", "code": 1130125}, "quartier_village": "LIBERTE VI", "milieu": "URBAIN", "thematique": null, "type_qvh": null}}, {"type": "Feature", "geometry": {"type": "Point", "coordinates": [-17.45515, 14.713248]}, "properties": {"id": "parking-82", "type": "parking", "type_label": "Parking", "nom": "PARKING", "region": {"nom": "DAKAR", "code": 1}, "departement": {"nom": "DAKAR", "code": 11}, "commune": {"nom": "DAKAR", "code": 11301}, "communaute_rurale": {"nom": "SICAP LIBERTE", "code": 1130125}, "quartier_village": "LIBERTE III", "milieu": "URBAIN", "thematique": null, "type_qvh": null}}, {"type": "Feature", "geometry": {"type": "Point", "coordinates": [-17.462502, 14.728166]}, "properties": {"id": "parking-83", "type": "parking", "type_label": "Parking", "nom": "PARKING", "region": {"nom": "DAKAR", "code": 1}, "departement": {"nom": "DAKAR", "code": 11}, "commune": {"nom": "DAKAR", "code": 11301}, "communaute_rurale": {"nom": "SICAP LIBERTE", "code": 1130125}, "quartier_village": "LIBERTE VI", "milieu": "URBAIN", "thematique": null, "type_qvh": null}}, {"type": "Feature", "geometry": {"type": "Point", "coordinates": [-17.46042, 14.726618]}, "properties": {"id": "parking-84", "type": "parking", "type_label": "Parking", "nom": "PARKING", "region": {"nom": "DAKAR", "code": 1}, "departement": {"nom": "DAKAR", "code": 11}, "commune": {"nom": "DAKAR", "code": 11301}, "communaute_rurale": {"nom": "SICAP LIBERTE", "code": 1130125}, "quartier_village": "LIBERTE VI", "milieu": "URBAIN", "thematique": null, "type_qvh": null}}, {"type": "Feature", "geometry": {"type": "Point", "coordinates": [-17.463536, 14.72686]}, "properties": {"id": "parking-85", "type": "parking", "type_label": "Parking", "nom": "PARKING DU QUARTIER", "region": {"nom": "DAKAR", "code": 1}, "departement": {"nom": "DAKAR", "code": 11}, "commune": {"nom": "DAKAR", "code": 11301}, "communaute_rurale": {"nom": "SICAP LIBERTE", "code": 1130125}, "quartier_village": "LIBERTE VI", "milieu": "URBAIN", "thematique": null, "type_qvh": null}}, {"type": "Feature", "geometry": {"type": "Point", "coordinates": [-17.461789, 14.725527]}, "properties": {"id": "parking-86", "type": "parking", "type_label": "Parking", "nom": "PARKING DU QUARTIER", "region": {"nom": "DAKAR", "code": 1}, "departement": {"nom": "DAKAR", "code": 11}, "commune": {"nom": "DAKAR", "code": 11301}, "communaute_rurale": {"nom": "SICAP LIBERTE", "code": 1130125}, "quartier_village": "LIBERTE VI", "milieu": "URBAIN", "thematique": null, "type_qvh": null}}, {"type": "Feature", "geometry": {"type": "Point", "coordinates": [-17.463907, 14.724429]}, "properties": {"id": "parking-87", "type": "parking", "type_label": "Parking", "nom": "PARKING", "region": {"nom": "DAKAR", "code": 1}, "departement": {"nom": "DAKAR", "code": 11}, "commune": {"nom": "DAKAR", "code": 11301}, "communaute_rurale": {"nom": "SICAP LIBERTE", "code": 1130125}, "quartier_village": "LIBERTE VI", "milieu": "URBAIN", "thematique": null, "type_qvh": null}}, {"type": "Feature", "geometry": {"type": "Point", "coordinates": [-17.472722, 14.730979]}, "properties": {"id": "parking-88", "type": "parking", "type_label": "Parking", "nom": "PARKING", "region": {"nom": "DAKAR", "code": 1}, "departement": {"nom": "DAKAR", "code": 11}, "commune": {"nom": "DAKAR", "code": 11301}, "communaute_rurale": {"nom": "SICAP LIBERTE", "code": 1130125}, "quartier_village": "LIBERTE VI EXTENSION", "milieu": "URBAIN", "thematique": null, "type_qvh": null}}, {"type": "Feature", "geometry": {"type": "Point", "coordinates": [-17.470637, 14.728411]}, "properties": {"id": "parking-89", "type": "parking", "type_label": "Parking", "nom": "PARKING", "region": {"nom": "DAKAR", "code": 1}, "departement": {"nom": "DAKAR", "code": 11}, "commune": {"nom": "DAKAR", "code": 11301}, "communaute_rurale": {"nom": "SICAP LIBERTE", "code": 1130125}, "quartier_village": "LIBERTE VI EXTENSION", "milieu": "URBAIN", "thematique": null, "type_qvh": null}}, {"type": "Feature", "geometry": {"type": "Point", "coordinates": [-17.452719, 14.71516]}, "properties": {"id": "parking-90", "type": "parking", "type_label": "Parking", "nom": "PARKING", "region": {"nom": "DAKAR", "code": 1}, "departement": {"nom": "DAKAR", "code": 11}, "commune": {"nom": "DAKAR", "code": 11301}, "communaute_rurale": {"nom": "BISCUITERIE", "code": 1130122}, "quartier_village": "ZONE INDUSTRIELLE", "milieu": "URBAIN", "thematique": null, "type_qvh": null}}, {"type": "Feature", "geometry": {"type": "Point", "coordinates": [-17.447862, 14.721592]}, "properties": {"id": "parking-91", "type": "parking", "type_label": "Parking", "nom": "PARKING", "region": {"nom": "DAKAR", "code": 1}, "departement": {"nom": "DAKAR", "code": 11}, "commune": {"nom": "DAKAR", "code": 11301}, "communaute_rurale": {"nom": "DIEUPPEUL DERKLE", "code": 1130126}, "quartier_village": "CASTORS I", "milieu": "URBAIN", "thematique": null, "type_qvh": null}}, {"type": "Feature", "geometry": {"type": "Point", "coordinates": [-17.442802, 14.673983]}, "properties": {"id": "parking-92", "type": "parking", "type_label": "Parking", "nom": "PARKING", "region": {"nom": "DAKAR", "code": 1}, "departement": {"nom": "DAKAR", "code": 11}, "commune": {"nom": "DAKAR", "code": 11301}, "communaute_rurale": {"nom": "DAKAR PLATEAU", "code": 1130112}, "quartier_village": "REUBEUSS", "milieu": "URBAIN", "thematique": null, "type_qvh": null}}, {"type": "Feature", "geometry": {"type": "Point", "coordinates": [-17.430545, 14.669022]}, "properties": {"id": "parking-93", "type": "parking", "type_label": "Parking", "nom": "PARKING 2", "region": {"nom": "DAKAR", "code": 1}, "departement": {"nom": "DAKAR", "code": 11}, "commune": {"nom": "DAKAR", "code": 11301}, "communaute_rurale": {"nom": "DAKAR PLATEAU", "code": 1130112}, "quartier_village": "SANDIAL", "milieu": "URBAIN", "thematique": null, "type_qvh": null}}, {"type": "Feature", "geometry": {"type": "Point", "coordinates": [-17.429203, 14.668834]}, "properties": {"id": "parking-94", "type": "parking", "type_label": "Parking", "nom": "PARKING PAYANT", "region": {"nom": "DAKAR", "code": 1}, "departement": {"nom": "DAKAR", "code": 11}, "commune": {"nom": "DAKAR", "code": 11301}, "communaute_rurale": {"nom": "DAKAR PLATEAU", "code": 1130112}, "quartier_village": "SANDIAL", "milieu": "URBAIN", "thematique": null, "type_qvh": null}}, {"type": "Feature", "geometry": {"type": "Point", "coordinates": [-17.429206, 14.668556]}, "properties": {"id": "parking-95", "type": "parking", "type_label": "Parking", "nom": "PARKING PRIVE", "region": {"nom": "DAKAR", "code": 1}, "departement": {"nom": "DAKAR", "code": 11}, "commune": {"nom": "DAKAR", "code": 11301}, "communaute_rurale": {"nom": "DAKAR PLATEAU", "code": 1130112}, "quartier_village": "SANDIAL", "milieu": "URBAIN", "thematique": null, "type_qvh": null}}, {"type": "Feature", "geometry": {"type": "Point", "coordinates": [-17.430538, 14.668831]}, "properties": {"id": "parking-96", "type": "parking", "type_label": "Parking", "nom": "PARKING RESERVE 1", "region": {"nom": "DAKAR", "code": 1}, "departement": {"nom": "DAKAR", "code": 11}, "commune": {"nom": "DAKAR", "code": 11301}, "communaute_rurale": {"nom": "DAKAR PLATEAU", "code": 1130112}, "quartier_village": "SANDIAL", "milieu": "URBAIN", "thematique": null, "type_qvh": null}}, {"type": "Feature", "geometry": {"type": "Point", "coordinates": [-17.439845, 14.667348]}, "properties": {"id": "parking-97", "type": "parking", "type_label": "Parking", "nom": "PARKING HETEL LE NDIAMBOUR", "region": {"nom": "DAKAR", "code": 1}, "departement": {"nom": "DAKAR", "code": 11}, "commune": {"nom": "DAKAR", "code": 11301}, "communaute_rurale": {"nom": "DAKAR PLATEAU", "code": 1130112}, "quartier_village": "HOCK SANS FILS", "milieu": "URBAIN", "thematique": null, "type_qvh": null}}, {"type": "Feature", "geometry": {"type": "Point", "coordinates": [-17.43337, 14.666958]}, "properties": {"id": "parking-98", "type": "parking", "type_label": "Parking", "nom": "PARKING", "region": {"nom": "DAKAR", "code": 1}, "departement": {"nom": "DAKAR", "code": 11}, "commune": {"nom": "DAKAR", "code": 11301}, "communaute_rurale": {"nom": "DAKAR PLATEAU", "code": 1130112}, "quartier_village": "SANDIAL", "milieu": "URBAIN", "thematique": null, "type_qvh": null}}, {"type": "Feature", "geometry": {"type": "Point", "coordinates": [-17.435693, 14.664317]}, "properties": {"id": "parking-99", "type": "parking", "type_label": "Parking", "nom": "PARKING", "region": {"nom": "DAKAR", "code": 1}, "departement": {"nom": "DAKAR", "code": 11}, "commune": {"nom": "DAKAR", "code": 11301}, "communaute_rurale": {"nom": "DAKAR PLATEAU", "code": 1130112}, "quartier_village": "LAMBINASSE", "milieu": "URBAIN", "thematique": null, "type_qvh": null}}, {"type": "Feature", "geometry": {"type": "Point", "coordinates": [-17.432422, 14.674259]}, "properties": {"id": "parking-100", "type": "parking", "type_label": "Parking", "nom": "Parking", "region": {"nom": "DAKAR", "code": 1}, "departement": {"nom": "DAKAR", "code": 11}, "commune": {"nom": "DAKAR", "code": 11301}, "communaute_rurale": {"nom": "DAKAR PLATEAU", "code": 1130112}, "quartier_village": "SANDIAL", "milieu": "URBAIN", "thematique": null, "type_qvh": null}}, {"type": "Feature", "geometry": {"type": "Point", "coordinates": [-17.434199, 14.668226]}, "properties": {"id": "parking-101", "type": "parking", "type_label": "Parking", "nom": "PARKING", "region": {"nom": "DAKAR", "code": 1}, "departement": {"nom": "DAKAR", "code": 11}, "commune": {"nom": "DAKAR", "code": 11301}, "communaute_rurale": {"nom": "DAKAR PLATEAU", "code": 1130112}, "quartier_village": "SANDIAL", "milieu": "URBAIN", "thematique": null, "type_qvh": null}}, {"type": "Feature", "geometry": {"type": "Point", "coordinates": [-17.436316, 14.666907]}, "properties": {"id": "parking-102", "type": "parking", "type_label": "Parking", "nom": "PARKING", "region": {"nom": "DAKAR", "code": 1}, "departement": {"nom": "DAKAR", "code": 11}, "commune": {"nom": "DAKAR", "code": 11301}, "communaute_rurale": {"nom": "DAKAR PLATEAU", "code": 1130112}, "quartier_village": "LAMBINASSE", "milieu": "URBAIN", "thematique": null, "type_qvh": null}}, {"type": "Feature", "geometry": {"type": "Point", "coordinates": [-17.429646, 14.671462]}, "properties": {"id": "parking-103", "type": "parking", "type_label": "Parking", "nom": "PARKING", "region": {"nom": "DAKAR", "code": 1}, "departement": {"nom": "DAKAR", "code": 11}, "commune": {"nom": "DAKAR", "code": 11301}, "communaute_rurale": {"nom": "DAKAR PLATEAU", "code": 1130112}, "quartier_village": "SANDIAL", "milieu": "URBAIN", "thematique": null, "type_qvh": null}}, {"type": "Feature", "geometry": {"type": "Point", "coordinates": [-17.428939, 14.671584]}, "properties": {"id": "parking-104", "type": "parking", "type_label": "Parking", "nom": "PARKING GRANDE POSTE", "region": {"nom": "DAKAR", "code": 1}, "departement": {"nom": "DAKAR", "code": 11}, "commune": {"nom": "DAKAR", "code": 11301}, "communaute_rurale": {"nom": "DAKAR PLATEAU", "code": 1130112}, "quartier_village": "SANDIAL", "milieu": "URBAIN", "thematique": null, "type_qvh": null}}, {"type": "Feature", "geometry": {"type": "Point", "coordinates": [-17.43377, 14.673808]}, "properties": {"id": "parking-105", "type": "parking", "type_label": "Parking", "nom": "PARKING", "region": {"nom": "DAKAR", "code": 1}, "departement": {"nom": "DAKAR", "code": 11}, "commune": {"nom": "DAKAR", "code": 11301}, "communaute_rurale": {"nom": "DAKAR PLATEAU", "code": 1130112}, "quartier_village": "SANDIAL", "milieu": "URBAIN", "thematique": null, "type_qvh": null}}, {"type": "Feature", "geometry": {"type": "Point", "coordinates": [-17.434462, 14.672721]}, "properties": {"id": "parking-106", "type": "parking", "type_label": "Parking", "nom": "PARKING SENELEC", "region": {"nom": "DAKAR", "code": 1}, "departement": {"nom": "DAKAR", "code": 11}, "commune": {"nom": "DAKAR", "code": 11301}, "communaute_rurale": {"nom": "DAKAR PLATEAU", "code": 1130112}, "quartier_village": "SANDIAL", "milieu": "URBAIN", "thematique": null, "type_qvh": null}}, {"type": "Feature", "geometry": {"type": "Point", "coordinates": [-17.431029, 14.669246]}, "properties": {"id": "parking-107", "type": "parking", "type_label": "Parking", "nom": "PARKING SDV", "region": {"nom": "DAKAR", "code": 1}, "departement": {"nom": "DAKAR", "code": 11}, "commune": {"nom": "DAKAR", "code": 11301}, "communaute_rurale": {"nom": "DAKAR PLATEAU", "code": 1130112}, "quartier_village": "SANDIAL", "milieu": "URBAIN", "thematique": null, "type_qvh": null}}, {"type": "Feature", "geometry": {"type": "Point", "coordinates": [-17.433124, 14.65109]}, "properties": {"id": "parking-108", "type": "parking", "type_label": "Parking", "nom": "PARKING DAKAR DEM DIKK", "region": {"nom": "DAKAR", "code": 1}, "departement": {"nom": "DAKAR", "code": 11}, "commune": {"nom": "DAKAR", "code": 11301}, "communaute_rurale": {"nom": "DAKAR PLATEAU", "code": 1130112}, "quartier_village": "HOCK SANS FILS", "milieu": "URBAIN", "thematique": null, "type_qvh": null}}, {"type": "Feature", "geometry": {"type": "Point", "coordinates": [-17.431217, 14.669019]}, "properties": {"id": "parking-109", "type": "parking", "type_label": "Parking", "nom": "PARKING", "region": {"nom": "DAKAR", "code": 1}, "departement": {"nom": "DAKAR", "code": 11}, "commune": {"nom": "DAKAR", "code": 11301}, "communaute_rurale": {"nom": "DAKAR PLATEAU", "code": 1130112}, "quartier_village": "SANDIAL", "milieu": "URBAIN", "thematique": null, "type_qvh": null}}, {"type": "Feature", "geometry": {"type": "Point", "coordinates": [-17.441241, 14.668301]}, "properties": {"id": "parking-110", "type": "parking", "type_label": "Parking", "nom": "Parking", "region": {"nom": "DAKAR", "code": 1}, "departement": {"nom": "DAKAR", "code": 11}, "commune": {"nom": "DAKAR", "code": 11301}, "communaute_rurale": {"nom": "DAKAR PLATEAU", "code": 1130112}, "quartier_village": "HOCK SANS FILS", "milieu": "URBAIN", "thematique": null, "type_qvh": null}}, {"type": "Feature", "geometry": {"type": "Point", "coordinates": [-17.439582, 14.668486]}, "properties": {"id": "parking-111", "type": "parking", "type_label": "Parking", "nom": "Parking", "region": {"nom": "DAKAR", "code": 1}, "departement": {"nom": "DAKAR", "code": 11}, "commune": {"nom": "DAKAR", "code": 11301}, "communaute_rurale": {"nom": "DAKAR PLATEAU", "code": 1130112}, "quartier_village": "HOCK SANS FILS", "milieu": "URBAIN", "thematique": null, "type_qvh": null}}, {"type": "Feature", "geometry": {"type": "Point", "coordinates": [-17.439178, 14.668898]}, "properties": {"id": "parking-112", "type": "parking", "type_label": "Parking", "nom": "PARKING", "region": {"nom": "DAKAR", "code": 1}, "departement": {"nom": "DAKAR", "code": 11}, "commune": {"nom": "DAKAR", "code": 11301}, "communaute_rurale": {"nom": "DAKAR PLATEAU", "code": 1130112}, "quartier_village": "HOCK SANS FILS", "milieu": "URBAIN", "thematique": null, "type_qvh": null}}, {"type": "Feature", "geometry": {"type": "Point", "coordinates": [-17.4432, 14.675075]}, "properties": {"id": "parking-113", "type": "parking", "type_label": "Parking", "nom": "PARKING ORCA", "region": {"nom": "DAKAR", "code": 1}, "departement": {"nom": "DAKAR", "code": 11}, "commune": {"nom": "DAKAR", "code": 11301}, "communaute_rurale": {"nom": "DAKAR PLATEAU", "code": 1130112}, "quartier_village": "PETERSEN", "milieu": "URBAIN", "thematique": null, "type_qvh": null}}, {"type": "Feature", "geometry": {"type": "Point", "coordinates": [-17.435649, 14.666677]}, "properties": {"id": "parking-114", "type": "parking", "type_label": "Parking", "nom": "PARKING AUTOS", "region": {"nom": "DAKAR", "code": 1}, "departement": {"nom": "DAKAR", "code": 11}, "commune": {"nom": "DAKAR", "code": 11301}, "communaute_rurale": {"nom": "DAKAR PLATEAU", "code": 1130112}, "quartier_village": "LAMBINASSE", "milieu": "URBAIN", "thematique": null, "type_qvh": null}}, {"type": "Feature", "geometry": {"type": "Point", "coordinates": [-17.435289, 14.674312]}, "properties": {"id": "parking-115", "type": "parking", "type_label": "Parking", "nom": "PARKING", "region": {"nom": "DAKAR", "code": 1}, "departement": {"nom": "DAKAR", "code": 11}, "commune": {"nom": "DAKAR", "code": 11301}, "communaute_rurale": {"nom": "DAKAR PLATEAU", "code": 1130112}, "quartier_village": "DAROU SALAM I", "milieu": "URBAIN", "thematique": null, "type_qvh": null}}, {"type": "Feature", "geometry": {"type": "Point", "coordinates": [-17.434889, 14.674552]}, "properties": {"id": "parking-116", "type": "parking", "type_label": "Parking", "nom": "PARKING", "region": {"nom": "DAKAR", "code": 1}, "departement": {"nom": "DAKAR", "code": 11}, "commune": {"nom": "DAKAR", "code": 11301}, "communaute_rurale": {"nom": "DAKAR PLATEAU", "code": 1130112}, "quartier_village": "DAROU SALAM I", "milieu": "URBAIN", "thematique": null, "type_qvh": null}}, {"type": "Feature", "geometry": {"type": "Point", "coordinates": [-17.434366, 14.67389]}, "properties": {"id": "parking-117", "type": "parking", "type_label": "Parking", "nom": "PARKING", "region": {"nom": "DAKAR", "code": 1}, "departement": {"nom": "DAKAR", "code": 11}, "commune": {"nom": "DAKAR", "code": 11301}, "communaute_rurale": {"nom": "DAKAR PLATEAU", "code": 1130112}, "quartier_village": "DAROU SALAM I", "milieu": "URBAIN", "thematique": null, "type_qvh": null}}, {"type": "Feature", "geometry": {"type": "Point", "coordinates": [-17.435458, 14.67114]}, "properties": {"id": "parking-118", "type": "parking", "type_label": "Parking", "nom": "PARQUING", "region": {"nom": "DAKAR", "code": 1}, "departement": {"nom": "DAKAR", "code": 11}, "commune": {"nom": "DAKAR", "code": 11301}, "communaute_rurale": {"nom": "DAKAR PLATEAU", "code": 1130112}, "quartier_village": "DIECKO", "milieu": "URBAIN", "thematique": null, "type_qvh": null}}, {"type": "Feature", "geometry": {"type": "Point", "coordinates": [-17.439841, 14.675719]}, "properties": {"id": "parking-119", "type": "parking", "type_label": "Parking", "nom": "Parking", "region": {"nom": "DAKAR", "code": 1}, "departement": {"nom": "DAKAR", "code": 11}, "commune": {"nom": "DAKAR", "code": 11301}, "communaute_rurale": {"nom": "DAKAR PLATEAU", "code": 1130112}, "quartier_village": "YAKHA DIEUF", "milieu": "URBAIN", "thematique": null, "type_qvh": null}}, {"type": "Feature", "geometry": {"type": "Point", "coordinates": [-17.45779, 14.734915]}, "properties": {"id": "parking-120", "type": "parking", "type_label": "Parking", "nom": "Parking auto", "region": {"nom": "DAKAR", "code": 1}, "departement": {"nom": "DAKAR", "code": 11}, "commune": {"nom": "DAKAR", "code": 11301}, "communaute_rurale": {"nom": "GRAND YOFF", "code": 1130141}, "quartier_village": "SCAT URBAM (CITE CONACHAP)", "milieu": "URBAIN", "thematique": null, "type_qvh": null}}, {"type": "Feature", "geometry": {"type": "Point", "coordinates": [-17.460389, 14.745381]}, "properties": {"id": "parking-121", "type": "parking", "type_label": "Parking", "nom": "Parking autos", "region": {"nom": "DAKAR", "code": 1}, "departement": {"nom": "DAKAR", "code": 11}, "commune": {"nom": "DAKAR", "code": 11301}, "communaute_rurale": {"nom": "GRAND YOFF", "code": 1130141}, "quartier_village": "CICES EST", "milieu": "URBAIN", "thematique": null, "type_qvh": null}}, {"type": "Feature", "geometry": {"type": "Point", "coordinates": [-17.468189, 14.73981]}, "properties": {"id": "parking-122", "type": "parking", "type_label": "Parking", "nom": "PARKING PALENE AUTO", "region": {"nom": "DAKAR", "code": 1}, "departement": {"nom": "DAKAR", "code": 11}, "commune": {"nom": "DAKAR", "code": 11301}, "communaute_rurale": {"nom": "GRAND YOFF", "code": 1130141}, "quartier_village": "CITE SIPRES I", "milieu": "URBAIN", "thematique": null, "type_qvh": null}}, {"type": "Feature", "geometry": {"type": "Point", "coordinates": [-17.457884, 14.738677]}, "properties": {"id": "parking-123", "type": "parking", "type_label": "Parking", "nom": "PARKING", "region": {"nom": "DAKAR", "code": 1}, "departement": {"nom": "DAKAR", "code": 11}, "commune": {"nom": "DAKAR", "code": 11301}, "communaute_rurale": {"nom": "GRAND YOFF", "code": 1130141}, "quartier_village": "SCAT URBAM (ILOT H)", "milieu": "URBAIN", "thematique": null, "type_qvh": null}}, {"type": "Feature", "geometry": {"type": "Point", "coordinates": [-17.471583, 14.738601]}, "properties": {"id": "parking-124", "type": "parking", "type_label": "Parking", "nom": "PARKING", "region": {"nom": "DAKAR", "code": 1}, "departement": {"nom": "DAKAR", "code": 11}, "commune": {"nom": "DAKAR", "code": 11301}, "communaute_rurale": {"nom": "GRAND YOFF", "code": 1130141}, "quartier_village": "CITE SIPRES II SICA", "milieu": "URBAIN", "thematique": null, "type_qvh": null}}, {"type": "Feature", "geometry": {"type": "Point", "coordinates": [-17.47142, 14.739433]}, "properties": {"id": "parking-125", "type": "parking", "type_label": "Parking", "nom": "PARKING", "region": {"nom": "DAKAR", "code": 1}, "departement": {"nom": "DAKAR", "code": 11}, "commune": {"nom": "DAKAR", "code": 11301}, "communaute_rurale": {"nom": "GRAND YOFF", "code": 1130141}, "quartier_village": "CITE SIPRES II SICA", "milieu": "URBAIN", "thematique": null, "type_qvh": null}}, {"type": "Feature", "geometry": {"type": "Point", "coordinates": [-17.471361, 14.739893]}, "properties": {"id": "parking-126", "type": "parking", "type_label": "Parking", "nom": "PARKING", "region": {"nom": "DAKAR", "code": 1}, "departement": {"nom": "DAKAR", "code": 11}, "commune": {"nom": "DAKAR", "code": 11301}, "communaute_rurale": {"nom": "GRAND YOFF", "code": 1130141}, "quartier_village": "CITE SIPRES II SICA", "milieu": "URBAIN", "thematique": null, "type_qvh": null}}, {"type": "Feature", "geometry": {"type": "Point", "coordinates": [-17.471153, 14.73982]}, "properties": {"id": "parking-127", "type": "parking", "type_label": "Parking", "nom": "PARKING", "region": {"nom": "DAKAR", "code": 1}, "departement": {"nom": "DAKAR", "code": 11}, "commune": {"nom": "DAKAR", "code": 11301}, "communaute_rurale": {"nom": "GRAND YOFF", "code": 1130141}, "quartier_village": "CITE SIPRES II SICA", "milieu": "URBAIN", "thematique": null, "type_qvh": null}}, {"type": "Feature", "geometry": {"type": "Point", "coordinates": [-17.47086, 14.739934]}, "properties": {"id": "parking-128", "type": "parking", "type_label": "Parking", "nom": "PARKING WAKEUR NABY", "region": {"nom": "DAKAR", "code": 1}, "departement": {"nom": "DAKAR", "code": 11}, "commune": {"nom": "DAKAR", "code": 11301}, "communaute_rurale": {"nom": "GRAND YOFF", "code": 1130141}, "quartier_village": "CITE SIPRES II SICA", "milieu": "URBAIN", "thematique": null, "type_qvh": null}}, {"type": "Feature", "geometry": {"type": "Point", "coordinates": [-17.471965, 14.737555]}, "properties": {"id": "parking-129", "type": "parking", "type_label": "Parking", "nom": "PARKING", "region": {"nom": "DAKAR", "code": 1}, "departement": {"nom": "DAKAR", "code": 11}, "commune": {"nom": "DAKAR", "code": 11301}, "communaute_rurale": {"nom": "GRAND YOFF", "code": 1130141}, "quartier_village": "CITE CPI", "milieu": "URBAIN", "thematique": null, "type_qvh": null}}, {"type": "Feature", "geometry": {"type": "Point", "coordinates": [-17.459448, 14.704855]}, "properties": {"id": "parking-130", "type": "parking", "type_label": "Parking", "nom": "PARKING", "region": {"nom": "DAKAR", "code": 1}, "departement": {"nom": "DAKAR", "code": 11}, "commune": {"nom": "DAKAR", "code": 11301}, "communaute_rurale": {"nom": "FANN POINT E AMITIE", "code": 1130115}, "quartier_village": "SICAP RUE X", "milieu": "URBAIN", "thematique": null, "type_qvh": null}}, {"type": "Feature", "geometry": {"type": "Point", "coordinates": [-17.458602, 14.704471]}, "properties": {"id": "parking-131", "type": "parking", "type_label": "Parking", "nom": "PARKING", "region": {"nom": "DAKAR", "code": 1}, "departement": {"nom": "DAKAR", "code": 11}, "commune": {"nom": "DAKAR", "code": 11301}, "communaute_rurale": {"nom": "FANN POINT E AMITIE", "code": 1130115}, "quartier_village": "SICAP RUE X", "milieu": "URBAIN", "thematique": null, "type_qvh": null}}, {"type": "Feature", "geometry": {"type": "Point", "coordinates": [-17.459125, 14.704178]}, "properties": {"id": "parking-132", "type": "parking", "type_label": "Parking", "nom": "PARKING", "region": {"nom": "DAKAR", "code": 1}, "departement": {"nom": "DAKAR", "code": 11}, "commune": {"nom": "DAKAR", "code": 11301}, "communaute_rurale": {"nom": "FANN POINT E AMITIE", "code": 1130115}, "quartier_village": "SICAP RUE X", "milieu": "URBAIN", "thematique": null, "type_qvh": null}}, {"type": "Feature", "geometry": {"type": "Point", "coordinates": [-17.459176, 14.704136]}, "properties": {"id": "parking-133", "type": "parking", "type_label": "Parking", "nom": "PARKING", "region": {"nom": "DAKAR", "code": 1}, "departement": {"nom": "DAKAR", "code": 11}, "commune": {"nom": "DAKAR", "code": 11301}, "communaute_rurale": {"nom": "FANN POINT E AMITIE", "code": 1130115}, "quartier_village": "SICAP RUE X", "milieu": "URBAIN", "thematique": null, "type_qvh": null}}, {"type": "Feature", "geometry": {"type": "Point", "coordinates": [-17.459339, 14.703992]}, "properties": {"id": "parking-134", "type": "parking", "type_label": "Parking", "nom": "PARKING", "region": {"nom": "DAKAR", "code": 1}, "departement": {"nom": "DAKAR", "code": 11}, "commune": {"nom": "DAKAR", "code": 11301}, "communaute_rurale": {"nom": "FANN POINT E AMITIE", "code": 1130115}, "quartier_village": "SICAP RUE X", "milieu": "URBAIN", "thematique": null, "type_qvh": null}}, {"type": "Feature", "geometry": {"type": "Point", "coordinates": [-17.458508, 14.704553]}, "properties": {"id": "parking-135", "type": "parking", "type_label": "Parking", "nom": "PARKING", "region": {"nom": "DAKAR", "code": 1}, "departement": {"nom": "DAKAR", "code": 11}, "commune": {"nom": "DAKAR", "code": 11301}, "communaute_rurale": {"nom": "FANN POINT E AMITIE", "code": 1130115}, "quartier_village": "SICAP RUE X", "milieu": "URBAIN", "thematique": null, "type_qvh": null}}, {"type": "Feature", "geometry": {"type": "Point", "coordinates": [-17.458705, 14.704384]}, "properties": {"id": "parking-136", "type": "parking", "type_label": "Parking", "nom": "PARKING", "region": {"nom": "DAKAR", "code": 1}, "departement": {"nom": "DAKAR", "code": 11}, "commune": {"nom": "DAKAR", "code": 11301}, "communaute_rurale": {"nom": "FANN POINT E AMITIE", "code": 1130115}, "quartier_village": "SICAP RUE X", "milieu": "URBAIN", "thematique": null, "type_qvh": null}}, {"type": "Feature", "geometry": {"type": "Point", "coordinates": [-17.454317, 14.699874]}, "properties": {"id": "parking-137", "type": "parking", "type_label": "Parking", "nom": "PARKING", "region": {"nom": "DAKAR", "code": 1}, "departement": {"nom": "DAKAR", "code": 11}, "commune": {"nom": "DAKAR", "code": 11301}, "communaute_rurale": {"nom": "FANN POINT E AMITIE", "code": 1130115}, "quartier_village": "ZONE B  BALLON", "milieu": "URBAIN", "thematique": null, "type_qvh": null}}, {"type": "Feature", "geometry": {"type": "Point", "coordinates": [-17.462807, 14.700799]}, "properties": {"id": "parking-138", "type": "parking", "type_label": "Parking", "nom": "PARKING", "region": {"nom": "DAKAR", "code": 1}, "departement": {"nom": "DAKAR", "code": 11}, "commune": {"nom": "DAKAR", "code": 11301}, "communaute_rurale": {"nom": "FANN POINT E AMITIE", "code": 1130115}, "quartier_village": "POINT E", "milieu": "URBAIN", "thematique": null, "type_qvh": null}}, {"type": "Feature", "geometry": {"type": "Point", "coordinates": [-17.45847, 14.697446]}, "properties": {"id": "parking-139", "type": "parking", "type_label": "Parking", "nom": "PARKING", "region": {"nom": "DAKAR", "code": 1}, "departement": {"nom": "DAKAR", "code": 11}, "commune": {"nom": "DAKAR", "code": 11301}, "communaute_rurale": {"nom": "FANN POINT E AMITIE", "code": 1130115}, "quartier_village": "POINT E", "milieu": "URBAIN", "thematique": null, "type_qvh": null}}, {"type": "Feature", "geometry": {"type": "Point", "coordinates": [-17.459785, 14.697664]}, "properties": {"id": "parking-140", "type": "parking", "type_label": "Parking", "nom": "PARKING", "region": {"nom": "DAKAR", "code": 1}, "departement": {"nom": "DAKAR", "code": 11}, "commune": {"nom": "DAKAR", "code": 11301}, "communaute_rurale": {"nom": "FANN POINT E AMITIE", "code": 1130115}, "quartier_village": "POINT E", "milieu": "URBAIN", "thematique": null, "type_qvh": null}}, {"type": "Feature", "geometry": {"type": "Point", "coordinates": [-17.462727, 14.700663]}, "properties": {"id": "parking-141", "type": "parking", "type_label": "Parking", "nom": "PARKING", "region": {"nom": "DAKAR", "code": 1}, "departement": {"nom": "DAKAR", "code": 11}, "commune": {"nom": "DAKAR", "code": 11301}, "communaute_rurale": {"nom": "FANN POINT E AMITIE", "code": 1130115}, "quartier_village": "POINT E", "milieu": "URBAIN", "thematique": null, "type_qvh": null}}, {"type": "Feature", "geometry": {"type": "Point", "coordinates": [-17.459794, 14.706322]}, "properties": {"id": "parking-142", "type": "parking", "type_label": "Parking", "nom": "PARKING NON PAYANT", "region": {"nom": "DAKAR", "code": 1}, "departement": {"nom": "DAKAR", "code": 11}, "commune": {"nom": "DAKAR", "code": 11301}, "communaute_rurale": {"nom": "FANN POINT E AMITIE", "code": 1130115}, "quartier_village": "AMITIE I", "milieu": "URBAIN", "thematique": null, "type_qvh": null}}, {"type": "Feature", "geometry": {"type": "Point", "coordinates": [-17.469736, 14.699218]}, "properties": {"id": "parking-143", "type": "parking", "type_label": "Parking", "nom": "PARKING", "region": {"nom": "DAKAR", "code": 1}, "departement": {"nom": "DAKAR", "code": 11}, "commune": {"nom": "DAKAR", "code": 11301}, "communaute_rurale": {"nom": "FANN POINT E AMITIE", "code": 1130115}, "quartier_village": "FANN RESIDENCE", "milieu": "URBAIN", "thematique": null, "type_qvh": null}}, {"type": "Feature", "geometry": {"type": "Point", "coordinates": [-17.459222, 14.705068]}, "properties": {"id": "parking-144", "type": "parking", "type_label": "Parking", "nom": "PARKING", "region": {"nom": "DAKAR", "code": 1}, "departement": {"nom": "DAKAR", "code": 11}, "commune": {"nom": "DAKAR", "code": 11301}, "communaute_rurale": {"nom": "FANN POINT E AMITIE", "code": 1130115}, "quartier_village": "SICAP RUE X", "milieu": "URBAIN", "thematique": null, "type_qvh": null}}, {"type": "Feature", "geometry": {"type": "Point", "coordinates": [-17.459721, 14.704414]}, "properties": {"id": "parking-145", "type": "parking", "type_label": "Parking", "nom": "PARKING", "region": {"nom": "DAKAR", "code": 1}, "departement": {"nom": "DAKAR", "code": 11}, "commune": {"nom": "DAKAR", "code": 11301}, "communaute_rurale": {"nom": "FANN POINT E AMITIE", "code": 1130115}, "quartier_village": "SICAP RUE X", "milieu": "URBAIN", "thematique": null, "type_qvh": null}}, {"type": "Feature", "geometry": {"type": "Point", "coordinates": [-17.459588, 14.704543]}, "properties": {"id": "parking-146", "type": "parking", "type_label": "Parking", "nom": "PARKING", "region": {"nom": "DAKAR", "code": 1}, "departement": {"nom": "DAKAR", "code": 11}, "commune": {"nom": "DAKAR", "code": 11301}, "communaute_rurale": {"nom": "FANN POINT E AMITIE", "code": 1130115}, "quartier_village": "SICAP RUE X", "milieu": "URBAIN", "thematique": null, "type_qvh": null}}, {"type": "Feature", "geometry": {"type": "Point", "coordinates": [-17.467562, 14.695824]}, "properties": {"id": "parking-147", "type": "parking", "type_label": "Parking", "nom": "PARKING", "region": {"nom": "DAKAR", "code": 1}, "departement": {"nom": "DAKAR", "code": 11}, "commune": {"nom": "DAKAR", "code": 11301}, "communaute_rurale": {"nom": "FANN POINT E AMITIE", "code": 1130115}, "quartier_village": "FANN RESIDENCE", "milieu": "URBAIN", "thematique": null, "type_qvh": null}}, {"type": "Feature", "geometry": {"type": "Point", "coordinates": [-17.467965, 14.696559]}, "properties": {"id": "parking-148", "type": "parking", "type_label": "Parking", "nom": "PARKING", "region": {"nom": "DAKAR", "code": 1}, "departement": {"nom": "DAKAR", "code": 11}, "commune": {"nom": "DAKAR", "code": 11301}, "communaute_rurale": {"nom": "FANN POINT E AMITIE", "code": 1130115}, "quartier_village": "FANN RESIDENCE", "milieu": "URBAIN", "thematique": null, "type_qvh": null}}, {"type": "Feature", "geometry": {"type": "Point", "coordinates": [-17.458912, 14.705381]}, "properties": {"id": "parking-149", "type": "parking", "type_label": "Parking", "nom": "PARKING", "region": {"nom": "DAKAR", "code": 1}, "departement": {"nom": "DAKAR", "code": 11}, "commune": {"nom": "DAKAR", "code": 11301}, "communaute_rurale": {"nom": "FANN POINT E AMITIE", "code": 1130115}, "quartier_village": "SICAP RUE X", "milieu": "URBAIN", "thematique": null, "type_qvh": null}}, {"type": "Feature", "geometry": {"type": "Point", "coordinates": [-17.451509, 14.697963]}, "properties": {"id": "parking-150", "type": "parking", "type_label": "Parking", "nom": "PARKING CAMION", "region": {"nom": "DAKAR", "code": 1}, "departement": {"nom": "DAKAR", "code": 11}, "commune": {"nom": "DAKAR", "code": 11301}, "communaute_rurale": {"nom": "GRAND DAKAR", "code": 1130121}, "quartier_village": "GRAND DAKAR VII B (ZONE A)", "milieu": "URBAIN", "thematique": null, "type_qvh": null}}, {"type": "Feature", "geometry": {"type": "Point", "coordinates": [-17.438715, 14.728668]}, "properties": {"id": "parking-151", "type": "parking", "type_label": "Parking", "nom": "PARKING", "region": {"nom": "DAKAR", "code": 1}, "departement": {"nom": "DAKAR", "code": 11}, "commune": {"nom": "GRAND DAKAR", "code": 11301}, "communaute_rurale": {"nom": "HANN BEL AIR", "code": 1130124}, "quartier_village": "CITE SANDIAL", "milieu": "URBAIN", "thematique": null, "type_qvh": null}}, {"type": "Feature", "geometry": {"type": "Point", "coordinates": [-17.440315, 14.695035]}, "properties": {"id": "parking-152", "type": "parking", "type_label": "Parking", "nom": "Parking Africa Chips Senegal", "region": {"nom": "DAKAR", "code": 1}, "departement": {"nom": "DAKAR", "code": 11}, "commune": {"nom": "GRAND DAKAR", "code": 11301}, "communaute_rurale": {"nom": "HANN BEL AIR", "code": 1130124}, "quartier_village": "PORT", "milieu": "URBAIN", "thematique": null, "type_qvh": null}}, {"type": "Feature", "geometry": {"type": "Point", "coordinates": [-17.433459, 14.734918]}, "properties": {"id": "parking-153", "type": "parking", "type_label": "Parking", "nom": "PARKING", "region": {"nom": "DAKAR", "code": 1}, "departement": {"nom": "DAKAR", "code": 11}, "commune": {"nom": "GRAND DAKAR", "code": 11301}, "communaute_rurale": {"nom": "HANN BEL AIR", "code": 1130124}, "quartier_village": "CITE SCAT URBAM MARISTE II", "milieu": "URBAIN", "thematique": null, "type_qvh": null}}, {"type": "Feature", "geometry": {"type": "Point", "coordinates": [-17.42263, 14.736556]}, "properties": {"id": "parking-154", "type": "parking", "type_label": "Parking", "nom": "PARKING", "region": {"nom": "DAKAR", "code": 1}, "departement": {"nom": "DAKAR", "code": 11}, "commune": {"nom": "GRAND DAKAR", "code": 11301}, "communaute_rurale": {"nom": "HANN BEL AIR", "code": 1130124}, "quartier_village": "CITE SCAT URBAM MARISTE I", "milieu": "URBAIN", "thematique": null, "type_qvh": null}}, {"type": "Feature", "geometry": {"type": "Point", "coordinates": [-17.439215, 14.73512]}, "properties": {"id": "parking-155", "type": "parking", "type_label": "Parking", "nom": "PARKING AUTOMOBILES", "region": {"nom": "DAKAR", "code": 1}, "departement": {"nom": "DAKAR", "code": 11}, "commune": {"nom": "GRAND DAKAR", "code": 11301}, "communaute_rurale": {"nom": "HANN BEL AIR", "code": 1130124}, "quartier_village": "HANN MARISTE", "milieu": "URBAIN", "thematique": null, "type_qvh": null}}, {"type": "Feature", "geometry": {"type": "Point", "coordinates": [-17.437072, 14.713996]}, "properties": {"id": "parking-156", "type": "parking", "type_label": "Parking", "nom": "Parking Sebo", "region": {"nom": "DAKAR", "code": 1}, "departement": {"nom": "DAKAR", "code": 11}, "commune": {"nom": "GRAND DAKAR", "code": 11301}, "communaute_rurale": {"nom": "HANN BEL AIR", "code": 1130124}, "quartier_village": "POTOU", "milieu": "URBAIN", "thematique": null, "type_qvh": null}}, {"type": "Feature", "geometry": {"type": "Point", "coordinates": [-17.438509, 14.700024]}, "properties": {"id": "parking-157", "type": "parking", "type_label": "Parking", "nom": "Parking Mercus Log", "region": {"nom": "DAKAR", "code": 1}, "departement": {"nom": "DAKAR", "code": 11}, "commune": {"nom": "GRAND DAKAR", "code": 11301}, "communaute_rurale": {"nom": "HANN BEL AIR", "code": 1130124}, "quartier_village": "POTOU", "milieu": "URBAIN", "thematique": null, "type_qvh": null}}, {"type": "Feature", "geometry": {"type": "Point", "coordinates": [-17.434814, 14.694119]}, "properties": {"id": "parking-158", "type": "parking", "type_label": "Parking", "nom": "Parking", "region": {"nom": "DAKAR", "code": 1}, "departement": {"nom": "DAKAR", "code": 11}, "commune": {"nom": "GRAND DAKAR", "code": 11301}, "communaute_rurale": {"nom": "HANN BEL AIR", "code": 1130124}, "quartier_village": "PORT", "milieu": "URBAIN", "thematique": null, "type_qvh": null}}, {"type": "Feature", "geometry": {"type": "Point", "coordinates": [-17.43653, 14.696573]}, "properties": {"id": "parking-159", "type": "parking", "type_label": "Parking", "nom": "Parking", "region": {"nom": "DAKAR", "code": 1}, "departement": {"nom": "DAKAR", "code": 11}, "commune": {"nom": "GRAND DAKAR", "code": 11301}, "communaute_rurale": {"nom": "HANN BEL AIR", "code": 1130124}, "quartier_village": "PORT", "milieu": "URBAIN", "thematique": null, "type_qvh": null}}, {"type": "Feature", "geometry": {"type": "Point", "coordinates": [-17.437605, 14.733268]}, "properties": {"id": "parking-160", "type": "parking", "type_label": "Parking", "nom": "PARKING AUTOMOBILE  GARAGE", "region": {"nom": "DAKAR", "code": 1}, "departement": {"nom": "DAKAR", "code": 11}, "commune": {"nom": "GRAND DAKAR", "code": 11301}, "communaute_rurale": {"nom": "HANN BEL AIR", "code": 1130124}, "quartier_village": "HANN MARISTE", "milieu": "URBAIN", "thematique": null, "type_qvh": null}}, {"type": "Feature", "geometry": {"type": "Point", "coordinates": [-17.42327, 14.730714]}, "properties": {"id": "parking-161", "type": "parking", "type_label": "Parking", "nom": "HANGAR CONSTRUIT ET NON ENCORE OUVERT", "region": {"nom": "DAKAR", "code": 1}, "departement": {"nom": "DAKAR", "code": 11}, "commune": {"nom": "GRAND DAKAR", "code": 11301}, "communaute_rurale": {"nom": "HANN BEL AIR", "code": 1130124}, "quartier_village": "HANN MONTAGNE V A", "milieu": "URBAIN", "thematique": null, "type_qvh": null}}, {"type": "Feature", "geometry": {"type": "Point", "coordinates": [-17.436771, 14.694588]}, "properties": {"id": "parking-162", "type": "parking", "type_label": "Parking", "nom": "Parking", "region": {"nom": "DAKAR", "code": 1}, "departement": {"nom": "DAKAR", "code": 11}, "commune": {"nom": "GRAND DAKAR", "code": 11301}, "communaute_rurale": {"nom": "HANN BEL AIR", "code": 1130124}, "quartier_village": "PORT", "milieu": "URBAIN", "thematique": null, "type_qvh": null}}, {"type": "Feature", "geometry": {"type": "Point", "coordinates": [-17.436241, 14.737783]}, "properties": {"id": "parking-163", "type": "parking", "type_label": "Parking", "nom": "PARKING AUCHAN", "region": {"nom": "DAKAR", "code": 1}, "departement": {"nom": "DAKAR", "code": 11}, "commune": {"nom": "GRAND DAKAR", "code": 11301}, "communaute_rurale": {"nom": "HANN BEL AIR", "code": 1130124}, "quartier_village": "CITE SCAT URBAM MARISTE II", "milieu": "URBAIN", "thematique": null, "type_qvh": null}}, {"type": "Feature", "geometry": {"type": "Point", "coordinates": [-17.426747, 14.739185]}, "properties": {"id": "parking-164", "type": "parking", "type_label": "Parking", "nom": "PARKING", "region": {"nom": "DAKAR", "code": 1}, "departement": {"nom": "DAKAR", "code": 11}, "commune": {"nom": "GRAND DAKAR", "code": 11301}, "communaute_rurale": {"nom": "HANN BEL AIR", "code": 1130124}, "quartier_village": "CITE SCAT URBAM MARISTE I", "milieu": "URBAIN", "thematique": null, "type_qvh": null}}, {"type": "Feature", "geometry": {"type": "Point", "coordinates": [-17.426125, 14.743472]}, "properties": {"id": "parking-165", "type": "parking", "type_label": "Parking", "nom": "PARKING", "region": {"nom": "DAKAR", "code": 1}, "departement": {"nom": "DAKAR", "code": 11}, "commune": {"nom": "GRAND DAKAR", "code": 11301}, "communaute_rurale": {"nom": "HANN BEL AIR", "code": 1130124}, "quartier_village": "HLM HANN MARISTE", "milieu": "URBAIN", "thematique": null, "type_qvh": null}}, {"type": "Feature", "geometry": {"type": "Point", "coordinates": [-17.425783, 14.743442]}, "properties": {"id": "parking-166", "type": "parking", "type_label": "Parking", "nom": "PARKING", "region": {"nom": "DAKAR", "code": 1}, "departement": {"nom": "DAKAR", "code": 11}, "commune": {"nom": "GRAND DAKAR", "code": 11301}, "communaute_rurale": {"nom": "HANN BEL AIR", "code": 1130124}, "quartier_village": "HLM HANN MARISTE", "milieu": "URBAIN", "thematique": null, "type_qvh": null}}, {"type": "Feature", "geometry": {"type": "Point", "coordinates": [-17.436598, 14.740835]}, "properties": {"id": "parking-167", "type": "parking", "type_label": "Parking", "nom": "PARKING", "region": {"nom": "DAKAR", "code": 1}, "departement": {"nom": "DAKAR", "code": 11}, "commune": {"nom": "GRAND DAKAR", "code": 11301}, "communaute_rurale": {"nom": "HANN BEL AIR", "code": 1130124}, "quartier_village": "CITE SCAT URBAM MARISTE II", "milieu": "URBAIN", "thematique": null, "type_qvh": null}}, {"type": "Feature", "geometry": {"type": "Point", "coordinates": [-17.438987, 14.723615]}, "properties": {"id": "parking-168", "type": "parking", "type_label": "Parking", "nom": "Parking", "region": {"nom": "DAKAR", "code": 1}, "departement": {"nom": "DAKAR", "code": 11}, "commune": {"nom": "GRAND DAKAR", "code": 11301}, "communaute_rurale": {"nom": "HANN BEL AIR", "code": 1130124}, "quartier_village": "CITE SOME", "milieu": "URBAIN", "thematique": null, "type_qvh": null}}, {"type": "Feature", "geometry": {"type": "Point", "coordinates": [-17.423154, 14.760456]}, "properties": {"id": "parking-169", "type": "parking", "type_label": "Parking", "nom": "NEANT", "region": {"nom": "DAKAR", "code": 1}, "departement": {"nom": "GUEDIAWAYE", "code": 14}, "commune": {"nom": "VILLE DE GUEDIAWAYE", "code": 14301}, "communaute_rurale": {"nom": "GOLF SUD", "code": 1430111}, "quartier_village": "CITE FADIA", "milieu": "URBAIN", "thematique": null, "type_qvh": null}}, {"type": "Feature", "geometry": {"type": "Point", "coordinates": [-17.408271, 14.751161]}, "properties": {"id": "parking-170", "type": "parking", "type_label": "Parking", "nom": "NEANT", "region": {"nom": "DAKAR", "code": 1}, "departement": {"nom": "GUEDIAWAYE", "code": 14}, "commune": {"nom": "VILLE DE GUEDIAWAYE", "code": 14301}, "communaute_rurale": {"nom": "GOLF SUD", "code": 1430111}, "quartier_village": "TECHNOPOLE NIAYES", "milieu": "URBAIN", "thematique": null, "type_qvh": null}}, {"type": "Feature", "geometry": {"type": "Point", "coordinates": [-17.365393, 14.787594]}, "properties": {"id": "parking-171", "type": "parking", "type_label": "Parking", "nom": "PARKING AUTOMOBILE", "region": {"nom": "DAKAR", "code": 1}, "departement": {"nom": "GUEDIAWAYE", "code": 14}, "commune": {"nom": "VILLE DE GUEDIAWAYE", "code": 14301}, "communaute_rurale": {"nom": "WAKHINANE NIMZATT", "code": 1430123}, "quartier_village": "CITE MINISTERE COOPERATIVE ET PLAN", "milieu": "URBAIN", "thematique": null, "type_qvh": null}}, {"type": "Feature", "geometry": {"type": "Point", "coordinates": [-17.366987, 14.7779]}, "properties": {"id": "parking-172", "type": "parking", "type_label": "Parking", "nom": "PARKING DE CHANTIER", "region": {"nom": "DAKAR", "code": 1}, "departement": {"nom": "GUEDIAWAYE", "code": 14}, "commune": {"nom": "VILLE DE GUEDIAWAYE", "code": 14301}, "communaute_rurale": {"nom": "WAKHINANE NIMZATT", "code": 1430123}, "quartier_village": "DAROU RAHMANE I BIS", "milieu": "URBAIN", "thematique": null, "type_qvh": null}}, {"type": "Feature", "geometry": {"type": "Point", "coordinates": [-17.287627, 14.756156]}, "properties": {"id": "parking-173", "type": "parking", "type_label": "Parking", "nom": "LAMP FALL PARKING", "region": {"nom": "DAKAR", "code": 1}, "departement": {"nom": "KEUR MASSAR", "code": 15}, "commune": {"nom": "JAXAAY", "code": 15203}, "communaute_rurale": {"nom": "JAXAAY PARCELLES", "code": 1520301}, "quartier_village": "PARCELLES ASSAINIES UNITE 11 B", "milieu": "URBAIN", "thematique": null, "type_qvh": null}}, {"type": "Feature", "geometry": {"type": "Point", "coordinates": [-17.324896, 14.785218]}, "properties": {"id": "parking-174", "type": "parking", "type_label": "Parking", "nom": "PARKING", "region": {"nom": "DAKAR", "code": 1}, "departement": {"nom": "KEUR MASSAR", "code": 15}, "commune": {"nom": "MALIKA", "code": 15202}, "communaute_rurale": {"nom": "KEUR MASSAR NORD", "code": 1520201}, "quartier_village": "MONTAGNE I (DARADJI)", "milieu": "URBAIN", "thematique": null, "type_qvh": null}}, {"type": "Feature", "geometry": {"type": "Point", "coordinates": [-17.318526, 14.775717]}, "properties": {"id": "parking-175", "type": "parking", "type_label": "Parking", "nom": "PARKING AUTO BRIOCHE DOREE", "region": {"nom": "DAKAR", "code": 1}, "departement": {"nom": "KEUR MASSAR", "code": 15}, "commune": {"nom": "MALIKA", "code": 15202}, "communaute_rurale": {"nom": "KEUR MASSAR NORD", "code": 1520201}, "quartier_village": "PARCELLES ASSAINIES UNITE II", "milieu": "URBAIN", "thematique": null, "type_qvh": null}}, {"type": "Feature", "geometry": {"type": "Point", "coordinates": [-17.316111, 14.775846]}, "properties": {"id": "parking-176", "type": "parking", "type_label": "Parking", "nom": "PARKING FERRAILLEUR", "region": {"nom": "DAKAR", "code": 1}, "departement": {"nom": "KEUR MASSAR", "code": 15}, "commune": {"nom": "MALIKA", "code": 15202}, "communaute_rurale": {"nom": "KEUR MASSAR NORD", "code": 1520201}, "quartier_village": "PARCELLES ASSAINIES UNITE II", "milieu": "URBAIN", "thematique": null, "type_qvh": null}}, {"type": "Feature", "geometry": {"type": "Point", "coordinates": [-17.308821, 14.765897]}, "properties": {"id": "parking-177", "type": "parking", "type_label": "Parking", "nom": "PARKING", "region": {"nom": "DAKAR", "code": 1}, "departement": {"nom": "KEUR MASSAR", "code": 15}, "commune": {"nom": "JAXAAY", "code": 15203}, "communaute_rurale": {"nom": "KEUR MASSAR SUD", "code": 1520302}, "quartier_village": "KANGUE II (CITE LA LINGUERE)", "milieu": "URBAIN", "thematique": null, "type_qvh": null}}, {"type": "Feature", "geometry": {"type": "Point", "coordinates": [-17.29208, 14.767178]}, "properties": {"id": "parking-178", "type": "parking", "type_label": "Parking", "nom": "PARKING TOUBA AUTOMOBILE", "region": {"nom": "DAKAR", "code": 1}, "departement": {"nom": "KEUR MASSAR", "code": 15}, "commune": {"nom": "JAXAAY", "code": 15203}, "communaute_rurale": {"nom": "KEUR MASSAR SUD", "code": 1520302}, "quartier_village": "PARCELLES ASSAINIES UNITE 5", "milieu": "URBAIN", "thematique": null, "type_qvh": null}}, {"type": "Feature", "geometry": {"type": "Point", "coordinates": [-17.330621, 14.794772]}, "properties": {"id": "parking-179", "type": "parking", "type_label": "Parking", "nom": "PARKING ECOLE MARIE GRIGNON", "region": {"nom": "DAKAR", "code": 1}, "departement": {"nom": "KEUR MASSAR", "code": 15}, "commune": {"nom": "MALIKA", "code": 15202}, "communaute_rurale": {"nom": "MALIKA", "code": 1520202}, "quartier_village": "DIAMALAYE MALIKA", "milieu": "URBAIN", "thematique": null, "type_qvh": null}}, {"type": "Feature", "geometry": {"type": "Point", "coordinates": [-17.303312, 14.730214]}, "properties": {"id": "parking-180", "type": "parking", "type_label": "Parking", "nom": "PARKING", "region": {"nom": "DAKAR", "code": 1}, "departement": {"nom": "PIKINE", "code": 12}, "commune": {"nom": "VILLE DE PIKINE", "code": 12301}, "communaute_rurale": {"nom": "MBAO", "code": 1230135}, "quartier_village": "LOTISSEMENT BAOBAB", "milieu": "URBAIN", "thematique": null, "type_qvh": null}}, {"type": "Feature", "geometry": {"type": "Point", "coordinates": [-17.305054, 14.728639]}, "properties": {"id": "parking-181", "type": "parking", "type_label": "Parking", "nom": "PARKING", "region": {"nom": "DAKAR", "code": 1}, "departement": {"nom": "PIKINE", "code": 12}, "commune": {"nom": "VILLE DE PIKINE", "code": 12301}, "communaute_rurale": {"nom": "MBAO", "code": 1230135}, "quartier_village": "LOTISSEMENT BAOBAB", "milieu": "URBAIN", "thematique": null, "type_qvh": null}}, {"type": "Feature", "geometry": {"type": "Point", "coordinates": [-17.306779, 14.726924]}, "properties": {"id": "parking-182", "type": "parking", "type_label": "Parking", "nom": "PARKING", "region": {"nom": "DAKAR", "code": 1}, "departement": {"nom": "PIKINE", "code": 12}, "commune": {"nom": "VILLE DE PIKINE", "code": 12301}, "communaute_rurale": {"nom": "MBAO", "code": 1230135}, "quartier_village": "LOTISSEMENT BAOBAB", "milieu": "URBAIN", "thematique": null, "type_qvh": null}}, {"type": "Feature", "geometry": {"type": "Point", "coordinates": [-17.338996, 14.763372]}, "properties": {"id": "parking-183", "type": "parking", "type_label": "Parking", "nom": "PARKING DAARA AHMED SAHIR LO", "region": {"nom": "DAKAR", "code": 1}, "departement": {"nom": "PIKINE", "code": 12}, "commune": {"nom": "VILLE DE PIKINE", "code": 12301}, "communaute_rurale": {"nom": "MBAO", "code": 1230135}, "quartier_village": "ZONE INDUSTRIELLE (FORET CLASSEE DE MBAO)", "milieu": "URBAIN", "thematique": null, "type_qvh": null}}, {"type": "Feature", "geometry": {"type": "Point", "coordinates": [-17.311339, 14.748152]}, "properties": {"id": "parking-184", "type": "parking", "type_label": "Parking", "nom": "PARKING", "region": {"nom": "DAKAR", "code": 1}, "departement": {"nom": "PIKINE", "code": 12}, "commune": {"nom": "VILLE DE PIKINE", "code": 12301}, "communaute_rurale": {"nom": "MBAO", "code": 1230135}, "quartier_village": "BAOBAB", "milieu": "URBAIN", "thematique": null, "type_qvh": null}}, {"type": "Feature", "geometry": {"type": "Point", "coordinates": [-17.314349, 14.739504]}, "properties": {"id": "parking-185", "type": "parking", "type_label": "Parking", "nom": "PARC DE VOITURE", "region": {"nom": "DAKAR", "code": 1}, "departement": {"nom": "PIKINE", "code": 12}, "commune": {"nom": "VILLE DE PIKINE", "code": 12301}, "communaute_rurale": {"nom": "MBAO", "code": 1230135}, "quartier_village": "CITE FLAMBOYANT", "milieu": "URBAIN", "thematique": null, "type_qvh": null}}, {"type": "Feature", "geometry": {"type": "Point", "coordinates": [-17.402574, 14.737468]}, "properties": {"id": "parking-186", "type": "parking", "type_label": "Parking", "nom": "PARKING GROS PORTEURS", "region": {"nom": "DAKAR", "code": 1}, "departement": {"nom": "PIKINE", "code": 12}, "commune": {"nom": "VILLE DE PIKINE", "code": 12301}, "communaute_rurale": {"nom": "DALIFORT", "code": 1230124}, "quartier_village": "TOUBA SERAS", "milieu": "URBAIN", "thematique": null, "type_qvh": null}}, {"type": "Feature", "geometry": {"type": "Point", "coordinates": [-17.409657, 14.743762]}, "properties": {"id": "parking-187", "type": "parking", "type_label": "Parking", "nom": "Parking gros porteurs (SOCETRANS)", "region": {"nom": "DAKAR", "code": 1}, "departement": {"nom": "PIKINE", "code": 12}, "commune": {"nom": "VILLE DE PIKINE", "code": 12301}, "communaute_rurale": {"nom": "DALIFORT", "code": 1230124}, "quartier_village": "TOUBA SERAS", "milieu": "URBAIN", "thematique": null, "type_qvh": null}}, {"type": "Feature", "geometry": {"type": "Point", "coordinates": [-17.406887, 14.74644]}, "properties": {"id": "parking-188", "type": "parking", "type_label": "Parking", "nom": "PARKING AUTO", "region": {"nom": "DAKAR", "code": 1}, "departement": {"nom": "PIKINE", "code": 12}, "commune": {"nom": "VILLE DE PIKINE", "code": 12301}, "communaute_rurale": {"nom": "DALIFORT", "code": 1230124}, "quartier_village": "TOUBA SERAS", "milieu": "URBAIN", "thematique": null, "type_qvh": null}}, {"type": "Feature", "geometry": {"type": "Point", "coordinates": [-17.420927, 14.740542]}, "properties": {"id": "parking-189", "type": "parking", "type_label": "Parking", "nom": "PARKING CAMINION", "region": {"nom": "DAKAR", "code": 1}, "departement": {"nom": "PIKINE", "code": 12}, "commune": {"nom": "VILLE DE PIKINE", "code": 12301}, "communaute_rurale": {"nom": "DALIFORT", "code": 1230124}, "quartier_village": "DALIFORD 1 QUARTIER RUE 10", "milieu": "URBAIN", "thematique": null, "type_qvh": null}}, {"type": "Feature", "geometry": {"type": "Point", "coordinates": [-17.379878, 14.747186]}, "properties": {"id": "parking-190", "type": "parking", "type_label": "Parking", "nom": "DEM DIK", "region": {"nom": "DAKAR", "code": 1}, "departement": {"nom": "PIKINE", "code": 12}, "commune": {"nom": "VILLE DE PIKINE", "code": 12301}, "communaute_rurale": {"nom": "GUINAW RAIL SUD", "code": 1230127}, "quartier_village": "SOTRAC II", "milieu": "URBAIN", "thematique": null, "type_qvh": null}}, {"type": "Feature", "geometry": {"type": "Point", "coordinates": [-17.389835, 14.751259]}, "properties": {"id": "parking-191", "type": "parking", "type_label": "Parking", "nom": "PARKING", "region": {"nom": "DAKAR", "code": 1}, "departement": {"nom": "PIKINE", "code": 12}, "commune": {"nom": "VILLE DE PIKINE", "code": 12301}, "communaute_rurale": {"nom": "GUINAW RAIL SUD", "code": 1230127}, "quartier_village": "DAROU MARNANE SANT YALLA I", "milieu": "URBAIN", "thematique": null, "type_qvh": null}}, {"type": "Feature", "geometry": {"type": "Point", "coordinates": [-17.377717, 14.746231]}, "properties": {"id": "parking-192", "type": "parking", "type_label": "Parking", "nom": "PARKING", "region": {"nom": "DAKAR", "code": 1}, "departement": {"nom": "PIKINE", "code": 12}, "commune": {"nom": "THIAROYE", "code": 12301}, "communaute_rurale": {"nom": "TIVAOUANE DIACKSAO", "code": 1230132}, "quartier_village": "TIVAOUANE", "milieu": "URBAIN", "thematique": null, "type_qvh": null}}, {"type": "Feature", "geometry": {"type": "Point", "coordinates": [-17.303978, 14.724463]}, "properties": {"id": "parking-193", "type": "parking", "type_label": "Parking", "nom": "PARKING DES BUS", "region": {"nom": "DAKAR", "code": 1}, "departement": {"nom": "RUFISQUE", "code": 13}, "commune": {"nom": "RUFISQUE", "code": 13301}, "communaute_rurale": {"nom": "RUFISQUE OUEST", "code": 1330113}, "quartier_village": "CITE BATA/ ZONE CAP DES BICHES/CITE SENELEC", "milieu": "URBAIN", "thematique": null, "type_qvh": null}}, {"type": "Feature", "geometry": {"type": "Point", "coordinates": [-17.302959, 14.723742]}, "properties": {"id": "parking-194", "type": "parking", "type_label": "Parking", "nom": "PARKINGS AUTO", "region": {"nom": "DAKAR", "code": 1}, "departement": {"nom": "RUFISQUE", "code": 13}, "commune": {"nom": "RUFISQUE", "code": 13301}, "communaute_rurale": {"nom": "RUFISQUE OUEST", "code": 1330113}, "quartier_village": "CITE BATA/ ZONE CAP DES BICHES/CITE SENELEC", "milieu": "URBAIN", "thematique": null, "type_qvh": null}}, {"type": "Feature", "geometry": {"type": "Point", "coordinates": [-17.303488, 14.722439]}, "properties": {"id": "parking-195", "type": "parking", "type_label": "Parking", "nom": "PARC DES CAMIONS", "region": {"nom": "DAKAR", "code": 1}, "departement": {"nom": "RUFISQUE", "code": 13}, "commune": {"nom": "RUFISQUE", "code": 13301}, "communaute_rurale": {"nom": "RUFISQUE OUEST", "code": 1330113}, "quartier_village": "CITE BATA/ ZONE CAP DES BICHES/CITE SENELEC", "milieu": "URBAIN", "thematique": null, "type_qvh": null}}, {"type": "Feature", "geometry": {"type": "Point", "coordinates": [-17.14973, 14.694535]}, "properties": {"id": "parking-196", "type": "parking", "type_label": "Parking", "nom": "PARKING", "region": {"nom": "DAKAR", "code": 1}, "departement": {"nom": "RUFISQUE", "code": 13}, "commune": {"nom": "DIAMNIADIO", "code": 13201}, "communaute_rurale": {"nom": "DIAMNIADIO", "code": 1320101}, "quartier_village": "NDOUKHOURA PEULH II", "milieu": "URBAIN", "thematique": null, "type_qvh": null}}, {"type": "Feature", "geometry": {"type": "Point", "coordinates": [-17.178944, 14.725622]}, "properties": {"id": "parking-197", "type": "parking", "type_label": "Parking", "nom": "Parking", "region": {"nom": "DAKAR", "code": 1}, "departement": {"nom": "RUFISQUE", "code": 13}, "commune": {"nom": "DIAMNIADIO", "code": 13201}, "communaute_rurale": {"nom": "DIAMNIADIO", "code": 1320101}, "quartier_village": "DENY DEMBA CODOU", "milieu": "URBAIN", "thematique": null, "type_qvh": null}}, {"type": "Feature", "geometry": {"type": "Point", "coordinates": [-17.282106, 14.723907]}, "properties": {"id": "parking-198", "type": "parking", "type_label": "Parking", "nom": "LE PARKING DES MEMBRES ADMINISTRATIVE DU MINISTERE DES FINANCES DE RUFISQUE", "region": {"nom": "DAKAR", "code": 1}, "departement": {"nom": "RUFISQUE", "code": 13}, "commune": {"nom": "RUFISQUE", "code": 13301}, "communaute_rurale": {"nom": "RUFISQUE NORD", "code": 1330111}, "quartier_village": "NDAR GOU NDAW", "milieu": "URBAIN", "thematique": null, "type_qvh": null}}, {"type": "Feature", "geometry": {"type": "Point", "coordinates": [-17.273097, 14.717597]}, "properties": {"id": "parking-199", "type": "parking", "type_label": "Parking", "nom": "PARKING", "region": {"nom": "DAKAR", "code": 1}, "departement": {"nom": "RUFISQUE", "code": 13}, "commune": {"nom": "RUFISQUE", "code": 13301}, "communaute_rurale": {"nom": "RUFISQUE NORD", "code": 1330111}, "quartier_village": "GUENDEL III", "milieu": "URBAIN", "thematique": null, "type_qvh": null}}, {"type": "Feature", "geometry": {"type": "Point", "coordinates": [-17.269399, 14.725174]}, "properties": {"id": "parking-200", "type": "parking", "type_label": "Parking", "nom": "PARKING VOITURE ET REPARATEUR MOTO", "region": {"nom": "DAKAR", "code": 1}, "departement": {"nom": "RUFISQUE", "code": 13}, "commune": {"nom": "RUFISQUE", "code": 13301}, "communaute_rurale": {"nom": "RUFISQUE NORD", "code": 1330111}, "quartier_village": "DANGOU MISSIRAH", "milieu": "URBAIN", "thematique": null, "type_qvh": null}}, {"type": "Feature", "geometry": {"type": "Point", "coordinates": [-17.293899, 14.723956]}, "properties": {"id": "parking-201", "type": "parking", "type_label": "Parking", "nom": "PAARKING VEHICULE HYDROCARBURE", "region": {"nom": "DAKAR", "code": 1}, "departement": {"nom": "RUFISQUE", "code": 13}, "commune": {"nom": "RUFISQUE", "code": 13301}, "communaute_rurale": {"nom": "RUFISQUE OUEST", "code": 1330113}, "quartier_village": "CITE BATA/ ZONE CAP DES BICHES/CITE SENELEC", "milieu": "URBAIN", "thematique": null, "type_qvh": null}}, {"type": "Feature", "geometry": {"type": "Point", "coordinates": [-17.300347, 14.72997]}, "properties": {"id": "parking-202", "type": "parking", "type_label": "Parking", "nom": "PARKING DE CAMION", "region": {"nom": "DAKAR", "code": 1}, "departement": {"nom": "RUFISQUE", "code": 13}, "commune": {"nom": "RUFISQUE", "code": 13301}, "communaute_rurale": {"nom": "RUFISQUE OUEST", "code": 1330113}, "quartier_village": "CITE BATA/ ZONE CAP DES BICHES/CITE SENELEC", "milieu": "URBAIN", "thematique": null, "type_qvh": null}}, {"type": "Feature", "geometry": {"type": "Point", "coordinates": [-17.298996, 14.729382]}, "properties": {"id": "parking-203", "type": "parking", "type_label": "Parking", "nom": "AUCUNE", "region": {"nom": "DAKAR", "code": 1}, "departement": {"nom": "RUFISQUE", "code": 13}, "commune": {"nom": "RUFISQUE", "code": 13301}, "communaute_rurale": {"nom": "RUFISQUE OUEST", "code": 1330113}, "quartier_village": "CITE BATA/ ZONE CAP DES BICHES/CITE SENELEC", "milieu": "URBAIN", "thematique": null, "type_qvh": null}}, {"type": "Feature", "geometry": {"type": "Point", "coordinates": [-17.297729, 14.729241]}, "properties": {"id": "parking-204", "type": "parking", "type_label": "Parking", "nom": "AUCUNE", "region": {"nom": "DAKAR", "code": 1}, "departement": {"nom": "RUFISQUE", "code": 13}, "commune": {"nom": "RUFISQUE", "code": 13301}, "communaute_rurale": {"nom": "RUFISQUE OUEST", "code": 1330113}, "quartier_village": "CITE BATA/ ZONE CAP DES BICHES/CITE SENELEC", "milieu": "URBAIN", "thematique": null, "type_qvh": null}}, {"type": "Feature", "geometry": {"type": "Point", "coordinates": [-17.304705, 14.721002]}, "properties": {"id": "parking-205", "type": "parking", "type_label": "Parking", "nom": "PARKINGS DES BUS", "region": {"nom": "DAKAR", "code": 1}, "departement": {"nom": "RUFISQUE", "code": 13}, "commune": {"nom": "RUFISQUE", "code": 13301}, "communaute_rurale": {"nom": "RUFISQUE OUEST", "code": 1330113}, "quartier_village": "CITE BATA/ ZONE CAP DES BICHES/CITE SENELEC", "milieu": "URBAIN", "thematique": null, "type_qvh": null}}, {"type": "Feature", "geometry": {"type": "Point", "coordinates": [-17.302633, 14.722076]}, "properties": {"id": "parking-206", "type": "parking", "type_label": "Parking", "nom": "PARKING DES BUS", "region": {"nom": "DAKAR", "code": 1}, "departement": {"nom": "RUFISQUE", "code": 13}, "commune": {"nom": "RUFISQUE", "code": 13301}, "communaute_rurale": {"nom": "RUFISQUE OUEST", "code": 1330113}, "quartier_village": "CITE BATA/ ZONE CAP DES BICHES/CITE SENELEC", "milieu": "URBAIN", "thematique": null, "type_qvh": null}}, {"type": "Feature", "geometry": {"type": "Point", "coordinates": [-17.295894, 14.728777]}, "properties": {"id": "parking-207", "type": "parking", "type_label": "Parking", "nom": "AUCUNE", "region": {"nom": "DAKAR", "code": 1}, "departement": {"nom": "RUFISQUE", "code": 13}, "commune": {"nom": "RUFISQUE", "code": 13301}, "communaute_rurale": {"nom": "RUFISQUE OUEST", "code": 1330113}, "quartier_village": "CITE BATA/ ZONE CAP DES BICHES/CITE SENELEC", "milieu": "URBAIN", "thematique": null, "type_qvh": null}}, {"type": "Feature", "geometry": {"type": "Point", "coordinates": [-17.290759, 14.723699]}, "properties": {"id": "parking-208", "type": "parking", "type_label": "Parking", "nom": "AUCUNE", "region": {"nom": "DAKAR", "code": 1}, "departement": {"nom": "RUFISQUE", "code": 13}, "commune": {"nom": "RUFISQUE", "code": 13301}, "communaute_rurale": {"nom": "RUFISQUE OUEST", "code": 1330113}, "quartier_village": "CITE BATA/ ZONE CAP DES BICHES/CITE SENELEC", "milieu": "URBAIN", "thematique": null, "type_qvh": null}}, {"type": "Feature", "geometry": {"type": "Point", "coordinates": [-17.258325, 14.764062]}, "properties": {"id": "parking-209", "type": "parking", "type_label": "Parking", "nom": "PARKING", "region": {"nom": "DAKAR", "code": 1}, "departement": {"nom": "RUFISQUE", "code": 13}, "commune": {"nom": "SANGALKAM", "code": 13202}, "communaute_rurale": {"nom": "SANGALKAM", "code": 1320202}, "quartier_village": "KOUNOUNE EXTENSION (CITE AIR FRANCE)", "milieu": "URBAIN", "thematique": null, "type_qvh": null}}, {"type": "Feature", "geometry": {"type": "Point", "coordinates": [-17.27616, 14.754668]}, "properties": {"id": "parking-210", "type": "parking", "type_label": "Parking", "nom": "PARKING", "region": {"nom": "DAKAR", "code": 1}, "departement": {"nom": "RUFISQUE", "code": 13}, "commune": {"nom": "SANGALKAM", "code": 13202}, "communaute_rurale": {"nom": "SANGALKAM", "code": 1320202}, "quartier_village": "CITE SERIGNE BARA", "milieu": "URBAIN", "thematique": null, "type_qvh": null}}, {"type": "Feature", "geometry": {"type": "Point", "coordinates": [-17.172681, 14.654951]}, "properties": {"id": "parking-211", "type": "parking", "type_label": "Parking", "nom": "PARKING", "region": {"nom": "DAKAR", "code": 1}, "departement": {"nom": "RUFISQUE", "code": 13}, "commune": {"nom": "DIAMNIADIO", "code": 13201}, "communaute_rurale": {"nom": "YENE", "code": 1320103}, "quartier_village": "NDOUKHOURA OUOLOF", "milieu": "RURAL", "thematique": null, "type_qvh": null}}, {"type": "Feature", "geometry": {"type": "Point", "coordinates": [-17.13565, 14.598247]}, "properties": {"id": "parking-212", "type": "parking", "type_label": "Parking", "nom": "PARKING", "region": {"nom": "DAKAR", "code": 1}, "departement": {"nom": "RUFISQUE", "code": 13}, "commune": {"nom": "DIAMNIADIO", "code": 13201}, "communaute_rurale": {"nom": "YENE", "code": 1320103}, "quartier_village": "TOUBAB DIALAW", "milieu": "RURAL", "thematique": null, "type_qvh": null}}, {"type": "Feature", "geometry": {"type": "Point", "coordinates": [-17.248893, 14.710248]}, "properties": {"id": "parking-213", "type": "parking", "type_label": "Parking", "nom": "Parking", "region": {"nom": "DAKAR", "code": 1}, "departement": {"nom": "RUFISQUE", "code": 13}, "commune": {"nom": "RUFISQUE", "code": 13301}, "communaute_rurale": {"nom": "RUFISQUE EST", "code": 1330112}, "quartier_village": "CHEIKH SUD", "milieu": "URBAIN", "thematique": null, "type_qvh": null}}, {"type": "Feature", "geometry": {"type": "Point", "coordinates": [-17.407751, 14.749745]}, "properties": {"id": "parking-214", "type": "parking", "type_label": "Parking", "nom": "PARKING AUTOMOBILE", "region": {"nom": "DAKAR", "code": 1}, "departement": {"nom": "PIKINE", "code": 12}, "commune": {"nom": "VILLE DE PIKINE", "code": 12301}, "communaute_rurale": {"nom": "PIKINE OUEST", "code": 1230121}, "quartier_village": "CITE LOBATT FALL", "milieu": "URBAIN", "thematique": null, "type_qvh": null}}, {"type": "Feature", "geometry": {"type": "Point", "coordinates": [-17.380737, 14.759925]}, "properties": {"id": "parking-215", "type": "parking", "type_label": "Parking", "nom": "PARKING DU TRAIN EXPRESS REGIONAL (TER)", "region": {"nom": "DAKAR", "code": 1}, "departement": {"nom": "PIKINE", "code": 12}, "commune": {"nom": "VILLE DE PIKINE", "code": 12301}, "communaute_rurale": {"nom": "THIAROYE GARE", "code": 1230134}, "quartier_village": null, "milieu": "URBAIN", "thematique": null, "type_qvh": null}}, {"type": "Feature", "geometry": {"type": "Point", "coordinates": [-17.249273, 14.809778]}, "properties": {"id": "parking-216", "type": "parking", "type_label": "Parking", "nom": "PARKING", "region": {"nom": "DAKAR", "code": 1}, "departement": {"nom": "RUFISQUE", "code": 13}, "commune": {"nom": "SANGALKAM", "code": 13202}, "communaute_rurale": {"nom": "TIVAOUANE PEULH NIAGHA", "code": 1320203}, "quartier_village": "PIKINE", "milieu": "RURAL", "thematique": null, "type_qvh": null}}, {"type": "Feature", "geometry": {"type": "Point", "coordinates": [-17.288122, 14.792138]}, "properties": {"id": "parking-217", "type": "parking", "type_label": "Parking", "nom": "PARKING D CAMIOONS POIDS LOURDS", "region": {"nom": "DAKAR", "code": 1}, "departement": {"nom": "RUFISQUE", "code": 13}, "commune": {"nom": "SANGALKAM", "code": 13202}, "communaute_rurale": {"nom": "TIVAOUANE PEULH NIAGHA", "code": 1320203}, "quartier_village": "NIACOUL RAB EXTENSION", "milieu": "RURAL", "thematique": null, "type_qvh": null}}, {"type": "Feature", "geometry": {"type": "Point", "coordinates": [-17.236937, 14.843626]}, "properties": {"id": "parking-218", "type": "parking", "type_label": "Parking", "nom": "PARKING COTE PLAGE CHEVEUX DU LAC", "region": {"nom": "DAKAR", "code": 1}, "departement": {"nom": "RUFISQUE", "code": 13}, "commune": {"nom": "SANGALKAM", "code": 13202}, "communaute_rurale": {"nom": "TIVAOUANE PEULH NIAGHA", "code": 1320203}, "quartier_village": "NIAGHA PEULH", "milieu": "RURAL", "thematique": null, "type_qvh": null}}, {"type": "Feature", "geometry": {"type": "Point", "coordinates": [-17.265013, 14.781222]}, "properties": {"id": "parking-219", "type": "parking", "type_label": "Parking", "nom": "PARKING CAMIONS", "region": {"nom": "DAKAR", "code": 1}, "departement": {"nom": "RUFISQUE", "code": 13}, "commune": {"nom": "SANGALKAM", "code": 13202}, "communaute_rurale": {"nom": "TIVAOUANE PEULH NIAGHA", "code": 1320203}, "quartier_village": "NIACOUL RAB", "milieu": "RURAL", "thematique": null, "type_qvh": null}}, {"type": "Feature", "geometry": {"type": "Point", "coordinates": [-17.292204, 14.804424]}, "properties": {"id": "parking-220", "type": "parking", "type_label": "Parking", "nom": "PARKING DE STATIONNEMENT LE CICA", "region": {"nom": "DAKAR", "code": 1}, "departement": {"nom": "RUFISQUE", "code": 13}, "commune": {"nom": "SANGALKAM", "code": 13202}, "communaute_rurale": {"nom": "TIVAOUANE PEULH NIAGHA", "code": 1320203}, "quartier_village": "CITE APIX", "milieu": "RURAL", "thematique": null, "type_qvh": null}}, {"type": "Feature", "geometry": {"type": "Point", "coordinates": [-17.488353, 14.750726]}, "properties": {"id": "parking-221", "type": "parking", "type_label": "Parking", "nom": "PARKING", "region": {"nom": "DAKAR", "code": 1}, "departement": {"nom": "DAKAR", "code": 11}, "commune": {"nom": "DAKAR", "code": 11301}, "communaute_rurale": {"nom": "YOFF", "code": 1130133}, "quartier_village": "CITE ASECNA", "milieu": "URBAIN", "thematique": null, "type_qvh": null}}, {"type": "Feature", "geometry": {"type": "Point", "coordinates": [-17.473937, 14.73226]}, "properties": {"id": "parking-222", "type": "parking", "type_label": "Parking", "nom": "PARKING", "region": {"nom": "DAKAR", "code": 1}, "departement": {"nom": "DAKAR", "code": 11}, "commune": {"nom": "DAKAR", "code": 11301}, "communaute_rurale": {"nom": "YOFF", "code": 1130133}, "quartier_village": "CITE TOBAGO", "milieu": "URBAIN", "thematique": null, "type_qvh": null}}, {"type": "Feature", "geometry": {"type": "Point", "coordinates": [-17.473146, 14.752313]}, "properties": {"id": "parking-223", "type": "parking", "type_label": "Parking", "nom": "PARKING", "region": {"nom": "DAKAR", "code": 1}, "departement": {"nom": "DAKAR", "code": 11}, "commune": {"nom": "DAKAR", "code": 11301}, "communaute_rurale": {"nom": "YOFF", "code": 1130133}, "quartier_village": "CITE SONATEL III", "milieu": "URBAIN", "thematique": null, "type_qvh": null}}, {"type": "Feature", "geometry": {"type": "Point", "coordinates": [-17.468171, 14.745786]}, "properties": {"id": "parking-224", "type": "parking", "type_label": "Parking", "nom": "Parking véhicules", "region": {"nom": "DAKAR", "code": 1}, "departement": {"nom": "DAKAR", "code": 11}, "commune": {"nom": "DAKAR", "code": 11301}, "communaute_rurale": {"nom": "YOFF", "code": 1130133}, "quartier_village": "TELECOM RESIDENCE", "milieu": "URBAIN", "thematique": null, "type_qvh": null}}, {"type": "Feature", "geometry": {"type": "Point", "coordinates": [-17.456237, 14.752426]}, "properties": {"id": "parking-225", "type": "parking", "type_label": "Parking", "nom": "PARKING AUTOMOBILE", "region": {"nom": "DAKAR", "code": 1}, "departement": {"nom": "DAKAR", "code": 11}, "commune": {"nom": "DAKAR", "code": 11301}, "communaute_rurale": {"nom": "YOFF", "code": 1130133}, "quartier_village": "CITE AZUR III", "milieu": "URBAIN", "thematique": null, "type_qvh": null}}, {"type": "Feature", "geometry": {"type": "Point", "coordinates": [-17.45622, 14.751523]}, "properties": {"id": "parking-226", "type": "parking", "type_label": "Parking", "nom": "Parking Auto", "region": {"nom": "DAKAR", "code": 1}, "departement": {"nom": "DAKAR", "code": 11}, "commune": {"nom": "DAKAR", "code": 11301}, "communaute_rurale": {"nom": "YOFF", "code": 1130133}, "quartier_village": "CITE AZUR III", "milieu": "URBAIN", "thematique": null, "type_qvh": null}}, {"type": "Feature", "geometry": {"type": "Point", "coordinates": [-17.471222, 14.741801]}, "properties": {"id": "parking-227", "type": "parking", "type_label": "Parking", "nom": "PARKING VENTE DE VOITURES", "region": {"nom": "DAKAR", "code": 1}, "departement": {"nom": "DAKAR", "code": 11}, "commune": {"nom": "DAKAR", "code": 11301}, "communaute_rurale": {"nom": "YOFF", "code": 1130133}, "quartier_village": "CITE TOBAGO", "milieu": "URBAIN", "thematique": null, "type_qvh": null}}, {"type": "Feature", "geometry": {"type": "Point", "coordinates": [-17.469311, 14.744812]}, "properties": {"id": "parking-228", "type": "parking", "type_label": "Parking", "nom": "PARKING", "region": {"nom": "DAKAR", "code": 1}, "departement": {"nom": "DAKAR", "code": 11}, "commune": {"nom": "DAKAR", "code": 11301}, "communaute_rurale": {"nom": "YOFF", "code": 1130133}, "quartier_village": "CITE LONASE", "milieu": "URBAIN", "thematique": null, "type_qvh": null}}, {"type": "Feature", "geometry": {"type": "Point", "coordinates": [-17.468718, 14.745389]}, "properties": {"id": "parking-229", "type": "parking", "type_label": "Parking", "nom": "Parking", "region": {"nom": "DAKAR", "code": 1}, "departement": {"nom": "DAKAR", "code": 11}, "commune": {"nom": "DAKAR", "code": 11301}, "communaute_rurale": {"nom": "YOFF", "code": 1130133}, "quartier_village": "CITE LONASE", "milieu": "URBAIN", "thematique": null, "type_qvh": null}}, {"type": "Feature", "geometry": {"type": "Point", "coordinates": [-17.468829, 14.745297]}, "properties": {"id": "parking-230", "type": "parking", "type_label": "Parking", "nom": "Parking", "region": {"nom": "DAKAR", "code": 1}, "departement": {"nom": "DAKAR", "code": 11}, "commune": {"nom": "DAKAR", "code": 11301}, "communaute_rurale": {"nom": "YOFF", "code": 1130133}, "quartier_village": "CITE LONASE", "milieu": "URBAIN", "thematique": null, "type_qvh": null}}, {"type": "Feature", "geometry": {"type": "Point", "coordinates": [-17.46915, 14.754532]}, "properties": {"id": "parking-231", "type": "parking", "type_label": "Parking", "nom": "PARKING AUTOMOBILE", "region": {"nom": "DAKAR", "code": 1}, "departement": {"nom": "DAKAR", "code": 11}, "commune": {"nom": "DAKAR", "code": 11301}, "communaute_rurale": {"nom": "YOFF", "code": 1130133}, "quartier_village": "CITE AIR AFRIQUE A", "milieu": "URBAIN", "thematique": null, "type_qvh": null}}, {"type": "Feature", "geometry": {"type": "Point", "coordinates": [-17.469329, 14.75456]}, "properties": {"id": "parking-232", "type": "parking", "type_label": "Parking", "nom": "Parking", "region": {"nom": "DAKAR", "code": 1}, "departement": {"nom": "DAKAR", "code": 11}, "commune": {"nom": "DAKAR", "code": 11301}, "communaute_rurale": {"nom": "YOFF", "code": 1130133}, "quartier_village": "CITE AIR AFRIQUE A", "milieu": "URBAIN", "thematique": null, "type_qvh": null}}, {"type": "Feature", "geometry": {"type": "Point", "coordinates": [-17.477456, 14.758451]}, "properties": {"id": "parking-233", "type": "parking", "type_label": "Parking", "nom": "PARKING", "region": {"nom": "DAKAR", "code": 1}, "departement": {"nom": "DAKAR", "code": 11}, "commune": {"nom": "DAKAR", "code": 11301}, "communaute_rurale": {"nom": "YOFF", "code": 1130133}, "quartier_village": "NDEUNGAGNE", "milieu": "URBAIN", "thematique": null, "type_qvh": null}}, {"type": "Feature", "geometry": {"type": "Point", "coordinates": [-17.485355, 14.7571]}, "properties": {"id": "parking-234", "type": "parking", "type_label": "Parking", "nom": "PARKING", "region": {"nom": "DAKAR", "code": 1}, "departement": {"nom": "DAKAR", "code": 11}, "commune": {"nom": "DAKAR", "code": 11301}, "communaute_rurale": {"nom": "YOFF", "code": 1130133}, "quartier_village": "CITE ASECNA EXTENSION", "milieu": "URBAIN", "thematique": null, "type_qvh": null}}, {"type": "Feature", "geometry": {"type": "Point", "coordinates": [-17.470522, 14.74676]}, "properties": {"id": "parking-235", "type": "parking", "type_label": "Parking", "nom": "PARKING AUTO", "region": {"nom": "DAKAR", "code": 1}, "departement": {"nom": "DAKAR", "code": 11}, "commune": {"nom": "DAKAR", "code": 11301}, "communaute_rurale": {"nom": "YOFF", "code": 1130133}, "quartier_village": "CITE LONASE", "milieu": "URBAIN", "thematique": null, "type_qvh": null}}, {"type": "Feature", "geometry": {"type": "Point", "coordinates": [-17.473326, 14.737388]}, "properties": {"id": "parking-236", "type": "parking", "type_label": "Parking", "nom": "Parking", "region": {"nom": "DAKAR", "code": 1}, "departement": {"nom": "DAKAR", "code": 11}, "commune": {"nom": "DAKAR", "code": 11301}, "communaute_rurale": {"nom": "YOFF", "code": 1130133}, "quartier_village": "CITE TOBAGO", "milieu": "URBAIN", "thematique": null, "type_qvh": null}}, {"type": "Feature", "geometry": {"type": "Point", "coordinates": [-17.457868, 14.75648]}, "properties": {"id": "parking-237", "type": "parking", "type_label": "Parking", "nom": "PARKING", "region": {"nom": "DAKAR", "code": 1}, "departement": {"nom": "DAKAR", "code": 11}, "commune": {"nom": "DAKAR", "code": 11301}, "communaute_rurale": {"nom": "YOFF", "code": 1130133}, "quartier_village": "CITE POSTE", "milieu": "URBAIN", "thematique": null, "type_qvh": null}}, {"type": "Feature", "geometry": {"type": "Point", "coordinates": [-15.478916, 13.361755]}, "properties": {"id": "parking-238", "type": "parking", "type_label": "Parking", "nom": "AIR DE REPOS", "region": {"nom": "SEDHIOU", "code": 14}, "departement": {"nom": "BOUNKILING", "code": 142}, "commune": {"nom": "BOGHAL", "code": 142201}, "communaute_rurale": {"nom": "TANKON", "code": 14220102}, "quartier_village": "MEDINA MOUSTAPHA", "milieu": "RURAL", "thematique": null, "type_qvh": null}}, {"type": "Feature", "geometry": {"type": "Point", "coordinates": [-16.488891, 15.989578]}, "properties": {"id": "parking-239", "type": "parking", "type_label": "Parking", "nom": "PARKING BRICKS", "region": {"nom": "SAINT-LOUIS", "code": 4}, "departement": {"nom": "SAINT LOUIS", "code": 43}, "commune": {"nom": "SAINT LOUIS", "code": 43101}, "communaute_rurale": {"nom": "SAINT LOUIS", "code": 4310100}, "quartier_village": "PIKINE SOR DIAGNE", "milieu": "URBAIN", "thematique": null, "type_qvh": null}}, {"type": "Feature", "geometry": {"type": "Point", "coordinates": [-16.487403, 15.987793]}, "properties": {"id": "parking-240", "type": "parking", "type_label": "Parking", "nom": "PARKING", "region": {"nom": "SAINT-LOUIS", "code": 4}, "departement": {"nom": "SAINT LOUIS", "code": 43}, "commune": {"nom": "RAO", "code": 43101}, "communaute_rurale": {"nom": "GANDON", "code": 4320101}, "quartier_village": "GUINAW RAIL", "milieu": "URBAIN", "thematique": null, "type_qvh": null}}, {"type": "Feature", "geometry": {"type": "Point", "coordinates": [-16.48379, 15.991291]}, "properties": {"id": "parking-241", "type": "parking", "type_label": "Parking", "nom": "PARKING", "region": {"nom": "SAINT-LOUIS", "code": 4}, "departement": {"nom": "SAINT LOUIS", "code": 43}, "commune": {"nom": "SAINT LOUIS", "code": 43101}, "communaute_rurale": {"nom": "SAINT LOUIS", "code": 4310100}, "quartier_village": "GUINAW RAIL", "milieu": "URBAIN", "thematique": null, "type_qvh": null}}, {"type": "Feature", "geometry": {"type": "Point", "coordinates": [-16.466975, 15.978205]}, "properties": {"id": "parking-242", "type": "parking", "type_label": "Parking", "nom": "PARKING DE TRACTEURS", "region": {"nom": "SAINT-LOUIS", "code": 4}, "departement": {"nom": "SAINT LOUIS", "code": 43}, "commune": {"nom": "RAO", "code": 43201}, "communaute_rurale": {"nom": "GANDON", "code": 4320101}, "quartier_village": "LEYBAR BOYE", "milieu": "RURAL", "thematique": null, "type_qvh": null}}, {"type": "Feature", "geometry": {"type": "Point", "coordinates": [-16.430793, 16.050377]}, "properties": {"id": "parking-243", "type": "parking", "type_label": "Parking", "nom": "PARKING DE VOITURE", "region": {"nom": "SAINT-LOUIS", "code": 4}, "departement": {"nom": "SAINT LOUIS", "code": 43}, "commune": {"nom": "RAO", "code": 43201}, "communaute_rurale": {"nom": "GANDON", "code": 4320101}, "quartier_village": "DIOUGOG PEULH(SANAR PEULH)", "milieu": "RURAL", "thematique": null, "type_qvh": null}}, {"type": "Feature", "geometry": {"type": "Point", "coordinates": [-15.644588, 16.462002]}, "properties": {"id": "parking-244", "type": "parking", "type_label": "Parking", "nom": "PARKING CCS", "region": {"nom": "SAINT-LOUIS", "code": 4}, "departement": {"nom": "DAGANA", "code": 41}, "commune": {"nom": "RICHARD-TOLL", "code": 41102}, "communaute_rurale": {"nom": "RICHARD-TOLL", "code": 4110200}, "quartier_village": "YAKH SABAR", "milieu": "URBAIN", "thematique": null, "type_qvh": null}}, {"type": "Feature", "geometry": {"type": "Point", "coordinates": [-15.668298, 16.460497]}, "properties": {"id": "parking-245", "type": "parking", "type_label": "Parking", "nom": "PARKING", "region": {"nom": "SAINT-LOUIS", "code": 4}, "departement": {"nom": "DAGANA", "code": 41}, "commune": {"nom": "RICHARD-TOLL", "code": 41102}, "communaute_rurale": {"nom": "RICHARD-TOLL", "code": 4110200}, "quartier_village": "YAKH SABAR", "milieu": "URBAIN", "thematique": null, "type_qvh": null}}, {"type": "Feature", "geometry": {"type": "Point", "coordinates": [-16.216441, 15.609807]}, "properties": {"id": "parking-246", "type": "parking", "type_label": "Parking", "nom": "PARKING  MOTOCYCLES", "region": {"nom": "LOUGA", "code": 8}, "departement": {"nom": "LOUGA", "code": 83}, "commune": {"nom": "LOUGA", "code": 83101}, "communaute_rurale": {"nom": "LOUGA", "code": 8310100}, "quartier_village": "KEUR SERIGNE LOUGA EST", "milieu": "URBAIN", "thematique": null, "type_qvh": null}}, {"type": "Feature", "geometry": {"type": "Point", "coordinates": [-16.220177, 15.619879]}, "properties": {"id": "parking-247", "type": "parking", "type_label": "Parking", "nom": "Parking", "region": {"nom": "LOUGA", "code": 8}, "departement": {"nom": "LOUGA", "code": 83}, "commune": {"nom": "LOUGA", "code": 83101}, "communaute_rurale": {"nom": "LOUGA", "code": 8310100}, "quartier_village": "THIOKHNA", "milieu": "URBAIN", "thematique": null, "type_qvh": null}}, {"type": "Feature", "geometry": {"type": "Point", "coordinates": [-16.517798, 15.769188]}, "properties": {"id": "parking-248", "type": "parking", "type_label": "Parking", "nom": "GARAGE AUTOMOBILE", "region": {"nom": "LOUGA", "code": 8}, "departement": {"nom": "LOUGA", "code": 83}, "commune": {"nom": "SAKAL", "code": 83204}, "communaute_rurale": {"nom": "LEONA", "code": 8320401}, "quartier_village": "NDIELEGNE", "milieu": "RURAL", "thematique": null, "type_qvh": null}}, {"type": "Feature", "geometry": {"type": "Point", "coordinates": [-16.517998, 15.769509]}, "properties": {"id": "parking-249", "type": "parking", "type_label": "Parking", "nom": "GARAGE AUTOMOBILE", "region": {"nom": "LOUGA", "code": 8}, "departement": {"nom": "LOUGA", "code": 83}, "commune": {"nom": "SAKAL", "code": 83204}, "communaute_rurale": {"nom": "LEONA", "code": 8320401}, "quartier_village": "NDIELEGNE", "milieu": "RURAL", "thematique": null, "type_qvh": null}}, {"type": "Feature", "geometry": {"type": "Point", "coordinates": [-15.445205, 15.349521]}, "properties": {"id": "parking-250", "type": "parking", "type_label": "Parking", "nom": "PARKING", "region": {"nom": "LOUGA", "code": 8}, "departement": {"nom": "LINGUERE", "code": 82}, "commune": {"nom": "DAHRA", "code": 82102}, "communaute_rurale": {"nom": "DAHRA", "code": 8210200}, "quartier_village": "ANGLE ISLAM", "milieu": "URBAIN", "thematique": null, "type_qvh": null}}, {"type": "Feature", "geometry": {"type": "Point", "coordinates": [-16.736772, 12.38572]}, "properties": {"id": "parking-251", "type": "parking", "type_label": "Parking", "nom": "PARKING VOITURE", "region": {"nom": "ZIGUINCHOR", "code": 2}, "departement": {"nom": "OUSSOUYE", "code": 22}, "commune": {"nom": "KABROUSSE", "code": 22201}, "communaute_rurale": {"nom": "DJEMBERING", "code": 2220101}, "quartier_village": "CAP SKIRING", "milieu": "RURAL", "thematique": null, "type_qvh": null}}, {"type": "Feature", "geometry": {"type": "Point", "coordinates": [-16.275528, 12.548759]}, "properties": {"id": "parking-252", "type": "parking", "type_label": "Parking", "nom": "PARKING", "region": {"nom": "ZIGUINCHOR", "code": 2}, "departement": {"nom": "ZIGUINCHOR", "code": 23}, "commune": {"nom": "ZIGUINCHOR", "code": 23101}, "communaute_rurale": {"nom": "ZIGUINCHOR", "code": 2310100}, "quartier_village": "KENIA", "milieu": "URBAIN", "thematique": null, "type_qvh": null}}, {"type": "Feature", "geometry": {"type": "Point", "coordinates": [-16.275726, 12.547627]}, "properties": {"id": "parking-253", "type": "parking", "type_label": "Parking", "nom": "PARKING", "region": {"nom": "ZIGUINCHOR", "code": 2}, "departement": {"nom": "ZIGUINCHOR", "code": 23}, "commune": {"nom": "ZIGUINCHOR", "code": 23101}, "communaute_rurale": {"nom": "ZIGUINCHOR", "code": 2310100}, "quartier_village": "KENIA", "milieu": "URBAIN", "thematique": null, "type_qvh": null}}, {"type": "Feature", "geometry": {"type": "Point", "coordinates": [-16.260763, 12.580404]}, "properties": {"id": "parking-254", "type": "parking", "type_label": "Parking", "nom": "PARKING", "region": {"nom": "ZIGUINCHOR", "code": 2}, "departement": {"nom": "ZIGUINCHOR", "code": 23}, "commune": {"nom": "ZIGUINCHOR", "code": 23101}, "communaute_rurale": {"nom": "ZIGUINCHOR", "code": 2310100}, "quartier_village": "GOUMEL", "milieu": "URBAIN", "thematique": null, "type_qvh": null}}, {"type": "Feature", "geometry": {"type": "Point", "coordinates": [-16.272908, 12.587634]}, "properties": {"id": "parking-255", "type": "parking", "type_label": "Parking", "nom": "Parking Hôtel Auber", "region": {"nom": "ZIGUINCHOR", "code": 2}, "departement": {"nom": "ZIGUINCHOR", "code": 23}, "commune": {"nom": "ZIGUINCHOR", "code": 23101}, "communaute_rurale": {"nom": "ZIGUINCHOR", "code": 2310100}, "quartier_village": "BOUDODY ESCALE", "milieu": "URBAIN", "thematique": null, "type_qvh": null}}, {"type": "Feature", "geometry": {"type": "Point", "coordinates": [-16.253676, 12.585703]}, "properties": {"id": "parking-256", "type": "parking", "type_label": "Parking", "nom": "LAMP FALL ARRET  PARKING JAKARTA", "region": {"nom": "ZIGUINCHOR", "code": 2}, "departement": {"nom": "ZIGUINCHOR", "code": 23}, "commune": {"nom": "ZIGUINCHOR", "code": 23101}, "communaute_rurale": {"nom": "ZIGUINCHOR", "code": 2310100}, "quartier_village": "GOUMEL", "milieu": "URBAIN", "thematique": null, "type_qvh": null}}, {"type": "Feature", "geometry": {"type": "Point", "coordinates": [-12.557452, 15.017034]}, "properties": {"id": "parking-257", "type": "parking", "type_label": "Parking", "nom": "PARKING", "region": {"nom": "TAMBACOUNDA", "code": 5}, "departement": {"nom": "BAKEL", "code": 51}, "commune": {"nom": "MOUDERY", "code": 51203}, "communaute_rurale": {"nom": "DIAWARA", "code": 5120304}, "quartier_village": "KOITALA II", "milieu": "URBAIN", "thematique": null, "type_qvh": null}}, {"type": "Feature", "geometry": {"type": "Point", "coordinates": [-12.631921, 14.487208]}, "properties": {"id": "parking-258", "type": "parking", "type_label": "Parking", "nom": "PARKING", "region": {"nom": "TAMBACOUNDA", "code": 5}, "departement": {"nom": "GOUDIRY", "code": 53}, "commune": {"nom": "BOYNGUEL BAMBA", "code": 53202}, "communaute_rurale": {"nom": "SINTHIOU MAMADOU BOUBOU", "code": 5320204}, "quartier_village": "DIARE MBOLO", "milieu": "RURAL", "thematique": null, "type_qvh": null}}, {"type": "Feature", "geometry": {"type": "Point", "coordinates": [-12.710548, 14.191051]}, "properties": {"id": "parking-259", "type": "parking", "type_label": "Parking", "nom": "PARKING MAIRIES", "region": {"nom": "TAMBACOUNDA", "code": 5}, "departement": {"nom": "GOUDIRY", "code": 53}, "commune": {"nom": "GOUDIRY", "code": 53101}, "communaute_rurale": {"nom": "GOUDIRY", "code": 5310100}, "quartier_village": "POSTE", "milieu": "URBAIN", "thematique": null, "type_qvh": null}}, {"type": "Feature", "geometry": {"type": "Point", "coordinates": [-13.686176, 13.773413]}, "properties": {"id": "parking-260", "type": "parking", "type_label": "Parking", "nom": "PARKING", "region": {"nom": "TAMBACOUNDA", "code": 5}, "departement": {"nom": "TAMBACOUNDA", "code": 52}, "commune": {"nom": "TAMBACOUNDA", "code": 52101}, "communaute_rurale": {"nom": "TAMBACOUNDA", "code": 5210100}, "quartier_village": "LIBERTE OUEST", "milieu": "URBAIN", "thematique": null, "type_qvh": null}}, {"type": "Feature", "geometry": {"type": "Point", "coordinates": [-13.110716, 13.212096]}, "properties": {"id": "parking-261", "type": "parking", "type_label": "Parking", "nom": "PARKING", "region": {"nom": "TAMBACOUNDA", "code": 5}, "departement": {"nom": "TAMBACOUNDA", "code": 52}, "commune": {"nom": "MISSIRAH", "code": 52203}, "communaute_rurale": {"nom": "DIALACOTO", "code": 5220301}, "quartier_village": "DIENOUDIALA", "milieu": "RURAL", "thematique": null, "type_qvh": null}}, {"type": "Feature", "geometry": {"type": "Point", "coordinates": [-12.207777, 14.455109]}, "properties": {"id": "parking-262", "type": "parking", "type_label": "Parking", "nom": "PARKING", "region": {"nom": "TAMBACOUNDA", "code": 5}, "departement": {"nom": "BAKEL", "code": 51}, "commune": {"nom": "BELE", "code": 51202}, "communaute_rurale": {"nom": "KIDIRA", "code": 5120203}, "quartier_village": "PONT", "milieu": "RURAL", "thematique": null, "type_qvh": null}}, {"type": "Feature", "geometry": {"type": "Point", "coordinates": [-13.25638, 15.654367]}, "properties": {"id": "parking-263", "type": "parking", "type_label": "Parking", "nom": "NETTOYAGE DE VOITURE ET MOTO", "region": {"nom": "MATAM", "code": 11}, "departement": {"nom": "MATAM", "code": 111}, "commune": {"nom": "MATAM", "code": 111101}, "communaute_rurale": {"nom": "MATAM", "code": 11110100}, "quartier_village": "GOUREL SERIGNE", "milieu": "URBAIN", "thematique": null, "type_qvh": null}}, {"type": "Feature", "geometry": {"type": "Point", "coordinates": [-13.261971, 15.658009]}, "properties": {"id": "parking-264", "type": "parking", "type_label": "Parking", "nom": "LAVAGE AUTO", "region": {"nom": "MATAM", "code": 11}, "departement": {"nom": "MATAM", "code": 111}, "commune": {"nom": "MATAM", "code": 111101}, "communaute_rurale": {"nom": "MATAM", "code": 11110100}, "quartier_village": "TANTADJI", "milieu": "URBAIN", "thematique": null, "type_qvh": null}}, {"type": "Feature", "geometry": {"type": "Point", "coordinates": [-13.253389, 15.652424]}, "properties": {"id": "parking-265", "type": "parking", "type_label": "Parking", "nom": "PNEUMATIQUE/VULGARISATEUR", "region": {"nom": "MATAM", "code": 11}, "departement": {"nom": "MATAM", "code": 111}, "commune": {"nom": "MATAM", "code": 111101}, "communaute_rurale": {"nom": "MATAM", "code": 11110100}, "quartier_village": "GOUREL SERIGNE", "milieu": "URBAIN", "thematique": null, "type_qvh": null}}, {"type": "Feature", "geometry": {"type": "Point", "coordinates": [-13.257003, 15.655242]}, "properties": {"id": "parking-266", "type": "parking", "type_label": "Parking", "nom": "LAVAGE DE VOITURE", "region": {"nom": "MATAM", "code": 11}, "departement": {"nom": "MATAM", "code": 111}, "commune": {"nom": "MATAM", "code": 111101}, "communaute_rurale": {"nom": "MATAM", "code": 11110100}, "quartier_village": "TANTADJI", "milieu": "URBAIN", "thematique": null, "type_qvh": null}}, {"type": "Feature", "geometry": {"type": "Point", "coordinates": [-13.317132, 15.604182]}, "properties": {"id": "parking-267", "type": "parking", "type_label": "Parking", "nom": "GARAGE DE VOITURE", "region": {"nom": "MATAM", "code": 11}, "departement": {"nom": "MATAM", "code": 111}, "commune": {"nom": "OUROSSOGUI", "code": 111102}, "communaute_rurale": {"nom": "OUROSSOGUI", "code": 11110200}, "quartier_village": "WINDE I", "milieu": "URBAIN", "thematique": null, "type_qvh": null}}, {"type": "Feature", "geometry": {"type": "Point", "coordinates": [-12.663051, 14.932874]}, "properties": {"id": "parking-268", "type": "parking", "type_label": "Parking", "nom": "PARKING", "region": {"nom": "MATAM", "code": 11}, "departement": {"nom": "KANEL", "code": 112}, "commune": {"nom": "ORKADIERE", "code": 112201}, "communaute_rurale": {"nom": "BOKILADJI", "code": 11220101}, "quartier_village": "KAWAL", "milieu": "RURAL", "thematique": null, "type_qvh": null}}, {"type": "Feature", "geometry": {"type": "Point", "coordinates": [-16.702716, 14.078635]}, "properties": {"id": "parking-269", "type": "parking", "type_label": "Parking", "nom": "PARKING", "region": {"nom": "FATICK", "code": 9}, "departement": {"nom": "FATICK", "code": 91}, "commune": {"nom": "FIMELA", "code": 91202}, "communaute_rurale": {"nom": "FIMELA", "code": 9120201}, "quartier_village": "NDANGANE SAMBOU", "milieu": "RURAL", "thematique": null, "type_qvh": null}}, {"type": "Feature", "geometry": {"type": "Point", "coordinates": [-16.371172, 13.868645]}, "properties": {"id": "parking-270", "type": "parking", "type_label": "Parking", "nom": "PARKING", "region": {"nom": "FATICK", "code": 9}, "departement": {"nom": "FOUNDIOUGNE", "code": 92}, "commune": {"nom": "SOKONE", "code": 92102}, "communaute_rurale": {"nom": "SOKONE", "code": 9210200}, "quartier_village": "SANTHIABA", "milieu": "URBAIN", "thematique": null, "type_qvh": null}}, {"type": "Feature", "geometry": {"type": "Point", "coordinates": [-16.100063, 14.151881]}, "properties": {"id": "parking-271", "type": "parking", "type_label": "Parking", "nom": "Parking khadim rassoul", "region": {"nom": "KAOLACK", "code": 6}, "departement": {"nom": "KAOLACK", "code": 61}, "commune": {"nom": "KAOLACK", "code": 61101}, "communaute_rurale": {"nom": "KAOLACK", "code": 6110100}, "quartier_village": "DIAMAGUENE EXTENTION", "milieu": "URBAIN", "thematique": null, "type_qvh": null}}, {"type": "Feature", "geometry": {"type": "Point", "coordinates": [-16.086907, 14.136091]}, "properties": {"id": "parking-272", "type": "parking", "type_label": "Parking", "nom": "Parking camp militaire", "region": {"nom": "KAOLACK", "code": 6}, "departement": {"nom": "KAOLACK", "code": 61}, "commune": {"nom": "KAOLACK", "code": 61101}, "communaute_rurale": {"nom": "KAOLACK", "code": 6110100}, "quartier_village": "KOUNDAM", "milieu": "URBAIN", "thematique": null, "type_qvh": null}}, {"type": "Feature", "geometry": {"type": "Point", "coordinates": [-16.083861, 14.1357]}, "properties": {"id": "parking-273", "type": "parking", "type_label": "Parking", "nom": "Parking camion", "region": {"nom": "KAOLACK", "code": 6}, "departement": {"nom": "KAOLACK", "code": 61}, "commune": {"nom": "KAOLACK", "code": 61101}, "communaute_rurale": {"nom": "KAOLACK", "code": 6110100}, "quartier_village": "KOUNDAM", "milieu": "URBAIN", "thematique": null, "type_qvh": null}}, {"type": "Feature", "geometry": {"type": "Point", "coordinates": [-16.075744, 14.145337]}, "properties": {"id": "parking-274", "type": "parking", "type_label": "Parking", "nom": "Park automobile", "region": {"nom": "KAOLACK", "code": 6}, "departement": {"nom": "KAOLACK", "code": 61}, "commune": {"nom": "KAOLACK", "code": 61101}, "communaute_rurale": {"nom": "KAOLACK", "code": 6110100}, "quartier_village": "TABAYA (KASNACK NORD)", "milieu": "URBAIN", "thematique": null, "type_qvh": null}}, {"type": "Feature", "geometry": {"type": "Point", "coordinates": [-16.072207, 14.136153]}, "properties": {"id": "parking-275", "type": "parking", "type_label": "Parking", "nom": "Parking véhicule", "region": {"nom": "KAOLACK", "code": 6}, "departement": {"nom": "KAOLACK", "code": 61}, "commune": {"nom": "KAOLACK", "code": 61101}, "communaute_rurale": {"nom": "KAOLACK", "code": 6110100}, "quartier_village": "LEONA ESCALE", "milieu": "URBAIN", "thematique": null, "type_qvh": null}}, {"type": "Feature", "geometry": {"type": "Point", "coordinates": [-16.076391, 14.135696]}, "properties": {"id": "parking-276", "type": "parking", "type_label": "Parking", "nom": "Parking taxi", "region": {"nom": "KAOLACK", "code": 6}, "departement": {"nom": "KAOLACK", "code": 61}, "commune": {"nom": "KAOLACK", "code": 61101}, "communaute_rurale": {"nom": "KAOLACK", "code": 6110100}, "quartier_village": "LEONA ESCALE", "milieu": "URBAIN", "thematique": null, "type_qvh": null}}, {"type": "Feature", "geometry": {"type": "Point", "coordinates": [-15.898365, 14.878715]}, "properties": {"id": "parking-277", "type": "parking", "type_label": "Parking", "nom": "Parking", "region": {"nom": "DIOURBEL", "code": 3}, "departement": {"nom": "MBACKE", "code": 33}, "commune": {"nom": "NDAME", "code": 33202}, "communaute_rurale": {"nom": "TOUBA MOSQUEE", "code": 3320205}, "quartier_village": "DAROU KHOUDOSS", "milieu": "RURAL", "thematique": null, "type_qvh": null}}, {"type": "Feature", "geometry": {"type": "Point", "coordinates": [-15.857771, 14.853189]}, "properties": {"id": "parking-278", "type": "parking", "type_label": "Parking", "nom": "Parking", "region": {"nom": "DIOURBEL", "code": 3}, "departement": {"nom": "MBACKE", "code": 33}, "commune": {"nom": "NDAME", "code": 33202}, "communaute_rurale": {"nom": "TOUBA MOSQUEE", "code": 3320205}, "quartier_village": "TOUBA MOSQUEE", "milieu": "RURAL", "thematique": null, "type_qvh": null}}, {"type": "Feature", "geometry": {"type": "Point", "coordinates": [-15.897777, 14.869061]}, "properties": {"id": "parking-279", "type": "parking", "type_label": "Parking", "nom": "Parking", "region": {"nom": "DIOURBEL", "code": 3}, "departement": {"nom": "MBACKE", "code": 33}, "commune": {"nom": "NDAME", "code": 33202}, "communaute_rurale": {"nom": "TOUBA MOSQUEE", "code": 3320205}, "quartier_village": "DAROU KHOUDOSS", "milieu": "RURAL", "thematique": null, "type_qvh": null}}, {"type": "Feature", "geometry": {"type": "Point", "coordinates": [-15.897694, 14.820573]}, "properties": {"id": "parking-280", "type": "parking", "type_label": "Parking", "nom": "Parking", "region": {"nom": "DIOURBEL", "code": 3}, "departement": {"nom": "MBACKE", "code": 33}, "commune": {"nom": "NDAME", "code": 33202}, "communaute_rurale": {"nom": "TOUBA MOSQUEE", "code": 3320205}, "quartier_village": "DAROU KHALIMOUL KHABIR", "milieu": "RURAL", "thematique": null, "type_qvh": null}}, {"type": "Feature", "geometry": {"type": "Point", "coordinates": [-15.896775, 14.823188]}, "properties": {"id": "parking-281", "type": "parking", "type_label": "Parking", "nom": "Parking", "region": {"nom": "DIOURBEL", "code": 3}, "departement": {"nom": "MBACKE", "code": 33}, "commune": {"nom": "NDAME", "code": 33202}, "communaute_rurale": {"nom": "TOUBA MOSQUEE", "code": 3320205}, "quartier_village": "DAROU KHALIMOUL KHABIR", "milieu": "RURAL", "thematique": null, "type_qvh": null}}, {"type": "Feature", "geometry": {"type": "Point", "coordinates": [-15.868097, 14.841791]}, "properties": {"id": "parking-282", "type": "parking", "type_label": "Parking", "nom": "Parking", "region": {"nom": "DIOURBEL", "code": 3}, "departement": {"nom": "MBACKE", "code": 33}, "commune": {"nom": "NDAME", "code": 33202}, "communaute_rurale": {"nom": "TOUBA MOSQUEE", "code": 3320205}, "quartier_village": "TOUBA MOSQUEE", "milieu": "RURAL", "thematique": null, "type_qvh": null}}, {"type": "Feature", "geometry": {"type": "Point", "coordinates": [-15.90042, 14.83012]}, "properties": {"id": "parking-283", "type": "parking", "type_label": "Parking", "nom": "Parking", "region": {"nom": "DIOURBEL", "code": 3}, "departement": {"nom": "MBACKE", "code": 33}, "commune": {"nom": "NDAME", "code": 33202}, "communaute_rurale": {"nom": "TOUBA MOSQUEE", "code": 3320205}, "quartier_village": "DAROU KHALIMOUL KHABIR", "milieu": "RURAL", "thematique": null, "type_qvh": null}}, {"type": "Feature", "geometry": {"type": "Point", "coordinates": [-15.857456, 14.856208]}, "properties": {"id": "parking-284", "type": "parking", "type_label": "Parking", "nom": "DIAW ET FRERES", "region": {"nom": "DIOURBEL", "code": 3}, "departement": {"nom": "MBACKE", "code": 33}, "commune": {"nom": "NDAME", "code": 33202}, "communaute_rurale": {"nom": "TOUBA MOSQUEE", "code": 3320205}, "quartier_village": "TOUBA MOSQUEE", "milieu": "RURAL", "thematique": null, "type_qvh": null}}, {"type": "Feature", "geometry": {"type": "Point", "coordinates": [-15.898773, 14.879781]}, "properties": {"id": "parking-285", "type": "parking", "type_label": "Parking", "nom": "Parking", "region": {"nom": "DIOURBEL", "code": 3}, "departement": {"nom": "MBACKE", "code": 33}, "commune": {"nom": "NDAME", "code": 33202}, "communaute_rurale": {"nom": "TOUBA MOSQUEE", "code": 3320205}, "quartier_village": "MADIYANA", "milieu": "RURAL", "thematique": null, "type_qvh": null}}, {"type": "Feature", "geometry": {"type": "Point", "coordinates": [-15.912706, 14.900945]}, "properties": {"id": "parking-286", "type": "parking", "type_label": "Parking", "nom": "Parking", "region": {"nom": "DIOURBEL", "code": 3}, "departement": {"nom": "MBACKE", "code": 33}, "commune": {"nom": "NDAME", "code": 33202}, "communaute_rurale": {"nom": "TOUBA MOSQUEE", "code": 3320205}, "quartier_village": "MADIYANA", "milieu": "RURAL", "thematique": null, "type_qvh": null}}, {"type": "Feature", "geometry": {"type": "Point", "coordinates": [-15.916292, 14.818645]}, "properties": {"id": "parking-287", "type": "parking", "type_label": "Parking", "nom": "Parking", "region": {"nom": "DIOURBEL", "code": 3}, "departement": {"nom": "MBACKE", "code": 33}, "commune": {"nom": "NDAME", "code": 33202}, "communaute_rurale": {"nom": "TOUBA MOSQUEE", "code": 3320205}, "quartier_village": "TOUBA NDIAREME", "milieu": "RURAL", "thematique": null, "type_qvh": null}}, {"type": "Feature", "geometry": {"type": "Point", "coordinates": [-15.9234, 14.847833]}, "properties": {"id": "parking-288", "type": "parking", "type_label": "Parking", "nom": "PARC BAOL BAOL", "region": {"nom": "DIOURBEL", "code": 3}, "departement": {"nom": "MBACKE", "code": 33}, "commune": {"nom": "NDAME", "code": 33202}, "communaute_rurale": {"nom": "TOUBA MOSQUEE", "code": 3320205}, "quartier_village": "TOUBA FALL DIANATOUL", "milieu": "RURAL", "thematique": null, "type_qvh": null}}, {"type": "Feature", "geometry": {"type": "Point", "coordinates": [-15.876883, 14.838375]}, "properties": {"id": "parking-289", "type": "parking", "type_label": "Parking", "nom": "PARKING VENTE DE VEHICULE", "region": {"nom": "DIOURBEL", "code": 3}, "departement": {"nom": "MBACKE", "code": 33}, "commune": {"nom": "NDAME", "code": 33202}, "communaute_rurale": {"nom": "TOUBA MOSQUEE", "code": 3320205}, "quartier_village": "DAROU MARNANE", "milieu": "RURAL", "thematique": null, "type_qvh": null}}, {"type": "Feature", "geometry": {"type": "Point", "coordinates": [-15.924219, 14.815915]}, "properties": {"id": "parking-290", "type": "parking", "type_label": "Parking", "nom": "Parking", "region": {"nom": "DIOURBEL", "code": 3}, "departement": {"nom": "MBACKE", "code": 33}, "commune": {"nom": "NDAME", "code": 33202}, "communaute_rurale": {"nom": "TOUBA MOSQUEE", "code": 3320205}, "quartier_village": "THIAWENE", "milieu": "RURAL", "thematique": null, "type_qvh": null}}, {"type": "Feature", "geometry": {"type": "Point", "coordinates": [-16.481472, 14.706938]}, "properties": {"id": "parking-291", "type": "parking", "type_label": "Parking", "nom": "PARKING", "region": {"nom": "DIOURBEL", "code": 3}, "departement": {"nom": "BAMBEY", "code": 31}, "commune": {"nom": "LAMBAYE", "code": 31202}, "communaute_rurale": {"nom": "NGOGOM", "code": 3120203}, "quartier_village": "ISRA (CNRA)", "milieu": "RURAL", "thematique": null, "type_qvh": null}}, {"type": "Feature", "geometry": {"type": "Point", "coordinates": [-16.455086, 14.714547]}, "properties": {"id": "parking-292", "type": "parking", "type_label": "Parking", "nom": "PARKING AUTOMOBILE", "region": {"nom": "DIOURBEL", "code": 3}, "departement": {"nom": "BAMBEY", "code": 31}, "commune": {"nom": "LAMBAYE", "code": 31202}, "communaute_rurale": {"nom": "NGOGOM", "code": 3120203}, "quartier_village": "NIOKETTE", "milieu": "RURAL", "thematique": null, "type_qvh": null}}, {"type": "Feature", "geometry": {"type": "Point", "coordinates": [-16.423501, 14.756105]}, "properties": {"id": "parking-293", "type": "parking", "type_label": "Parking", "nom": "Parking", "region": {"nom": "DIOURBEL", "code": 3}, "departement": {"nom": "BAMBEY", "code": 31}, "commune": {"nom": "LAMBAYE", "code": 31202}, "communaute_rurale": {"nom": "NGOGOM", "code": 3120203}, "quartier_village": "H2 GOUYE NDIOGOU DAKHAR", "milieu": "RURAL", "thematique": null, "type_qvh": null}}, {"type": "Feature", "geometry": {"type": "Point", "coordinates": [-16.221341, 14.662067]}, "properties": {"id": "parking-294", "type": "parking", "type_label": "Parking", "nom": "PARKING AUTOMOBILE", "region": {"nom": "DIOURBEL", "code": 3}, "departement": {"nom": "DIOURBEL", "code": 32}, "commune": {"nom": "DIOURBEL", "code": 32101}, "communaute_rurale": {"nom": "DIOURBEL", "code": 3210100}, "quartier_village": "THIERNO KANDJI", "milieu": "URBAIN", "thematique": null, "type_qvh": null}}, {"type": "Feature", "geometry": {"type": "Point", "coordinates": [-16.260789, 14.651105]}, "properties": {"id": "parking-295", "type": "parking", "type_label": "Parking", "nom": "PARKING", "region": {"nom": "DIOURBEL", "code": 3}, "departement": {"nom": "DIOURBEL", "code": 32}, "commune": {"nom": "NDOULO", "code": 32202}, "communaute_rurale": {"nom": "NGOHE", "code": 3220202}, "quartier_village": "CITE OUVRIERE SEIB", "milieu": "RURAL", "thematique": null, "type_qvh": null}}, {"type": "Feature", "geometry": {"type": "Point", "coordinates": [-15.901263, 14.817718]}, "properties": {"id": "parking-296", "type": "parking", "type_label": "Parking", "nom": "PARKING AUTOMOBILE", "region": {"nom": "DIOURBEL", "code": 3}, "departement": {"nom": "MBACKE", "code": 33}, "commune": {"nom": "MBACKE", "code": 33101}, "communaute_rurale": {"nom": "MBACKE", "code": 3310100}, "quartier_village": "PALENE (MBACKE BARRY)", "milieu": "URBAIN", "thematique": null, "type_qvh": null}}, {"type": "Feature", "geometry": {"type": "Point", "coordinates": [-15.567366, 14.094388]}, "properties": {"id": "parking-297", "type": "parking", "type_label": "Parking", "nom": "Parking automobile", "region": {"nom": "KAFFRINE", "code": 12}, "departement": {"nom": "KAFFRINE", "code": 121}, "commune": {"nom": "KAFFRINE", "code": 121101}, "communaute_rurale": {"nom": "KAFFRINE", "code": 12110100}, "quartier_village": "DIAMAGUENE TP", "milieu": "URBAIN", "thematique": null, "type_qvh": null}}, {"type": "Feature", "geometry": {"type": "Point", "coordinates": [-15.565537, 14.095719]}, "properties": {"id": "parking-298", "type": "parking", "type_label": "Parking", "nom": "PARKING AUTOMOBILE", "region": {"nom": "KAFFRINE", "code": 12}, "departement": {"nom": "KAFFRINE", "code": 121}, "commune": {"nom": "KAFFRINE", "code": 121101}, "communaute_rurale": {"nom": "KAFFRINE", "code": 12110100}, "quartier_village": "ESCALE OUEST/CITE MILLIONNAIRE", "milieu": "URBAIN", "thematique": null, "type_qvh": null}}, {"type": "Feature", "geometry": {"type": "Point", "coordinates": [-15.11963, 13.992122]}, "properties": {"id": "parking-299", "type": "parking", "type_label": "Parking", "nom": "PARKING AUTOMOBILE", "region": {"nom": "KAFFRINE", "code": 12}, "departement": {"nom": "KOUNGHEUL", "code": 123}, "commune": {"nom": "MISSIRAH WADENE", "code": 123203}, "communaute_rurale": {"nom": "MISSIRAH WADENE", "code": 12320303}, "quartier_village": "MISSIRAH WADENE", "milieu": "RURAL", "thematique": null, "type_qvh": null}}, {"type": "Feature", "geometry": {"type": "Point", "coordinates": [-14.903332, 12.867947]}, "properties": {"id": "parking-300", "type": "parking", "type_label": "Parking", "nom": "Parking", "region": {"nom": "KOLDA", "code": 10}, "departement": {"nom": "KOLDA", "code": 101}, "commune": {"nom": "DIOULACOLON", "code": 101201}, "communaute_rurale": {"nom": "DIOULACOLON", "code": 10120101}, "quartier_village": "SINTHIANG SAMBA COULIBALY", "milieu": "RURAL", "thematique": null, "type_qvh": null}}, {"type": "Feature", "geometry": {"type": "Point", "coordinates": [-13.778175, 13.173825]}, "properties": {"id": "parking-301", "type": "parking", "type_label": "Parking", "nom": "PARKING CAMION", "region": {"nom": "KOLDA", "code": 10}, "departement": {"nom": "VELINGARA", "code": 102}, "commune": {"nom": "BONCONTO", "code": 102201}, "communaute_rurale": {"nom": "MEDINA GOUNASS", "code": 10220103}, "quartier_village": "MEDINA GOUNASS", "milieu": "RURAL", "thematique": null, "type_qvh": null}}, {"type": "Feature", "geometry": {"type": "Point", "coordinates": [-14.9451, 12.8959]}, "properties": {"id": "parking-302", "type": "parking", "type_label": "Parking", "nom": "PARKING DE VOITURE", "region": {"nom": "KOLDA", "code": 10}, "departement": {"nom": "KOLDA", "code": 101}, "commune": {"nom": "KOLDA", "code": 101101}, "communaute_rurale": {"nom": "KOLDA", "code": 10110100}, "quartier_village": "DOUMASSOU", "milieu": "URBAIN", "thematique": null, "type_qvh": null}}, {"type": "Feature", "geometry": {"type": "Point", "coordinates": [-16.954546, 14.776065]}, "properties": {"id": "parking-303", "type": "parking", "type_label": "Parking", "nom": "PARKING", "region": {"nom": "THIES", "code": 7}, "departement": {"nom": "THIES", "code": 72}, "commune": {"nom": "THIES", "code": 72301}, "communaute_rurale": {"nom": "THIES OUEST", "code": 7230122}, "quartier_village": "GRAND STANDING", "milieu": "URBAIN", "thematique": null, "type_qvh": null}}, {"type": "Feature", "geometry": {"type": "Point", "coordinates": [-16.951248, 14.759134]}, "properties": {"id": "parking-304", "type": "parking", "type_label": "Parking", "nom": "PARKING TRACTEURS", "region": {"nom": "THIES", "code": 7}, "departement": {"nom": "THIES", "code": 72}, "commune": {"nom": "THIES", "code": 72301}, "communaute_rurale": {"nom": "THIES OUEST", "code": 7230122}, "quartier_village": "MBOUR IV", "milieu": "URBAIN", "thematique": null, "type_qvh": null}}, {"type": "Feature", "geometry": {"type": "Point", "coordinates": [-16.943517, 14.783528]}, "properties": {"id": "parking-305", "type": "parking", "type_label": "Parking", "nom": "PARKING AUTOS", "region": {"nom": "THIES", "code": 7}, "departement": {"nom": "THIES", "code": 72}, "commune": {"nom": "THIES", "code": 72301}, "communaute_rurale": {"nom": "THIES OUEST", "code": 7230122}, "quartier_village": "ZONE INDUSTRIELLE", "milieu": "URBAIN", "thematique": null, "type_qvh": null}}, {"type": "Feature", "geometry": {"type": "Point", "coordinates": [-16.945057, 14.78375]}, "properties": {"id": "parking-306", "type": "parking", "type_label": "Parking", "nom": "PARKING CAMIONS", "region": {"nom": "THIES", "code": 7}, "departement": {"nom": "THIES", "code": 72}, "commune": {"nom": "THIES", "code": 72301}, "communaute_rurale": {"nom": "THIES OUEST", "code": 7230122}, "quartier_village": "ZONE INDUSTRIELLE", "milieu": "URBAIN", "thematique": null, "type_qvh": null}}, {"type": "Feature", "geometry": {"type": "Point", "coordinates": [-16.947146, 14.784835]}, "properties": {"id": "parking-307", "type": "parking", "type_label": "Parking", "nom": "PARKING GROS PORTEURS", "region": {"nom": "THIES", "code": 7}, "departement": {"nom": "THIES", "code": 72}, "commune": {"nom": "THIES", "code": 72301}, "communaute_rurale": {"nom": "THIES OUEST", "code": 7230122}, "quartier_village": "ZONE INDUSTRIELLE", "milieu": "URBAIN", "thematique": null, "type_qvh": null}}, {"type": "Feature", "geometry": {"type": "Point", "coordinates": [-16.947788, 14.784637]}, "properties": {"id": "parking-308", "type": "parking", "type_label": "Parking", "nom": "PARKING AUTOMOBILES", "region": {"nom": "THIES", "code": 7}, "departement": {"nom": "THIES", "code": 72}, "commune": {"nom": "THIES", "code": 72301}, "communaute_rurale": {"nom": "THIES OUEST", "code": 7230122}, "quartier_village": "ZONE INDUSTRIELLE", "milieu": "URBAIN", "thematique": null, "type_qvh": null}}, {"type": "Feature", "geometry": {"type": "Point", "coordinates": [-16.94623, 14.785725]}, "properties": {"id": "parking-309", "type": "parking", "type_label": "Parking", "nom": "Transport Dieye", "region": {"nom": "THIES", "code": 7}, "departement": {"nom": "THIES", "code": 72}, "commune": {"nom": "THIES", "code": 72301}, "communaute_rurale": {"nom": "THIES OUEST", "code": 7230122}, "quartier_village": "ZONE INDUSTRIELLE", "milieu": "URBAIN", "thematique": null, "type_qvh": null}}, {"type": "Feature", "geometry": {"type": "Point", "coordinates": [-16.946946, 14.785739]}, "properties": {"id": "parking-310", "type": "parking", "type_label": "Parking", "nom": "Parking CamionS", "region": {"nom": "THIES", "code": 7}, "departement": {"nom": "THIES", "code": 72}, "commune": {"nom": "THIES", "code": 72301}, "communaute_rurale": {"nom": "THIES OUEST", "code": 7230122}, "quartier_village": "ZONE INDUSTRIELLE", "milieu": "URBAIN", "thematique": null, "type_qvh": null}}, {"type": "Feature", "geometry": {"type": "Point", "coordinates": [-16.94995, 14.782831]}, "properties": {"id": "parking-311", "type": "parking", "type_label": "Parking", "nom": "PARKING CAMIONS", "region": {"nom": "THIES", "code": 7}, "departement": {"nom": "THIES", "code": 72}, "commune": {"nom": "THIES", "code": 72301}, "communaute_rurale": {"nom": "THIES OUEST", "code": 7230122}, "quartier_village": "ZONE INDUSTRIELLE", "milieu": "URBAIN", "thematique": null, "type_qvh": null}}, {"type": "Feature", "geometry": {"type": "Point", "coordinates": [-16.927219, 14.784607]}, "properties": {"id": "parking-312", "type": "parking", "type_label": "Parking", "nom": "PARKING PLUS LAVAGE VOITURE", "region": {"nom": "THIES", "code": 7}, "departement": {"nom": "THIES", "code": 72}, "commune": {"nom": "THIES", "code": 72301}, "communaute_rurale": {"nom": "THIES OUEST", "code": 7230122}, "quartier_village": "RANDOULENE SUD (GRAND THIES)", "milieu": "URBAIN", "thematique": null, "type_qvh": null}}, {"type": "Feature", "geometry": {"type": "Point", "coordinates": [-16.9512, 14.781895]}, "properties": {"id": "parking-313", "type": "parking", "type_label": "Parking", "nom": "PARKING", "region": {"nom": "THIES", "code": 7}, "departement": {"nom": "THIES", "code": 72}, "commune": {"nom": "THIES", "code": 72301}, "communaute_rurale": {"nom": "THIES OUEST", "code": 7230122}, "quartier_village": "ZONE INDUSTRIELLE", "milieu": "URBAIN", "thematique": null, "type_qvh": null}}, {"type": "Feature", "geometry": {"type": "Point", "coordinates": [-16.951798, 14.782497]}, "properties": {"id": "parking-314", "type": "parking", "type_label": "Parking", "nom": "PARKING CAMION", "region": {"nom": "THIES", "code": 7}, "departement": {"nom": "THIES", "code": 72}, "commune": {"nom": "THIES", "code": 72301}, "communaute_rurale": {"nom": "THIES OUEST", "code": 7230122}, "quartier_village": "ZONE INDUSTRIELLE", "milieu": "URBAIN", "thematique": null, "type_qvh": null}}, {"type": "Feature", "geometry": {"type": "Point", "coordinates": [-16.962291, 14.7855]}, "properties": {"id": "parking-315", "type": "parking", "type_label": "Parking", "nom": "PARKING AUTO ET ENGINS", "region": {"nom": "THIES", "code": 7}, "departement": {"nom": "THIES", "code": 72}, "commune": {"nom": "THIES", "code": 72301}, "communaute_rurale": {"nom": "THIES OUEST", "code": 7230122}, "quartier_village": "THIES NONE", "milieu": "URBAIN", "thematique": null, "type_qvh": null}}, {"type": "Feature", "geometry": {"type": "Point", "coordinates": [-16.944366, 14.788983]}, "properties": {"id": "parking-316", "type": "parking", "type_label": "Parking", "nom": "Entreprise", "region": {"nom": "THIES", "code": 7}, "departement": {"nom": "THIES", "code": 72}, "commune": {"nom": "THIES", "code": 72301}, "communaute_rurale": {"nom": "THIES OUEST", "code": 7230122}, "quartier_village": "CITE MALICK SY", "milieu": "URBAIN", "thematique": null, "type_qvh": null}}, {"type": "Feature", "geometry": {"type": "Point", "coordinates": [-16.946877, 14.787242]}, "properties": {"id": "parking-317", "type": "parking", "type_label": "Parking", "nom": "Parking Camions", "region": {"nom": "THIES", "code": 7}, "departement": {"nom": "THIES", "code": 72}, "commune": {"nom": "THIES", "code": 72301}, "communaute_rurale": {"nom": "THIES OUEST", "code": 7230122}, "quartier_village": "ZONE INDUSTRIELLE", "milieu": "URBAIN", "thematique": null, "type_qvh": null}}, {"type": "Feature", "geometry": {"type": "Point", "coordinates": [-16.945479, 14.787632]}, "properties": {"id": "parking-318", "type": "parking", "type_label": "Parking", "nom": "MTMB", "region": {"nom": "THIES", "code": 7}, "departement": {"nom": "THIES", "code": 72}, "commune": {"nom": "THIES", "code": 72301}, "communaute_rurale": {"nom": "THIES OUEST", "code": 7230122}, "quartier_village": "ZONE INDUSTRIELLE", "milieu": "URBAIN", "thematique": null, "type_qvh": null}}, {"type": "Feature", "geometry": {"type": "Point", "coordinates": [-16.946963, 14.78638]}, "properties": {"id": "parking-319", "type": "parking", "type_label": "Parking", "nom": "Parking CamiOns", "region": {"nom": "THIES", "code": 7}, "departement": {"nom": "THIES", "code": 72}, "commune": {"nom": "THIES", "code": 72301}, "communaute_rurale": {"nom": "THIES OUEST", "code": 7230122}, "quartier_village": "ZONE INDUSTRIELLE", "milieu": "URBAIN", "thematique": null, "type_qvh": null}}, {"type": "Feature", "geometry": {"type": "Point", "coordinates": [-16.950119, 14.782089]}, "properties": {"id": "parking-320", "type": "parking", "type_label": "Parking", "nom": "PARKING", "region": {"nom": "THIES", "code": 7}, "departement": {"nom": "THIES", "code": 72}, "commune": {"nom": "THIES", "code": 72301}, "communaute_rurale": {"nom": "THIES OUEST", "code": 7230122}, "quartier_village": "ZONE INDUSTRIELLE", "milieu": "URBAIN", "thematique": null, "type_qvh": null}}, {"type": "Feature", "geometry": {"type": "Point", "coordinates": [-16.927705, 14.789942]}, "properties": {"id": "parking-321", "type": "parking", "type_label": "Parking", "nom": "KEBE BUSINESS", "region": {"nom": "THIES", "code": 7}, "departement": {"nom": "THIES", "code": 72}, "commune": {"nom": "THIES", "code": 72301}, "communaute_rurale": {"nom": "THIES OUEST", "code": 7230122}, "quartier_village": "RANDOULENE NORD", "milieu": "URBAIN", "thematique": null, "type_qvh": null}}, {"type": "Feature", "geometry": {"type": "Point", "coordinates": [-16.929364, 14.797712]}, "properties": {"id": "parking-322", "type": "parking", "type_label": "Parking", "nom": "Parking", "region": {"nom": "THIES", "code": 7}, "departement": {"nom": "THIES", "code": 72}, "commune": {"nom": "THIES", "code": 72301}, "communaute_rurale": {"nom": "THIES NORD", "code": 7230111}, "quartier_village": "ESCALE NORD", "milieu": "URBAIN", "thematique": null, "type_qvh": null}}, {"type": "Feature", "geometry": {"type": "Point", "coordinates": [-16.923498, 14.802845]}, "properties": {"id": "parking-323", "type": "parking", "type_label": "Parking", "nom": "PARKING", "region": {"nom": "THIES", "code": 7}, "departement": {"nom": "THIES", "code": 72}, "commune": {"nom": "THIES", "code": 72301}, "communaute_rurale": {"nom": "THIES NORD", "code": 7230111}, "quartier_village": "NGUINTH", "milieu": "URBAIN", "thematique": null, "type_qvh": null}}, {"type": "Feature", "geometry": {"type": "Point", "coordinates": [-16.93635, 14.801758]}, "properties": {"id": "parking-324", "type": "parking", "type_label": "Parking", "nom": "PARKING", "region": {"nom": "THIES", "code": 7}, "departement": {"nom": "THIES", "code": 72}, "commune": {"nom": "THIES", "code": 72301}, "communaute_rurale": {"nom": "THIES NORD", "code": 7230111}, "quartier_village": "DIAKHAO", "milieu": "URBAIN", "thematique": null, "type_qvh": null}}, {"type": "Feature", "geometry": {"type": "Point", "coordinates": [-16.924836, 14.790734]}, "properties": {"id": "parking-325", "type": "parking", "type_label": "Parking", "nom": "GARAGE AUTO", "region": {"nom": "THIES", "code": 7}, "departement": {"nom": "THIES", "code": 72}, "commune": {"nom": "THIES SUD", "code": 72301}, "communaute_rurale": {"nom": "THIES EST", "code": 7230121}, "quartier_village": "DVF (BAYAL)", "milieu": "URBAIN", "thematique": null, "type_qvh": null}}, {"type": "Feature", "geometry": {"type": "Point", "coordinates": [-16.90617, 14.777074]}, "properties": {"id": "parking-326", "type": "parking", "type_label": "Parking", "nom": "GARAGE", "region": {"nom": "THIES", "code": 7}, "departement": {"nom": "THIES", "code": 72}, "commune": {"nom": "THIES SUD", "code": 72301}, "communaute_rurale": {"nom": "THIES EST", "code": 7230121}, "quartier_village": "SAMPATHE", "milieu": "URBAIN", "thematique": null, "type_qvh": null}}, {"type": "Feature", "geometry": {"type": "Point", "coordinates": [-16.865755, 14.608753]}, "properties": {"id": "parking-327", "type": "parking", "type_label": "Parking", "nom": "PARKING", "region": {"nom": "THIES", "code": 7}, "departement": {"nom": "THIES", "code": 72}, "commune": {"nom": "NOTTO", "code": 72201}, "communaute_rurale": {"nom": "TASSETE", "code": 7220102}, "quartier_village": "TASSETTE OUOLOF", "milieu": "RURAL", "thematique": null, "type_qvh": null}}, {"type": "Feature", "geometry": {"type": "Point", "coordinates": [-16.731182, 14.759334]}, "properties": {"id": "parking-328", "type": "parking", "type_label": "Parking", "nom": "PARKING", "region": {"nom": "THIES", "code": 7}, "departement": {"nom": "THIES", "code": 72}, "commune": {"nom": "THIENABA", "code": 72202}, "communaute_rurale": {"nom": "NGOUDIANE", "code": 7220202}, "quartier_village": "H2 KEUR TOUBA KANE", "milieu": "RURAL", "thematique": null, "type_qvh": null}}, {"type": "Feature", "geometry": {"type": "Point", "coordinates": [-16.730473, 14.759331]}, "properties": {"id": "parking-329", "type": "parking", "type_label": "Parking", "nom": "PARKING", "region": {"nom": "THIES", "code": 7}, "departement": {"nom": "THIES", "code": 72}, "commune": {"nom": "THIENABA", "code": 72202}, "communaute_rurale": {"nom": "NGOUDIANE", "code": 7220202}, "quartier_village": "H2 KEUR TOUBA KANE", "milieu": "RURAL", "thematique": null, "type_qvh": null}}, {"type": "Feature", "geometry": {"type": "Point", "coordinates": [-17.041011, 14.697352]}, "properties": {"id": "parking-330", "type": "parking", "type_label": "Parking", "nom": "PARKING AUTOROUTE A PEAGE", "region": {"nom": "THIES", "code": 7}, "departement": {"nom": "THIES", "code": 72}, "commune": {"nom": "KEUR MOUSSEU", "code": 72203}, "communaute_rurale": {"nom": "KEUR MOUSSA", "code": 7220303}, "quartier_village": "THIAMBOKH", "milieu": "RURAL", "thematique": null, "type_qvh": null}}, {"type": "Feature", "geometry": {"type": "Point", "coordinates": [-17.034431, 14.766126]}, "properties": {"id": "parking-331", "type": "parking", "type_label": "Parking", "nom": "PARKINK", "region": {"nom": "THIES", "code": 7}, "departement": {"nom": "THIES", "code": 72}, "commune": {"nom": "KEUR MOUSSEU", "code": 72203}, "communaute_rurale": {"nom": "KEUR MOUSSA", "code": 7220303}, "quartier_village": "H1 EMAAP", "milieu": "RURAL", "thematique": null, "type_qvh": null}}, {"type": "Feature", "geometry": {"type": "Point", "coordinates": [-16.937996, 14.748077]}, "properties": {"id": "parking-332", "type": "parking", "type_label": "Parking", "nom": "PARKING DE CAMIONS", "region": {"nom": "THIES", "code": 7}, "departement": {"nom": "THIES", "code": 72}, "commune": {"nom": "KEUR MOUSSEU", "code": 72203}, "communaute_rurale": {"nom": "FANDENE", "code": 7220302}, "quartier_village": "SANTHIE YORO SADIO", "milieu": "RURAL", "thematique": null, "type_qvh": null}}, {"type": "Feature", "geometry": {"type": "Point", "coordinates": [-16.880309, 14.758007]}, "properties": {"id": "parking-333", "type": "parking", "type_label": "Parking", "nom": "PARKING", "region": {"nom": "THIES", "code": 7}, "departement": {"nom": "THIES", "code": 72}, "commune": {"nom": "KEUR MOUSSEU", "code": 72203}, "communaute_rurale": {"nom": "FANDENE", "code": 7220302}, "quartier_village": "KEUR DAOUDA CISSE", "milieu": "RURAL", "thematique": null, "type_qvh": null}}, {"type": "Feature", "geometry": {"type": "Point", "coordinates": [-16.95745, 14.739985]}, "properties": {"id": "parking-334", "type": "parking", "type_label": "Parking", "nom": "PARKING CAMION", "region": {"nom": "THIES", "code": 7}, "departement": {"nom": "THIES", "code": 72}, "commune": {"nom": "NOTTO", "code": 72201}, "communaute_rurale": {"nom": "NOTTO", "code": 7220101}, "quartier_village": "NDAKHAR MBAYE", "milieu": "RURAL", "thematique": null, "type_qvh": null}}, {"type": "Feature", "geometry": {"type": "Point", "coordinates": [-16.777833, 15.318112]}, "properties": {"id": "parking-335", "type": "parking", "type_label": "Parking", "nom": "PARKING", "region": {"nom": "THIES", "code": 7}, "departement": {"nom": "TIVAOUANE", "code": 73}, "commune": {"nom": "MEOUANE", "code": 73201}, "communaute_rurale": {"nom": "DAROU KHOUDOSS", "code": 7320103}, "quartier_village": "KEUR YORO BA", "milieu": "RURAL", "thematique": null, "type_qvh": null}}, {"type": "Feature", "geometry": {"type": "Point", "coordinates": [-16.812958, 14.949902]}, "properties": {"id": "parking-336", "type": "parking", "type_label": "Parking", "nom": "PARKING", "region": {"nom": "THIES", "code": 7}, "departement": {"nom": "TIVAOUANE", "code": 73}, "commune": {"nom": "TIVAOUANE", "code": 73102}, "communaute_rurale": {"nom": "TIVAOUANE", "code": 7310200}, "quartier_village": "KOULY NGUIDIANE", "milieu": "URBAIN", "thematique": null, "type_qvh": null}}, {"type": "Feature", "geometry": {"type": "Point", "coordinates": [-16.812688, 14.950339]}, "properties": {"id": "parking-337", "type": "parking", "type_label": "Parking", "nom": "PARKING", "region": {"nom": "THIES", "code": 7}, "departement": {"nom": "TIVAOUANE", "code": 73}, "commune": {"nom": "TIVAOUANE", "code": 73102}, "communaute_rurale": {"nom": "TIVAOUANE", "code": 7310200}, "quartier_village": "KOULY NGUIDIANE", "milieu": "URBAIN", "thematique": null, "type_qvh": null}}, {"type": "Feature", "geometry": {"type": "Point", "coordinates": [-16.830403, 14.938426]}, "properties": {"id": "parking-338", "type": "parking", "type_label": "Parking", "nom": "GARAGE DES CAMIONS", "region": {"nom": "THIES", "code": 7}, "departement": {"nom": "TIVAOUANE", "code": 73}, "commune": {"nom": "TIVAOUANE", "code": 73102}, "communaute_rurale": {"nom": "TIVAOUANE", "code": 7310200}, "quartier_village": "KEUR MATAR NDACK", "milieu": "URBAIN", "thematique": null, "type_qvh": null}}, {"type": "Feature", "geometry": {"type": "Point", "coordinates": [-16.837978, 14.917479]}, "properties": {"id": "parking-339", "type": "parking", "type_label": "Parking", "nom": "PARKING GROS PORTEURS", "region": {"nom": "THIES", "code": 7}, "departement": {"nom": "TIVAOUANE", "code": 73}, "commune": {"nom": "PAMBAL", "code": 73204}, "communaute_rurale": {"nom": "CHERIF LO", "code": 7320401}, "quartier_village": "NDJITE NDIASSANE", "milieu": "RURAL", "thematique": null, "type_qvh": null}}, {"type": "Feature", "geometry": {"type": "Point", "coordinates": [-17.083233, 14.49034]}, "properties": {"id": "parking-340", "type": "parking", "type_label": "Parking", "nom": "PARKING", "region": {"nom": "THIES", "code": 7}, "departement": {"nom": "MBOUR", "code": 71}, "commune": {"nom": "SINDIA", "code": 71203}, "communaute_rurale": {"nom": "SOMONE", "code": 7120308}, "quartier_village": "TORINO", "milieu": "URBAIN", "thematique": null, "type_qvh": null}}, {"type": "Feature", "geometry": {"type": "Point", "coordinates": [-16.990658, 14.477753]}, "properties": {"id": "parking-341", "type": "parking", "type_label": "Parking", "nom": "PARKING", "region": {"nom": "THIES", "code": 7}, "departement": {"nom": "MBOUR", "code": 71}, "commune": {"nom": "SINDIA", "code": 71203}, "communaute_rurale": {"nom": "SINDIA", "code": 7120303}, "quartier_village": "GANDIGAL", "milieu": "RURAL", "thematique": null, "type_qvh": null}}, {"type": "Feature", "geometry": {"type": "Point", "coordinates": [-17.035213, 14.552163]}, "properties": {"id": "parking-342", "type": "parking", "type_label": "Parking", "nom": "PARKNG DU TWYFORD", "region": {"nom": "THIES", "code": 7}, "departement": {"nom": "MBOUR", "code": 71}, "commune": {"nom": "SINDIA", "code": 71203}, "communaute_rurale": {"nom": "SINDIA", "code": 7120303}, "quartier_village": "KINIABOUR I", "milieu": "RURAL", "thematique": null, "type_qvh": null}}, {"type": "Feature", "geometry": {"type": "Point", "coordinates": [-17.032153, 14.577813]}, "properties": {"id": "parking-343", "type": "parking", "type_label": "Parking", "nom": "PARKING AUTO", "region": {"nom": "THIES", "code": 7}, "departement": {"nom": "MBOUR", "code": 71}, "commune": {"nom": "SINDIA", "code": 71203}, "communaute_rurale": {"nom": "SINDIA", "code": 7120303}, "quartier_village": "SINDIA", "milieu": "RURAL", "thematique": null, "type_qvh": null}}, {"type": "Feature", "geometry": {"type": "Point", "coordinates": [-17.024281, 14.600317]}, "properties": {"id": "parking-344", "type": "parking", "type_label": "Parking", "nom": "PARKING", "region": {"nom": "THIES", "code": 7}, "departement": {"nom": "MBOUR", "code": 71}, "commune": {"nom": "SINDIA", "code": 71203}, "communaute_rurale": {"nom": "SINDIA", "code": 7120303}, "quartier_village": "SINDIA", "milieu": "RURAL", "thematique": null, "type_qvh": null}}, {"type": "Feature", "geometry": {"type": "Point", "coordinates": [-17.023284, 14.599229]}, "properties": {"id": "parking-345", "type": "parking", "type_label": "Parking", "nom": "PARKING", "region": {"nom": "THIES", "code": 7}, "departement": {"nom": "MBOUR", "code": 71}, "commune": {"nom": "SINDIA", "code": 71203}, "communaute_rurale": {"nom": "SINDIA", "code": 7120303}, "quartier_village": "SINDIA", "milieu": "RURAL", "thematique": null, "type_qvh": null}}, {"type": "Feature", "geometry": {"type": "Point", "coordinates": [-17.023386, 14.598982]}, "properties": {"id": "parking-346", "type": "parking", "type_label": "Parking", "nom": "PARKING", "region": {"nom": "THIES", "code": 7}, "departement": {"nom": "MBOUR", "code": 71}, "commune": {"nom": "SINDIA", "code": 71203}, "communaute_rurale": {"nom": "SINDIA", "code": 7120303}, "quartier_village": "SINDIA", "milieu": "RURAL", "thematique": null, "type_qvh": null}}, {"type": "Feature", "geometry": {"type": "Point", "coordinates": [-17.024085, 14.59939]}, "properties": {"id": "parking-347", "type": "parking", "type_label": "Parking", "nom": "PARKING AUTO DE COURSE", "region": {"nom": "THIES", "code": 7}, "departement": {"nom": "MBOUR", "code": 71}, "commune": {"nom": "SINDIA", "code": 71203}, "communaute_rurale": {"nom": "SINDIA", "code": 7120303}, "quartier_village": "SINDIA", "milieu": "RURAL", "thematique": null, "type_qvh": null}}, {"type": "Feature", "geometry": {"type": "Point", "coordinates": [-17.018529, 14.554932]}, "properties": {"id": "parking-348", "type": "parking", "type_label": "Parking", "nom": "PARKING", "region": {"nom": "THIES", "code": 7}, "departement": {"nom": "MBOUR", "code": 71}, "commune": {"nom": "SINDIA", "code": 71203}, "communaute_rurale": {"nom": "SINDIA", "code": 7120303}, "quartier_village": "H2 SINDIA KAFNGOUNE", "milieu": "RURAL", "thematique": null, "type_qvh": null}}, {"type": "Feature", "geometry": {"type": "Point", "coordinates": [-17.052559, 14.578539]}, "properties": {"id": "parking-349", "type": "parking", "type_label": "Parking", "nom": "PARKING", "region": {"nom": "THIES", "code": 7}, "departement": {"nom": "MBOUR", "code": 71}, "commune": {"nom": "SINDIA", "code": 71203}, "communaute_rurale": {"nom": "SINDIA", "code": 7120303}, "quartier_village": "SINDIA", "milieu": "RURAL", "thematique": null, "type_qvh": null}}, {"type": "Feature", "geometry": {"type": "Point", "coordinates": [-17.045135, 14.590517]}, "properties": {"id": "parking-350", "type": "parking", "type_label": "Parking", "nom": "PARKING AUTO FRIGO", "region": {"nom": "THIES", "code": 7}, "departement": {"nom": "MBOUR", "code": 71}, "commune": {"nom": "SINDIA", "code": 71203}, "communaute_rurale": {"nom": "SINDIA", "code": 7120303}, "quartier_village": "SINDIA", "milieu": "RURAL", "thematique": null, "type_qvh": null}}, {"type": "Feature", "geometry": {"type": "Point", "coordinates": [-17.037816, 14.484898]}, "properties": {"id": "parking-351", "type": "parking", "type_label": "Parking", "nom": "PARKING", "region": {"nom": "THIES", "code": 7}, "departement": {"nom": "MBOUR", "code": 71}, "commune": {"nom": "SINDIA", "code": 71203}, "communaute_rurale": {"nom": "SINDIA", "code": 7120303}, "quartier_village": "H1 NGUERIGNE PEUL", "milieu": "RURAL", "thematique": null, "type_qvh": null}}, {"type": "Feature", "geometry": {"type": "Point", "coordinates": [-16.862768, 14.435421]}, "properties": {"id": "parking-352", "type": "parking", "type_label": "Parking", "nom": "PARKING", "region": {"nom": "THIES", "code": 7}, "departement": {"nom": "MBOUR", "code": 71}, "commune": {"nom": "SESSENE", "code": 71202}, "communaute_rurale": {"nom": "SANDIARA", "code": 7120202}, "quartier_village": "LOULY BENTEGNE", "milieu": "RURAL", "thematique": null, "type_qvh": null}}, {"type": "Feature", "geometry": {"type": "Point", "coordinates": [-16.987778, 14.445065]}, "properties": {"id": "parking-353", "type": "parking", "type_label": "Parking", "nom": "AUTO EXTRA", "region": {"nom": "THIES", "code": 7}, "departement": {"nom": "MBOUR", "code": 71}, "commune": {"nom": "SINDIA", "code": 71203}, "communaute_rurale": {"nom": "SALY PORTUDAL", "code": 7120307}, "quartier_village": "SALY CARREFOUR", "milieu": "URBAIN", "thematique": null, "type_qvh": null}}, {"type": "Feature", "geometry": {"type": "Point", "coordinates": [-16.981132, 14.43983]}, "properties": {"id": "parking-354", "type": "parking", "type_label": "Parking", "nom": "GARAGE MECANIQUE", "region": {"nom": "THIES", "code": 7}, "departement": {"nom": "MBOUR", "code": 71}, "commune": {"nom": "SINDIA", "code": 71203}, "communaute_rurale": {"nom": "SALY PORTUDAL", "code": 7120307}, "quartier_village": "SALY CARREFOUR", "milieu": "URBAIN", "thematique": null, "type_qvh": null}}, {"type": "Feature", "geometry": {"type": "Point", "coordinates": [-17.000506, 14.445238]}, "properties": {"id": "parking-355", "type": "parking", "type_label": "Parking", "nom": "MANSOUR MOTORS", "region": {"nom": "THIES", "code": 7}, "departement": {"nom": "MBOUR", "code": 71}, "commune": {"nom": "SINDIA", "code": 71203}, "communaute_rurale": {"nom": "SALY PORTUDAL", "code": 7120307}, "quartier_village": "SALY STATION", "milieu": "URBAIN", "thematique": null, "type_qvh": null}}, {"type": "Feature", "geometry": {"type": "Point", "coordinates": [-16.986573, 14.444928]}, "properties": {"id": "parking-356", "type": "parking", "type_label": "Parking", "nom": "GARAGE MECANICIEN", "region": {"nom": "THIES", "code": 7}, "departement": {"nom": "MBOUR", "code": 71}, "commune": {"nom": "SINDIA", "code": 71203}, "communaute_rurale": {"nom": "SALY PORTUDAL", "code": 7120307}, "quartier_village": "SALY CARREFOUR", "milieu": "URBAIN", "thematique": null, "type_qvh": null}}, {"type": "Feature", "geometry": {"type": "Point", "coordinates": [-17.021149, 14.443226]}, "properties": {"id": "parking-357", "type": "parking", "type_label": "Parking", "nom": "Parking", "region": {"nom": "THIES", "code": 7}, "departement": {"nom": "MBOUR", "code": 71}, "commune": {"nom": "SINDIA", "code": 71203}, "communaute_rurale": {"nom": "SALY PORTUDAL", "code": 7120307}, "quartier_village": "SALY COULANG", "milieu": "URBAIN", "thematique": null, "type_qvh": null}}, {"type": "Feature", "geometry": {"type": "Point", "coordinates": [-16.994861, 14.441758]}, "properties": {"id": "parking-358", "type": "parking", "type_label": "Parking", "nom": "Parking Senecar tour", "region": {"nom": "THIES", "code": 7}, "departement": {"nom": "MBOUR", "code": 71}, "commune": {"nom": "SINDIA", "code": 71203}, "communaute_rurale": {"nom": "SALY PORTUDAL", "code": 7120307}, "quartier_village": "SALY DAROU", "milieu": "URBAIN", "thematique": null, "type_qvh": null}}, {"type": "Feature", "geometry": {"type": "Point", "coordinates": [-16.992006, 14.446681]}, "properties": {"id": "parking-359", "type": "parking", "type_label": "Parking", "nom": "GARAGE  MARIE  DE SALY DIACKSAO", "region": {"nom": "THIES", "code": 7}, "departement": {"nom": "MBOUR", "code": 71}, "commune": {"nom": "SINDIA", "code": 71203}, "communaute_rurale": {"nom": "SALY PORTUDAL", "code": 7120307}, "quartier_village": "SALY DIACKSAO", "milieu": "URBAIN", "thematique": null, "type_qvh": null}}, {"type": "Feature", "geometry": {"type": "Point", "coordinates": [-17.016674, 14.442811]}, "properties": {"id": "parking-360", "type": "parking", "type_label": "Parking", "nom": "PARKING MAIRIE", "region": {"nom": "THIES", "code": 7}, "departement": {"nom": "MBOUR", "code": 71}, "commune": {"nom": "SINDIA", "code": 71203}, "communaute_rurale": {"nom": "SALY PORTUDAL", "code": 7120307}, "quartier_village": "SALY TAPEE", "milieu": "URBAIN", "thematique": null, "type_qvh": null}}, {"type": "Feature", "geometry": {"type": "Point", "coordinates": [-16.956095, 14.406651]}, "properties": {"id": "parking-361", "type": "parking", "type_label": "Parking", "nom": "GARAGE MECANICIEN", "region": {"nom": "THIES", "code": 7}, "departement": {"nom": "MBOUR", "code": 71}, "commune": {"nom": "MBOUR", "code": 71102}, "communaute_rurale": {"nom": "MBOUR", "code": 7110200}, "quartier_village": "MBOUR SERERE KAW", "milieu": "URBAIN", "thematique": null, "type_qvh": null}}, {"type": "Feature", "geometry": {"type": "Point", "coordinates": [-16.98175, 14.458538]}, "properties": {"id": "parking-362", "type": "parking", "type_label": "Parking", "nom": "VENTE ET LOCATION DE VEHICULES", "region": {"nom": "THIES", "code": 7}, "departement": {"nom": "MBOUR", "code": 71}, "commune": {"nom": "SINDIA", "code": 71203}, "communaute_rurale": {"nom": "MALICOUNDA", "code": 7120301}, "quartier_village": "MALICOUNDA SERERE", "milieu": "RURAL", "thematique": null, "type_qvh": null}}, {"type": "Feature", "geometry": {"type": "Point", "coordinates": [-17.097158, 14.654142]}, "properties": {"id": "parking-363", "type": "parking", "type_label": "Parking", "nom": "POUR KES CHINOIS", "region": {"nom": "THIES", "code": 7}, "departement": {"nom": "MBOUR", "code": 71}, "commune": {"nom": "SINDIA", "code": 71203}, "communaute_rurale": {"nom": "DIASS", "code": 7120302}, "quartier_village": "H2 KAWSARA", "milieu": "RURAL", "thematique": null, "type_qvh": null}}, {"type": "Feature", "geometry": {"type": "Point", "coordinates": [-17.137678, 14.697375]}, "properties": {"id": "parking-364", "type": "parking", "type_label": "Parking", "nom": "PARKING", "region": {"nom": "THIES", "code": 7}, "departement": {"nom": "MBOUR", "code": 71}, "commune": {"nom": "SINDIA", "code": 71203}, "communaute_rurale": {"nom": "DIASS", "code": 7120302}, "quartier_village": "H1 MBIRDIAM", "milieu": "RURAL", "thematique": null, "type_qvh": null}}, {"type": "Feature", "geometry": {"type": "Point", "coordinates": [-17.064211, 14.650115]}, "properties": {"id": "parking-365", "type": "parking", "type_label": "Parking", "nom": "GARAGE IRANIEN AIBD", "region": {"nom": "THIES", "code": 7}, "departement": {"nom": "MBOUR", "code": 71}, "commune": {"nom": "SINDIA", "code": 71203}, "communaute_rurale": {"nom": "DIASS", "code": 7120302}, "quartier_village": "H2 USINE KIRENE", "milieu": "RURAL", "thematique": null, "type_qvh": null}}, {"type": "Feature", "geometry": {"type": "Point", "coordinates": [-17.033241, 14.65619]}, "properties": {"id": "parking-366", "type": "parking", "type_label": "Parking", "nom": "POUR CAMION", "region": {"nom": "THIES", "code": 7}, "departement": {"nom": "MBOUR", "code": 71}, "commune": {"nom": "SINDIA", "code": 71203}, "communaute_rurale": {"nom": "DIASS", "code": 7120302}, "quartier_village": "H3 KIRENE PHARMACIE", "milieu": "RURAL", "thematique": null, "type_qvh": null}}, {"type": "Feature", "geometry": {"type": "Point", "coordinates": [-16.888599, 15.131357]}, "properties": {"id": "parking-367", "type": "parking", "type_label": "Parking", "nom": "PARKING", "region": {"nom": "THIES", "code": 7}, "departement": {"nom": "TIVAOUANE", "code": 73}, "commune": {"nom": "MEOUANE", "code": 73201}, "communaute_rurale": {"nom": "MBORO", "code": 7320104}, "quartier_village": "CITE MBAYE MBAYE", "milieu": "URBAIN", "thematique": null, "type_qvh": null}}, {"type": "Feature", "geometry": {"type": "Point", "coordinates": [-16.887215, 15.13194]}, "properties": {"id": "parking-368", "type": "parking", "type_label": "Parking", "nom": "PARKING", "region": {"nom": "THIES", "code": 7}, "departement": {"nom": "TIVAOUANE", "code": 73}, "commune": {"nom": "MEOUANE", "code": 73201}, "communaute_rurale": {"nom": "MBORO", "code": 7320104}, "quartier_village": "CITE MBAYE MBAYE", "milieu": "URBAIN", "thematique": null, "type_qvh": null}}, {"type": "Feature", "geometry": {"type": "Point", "coordinates": [-16.249017, 14.65035]}, "properties": {"id": "parking-369", "type": "parking", "type_label": "Parking", "nom": "PARKING AUTOMOBILE", "region": {"nom": "DIOURBEL", "code": 3}, "departement": {"nom": "DIOURBEL", "code": 32}, "commune": {"nom": "DIOURBEL", "code": 32101}, "communaute_rurale": {"nom": "DIOURBEL", "code": 3210100}, "quartier_village": "THIERNO KANDJI", "milieu": "URBAIN", "thematique": null, "type_qvh": null}}]}